Date;ADSK;close_predicted
2015-09-28 00:00:00-04:00;46.13999938964844;46.470688
2015-09-29 00:00:00-04:00;45.2400016784668;46.08861
2015-09-30 00:00:00-04:00;44.13999938964844;45.391666
2015-10-01 00:00:00-04:00;43.13999938964844;44.494514
2015-10-02 00:00:00-04:00;44.0;43.58687
2015-10-05 00:00:00-04:00;44.290000915527344;43.60911
2015-10-06 00:00:00-04:00;44.79999923706055;43.993855
2015-10-07 00:00:00-04:00;45.900001525878906;44.434677
2015-10-08 00:00:00-04:00;47.310001373291016;45.095135
2015-10-09 00:00:00-04:00;51.56999969482422;46.066006
2015-10-12 00:00:00-04:00;51.54999923706055;48.598225
2015-10-13 00:00:00-04:00;52.08000183105469;50.074364
2015-10-14 00:00:00-04:00;51.369998931884766;50.638626
2015-10-15 00:00:00-04:00;52.15999984741211;50.35073
2015-10-16 00:00:00-04:00;52.040000915527344;50.512054
2015-10-19 00:00:00-04:00;52.439998626708984;50.806267
2015-10-20 00:00:00-04:00;52.0;51.279064
2015-10-21 00:00:00-04:00;51.130001068115234;51.401005
2015-10-22 00:00:00-04:00;52.59000015258789;50.99724
2015-10-23 00:00:00-04:00;52.38999938964844;51.44877
2015-10-26 00:00:00-04:00;53.61000061035156;51.83619
2015-10-27 00:00:00-04:00;54.099998474121094;52.58241
2015-10-28 00:00:00-04:00;55.5;53.236454
2015-10-29 00:00:00-04:00;55.060001373291016;54.16158
2015-10-30 00:00:00-04:00;55.189998626708984;54.42112
2015-11-02 00:00:00-05:00;56.88999938964844;54.42845
2015-11-03 00:00:00-05:00;57.93000030517578;55.23855
2015-11-04 00:00:00-05:00;57.83000183105469;56.36095
2015-11-05 00:00:00-05:00;63.4900016784668;56.89287
2015-11-06 00:00:00-05:00;63.880001068115234;59.728073
2015-11-09 00:00:00-05:00;63.5099983215332;61.764805
2015-11-10 00:00:00-05:00;63.36000061035156;62.207672
2015-11-11 00:00:00-05:00;62.119998931884766;61.960327
2015-11-12 00:00:00-05:00;61.75;61.235203
2015-11-13 00:00:00-05:00;60.45000076293945;60.81017
2015-11-16 00:00:00-05:00;60.93000030517578;60.245262
2015-11-17 00:00:00-05:00;61.25;60.303146
2015-11-18 00:00:00-05:00;61.25;60.703
2015-11-19 00:00:00-05:00;62.38999938964844;60.956207
2015-11-20 00:00:00-05:00;60.54999923706055;61.540535
2015-11-23 00:00:00-05:00;62.709999084472656;60.95217
2015-11-24 00:00:00-05:00;63.08000183105469;61.41019
2015-11-25 00:00:00-05:00;62.91999816894531;62.076206
2015-11-27 00:00:00-05:00;63.04999923706055;62.309864
2015-11-30 00:00:00-05:00;63.470001220703125;62.332054
2015-12-01 00:00:00-05:00;64.72000122070312;62.497074
2015-12-02 00:00:00-05:00;64.55000305175781;63.2344
2015-12-03 00:00:00-05:00;64.41000366210938;63.628357
2015-12-04 00:00:00-05:00;65.29000091552734;63.634205
2015-12-07 00:00:00-05:00;63.75;63.98385
2015-12-08 00:00:00-05:00;63.959999084472656;63.518013
2015-12-09 00:00:00-05:00;63.25;63.24222
2015-12-10 00:00:00-05:00;63.2400016784668;62.888214
2015-12-11 00:00:00-05:00;61.099998474121094;62.74883
2015-12-14 00:00:00-05:00;60.7400016784668;61.729156
2015-12-15 00:00:00-05:00;61.09000015258789;60.890938
2015-12-16 00:00:00-05:00;61.93000030517578;60.769882
2015-12-17 00:00:00-05:00;60.7400016784668;61.2999
2015-12-18 00:00:00-05:00;59.52000045776367;61.053417
2015-12-21 00:00:00-05:00;60.15999984741211;60.06832
2015-12-22 00:00:00-05:00;60.9900016784668;59.728664
2015-12-23 00:00:00-05:00;62.040000915527344;60.1549
2015-12-24 00:00:00-05:00;61.849998474121094;61.007706
2015-12-28 00:00:00-05:00;61.86000061035156;61.315975
2015-12-29 00:00:00-05:00;62.220001220703125;61.241295
2015-12-30 00:00:00-05:00;62.25;61.26959
2015-12-31 00:00:00-05:00;60.93000030517578;61.34456
2016-01-04 00:00:00-05:00;60.310001373291016;60.772457
2016-01-05 00:00:00-05:00;60.38999938964844;60.083927
2016-01-06 00:00:00-05:00;59.540000915527344;59.845024
2016-01-07 00:00:00-05:00;55.97999954223633;59.48326
2016-01-08 00:00:00-05:00;55.060001373291016;57.572105
2016-01-11 00:00:00-05:00;55.22999954223633;55.89295
2016-01-12 00:00:00-05:00;54.790000915527344;55.35046
2016-01-13 00:00:00-05:00;50.869998931884766;55.189995
2016-01-14 00:00:00-05:00;52.650001525878906;53.228306
2016-01-15 00:00:00-05:00;49.400001525878906;52.642014
2016-01-19 00:00:00-05:00;47.59000015258789;51.138527
2016-01-20 00:00:00-05:00;47.900001525878906;49.256424
2016-01-21 00:00:00-05:00;47.869998931884766;48.4037
2016-01-22 00:00:00-05:00;49.029998779296875;48.216
2016-01-25 00:00:00-05:00;47.970001220703125;48.736794
2016-01-26 00:00:00-05:00;48.41999816894531;48.48088
2016-01-27 00:00:00-05:00;46.4900016784668;48.225067
2016-01-28 00:00:00-05:00;45.27000045776367;47.102737
2016-01-29 00:00:00-05:00;46.81999969482422;45.744705
2016-02-01 00:00:00-05:00;47.650001525878906;45.83842
2016-02-02 00:00:00-05:00;45.88999938964844;46.674026
2016-02-03 00:00:00-05:00;49.560001373291016;46.3125
2016-02-04 00:00:00-05:00;49.5099983215332;47.523598
2016-02-05 00:00:00-05:00;46.16999816894531;48.438805
2016-02-08 00:00:00-05:00;43.45000076293945;47.088753
2016-02-09 00:00:00-05:00;42.63999938964844;44.57823
2016-02-10 00:00:00-05:00;43.720001220703125;42.881382
2016-02-11 00:00:00-05:00;43.2599983215332;42.997242
2016-02-12 00:00:00-05:00;44.91999816894531;43.333996
2016-02-16 00:00:00-05:00;44.88999938964844;44.240948
2016-02-17 00:00:00-05:00;46.66999816894531;44.668476
2016-02-18 00:00:00-05:00;47.75;45.484447
2016-02-19 00:00:00-05:00;49.90999984741211;46.422955
2016-02-22 00:00:00-05:00;50.349998474121094;47.88286
2016-02-23 00:00:00-05:00;49.689998626708984;48.866383
2016-02-24 00:00:00-05:00;49.18000030517578;48.855404
2016-02-25 00:00:00-05:00;49.41999816894531;48.40289
2016-02-26 00:00:00-05:00;51.189998626708984;48.32555
2016-02-29 00:00:00-05:00;51.7400016784668;49.37429
2016-03-01 00:00:00-05:00;54.310001373291016;50.472397
2016-03-02 00:00:00-05:00;54.40999984741211;52.216293
2016-03-03 00:00:00-05:00;54.790000915527344;53.19812
2016-03-04 00:00:00-05:00;56.25;53.60932
2016-03-07 00:00:00-05:00;58.16999816894531;54.408802
2016-03-08 00:00:00-05:00;56.86000061035156;55.887463
2016-03-09 00:00:00-05:00;56.689998626708984;56.142673
2016-03-10 00:00:00-05:00;55.95000076293945;55.901733
2016-03-11 00:00:00-05:00;56.61000061035156;55.420654
2016-03-14 00:00:00-04:00;56.70000076293945;55.59027
2016-03-15 00:00:00-04:00;56.31999969482422;55.973766
2016-03-16 00:00:00-04:00;56.970001220703125;56.04373
2016-03-17 00:00:00-04:00;57.060001373291016;56.311237
2016-03-18 00:00:00-04:00;57.810001373291016;56.53219
2016-03-21 00:00:00-04:00;58.16999816894531;56.97591
2016-03-22 00:00:00-04:00;57.97999954223633;57.396397
2016-03-23 00:00:00-04:00;57.290000915527344;57.469345
2016-03-24 00:00:00-04:00;57.369998931884766;57.075684
2016-03-28 00:00:00-04:00;57.11000061035156;56.84604
2016-03-29 00:00:00-04:00;58.22999954223633;56.70405
2016-03-30 00:00:00-04:00;57.900001525878906;57.22813
2016-03-31 00:00:00-04:00;58.310001373291016;57.467884
2016-04-01 00:00:00-04:00;57.77000045776367;57.663456
2016-04-04 00:00:00-04:00;58.189998626708984;57.462185
2016-04-05 00:00:00-04:00;57.11000061035156;57.47605
2016-04-06 00:00:00-04:00;57.779998779296875;57.035583
2016-04-07 00:00:00-04:00;56.38999938964844;57.061348
2016-04-08 00:00:00-04:00;56.7599983215332;56.542725
2016-04-11 00:00:00-04:00;56.869998931884766;56.350487
2016-04-12 00:00:00-04:00;55.91999816894531;56.41552
2016-04-13 00:00:00-04:00;57.709999084472656;56.0367
2016-04-14 00:00:00-04:00;58.08000183105469;56.59497
2016-04-15 00:00:00-04:00;58.41999816894531;57.24733
2016-04-18 00:00:00-04:00;59.13999938964844;57.66641
2016-04-19 00:00:00-04:00;59.130001068115234;58.09544
2016-04-20 00:00:00-04:00;59.38999938964844;58.270935
2016-04-21 00:00:00-04:00;60.06999969482422;58.417934
2016-04-22 00:00:00-04:00;59.540000915527344;58.836422
2016-04-25 00:00:00-04:00;59.9900016784668;58.86629
2016-04-26 00:00:00-04:00;61.0099983215332;59.022034
2016-04-27 00:00:00-04:00;61.400001525878906;59.657692
2016-04-28 00:00:00-04:00;61.38999938964844;60.27379
2016-04-29 00:00:00-04:00;59.81999969482422;60.533745
2016-05-02 00:00:00-04:00;61.369998931884766;59.80755
2016-05-03 00:00:00-04:00;60.34000015258789;60.033527
2016-05-04 00:00:00-04:00;58.72999954223633;59.955193
2016-05-05 00:00:00-04:00;58.459999084472656;59.082745
2016-05-06 00:00:00-04:00;58.65999984741211;58.39217
2016-05-09 00:00:00-04:00;58.790000915527344;58.281994
2016-05-10 00:00:00-04:00;59.56999969482422;58.457535
2016-05-11 00:00:00-04:00;59.029998779296875;58.94552
2016-05-12 00:00:00-04:00;58.060001373291016;58.91613
2016-05-13 00:00:00-04:00;57.869998931884766;58.240665
2016-05-16 00:00:00-04:00;59.08000183105469;57.67281
2016-05-17 00:00:00-04:00;57.97999954223633;58.06001
2016-05-18 00:00:00-04:00;57.7599983215332;57.943108
2016-05-19 00:00:00-04:00;57.52000045776367;57.608116
2016-05-20 00:00:00-04:00;56.189998626708984;57.27223
2016-05-23 00:00:00-04:00;56.959999084472656;56.480694
2016-05-24 00:00:00-04:00;58.459999084472656;56.388214
2016-05-25 00:00:00-04:00;58.90999984741211;57.263096
2016-05-26 00:00:00-04:00;58.11000061035156;58.070282
2016-05-27 00:00:00-04:00;59.34000015258789;57.93369
2016-05-31 00:00:00-04:00;58.27000045776367;58.179913
2016-06-01 00:00:00-04:00;58.29999923706055;57.88828
2016-06-02 00:00:00-04:00;58.7599983215332;57.654682
2016-06-03 00:00:00-04:00;58.290000915527344;57.832962
2016-06-06 00:00:00-04:00;58.66999816894531;57.819565
2016-06-07 00:00:00-04:00;58.68000030517578;57.95166
2016-06-08 00:00:00-04:00;58.529998779296875;58.059452
2016-06-09 00:00:00-04:00;57.790000915527344;58.028183
2016-06-10 00:00:00-04:00;56.18000030517578;57.623558
2016-06-13 00:00:00-04:00;55.88999938964844;56.585014
2016-06-14 00:00:00-04:00;55.709999084472656;55.856876
2016-06-15 00:00:00-04:00;56.61000061035156;55.573807
2016-06-16 00:00:00-04:00;56.77000045776367;56.00082
2016-06-17 00:00:00-04:00;56.68000030517578;56.40266
2016-06-20 00:00:00-04:00;57.560001373291016;56.44678
2016-06-21 00:00:00-04:00;58.06999969482422;56.738365
2016-06-22 00:00:00-04:00;57.380001068115234;57.151066
2016-06-23 00:00:00-04:00;59.060001373291016;57.005394
2016-06-24 00:00:00-04:00;54.040000915527344;57.601246
2016-06-27 00:00:00-04:00;50.540000915527344;55.6475
2016-06-28 00:00:00-04:00;51.47999954223633;52.45622
2016-06-29 00:00:00-04:00;53.220001220703125;51.303864
2016-06-30 00:00:00-04:00;54.13999938964844;52.29579
2016-07-01 00:00:00-04:00;54.34000015258789;53.677647
2016-07-05 00:00:00-04:00;52.79999923706055;54.286507
2016-07-06 00:00:00-04:00;52.959999084472656;53.43323
2016-07-07 00:00:00-04:00;53.529998779296875;52.68313
2016-07-08 00:00:00-04:00;55.13999938964844;52.68675
2016-07-11 00:00:00-04:00;55.4900016784668;53.68807
2016-07-12 00:00:00-04:00;57.380001068115234;54.527817
2016-07-13 00:00:00-04:00;56.869998931884766;55.703667
2016-07-14 00:00:00-04:00;58.15999984741211;56.0232
2016-07-15 00:00:00-04:00;57.97999954223633;56.556355
2016-07-18 00:00:00-04:00;58.0099983215332;56.811512
2016-07-19 00:00:00-04:00;57.52000045776367;56.924313
2016-07-20 00:00:00-04:00;58.27000045776367;56.772858
2016-07-21 00:00:00-04:00;57.58000183105469;57.077686
2016-07-22 00:00:00-04:00;58.779998779296875;57.065228
2016-07-25 00:00:00-04:00;58.220001220703125;57.594666
2016-07-26 00:00:00-04:00;58.75;57.728004
2016-07-27 00:00:00-04:00;59.619998931884766;57.945347
2016-07-28 00:00:00-04:00;59.45000076293945;58.50358
2016-07-29 00:00:00-04:00;59.45000076293945;58.7649
2016-08-01 00:00:00-04:00;59.7400016784668;58.801456
2016-08-02 00:00:00-04:00;57.869998931884766;58.919262
2016-08-03 00:00:00-04:00;57.95000076293945;58.117783
2016-08-04 00:00:00-04:00;58.25;57.60022
2016-08-05 00:00:00-04:00;59.33000183105469;57.652454
2016-08-08 00:00:00-04:00;59.369998931884766;58.366467
2016-08-09 00:00:00-04:00;60.34000015258789;58.83628
2016-08-10 00:00:00-04:00;60.29999923706055;59.386913
2016-08-11 00:00:00-04:00;61.709999084472656;59.593117
2016-08-12 00:00:00-04:00;61.83000183105469;60.26199
2016-08-15 00:00:00-04:00;62.97999954223633;60.740482
2016-08-16 00:00:00-04:00;62.650001525878906;61.459183
2016-08-17 00:00:00-04:00;62.790000915527344;61.691494
2016-08-18 00:00:00-04:00;63.5;61.75967
2016-08-19 00:00:00-04:00;63.7400016784668;62.1465
2016-08-22 00:00:00-04:00;63.290000915527344;62.570976
2016-08-23 00:00:00-04:00;63.459999084472656;62.58252
2016-08-24 00:00:00-04:00;63.16999816894531;62.5977
2016-08-25 00:00:00-04:00;63.70000076293945;62.513798
2016-08-26 00:00:00-04:00;68.87000274658203;62.75043
2016-08-29 00:00:00-04:00;68.31999969482422;65.476494
2016-08-30 00:00:00-04:00;68.02999877929688;66.99259
2016-08-31 00:00:00-04:00;67.4000015258789;67.08369
2016-09-01 00:00:00-04:00;67.37000274658203;66.45867
2016-09-02 00:00:00-04:00;68.01000213623047;66.11097
2016-09-06 00:00:00-04:00;67.69000244140625;66.48889
2016-09-07 00:00:00-04:00;68.5999984741211;66.7768
2016-09-08 00:00:00-04:00;68.80999755859375;67.35068
2016-09-09 00:00:00-04:00;66.83999633789062;67.78745
2016-09-12 00:00:00-04:00;67.3499984741211;66.98827
2016-09-13 00:00:00-04:00;65.77999877929688;66.60106
2016-09-14 00:00:00-04:00;65.51000213623047;65.85179
2016-09-15 00:00:00-04:00;67.38999938964844;65.34606
2016-09-16 00:00:00-04:00;67.5999984741211;66.127045
2016-09-19 00:00:00-04:00;68.12999725341797;66.871
2016-09-20 00:00:00-04:00;68.79000091552734;67.346794
2016-09-21 00:00:00-04:00;71.69000244140625;67.72949
2016-09-22 00:00:00-04:00;72.3499984741211;69.24473
2016-09-23 00:00:00-04:00;71.66999816894531;70.479195
2016-09-26 00:00:00-04:00;71.08000183105469;70.559715
2016-09-27 00:00:00-04:00;71.9000015258789;70.03018
2016-09-28 00:00:00-04:00;72.6500015258789;70.14754
2016-09-29 00:00:00-04:00;71.58999633789062;70.84581
2016-09-30 00:00:00-04:00;72.33000183105469;70.83922
2016-10-03 00:00:00-04:00;71.18000030517578;71.04288
2016-10-04 00:00:00-04:00;71.41999816894531;70.67429
2016-10-05 00:00:00-04:00;73.20999908447266;70.52997
2016-10-06 00:00:00-04:00;72.83000183105469;71.44314
2016-10-07 00:00:00-04:00;72.01000213623047;71.9273
2016-10-10 00:00:00-04:00;72.20999908447266;71.589264
2016-10-11 00:00:00-04:00;70.16999816894531;71.331635
2016-10-12 00:00:00-04:00;70.33000183105469;70.29948
2016-10-13 00:00:00-04:00;69.29000091552734;69.785515
2016-10-14 00:00:00-04:00;69.45999908447266;69.2484
2016-10-17 00:00:00-04:00;68.8499984741211;69.10229
2016-10-18 00:00:00-04:00;70.12999725341797;68.82281
2016-10-19 00:00:00-04:00;70.77999877929688;69.240105
2016-10-20 00:00:00-04:00;71.12999725341797;69.854904
2016-10-21 00:00:00-04:00;71.18000030517578;70.254684
2016-10-24 00:00:00-04:00;72.22000122070312;70.32375
2016-10-25 00:00:00-04:00;71.36000061035156;70.74247
2016-10-26 00:00:00-04:00;70.66000366210938;70.59429
2016-10-27 00:00:00-04:00;70.58000183105469;70.055954
2016-10-28 00:00:00-04:00;71.86000061035156;69.73181
2016-10-31 00:00:00-04:00;72.27999877929688;70.32355
2016-11-01 00:00:00-04:00;70.0999984741211;71.03116
2016-11-02 00:00:00-04:00;68.68000030517578;70.272804
2016-11-03 00:00:00-04:00;67.61000061035156;68.876755
2016-11-04 00:00:00-04:00;69.44000244140625;67.66665
2016-11-07 00:00:00-05:00;72.0;68.16185
2016-11-08 00:00:00-05:00;72.69000244140625;70.065605
2016-11-09 00:00:00-05:00;72.62999725341797;71.45862
2016-11-10 00:00:00-05:00;73.48999786376953;71.73453
2016-11-11 00:00:00-05:00;73.80999755859375;71.91378
2016-11-14 00:00:00-05:00;73.55000305175781;72.14997
2016-11-15 00:00:00-05:00;75.1500015258789;72.197205
2016-11-16 00:00:00-05:00;77.56999969482422;73.00606
2016-11-17 00:00:00-05:00;78.45999908447266;74.76921
2016-11-18 00:00:00-05:00;76.9000015258789;76.18659
2016-11-21 00:00:00-05:00;75.5199966430664;75.91363
2016-11-22 00:00:00-05:00;75.20999908447266;74.74743
2016-11-23 00:00:00-05:00;75.1500015258789;74.02832
2016-11-25 00:00:00-05:00;75.83000183105469;73.97881
2016-11-28 00:00:00-05:00;75.18000030517578;74.55342
2016-11-29 00:00:00-05:00;75.26000213623047;74.6512
2016-11-30 00:00:00-05:00;72.61000061035156;74.579346
2016-12-01 00:00:00-05:00;69.22000122070312;73.21435
2016-12-02 00:00:00-05:00;70.56999969482422;70.69131
2016-12-05 00:00:00-05:00;71.18000030517578;70.049225
2016-12-06 00:00:00-05:00;76.31999969482422;70.62061
2016-12-07 00:00:00-05:00;80.33999633789062;73.58794
2016-12-08 00:00:00-05:00;81.73999786376953;77.20328
2016-12-09 00:00:00-05:00;81.11000061035156;79.27562
2016-12-12 00:00:00-05:00;78.37000274658203;79.24861
2016-12-13 00:00:00-05:00;79.66999816894531;77.40028
2016-12-14 00:00:00-05:00;76.83000183105469;77.00419
2016-12-15 00:00:00-05:00;78.91999816894531;76.10342
2016-12-16 00:00:00-05:00;76.4800033569336;76.77844
2016-12-19 00:00:00-05:00;75.69999694824219;76.37922
2016-12-20 00:00:00-05:00;76.01000213623047;75.57355
2016-12-21 00:00:00-05:00;75.62999725341797;75.3136
2016-12-22 00:00:00-05:00;74.58000183105469;75.187355
2016-12-23 00:00:00-05:00;76.0;74.64102
2016-12-27 00:00:00-05:00;75.9800033569336;74.95474
2016-12-28 00:00:00-05:00;75.0199966430664;75.25847
2016-12-29 00:00:00-05:00;74.9800033569336;74.847374
2016-12-30 00:00:00-05:00;74.01000213623047;74.419464
2017-01-03 00:00:00-05:00;76.18000030517578;73.75713
2017-01-04 00:00:00-05:00;77.5199966430664;74.469864
2017-01-05 00:00:00-05:00;76.93000030517578;75.75302
2017-01-06 00:00:00-05:00;79.30000305175781;76.06574
2017-01-09 00:00:00-05:00;79.58999633789062;77.02009
2017-01-10 00:00:00-05:00;79.9800033569336;77.7061
2017-01-11 00:00:00-05:00;80.87000274658203;78.10774
2017-01-12 00:00:00-05:00;80.6500015258789;78.662964
2017-01-13 00:00:00-05:00;81.31999969482422;78.88272
2017-01-17 00:00:00-05:00;78.62000274658203;79.27684
2017-01-18 00:00:00-05:00;79.70999908447266;78.25331
2017-01-19 00:00:00-05:00;79.9800033569336;78.07981
2017-01-20 00:00:00-05:00;81.66999816894531;78.46592
2017-01-23 00:00:00-05:00;81.54000091552734;79.63173
2017-01-24 00:00:00-05:00;82.0;80.22889
2017-01-25 00:00:00-05:00;82.6500015258789;80.50932
2017-01-26 00:00:00-05:00;81.63999938964844;80.85565
2017-01-27 00:00:00-05:00;81.76000213623047;80.554665
2017-01-30 00:00:00-05:00;81.16000366210938;80.36746
2017-01-31 00:00:00-05:00;81.33999633789062;80.092964
2017-02-01 00:00:00-05:00;81.27999877929688;80.09636
2017-02-02 00:00:00-05:00;82.76000213623047;80.171745
2017-02-03 00:00:00-05:00;84.41000366210938;80.9425
2017-02-06 00:00:00-05:00;82.81999969482422;82.21572
2017-02-07 00:00:00-05:00;84.5;82.04381
2017-02-08 00:00:00-05:00;82.93000030517578;82.38571
2017-02-09 00:00:00-05:00;83.87999725341797;81.93267
2017-02-10 00:00:00-05:00;83.2300033569336;82.05036
2017-02-13 00:00:00-05:00;84.27999877929688;81.98851
2017-02-14 00:00:00-05:00;84.54000091552734;82.458725
2017-02-15 00:00:00-05:00;84.36000061035156;82.92843
2017-02-16 00:00:00-05:00;85.13999938964844;83.02576
2017-02-17 00:00:00-05:00;86.4000015258789;83.34639
2017-02-21 00:00:00-05:00;87.1500015258789;84.15893
2017-02-22 00:00:00-05:00;86.37999725341797;84.98158
2017-02-23 00:00:00-05:00;87.0999984741211;84.93635
2017-02-24 00:00:00-05:00;87.55000305175781;85.061745
2017-02-27 00:00:00-05:00;87.73999786376953;85.43138
2017-02-28 00:00:00-05:00;86.30000305175781;85.787575
2017-03-01 00:00:00-05:00;88.93000030517578;85.26897
2017-03-02 00:00:00-05:00;87.31999969482422;86.15294
2017-03-03 00:00:00-05:00;85.31999969482422;86.136734
2017-03-06 00:00:00-05:00;82.94000244140625;84.946205
2017-03-07 00:00:00-05:00;82.06999969482422;83.0665
2017-03-08 00:00:00-05:00;83.45999908447266;81.80388
2017-03-09 00:00:00-05:00;84.23999786376953;82.20125
2017-03-10 00:00:00-05:00;86.12000274658203;83.15066
2017-03-13 00:00:00-04:00;86.69000244140625;84.460846
2017-03-14 00:00:00-04:00;85.91000366210938;85.202385
2017-03-15 00:00:00-04:00;88.4000015258789;84.85748
2017-03-16 00:00:00-04:00;86.7300033569336;85.607
2017-03-17 00:00:00-04:00;86.22000122070312;85.40411
2017-03-20 00:00:00-04:00;86.31999969482422;84.85461
2017-03-21 00:00:00-04:00;83.63999938964844;84.65239
2017-03-22 00:00:00-04:00;84.5999984741211;83.43696
2017-03-23 00:00:00-04:00;85.69000244140625;83.20492
2017-03-24 00:00:00-04:00;86.4800033569336;83.94099
2017-03-27 00:00:00-04:00;85.44000244140625;84.847374
2017-03-28 00:00:00-04:00;85.47000122070312;84.67591
2017-03-29 00:00:00-04:00;86.4000015258789;84.28816
2017-03-30 00:00:00-04:00;86.31999969482422;84.531944
2017-03-31 00:00:00-04:00;86.47000122070312;84.77332
2017-04-03 00:00:00-04:00;85.38999938964844;84.937904
2017-04-04 00:00:00-04:00;84.94999694824219;84.457436
2017-04-05 00:00:00-04:00;83.54000091552734;83.8996
2017-04-06 00:00:00-04:00;84.06999969482422;83.012566
2017-04-07 00:00:00-04:00;84.79000091552734;82.86371
2017-04-10 00:00:00-04:00;85.66000366210938;83.36001
2017-04-11 00:00:00-04:00;85.98999786376953;84.110756
2017-04-12 00:00:00-04:00;85.62000274658203;84.56452
2017-04-13 00:00:00-04:00;84.91000366210938;84.42617
2017-04-17 00:00:00-04:00;85.98999786376953;83.85361
2017-04-18 00:00:00-04:00;86.41000366210938;84.05895
2017-04-19 00:00:00-04:00;87.93000030517578;84.57995
2017-04-20 00:00:00-04:00;88.41000366210938;85.60301
2017-04-21 00:00:00-04:00;88.58000183105469;86.34645
2017-04-24 00:00:00-04:00;90.13999938964844;86.626884
2017-04-25 00:00:00-04:00;90.31999969482422;87.38328
2017-04-26 00:00:00-04:00;90.2300033569336;87.9321
2017-04-27 00:00:00-04:00;90.62999725341795;88.0932
2017-04-28 00:00:00-04:00;90.06999969482422;88.30782
2017-05-01 00:00:00-04:00;91.9800033569336;88.210815
2017-05-02 00:00:00-04:00;93.4499969482422;89.0892
2017-05-03 00:00:00-04:00;93.3499984741211;90.45304
2017-05-04 00:00:00-04:00;93.25;91.07445
2017-05-05 00:00:00-04:00;93.23999786376952;91.08436
2017-05-08 00:00:00-04:00;93.38999938964844;90.97968
2017-05-09 00:00:00-04:00;94.73999786376952;91.071045
2017-05-10 00:00:00-04:00;95.87000274658205;91.893745
2017-05-11 00:00:00-04:00;95.41000366210938;92.99801
2017-05-12 00:00:00-04:00;95.38999938964844;93.287636
2017-05-15 00:00:00-04:00;96.62999725341795;93.19514
2017-05-16 00:00:00-04:00;98.02999877929688;93.71332
2017-05-17 00:00:00-04:00;93.97000122070312;94.81131
2017-05-18 00:00:00-04:00;95.83000183105467;93.46361
2017-05-19 00:00:00-04:00;109.91000366210938;93.25693
2017-05-22 00:00:00-04:00;113.36000061035156;100.38374
2017-05-23 00:00:00-04:00;112.97000122070312;106.534515
2017-05-24 00:00:00-04:00;112.4800033569336;108.1112
2017-05-25 00:00:00-04:00;113.88999938964844;107.21693
2017-05-26 00:00:00-04:00;113.02999877929688;107.18016
2017-05-30 00:00:00-04:00;113.16000366210938;107.37957
2017-05-31 00:00:00-04:00;111.7699966430664;107.94921
2017-06-01 00:00:00-04:00;113.02999877929688;107.86781
2017-06-02 00:00:00-04:00;112.91000366210938;108.493515
2017-06-05 00:00:00-04:00;110.87999725341795;109.008514
2017-06-06 00:00:00-04:00;111.4499969482422;108.308716
2017-06-07 00:00:00-04:00;111.16999816894533;108.10828
2017-06-08 00:00:00-04:00;111.12000274658205;108.118675
2017-06-09 00:00:00-04:00;105.9499969482422;108.20908
2017-06-12 00:00:00-04:00;107.44000244140624;105.80813
2017-06-13 00:00:00-04:00;107.5500030517578;105.02847
2017-06-14 00:00:00-04:00;106.1999969482422;105.25495
2017-06-15 00:00:00-04:00;105.58000183105467;104.92578
2017-06-16 00:00:00-04:00;104.87999725341795;104.26865
2017-06-19 00:00:00-04:00;106.16000366210938;103.514305
2017-06-20 00:00:00-04:00;104.93000030517578;103.75293
2017-06-21 00:00:00-04:00;105.69000244140624;103.42731
2017-06-22 00:00:00-04:00;106.77999877929688;103.43196
2017-06-23 00:00:00-04:00;107.75;103.95701
2017-06-26 00:00:00-04:00;106.12000274658205;104.67186
2017-06-27 00:00:00-04:00;102.91999816894533;104.12315
2017-06-28 00:00:00-04:00;104.27999877929688;102.02253
2017-06-29 00:00:00-04:00;101.38999938964844;101.52848
2017-06-30 00:00:00-04:00;100.81999969482422;100.43716
2017-07-03 00:00:00-04:00;99.36000061035156;99.61536
2017-07-05 00:00:00-04:00;102.5999984741211;98.65091
2017-07-06 00:00:00-04:00;102.0500030517578;99.760826
2017-07-07 00:00:00-04:00;103.31999969482422;100.35224
2017-07-10 00:00:00-04:00;103.73999786376952;100.906136
2017-07-11 00:00:00-04:00;104.3000030517578;101.181145
2017-07-12 00:00:00-04:00;106.68000030517578;101.411285
2017-07-13 00:00:00-04:00;107.06999969482422;102.60326
2017-07-14 00:00:00-04:00;108.73999786376952;103.468475
2017-07-17 00:00:00-04:00;106.94000244140624;104.49799
2017-07-18 00:00:00-04:00;107.6999969482422;104.07013
2017-07-19 00:00:00-04:00;110.25;103.96853
2017-07-20 00:00:00-04:00;109.91000366210938;105.34813
2017-07-21 00:00:00-04:00;109.75;106.15693
2017-07-24 00:00:00-04:00;110.80999755859376;106.27098
2017-07-25 00:00:00-04:00;112.26000213623048;106.69626
2017-07-26 00:00:00-04:00;114.08000183105467;107.7075
2017-07-27 00:00:00-04:00;111.5199966430664;109.165535
2017-07-28 00:00:00-04:00;111.5;108.62107
2017-07-31 00:00:00-04:00;110.79000091552734;107.96558
2017-08-01 00:00:00-04:00;111.37999725341795;107.47631
2017-08-02 00:00:00-04:00;109.12999725341795;107.75152
2017-08-03 00:00:00-04:00;107.87999725341795;107.04847
2017-08-04 00:00:00-04:00;108.38999938964844;105.98282
2017-08-07 00:00:00-04:00;109.81999969482422;105.77979
2017-08-08 00:00:00-04:00;108.3499984741211;106.63139
2017-08-09 00:00:00-04:00;107.4499969482422;106.46555
2017-08-10 00:00:00-04:00;104.9800033569336;105.63828
2017-08-11 00:00:00-04:00;108.01000213623048;103.94275
2017-08-14 00:00:00-04:00;108.9000015258789;104.55393
2017-08-15 00:00:00-04:00;109.8000030517578;105.788795
2017-08-16 00:00:00-04:00;110.48999786376952;106.74221
2017-08-17 00:00:00-04:00;107.88999938964844;107.2271
2017-08-18 00:00:00-04:00;108.55999755859376;105.96577
2017-08-21 00:00:00-04:00;109.75;105.386284
2017-08-22 00:00:00-04:00;111.01000213623048;105.98646
2017-08-23 00:00:00-04:00;110.6500015258789;107.15388
2017-08-24 00:00:00-04:00;110.61000061035156;107.5274
2017-08-25 00:00:00-04:00;114.97000122070312;107.40688
2017-08-28 00:00:00-04:00;111.4800033569336;109.33426
2017-08-29 00:00:00-04:00;111.2699966430664;108.89669
2017-08-30 00:00:00-04:00;113.29000091552734;108.05408
2017-08-31 00:00:00-04:00;114.45999908447266;108.685234
2017-09-01 00:00:00-04:00;113.70999908447266;109.94285
2017-09-05 00:00:00-04:00;113.7699966430664;110.225464
2017-09-06 00:00:00-04:00;113.79000091552734;110.11194
2017-09-07 00:00:00-04:00;114.0500030517578;110.0191
2017-09-08 00:00:00-04:00;114.44000244140624;110.183426
2017-09-11 00:00:00-04:00;116.4800033569336;110.554535
2017-09-12 00:00:00-04:00;116.16000366210938;111.752884
2017-09-13 00:00:00-04:00;116.18000030517578;112.2461
2017-09-14 00:00:00-04:00;115.47000122070312;112.251945
2017-09-15 00:00:00-04:00;114.12999725341795;111.81901
2017-09-18 00:00:00-04:00;113.83999633789062;110.980995
2017-09-19 00:00:00-04:00;113.08000183105467;110.52441
2017-09-20 00:00:00-04:00;112.7300033569336;110.1692
2017-09-21 00:00:00-04:00;112.29000091552734;109.93826
2017-09-22 00:00:00-04:00;111.77999877929688;109.67731
2017-09-25 00:00:00-04:00;109.81999969482422;109.31024
2017-09-26 00:00:00-04:00;110.61000061035156;108.1831
2017-09-27 00:00:00-04:00;111.95999908447266;107.933136
2017-09-28 00:00:00-04:00;111.4499969482422;108.68683
2017-09-29 00:00:00-04:00;112.26000213623048;108.90551
2017-10-02 00:00:00-04:00;112.47000122070312;109.13905
2017-10-03 00:00:00-04:00;113.62999725341795;109.2517
2017-10-04 00:00:00-04:00;114.0500030517578;109.774216
2017-10-05 00:00:00-04:00;116.54000091552734;110.24134
2017-10-06 00:00:00-04:00;116.95999908447266;111.5687
2017-10-09 00:00:00-04:00;117.13999938964844;112.445076
2017-10-10 00:00:00-04:00;117.0500030517578;112.72088
2017-10-11 00:00:00-04:00;118.56999969482422;112.652725
2017-10-12 00:00:00-04:00;118.98999786376952;113.34573
2017-10-13 00:00:00-04:00;119.62999725341795;114.074
2017-10-16 00:00:00-04:00;119.1999969482422;114.713974
2017-10-17 00:00:00-04:00;118.72000122070312;114.76751
2017-10-18 00:00:00-04:00;118.54000091552734;114.47876
2017-10-19 00:00:00-04:00;119.29000091552734;114.294556
2017-10-20 00:00:00-04:00;120.80999755859376;114.70792
2017-10-23 00:00:00-04:00;118.98999786376952;115.795975
2017-10-24 00:00:00-04:00;119.29000091552734;115.50194
2017-10-25 00:00:00-04:00;119.94000244140624;115.20279
2017-10-26 00:00:00-04:00;121.3499984741211;115.445595
2017-10-27 00:00:00-04:00;123.58000183105467;116.38912
2017-10-30 00:00:00-04:00;123.91000366210938;117.97093
2017-10-31 00:00:00-04:00;124.95999908447266;118.81321
2017-11-01 00:00:00-04:00;124.77999877929688;119.39579
2017-11-02 00:00:00-04:00;124.72000122070312;119.46583
2017-11-03 00:00:00-04:00;124.8499984741211;119.403534
2017-11-06 00:00:00-05:00;123.81999969482422;119.50901
2017-11-07 00:00:00-05:00;123.4000015258789;119.19985
2017-11-08 00:00:00-05:00;123.83999633789062;118.87873
2017-11-09 00:00:00-05:00;122.4000015258789;119.05111
2017-11-10 00:00:00-05:00;123.11000061035156;118.606
2017-11-13 00:00:00-05:00;124.63999938964844;118.66325
2017-11-14 00:00:00-05:00;123.87000274658205;119.550545
2017-11-15 00:00:00-05:00;124.0199966430664;119.68673
2017-11-16 00:00:00-05:00;127.0;119.58252
2017-11-17 00:00:00-05:00;127.48999786376952;120.8876
2017-11-20 00:00:00-05:00;126.27999877929688;121.915016
2017-11-21 00:00:00-05:00;127.70999908447266;121.59898
2017-11-22 00:00:00-05:00;127.7699966430664;121.83386
2017-11-24 00:00:00-05:00;129.5;122.13355
2017-11-27 00:00:00-05:00;130.24000549316406;123.13852
2017-11-28 00:00:00-05:00;129.9499969482422;124.046234
2017-11-29 00:00:00-05:00;109.33999633789062;124.215515
2017-11-30 00:00:00-05:00;109.6999969482422;114.426
2017-12-01 00:00:00-05:00;107.05999755859376;108.79185
2017-12-04 00:00:00-05:00;107.9499969482422;106.91796
2017-12-05 00:00:00-05:00;106.58999633789062;107.7955
2017-12-06 00:00:00-05:00;106.91999816894533;107.93019
2017-12-07 00:00:00-05:00;109.61000061035156;107.50719
2017-12-08 00:00:00-05:00;107.16000366210938;108.06732
2017-12-11 00:00:00-05:00;106.83000183105467;106.99754
2017-12-12 00:00:00-05:00;106.33000183105467;105.75299
2017-12-13 00:00:00-05:00;106.0199966430664;104.83089
2017-12-14 00:00:00-05:00;106.25;104.31009
2017-12-15 00:00:00-05:00;108.4000015258789;104.22128
2017-12-18 00:00:00-05:00;107.4800033569336;105.21181
2017-12-19 00:00:00-05:00;105.38999938964844;105.277916
2017-12-20 00:00:00-05:00;105.02999877929688;103.944084
2017-12-21 00:00:00-05:00;104.43000030517578;102.871635
2017-12-22 00:00:00-05:00;103.88999938964844;102.27569
2017-12-26 00:00:00-05:00;103.8000030517578;101.936264
2017-12-27 00:00:00-05:00;104.58000183105467;101.810814
2017-12-28 00:00:00-05:00;105.06999969482422;102.14287
2017-12-29 00:00:00-05:00;104.83000183105467;102.5509
2018-01-02 00:00:00-05:00;107.12000274658205;102.53148
2018-01-03 00:00:00-05:00;109.37999725341795;103.456764
2018-01-04 00:00:00-05:00;112.06999969482422;105.087296
2018-01-05 00:00:00-05:00;110.83999633789062;107.10879
2018-01-08 00:00:00-05:00;111.41999816894533;107.302284
2018-01-09 00:00:00-05:00;112.11000061035156;107.19198
2018-01-10 00:00:00-05:00;111.47000122070312;107.503685
2018-01-11 00:00:00-05:00;113.26000213623048;107.55771
2018-01-12 00:00:00-05:00;115.91000366210938;108.493164
2018-01-16 00:00:00-05:00;111.9800033569336;110.41977
2018-01-17 00:00:00-05:00;113.0;109.53135
2018-01-18 00:00:00-05:00;112.5500030517578;109.03818
2018-01-19 00:00:00-05:00;115.29000091552734;108.86246
2018-01-22 00:00:00-05:00;117.43000030517578;110.31598
2018-01-23 00:00:00-05:00;118.7300033569336;112.327255
2018-01-24 00:00:00-05:00;116.9000015258789;113.78404
2018-01-25 00:00:00-05:00;116.87000274658205;113.25232
2018-01-26 00:00:00-05:00;117.77999877929688;112.586296
2018-01-29 00:00:00-05:00;116.37999725341795;112.875984
2018-01-30 00:00:00-05:00;115.0199966430664;112.689384
2018-01-31 00:00:00-05:00;115.62000274658205;111.94431
2018-02-01 00:00:00-05:00;115.56999969482422;111.89393
2018-02-02 00:00:00-05:00;111.63999938964844;112.0867
2018-02-05 00:00:00-05:00;109.18000030517578;110.36169
2018-02-06 00:00:00-05:00;112.62000274658205;108.09042
2018-02-07 00:00:00-05:00;110.54000091552734;108.81575
2018-02-08 00:00:00-05:00;104.80999755859376;108.855865
2018-02-09 00:00:00-05:00;105.94000244140624;105.86568
2018-02-12 00:00:00-05:00;108.37999725341795;104.44506
2018-02-13 00:00:00-05:00;109.79000091552734;105.47335
2018-02-14 00:00:00-05:00;109.91999816894533;107.0629
2018-02-15 00:00:00-05:00;113.5199966430664;107.639984
2018-02-16 00:00:00-05:00;112.9499969482422;109.11085
2018-02-20 00:00:00-05:00;114.2699966430664;109.46067
2018-02-21 00:00:00-05:00;112.37000274658205;109.86729
2018-02-22 00:00:00-05:00;112.38999938964844;109.12178
2018-02-23 00:00:00-05:00;115.02999877929688;108.63747
2018-02-26 00:00:00-05:00;116.91999816894533;109.89487
2018-02-27 00:00:00-05:00;116.12000274658205;111.76595
2018-02-28 00:00:00-05:00;117.47000122070312;112.204185
2018-03-01 00:00:00-05:00;114.73999786376952;112.634285
2018-03-02 00:00:00-05:00;116.27999877929688;111.53245
2018-03-05 00:00:00-05:00;118.87000274658205;111.59534
2018-03-06 00:00:00-05:00;119.87000274658205;113.2756
2018-03-07 00:00:00-05:00;137.6999969482422;114.82327
2018-03-08 00:00:00-05:00;137.2899932861328;123.86446
2018-03-09 00:00:00-05:00;139.36000061035156;128.4476
2018-03-12 00:00:00-04:00;138.3699951171875;129.69484
2018-03-13 00:00:00-04:00;136.0;128.83754
2018-03-14 00:00:00-04:00;136.19000244140625;127.2604
2018-03-15 00:00:00-04:00;136.72000122070312;127.150566
2018-03-16 00:00:00-04:00;135.75;128.2121
2018-03-19 00:00:00-04:00;134.30999755859375;128.7373
2018-03-20 00:00:00-04:00;134.60000610351562;128.30078
2018-03-21 00:00:00-04:00;135.5399932861328;128.20187
2018-03-22 00:00:00-04:00;131.41000366210938;128.82959
2018-03-23 00:00:00-04:00;128.02000427246094;127.36184
2018-03-26 00:00:00-04:00;134.22000122070312;124.814354
2018-03-27 00:00:00-04:00;128.30999755859375;126.69988
2018-03-28 00:00:00-04:00;124.5500030517578;125.692055
2018-03-29 00:00:00-04:00;125.58000183105467;122.806854
2018-04-02 00:00:00-04:00;122.75;121.78522
2018-04-03 00:00:00-04:00;124.83999633789062;120.574135
2018-04-04 00:00:00-04:00;127.5;121.05255
2018-04-05 00:00:00-04:00;128.02000427246094;122.7652
2018-04-06 00:00:00-04:00;125.75;123.69933
2018-04-09 00:00:00-04:00;127.56999969482422;122.52324
2018-04-10 00:00:00-04:00;131.72999572753906;122.319664
2018-04-11 00:00:00-04:00;130.94000244140625;124.43629
2018-04-12 00:00:00-04:00;132.1699981689453;125.32372
2018-04-13 00:00:00-04:00;129.1699981689453;125.82869
2018-04-16 00:00:00-04:00;129.72000122070312;124.449844
2018-04-17 00:00:00-04:00;132.5800018310547;123.83923
2018-04-18 00:00:00-04:00;133.8699951171875;125.29807
2018-04-19 00:00:00-04:00;132.3300018310547;126.997826
2018-04-20 00:00:00-04:00;130.08999633789062;126.88878
2018-04-23 00:00:00-04:00;129.17999267578125;125.330025
2018-04-24 00:00:00-04:00;123.68000030517578;124.08282
2018-04-25 00:00:00-04:00;123.97000122070312;121.27431
2018-04-26 00:00:00-04:00;126.9800033569336;120.19173
2018-04-27 00:00:00-04:00;126.63999938964844;121.76578
2018-04-30 00:00:00-04:00;125.9000015258789;122.769554
2018-05-01 00:00:00-04:00;127.05999755859376;122.45093
2018-05-02 00:00:00-04:00;125.26000213623048;122.39775
2018-05-03 00:00:00-04:00;127.5999984741211;121.50922
2018-05-04 00:00:00-04:00;129.4600067138672;122.07537
2018-05-07 00:00:00-04:00;131.57000732421875;123.49121
2018-05-08 00:00:00-04:00;132.75999450683594;125.12962
2018-05-09 00:00:00-04:00;135.32000732421875;126.21378
2018-05-10 00:00:00-04:00;136.47000122070312;127.59331
2018-05-11 00:00:00-04:00;136.2100067138672;128.66505
2018-05-14 00:00:00-04:00;134.11000061035156;128.86671
2018-05-15 00:00:00-04:00;136.16000366210938;127.82071
2018-05-16 00:00:00-04:00;135.92999267578125;128.28793
2018-05-17 00:00:00-04:00;136.52000427246094;128.88222
2018-05-18 00:00:00-04:00;138.85000610351562;129.51385
2018-05-21 00:00:00-04:00;137.6699981689453;130.89534
2018-05-22 00:00:00-04:00;136.7100067138672;131.01692
2018-05-23 00:00:00-04:00;139.30999755859375;130.3338
2018-05-24 00:00:00-04:00;138.9199981689453;131.20944
2018-05-25 00:00:00-04:00;132.75;131.7904
2018-05-29 00:00:00-04:00;129.6199951171875;129.06776
2018-05-30 00:00:00-04:00;129.3699951171875;125.94776
2018-05-31 00:00:00-04:00;129.10000610351562;124.83108
2018-06-01 00:00:00-04:00;133.52000427246094;124.96457
2018-06-04 00:00:00-04:00;135.57000732421875;127.39938
2018-06-05 00:00:00-04:00;136.8000030517578;129.58128
2018-06-06 00:00:00-04:00;137.92999267578125;130.5767
2018-06-07 00:00:00-04:00;134.13999938964844;130.93988
2018-06-08 00:00:00-04:00;135.1300048828125;129.03789
2018-06-11 00:00:00-04:00;135.97000122070312;128.36499
2018-06-12 00:00:00-04:00;137.36000061035156;128.96667
2018-06-13 00:00:00-04:00;137.16000366210938;130.23555
2018-06-14 00:00:00-04:00;138.41000366210938;130.72679
2018-06-15 00:00:00-04:00;137.99000549316406;131.2542
2018-06-18 00:00:00-04:00;141.25999450683594;131.22874
2018-06-19 00:00:00-04:00;141.0399932861328;132.65468
2018-06-20 00:00:00-04:00;140.94000244140625;133.40335
2018-06-21 00:00:00-04:00;137.74000549316406;133.45709
2018-06-22 00:00:00-04:00;136.50999450683594;131.83752
2018-06-25 00:00:00-04:00;129.75;130.42203
2018-06-26 00:00:00-04:00;130.1699981689453;126.97753
2018-06-27 00:00:00-04:00;127.62000274658205;125.67735
2018-06-28 00:00:00-04:00;130.24000549316406;124.681114
2018-06-29 00:00:00-04:00;131.08999633789062;125.66024
2018-07-02 00:00:00-04:00;131.89999389648438;126.74389
2018-07-03 00:00:00-04:00;131.60000610351562;127.29719
2018-07-05 00:00:00-04:00;132.8000030517578;126.98393
2018-07-06 00:00:00-04:00;135.11000061035156;127.08136
2018-07-09 00:00:00-04:00;134.97000122070312;128.23183
2018-07-10 00:00:00-04:00;134.3699951171875;128.7557
2018-07-11 00:00:00-04:00;132.22000122070312;128.44026
2018-07-12 00:00:00-04:00;137.4600067138672;127.10277
2018-07-13 00:00:00-04:00;137.2100067138672;128.93867
2018-07-16 00:00:00-04:00;136.24000549316406;130.26881
2018-07-17 00:00:00-04:00;136.55999755859375;130.11592
2018-07-18 00:00:00-04:00;137.42999267578125;129.82686
2018-07-19 00:00:00-04:00;134.5;130.15915
2018-07-20 00:00:00-04:00;134.32000732421875;129.12387
2018-07-23 00:00:00-04:00;134.5;128.43657
2018-07-24 00:00:00-04:00;132.30999755859375;128.45946
2018-07-25 00:00:00-04:00;135.85000610351562;127.6726
2018-07-26 00:00:00-04:00;136.13999938964844;128.8979
2018-07-27 00:00:00-04:00;131.16000366210938;129.91446
2018-07-30 00:00:00-04:00;127.0;127.790504
2018-07-31 00:00:00-04:00;128.44000244140625;124.30524
2018-08-01 00:00:00-04:00;127.18000030517578;123.53897
2018-08-02 00:00:00-04:00;131.16000366210938;123.46596
2018-08-03 00:00:00-04:00;132.0500030517578;125.47637
2018-08-06 00:00:00-04:00;134.35000610351562;126.92917
2018-08-07 00:00:00-04:00;135.19000244140625;128.15118
2018-08-08 00:00:00-04:00;134.13999938964844;128.71422
2018-08-09 00:00:00-04:00;135.11000061035156;128.15393
2018-08-10 00:00:00-04:00;134.85000610351562;128.15349
2018-08-13 00:00:00-04:00;133.38999938964844;128.24115
2018-08-14 00:00:00-04:00;134.0;127.68656
2018-08-15 00:00:00-04:00;131.0500030517578;127.701614
2018-08-16 00:00:00-04:00;133.72999572753906;126.521774
2018-08-17 00:00:00-04:00;132.35000610351562;127.15712
2018-08-20 00:00:00-04:00;133.72000122070312;127.20165
2018-08-21 00:00:00-04:00;135.52000427246094;127.71349
2018-08-22 00:00:00-04:00;136.94000244140625;128.81148
2018-08-23 00:00:00-04:00;136.30999755859375;129.94923
2018-08-24 00:00:00-04:00;157.1999969482422;129.98738
2018-08-27 00:00:00-04:00;154.6300048828125;139.5887
2018-08-28 00:00:00-04:00;156.80999755859375;143.5977
2018-08-29 00:00:00-04:00;155.6699981689453;144.3472
2018-08-30 00:00:00-04:00;153.86000061035156;143.20549
2018-08-31 00:00:00-04:00;154.35000610351562;141.85814
2018-09-04 00:00:00-04:00;153.58999633789062;142.087
2018-09-05 00:00:00-04:00;149.3300018310547;142.6324
2018-09-06 00:00:00-04:00;148.8000030517578;141.21565
2018-09-07 00:00:00-04:00;149.1699981689453;140.27464
2018-09-10 00:00:00-04:00;150.75;140.46135
2018-09-11 00:00:00-04:00;150.8699951171875;141.67256
2018-09-12 00:00:00-04:00;150.77999877929688;142.37816
2018-09-13 00:00:00-04:00;151.3800048828125;142.38063
2018-09-14 00:00:00-04:00;151.35000610351562;142.4378
2018-09-17 00:00:00-04:00;146.72000122070312;142.44423
2018-09-18 00:00:00-04:00;148.7899932861328;140.29398
2018-09-19 00:00:00-04:00;148.39999389648438;140.10464
2018-09-20 00:00:00-04:00;153.22999572753906;140.40349
2018-09-21 00:00:00-04:00;152.39999389648438;142.89455
2018-09-24 00:00:00-04:00;152.8300018310547;143.72133
2018-09-25 00:00:00-04:00;155.39999389648438;143.65443
2018-09-26 00:00:00-04:00;154.82000732421875;144.53535
2018-09-27 00:00:00-04:00;156.0;144.77463
2018-09-28 00:00:00-04:00;156.11000061035156;145.28114
2018-10-01 00:00:00-04:00;155.5;145.59389
2018-10-02 00:00:00-04:00;153.9199981689453;145.42224
2018-10-03 00:00:00-04:00;154.8699951171875;144.59027
2018-10-04 00:00:00-04:00;152.10000610351562;144.70985
2018-10-05 00:00:00-04:00;152.0;143.78279
2018-10-08 00:00:00-04:00;146.2100067138672;143.27179
2018-10-09 00:00:00-04:00;142.86000061035156;140.5722
2018-10-10 00:00:00-04:00;133.5;137.69817
2018-10-11 00:00:00-04:00;130.88999938964844;132.4558
2018-10-12 00:00:00-04:00;138.17999267578125;129.03127
2018-10-15 00:00:00-04:00;134.60000610351562;131.81801
2018-10-16 00:00:00-04:00;141.4199981689453;132.43655
2018-10-17 00:00:00-04:00;141.77000427246094;134.91673
2018-10-18 00:00:00-04:00;137.2899932861328;135.8785
2018-10-19 00:00:00-04:00;133.17999267578125;133.37126
2018-10-22 00:00:00-04:00;135.63999938964844;129.58052
2018-10-23 00:00:00-04:00;134.1199951171875;129.18468
2018-10-24 00:00:00-04:00;124.91999816894533;129.26498
2018-10-25 00:00:00-04:00;130.00999450683594;125.05558
2018-10-26 00:00:00-04:00;124.70999908447266;124.87832
2018-10-29 00:00:00-04:00;124.12999725341795;123.27043
2018-10-30 00:00:00-04:00;125.95999908447266;121.99293
2018-10-31 00:00:00-04:00;129.25;122.33384
2018-11-01 00:00:00-04:00;135.22999572753906;124.23194
2018-11-02 00:00:00-04:00;134.1300048828125;127.848526
2018-11-05 00:00:00-05:00;133.5;128.65807
2018-11-06 00:00:00-05:00;133.6999969482422;127.69892
2018-11-07 00:00:00-05:00;138.9199981689453;126.969215
2018-11-08 00:00:00-05:00;140.61000061035156;129.35449
2018-11-09 00:00:00-05:00;135.5500030517578;131.80875
2018-11-12 00:00:00-05:00;130.11000061035156;130.26004
2018-11-13 00:00:00-05:00;130.9199981689453;126.2439
2018-11-14 00:00:00-05:00;129.42999267578125;124.86336
2018-11-15 00:00:00-05:00;134.2899932861328;124.62666
2018-11-16 00:00:00-05:00;134.0399932861328;127.27302
2018-11-19 00:00:00-05:00;125.73999786376952;128.69054
2018-11-20 00:00:00-05:00;123.0500030517578;124.79004
2018-11-21 00:00:00-05:00;135.0399932861328;120.79823
2018-11-23 00:00:00-05:00;132.69000244140625;125.1985
2018-11-26 00:00:00-05:00;138.8000030517578;127.704834
2018-11-27 00:00:00-05:00;140.16000366210938;130.76003
2018-11-28 00:00:00-05:00;143.16000366210938;132.26482
2018-11-29 00:00:00-05:00;145.5500030517578;133.65869
2018-11-30 00:00:00-05:00;144.5;135.19987
2018-12-03 00:00:00-05:00;148.02000427246094;135.33208
2018-12-04 00:00:00-05:00;139.83999633789062;136.84142
2018-12-06 00:00:00-05:00;140.13999938964844;134.01501
2018-12-07 00:00:00-05:00;132.57000732421875;132.42372
2018-12-10 00:00:00-05:00;135.02000427246094;128.93628
2018-12-11 00:00:00-05:00;133.8699951171875;128.75449
2018-12-12 00:00:00-05:00;137.7899932861328;129.1376
2018-12-13 00:00:00-05:00;135.57000732421875;131.25505
2018-12-14 00:00:00-05:00;131.5;131.17259
2018-12-17 00:00:00-05:00;127.2699966430664;128.50966
2018-12-18 00:00:00-05:00;130.5800018310547;124.904076
2018-12-19 00:00:00-05:00;128.1300048828125;125.06376
2018-12-20 00:00:00-05:00;124.93000030517578;124.942154
2018-12-21 00:00:00-05:00;120.3000030517578;123.2252
2018-12-24 00:00:00-05:00;118.31999969482422;119.89424
2018-12-26 00:00:00-05:00;125.93000030517578;117.30549
2018-12-27 00:00:00-05:00;127.41000366210938;120.15232
2018-12-28 00:00:00-05:00;127.2300033569336;123.036285
2018-12-31 00:00:00-05:00;128.61000061035156;123.60159
2019-01-02 00:00:00-05:00;128.9600067138672;123.536255
2019-01-03 00:00:00-05:00;121.8499984741211;123.363106
2019-01-04 00:00:00-05:00;128.27999877929688;119.8954
2019-01-07 00:00:00-05:00;132.72000122070312;121.003136
2019-01-08 00:00:00-05:00;133.8699951171875;124.7405
2019-01-09 00:00:00-05:00;136.77000427246094;127.162056
2019-01-10 00:00:00-05:00;136.7100067138672;128.85976
2019-01-11 00:00:00-05:00;136.74000549316406;129.12329
2019-01-14 00:00:00-05:00;134.75;128.92265
2019-01-15 00:00:00-05:00;135.8800048828125;127.960686
2019-01-16 00:00:00-05:00;135.3000030517578;128.20497
2019-01-17 00:00:00-05:00;136.5;128.51552
2019-01-18 00:00:00-05:00;141.72999572753906;129.34528
2019-01-22 00:00:00-05:00;139.05999755859375;132.2902
2019-01-23 00:00:00-05:00;137.49000549316406;132.52196
2019-01-24 00:00:00-05:00;136.0500030517578;131.18793
2019-01-25 00:00:00-05:00;142.0800018310547;129.75641
2019-01-28 00:00:00-05:00;140.77000427246094;132.27797
2019-01-29 00:00:00-05:00;140.16000366210938;133.57367
2019-01-30 00:00:00-05:00;146.0;133.4086
2019-01-31 00:00:00-05:00;147.1999969482422;135.7198
2019-02-01 00:00:00-05:00;149.07000732421875;137.65334
2019-02-04 00:00:00-05:00;151.58999633789062;139.06593
2019-02-05 00:00:00-05:00;152.4199981689453;140.57141
2019-02-06 00:00:00-05:00;152.27999877929688;141.51851
2019-02-07 00:00:00-05:00;150.55999755859375;141.72728
2019-02-08 00:00:00-05:00;154.30999755859375;140.96735
2019-02-11 00:00:00-05:00;154.57000732421875;142.44917
2019-02-12 00:00:00-05:00;159.5399932861328;143.76265
2019-02-13 00:00:00-05:00;160.02999877929688;146.5661
2019-02-14 00:00:00-05:00;159.94000244140625;148.0379
2019-02-15 00:00:00-05:00;160.35000610351562;148.15332
2019-02-19 00:00:00-05:00;160.67999267578125;148.12839
2019-02-20 00:00:00-05:00;159.8000030517578;148.40538
2019-02-21 00:00:00-05:00;159.8300018310547;148.34752
2019-02-22 00:00:00-05:00;161.50999450683594;148.43452
2019-02-25 00:00:00-05:00;163.94000244140625;149.41238
2019-02-26 00:00:00-05:00;163.30999755859375;151.14192
2019-02-27 00:00:00-05:00;164.27999877929688;151.5819
2019-02-28 00:00:00-05:00;163.00999450683594;151.8633
2019-03-01 00:00:00-05:00;159.77000427246094;151.35994
2019-03-04 00:00:00-05:00;157.7899932861328;149.62532
2019-03-05 00:00:00-05:00;154.7100067138672;148.02954
2019-03-06 00:00:00-05:00;153.50999450683594;146.31503
2019-03-07 00:00:00-05:00;152.77000427246094;145.34604
2019-03-08 00:00:00-05:00;152.3699951171875;144.95024
2019-03-11 00:00:00-04:00;154.0399932861328;144.76202
2019-03-12 00:00:00-04:00;154.80999755859375;145.43181
2019-03-13 00:00:00-04:00;153.3800048828125;146.05615
2019-03-14 00:00:00-04:00;153.14999389648438;145.40944
2019-03-15 00:00:00-04:00;153.27999877929688;144.6607
2019-03-18 00:00:00-04:00;153.85000610351562;144.39667
2019-03-19 00:00:00-04:00;155.10000610351562;144.67355
2019-03-20 00:00:00-04:00;154.30999755859375;145.43237
2019-03-21 00:00:00-04:00;158.82000732421875;145.34836
2019-03-22 00:00:00-04:00;154.22000122070312;147.14896
2019-03-25 00:00:00-04:00;154.69000244140625;145.95357
2019-03-26 00:00:00-04:00;155.91000366210938;145.06528
2019-03-27 00:00:00-04:00;153.10000610351562;145.46057
2019-03-28 00:00:00-04:00;153.02999877929688;144.665
2019-03-29 00:00:00-04:00;155.82000732421875;144.13902
2019-04-01 00:00:00-04:00;163.82000732421875;145.35802
2019-04-02 00:00:00-04:00;164.35000610351562;149.86879
2019-04-03 00:00:00-04:00;166.64999389648438;152.13626
2019-04-04 00:00:00-04:00;165.0500030517578;153.1646
2019-04-05 00:00:00-04:00;166.3300018310547;152.32787
2019-04-08 00:00:00-04:00;166.74000549316406;152.31604
2019-04-09 00:00:00-04:00;167.05999755859375;152.89273
2019-04-10 00:00:00-04:00;170.4600067138672;153.55911
2019-04-11 00:00:00-04:00;171.8800048828125;155.48572
2019-04-12 00:00:00-04:00;171.8699951171875;157.0778
2019-04-15 00:00:00-04:00;172.77000427246094;157.49553
2019-04-16 00:00:00-04:00;172.6699981689453;157.79396
2019-04-17 00:00:00-04:00;168.02999877929688;157.90323
2019-04-18 00:00:00-04:00;169.1999969482422;155.90778
2019-04-22 00:00:00-04:00;172.14999389648438;155.5396
2019-04-23 00:00:00-04:00;175.27999877929688;157.35117
2019-04-24 00:00:00-04:00;176.30999755859375;159.93166
2019-04-25 00:00:00-04:00;175.32000732421875;161.27171
2019-04-26 00:00:00-04:00;176.99000549316406;160.80457
2019-04-29 00:00:00-04:00;176.67999267578125;160.97961
2019-04-30 00:00:00-04:00;178.2100067138672;161.11266
2019-05-01 00:00:00-04:00;173.97000122070312;161.95918
2019-05-02 00:00:00-04:00;173.36000061035156;160.51886
2019-05-03 00:00:00-04:00;176.6999969482422;159.39174
2019-05-06 00:00:00-04:00;175.27999877929688;160.7854
2019-05-07 00:00:00-04:00;170.72000122070312;161.22903
2019-05-08 00:00:00-04:00;171.50999450683594;159.06775
2019-05-09 00:00:00-04:00;171.4199981689453;158.1898
2019-05-10 00:00:00-04:00;173.77000427246094;158.26434
2019-05-13 00:00:00-04:00;164.92999267578125;159.65048
2019-05-14 00:00:00-04:00;169.9600067138672;156.2776
2019-05-15 00:00:00-04:00;173.32000732421875;156.43129
2019-05-16 00:00:00-04:00;176.67999267578125;158.84029
2019-05-17 00:00:00-04:00;174.3300018310547;161.5711
2019-05-20 00:00:00-04:00;170.61000061035156;161.15176
2019-05-21 00:00:00-04:00;174.22999572753906;158.42424
2019-05-22 00:00:00-04:00;174.02999877929688;158.74556
2019-05-23 00:00:00-04:00;169.5399932861328;159.59227
2019-05-24 00:00:00-04:00;161.22000122070312;157.99803
2019-05-28 00:00:00-04:00;161.08999633789062;153.17274
2019-05-29 00:00:00-04:00;161.52000427246094;151.0137
2019-05-30 00:00:00-04:00;162.6199951171875;151.38464
2019-05-31 00:00:00-04:00;160.91000366210938;152.6802
2019-06-03 00:00:00-04:00;154.82000732421875;152.34264
2019-06-04 00:00:00-04:00;159.91000366210938;148.8124
2019-06-05 00:00:00-04:00;161.30999755859375;149.17297
2019-06-06 00:00:00-04:00;161.16000366210938;150.79631
2019-06-07 00:00:00-04:00;165.3000030517578;151.40114
2019-06-10 00:00:00-04:00;165.1199951171875;153.02467
2019-06-11 00:00:00-04:00;163.1999969482422;153.45982
2019-06-12 00:00:00-04:00;163.77000427246094;152.29613
2019-06-13 00:00:00-04:00;162.32000732421875;151.79141
2019-06-14 00:00:00-04:00;158.16000366210938;151.18901
2019-06-17 00:00:00-04:00;157.3800048828125;149.1604
2019-06-18 00:00:00-04:00;161.89999389648438;147.92972
2019-06-19 00:00:00-04:00;165.6300048828125;149.9214
2019-06-20 00:00:00-04:00;169.4499969482422;153.01764
2019-06-21 00:00:00-04:00;170.88999938964844;155.80627
2019-06-24 00:00:00-04:00;168.5;156.97374
2019-06-25 00:00:00-04:00;163.16000366210938;155.67322
2019-06-26 00:00:00-04:00;162.47999572753906;152.2699
2019-06-27 00:00:00-04:00;165.25;150.65004
2019-06-28 00:00:00-04:00;162.89999389648438;152.16019
2019-07-01 00:00:00-04:00;169.2899932861328;152.45361
2019-07-02 00:00:00-04:00;170.10000610351562;155.19429
2019-07-03 00:00:00-04:00;172.0;156.8261
2019-07-05 00:00:00-04:00;172.22999572753906;157.78789
2019-07-08 00:00:00-04:00;169.8699951171875;157.90424
2019-07-09 00:00:00-04:00;171.35000610351562;156.66272
2019-07-10 00:00:00-04:00;172.74000549316406;156.76537
2019-07-11 00:00:00-04:00;173.3300018310547;157.8988
2019-07-12 00:00:00-04:00;174.19000244140625;158.8526
2019-07-15 00:00:00-04:00;173.7100067138672;159.50768
2019-07-16 00:00:00-04:00;171.00999450683594;159.4112
2019-07-17 00:00:00-04:00;171.6199951171875;158.01227
2019-07-18 00:00:00-04:00;172.3800048828125;157.6752
2019-07-19 00:00:00-04:00;169.30999755859375;158.29866
2019-07-22 00:00:00-04:00;170.36000061035156;157.38895
2019-07-23 00:00:00-04:00;169.74000549316406;157.27405
2019-07-24 00:00:00-04:00;173.50999450683594;157.15729
2019-07-25 00:00:00-04:00;169.9199981689453;158.86812
2019-07-26 00:00:00-04:00;167.99000549316406;158.1021
2019-07-29 00:00:00-04:00;162.77000427246094;156.36427
2019-07-30 00:00:00-04:00;160.2899932861328;153.23135
2019-07-31 00:00:00-04:00;156.1699981689453;150.94746
2019-08-01 00:00:00-04:00;153.47000122070312;148.70474
2019-08-02 00:00:00-04:00;147.75999450683594;146.87259
2019-08-05 00:00:00-04:00;143.57000732421875;143.75325
2019-08-06 00:00:00-04:00;143.6699981689453;140.45045
2019-08-07 00:00:00-04:00;144.1699981689453;139.2965
2019-08-08 00:00:00-04:00;152.08999633789062;139.52612
2019-08-09 00:00:00-04:00;151.33999633789062;143.34459
2019-08-12 00:00:00-04:00;148.8699951171875;144.6194
2019-08-13 00:00:00-04:00;151.80999755859375;142.79872
2019-08-14 00:00:00-04:00;146.9199981689453;142.5321
2019-08-15 00:00:00-04:00;142.9199981689453;140.45316
2019-08-16 00:00:00-04:00;144.1300048828125;137.51086
2019-08-19 00:00:00-04:00;146.17999267578125;136.97278
2019-08-20 00:00:00-04:00;146.55999755859375;138.40239
2019-08-21 00:00:00-04:00;145.9499969482422;139.44841
2019-08-22 00:00:00-04:00;145.2100067138672;139.21706
2019-08-23 00:00:00-04:00;143.99000549316406;138.31415
2019-08-26 00:00:00-04:00;147.8000030517578;137.21411
2019-08-27 00:00:00-04:00;150.2100067138672;138.59491
2019-08-28 00:00:00-04:00;140.0800018310547;140.74791
2019-08-29 00:00:00-04:00;142.6300048828125;136.8043
2019-08-30 00:00:00-04:00;142.82000732421875;135.1966
2019-09-03 00:00:00-04:00;141.14999389648438;135.42291
2019-09-04 00:00:00-04:00;144.33999633789062;135.26717
2019-09-05 00:00:00-04:00;148.22000122070312;136.57841
2019-09-06 00:00:00-04:00;150.35000610351562;139.06429
2019-09-09 00:00:00-04:00;151.02000427246094;140.98405
2019-09-10 00:00:00-04:00;148.0500030517578;141.60013
2019-09-11 00:00:00-04:00;154.6699981689453;140.00536
2019-09-12 00:00:00-04:00;155.69000244140625;142.11708
2019-09-13 00:00:00-04:00;153.47999572753906;144.26259
2019-09-16 00:00:00-04:00;153.8699951171875;143.9742
2019-09-17 00:00:00-04:00;153.6699981689453;143.51218
2019-09-18 00:00:00-04:00;151.11000061035156;143.35147
2019-09-19 00:00:00-04:00;153.3800048828125;142.35876
2019-09-20 00:00:00-04:00;153.33999633789062;143.06264
2019-09-23 00:00:00-04:00;152.3699951171875;143.78214
2019-09-24 00:00:00-04:00;149.1300048828125;143.60745
2019-09-25 00:00:00-04:00;147.42999267578125;141.83577
2019-09-26 00:00:00-04:00;149.07000732421875;140.14963
2019-09-27 00:00:00-04:00;145.19000244140625;140.49672
2019-09-30 00:00:00-04:00;147.6999969482422;139.35406
2019-10-01 00:00:00-04:00;145.7100067138672;139.78564
2019-10-02 00:00:00-04:00;142.83999633789062;139.30562
2019-10-03 00:00:00-04:00;144.77000427246094;137.51915
2019-10-04 00:00:00-04:00;146.88999938964844;137.46275
2019-10-07 00:00:00-04:00;147.55999755859375;138.81932
2019-10-08 00:00:00-04:00;145.64999389648438;139.81912
2019-10-09 00:00:00-04:00;148.3699951171875;139.00476
2019-10-10 00:00:00-04:00;144.72999572753906;139.46278
2019-10-11 00:00:00-04:00;150.32000732421875;138.17783
2019-10-14 00:00:00-04:00;150.27000427246094;139.97452
2019-10-15 00:00:00-04:00;150.0;141.25626
2019-10-16 00:00:00-04:00;145.3800048828125;141.36966
2019-10-17 00:00:00-04:00;144.27000427246094;138.9139
2019-10-18 00:00:00-04:00;139.6699981689453;137.04694
2019-10-21 00:00:00-04:00;141.49000549316406;134.58836
2019-10-22 00:00:00-04:00;140.07000732421875;134.65369
2019-10-23 00:00:00-04:00;141.92999267578125;134.68173
2019-10-24 00:00:00-04:00;145.3699951171875;135.49037
2019-10-25 00:00:00-04:00;145.5399932861328;137.39828
2019-10-28 00:00:00-04:00;146.99000549316406;138.17192
2019-10-29 00:00:00-04:00;145.58999633789062;138.64761
2019-10-30 00:00:00-04:00;148.77999877929688;137.96486
2019-10-31 00:00:00-04:00;147.36000061035156;138.95476
2019-11-01 00:00:00-04:00;150.25;139.04794
2019-11-04 00:00:00-05:00;151.27000427246094;140.25513
2019-11-05 00:00:00-05:00;151.72999572753906;141.40074
2019-11-06 00:00:00-05:00;151.50999450683594;141.98114
2019-11-07 00:00:00-05:00;151.82000732421875;141.94531
2019-11-08 00:00:00-05:00;152.9600067138672;141.9955
2019-11-11 00:00:00-05:00;152.9199981689453;142.66508
2019-11-12 00:00:00-05:00;158.05999755859375;143.10237
2019-11-13 00:00:00-05:00;159.2100067138672;145.64766
2019-11-14 00:00:00-05:00;158.13999938964844;147.48946
2019-11-15 00:00:00-05:00;161.75;147.37627
2019-11-18 00:00:00-05:00;162.44000244140625;148.56569
2019-11-19 00:00:00-05:00;164.52999877929688;149.64905
2019-11-20 00:00:00-05:00;165.3300018310547;151.03761
2019-11-21 00:00:00-05:00;165.0500030517578;151.982
2019-11-22 00:00:00-05:00;167.00999450683594;152.12355
2019-11-25 00:00:00-05:00;168.8800048828125;152.99728
2019-11-26 00:00:00-05:00;170.8000030517578;154.42805
2019-11-27 00:00:00-05:00;180.17999267578125;155.98158
2019-11-29 00:00:00-05:00;180.8999938964844;160.84209
2019-12-02 00:00:00-05:00;175.6300048828125;163.31087
2019-12-03 00:00:00-05:00;175.39999389648438;161.01913
2019-12-04 00:00:00-05:00;176.39999389648438;159.22821
2019-12-05 00:00:00-05:00;176.6300048828125;159.59315
2019-12-06 00:00:00-05:00;179.32000732421875;160.67738
2019-12-09 00:00:00-05:00;178.8300018310547;162.5946
2019-12-10 00:00:00-05:00;178.4600067138672;163.16371
2019-12-11 00:00:00-05:00;179.63999938964844;162.85481
2019-12-12 00:00:00-05:00;177.89999389648438;163.1388
2019-12-13 00:00:00-05:00;179.41000366210938;162.6601
2019-12-16 00:00:00-05:00;184.3699951171875;163.14366
2019-12-17 00:00:00-05:00;181.4900054931641;165.83504
2019-12-18 00:00:00-05:00;183.75;165.80101
2019-12-19 00:00:00-05:00;183.77999877929688;166.1565
2019-12-20 00:00:00-05:00;182.83999633789065;166.34421
2019-12-23 00:00:00-05:00;182.9199981689453;166.01012
2019-12-24 00:00:00-05:00;183.91000366210935;165.91762
2019-12-26 00:00:00-05:00;184.2400054931641;166.48917
2019-12-27 00:00:00-05:00;185.3800048828125;167.02509
2019-12-30 00:00:00-05:00;183.3000030517578;167.71323
2019-12-31 00:00:00-05:00;183.4600067138672;167.00021
2020-01-02 00:00:00-05:00;187.8300018310547;166.57845
2020-01-03 00:00:00-05:00;184.9499969482422;168.56094
2020-01-06 00:00:00-05:00;187.1199951171875;168.39444
2020-01-07 00:00:00-05:00;187.5;168.8269
2020-01-08 00:00:00-05:00;189.9499969482422;169.22438
2020-01-09 00:00:00-05:00;191.94000244140625;170.45952
2020-01-10 00:00:00-05:00;192.36000061035156;171.88142
2020-01-13 00:00:00-05:00;192.4499969482422;172.47394
2020-01-14 00:00:00-05:00;191.11000061035156;172.46172
2020-01-15 00:00:00-05:00;190.7899932861328;171.74698
2020-01-16 00:00:00-05:00;192.5;171.35239
2020-01-17 00:00:00-05:00;193.3500061035156;172.22166
2020-01-21 00:00:00-05:00;195.83999633789065;173.22777
2020-01-22 00:00:00-05:00;194.72999572753903;174.67131
2020-01-23 00:00:00-05:00;198.6000061035156;174.61758
2020-01-24 00:00:00-05:00;199.19000244140625;175.97342
2020-01-27 00:00:00-05:00;195.8699951171875;176.90277
2020-01-28 00:00:00-05:00;200.02999877929688;175.59174
2020-01-29 00:00:00-05:00;199.7400054931641;176.64355
2020-01-30 00:00:00-05:00;198.9900054931641;177.408
2020-01-31 00:00:00-05:00;196.8500061035156;177.2987
2020-02-03 00:00:00-05:00;199.2599945068359;176.14758
2020-02-04 00:00:00-05:00;203.94000244140625;176.76472
2020-02-05 00:00:00-05:00;202.0800018310547;179.50363
2020-02-06 00:00:00-05:00;206.0;179.87015
2020-02-07 00:00:00-05:00;207.0099945068359;181.09839
2020-02-10 00:00:00-05:00;206.1000061035156;181.96646
2020-02-11 00:00:00-05:00;205.8000030517578;181.70729
2020-02-12 00:00:00-05:00;207.11000061035156;181.28813
2020-02-13 00:00:00-05:00;207.5099945068359;181.821
2020-02-14 00:00:00-05:00;208.9499969482422;182.4653
2020-02-18 00:00:00-05:00;207.05999755859375;183.36768
2020-02-19 00:00:00-05:00;210.7599945068359;182.83876
2020-02-20 00:00:00-05:00;206.6699981689453;184.05064
2020-02-21 00:00:00-05:00;201.91000366210935;182.9659
2020-02-24 00:00:00-05:00;194.3699951171875;180.15512
2020-02-25 00:00:00-05:00;186.72999572753903;175.82652
2020-02-26 00:00:00-05:00;190.6699981689453;171.21513
2020-02-27 00:00:00-05:00;180.6499938964844;172.00139
2020-02-28 00:00:00-05:00;190.8800048828125;169.17009
2020-03-02 00:00:00-05:00;190.8300018310547;172.14992
2020-03-03 00:00:00-05:00;180.5500030517578;174.0033
2020-03-04 00:00:00-05:00;191.4199981689453;169.34055
2020-03-05 00:00:00-05:00;184.0399932861328;171.14359
2020-03-06 00:00:00-05:00;173.4199981689453;169.6531
2020-03-09 00:00:00-04:00;160.0500030517578;163.68707
2020-03-10 00:00:00-04:00;164.47999572753906;154.86624
2020-03-11 00:00:00-04:00;154.39999389648438;153.82199
2020-03-12 00:00:00-04:00;136.0;151.00249
2020-03-13 00:00:00-04:00;158.02999877929688;141.27972
2020-03-16 00:00:00-04:00;148.0800018310547;146.47285
2020-03-17 00:00:00-04:00;154.9199981689453;146.79913
2020-03-18 00:00:00-04:00;141.82000732421875;148.35097
2020-03-19 00:00:00-04:00;149.22999572753906;142.31549
2020-03-20 00:00:00-04:00;148.02000427246094;141.57355
2020-03-23 00:00:00-04:00;144.13999938964844;141.81494
2020-03-24 00:00:00-04:00;149.9600067138672;140.13823
2020-03-25 00:00:00-04:00;149.99000549316406;141.56055
2020-03-26 00:00:00-04:00;160.8800048828125;142.50105
2020-03-27 00:00:00-04:00;141.57000732421875;147.50067
2020-03-30 00:00:00-04:00;155.91000366210938;140.74191
2020-03-31 00:00:00-04:00;156.10000610351562;142.32137
2020-04-01 00:00:00-04:00;139.22000122070312;144.95193
2020-04-02 00:00:00-04:00;137.0500030517578;138.27211
2020-04-03 00:00:00-04:00;139.0;132.85196
2020-04-06 00:00:00-04:00;152.32000732421875;132.49556
2020-04-07 00:00:00-04:00;148.6999969482422;140.11168
2020-04-08 00:00:00-04:00;159.2100067138672;142.55707
2020-04-09 00:00:00-04:00;164.89999389648438;146.52881
2020-04-13 00:00:00-04:00;160.9199981689453;150.33054
2020-04-14 00:00:00-04:00;172.22000122070312;149.3933
2020-04-15 00:00:00-04:00;169.13999938964844;153.21371
2020-04-16 00:00:00-04:00;171.0;154.17104
2020-04-17 00:00:00-04:00;180.94000244140625;154.86488
2020-04-20 00:00:00-04:00;177.8699951171875;159.78978
2020-04-21 00:00:00-04:00;170.02000427246094;160.99068
2020-04-22 00:00:00-04:00;175.3699951171875;157.06158
2020-04-23 00:00:00-04:00;175.5500030517578;157.4301
2020-04-24 00:00:00-04:00;180.3500061035156;159.0496
2020-04-27 00:00:00-04:00;182.5099945068359;162.35168
2020-04-28 00:00:00-04:00;177.30999755859375;164.74026
2020-04-29 00:00:00-04:00;187.8999938964844;162.81897
2020-04-30 00:00:00-04:00;187.1300048828125;166.14468
2020-05-01 00:00:00-04:00;174.89999389648438;168.03378
2020-05-04 00:00:00-04:00;177.8000030517578;162.8168
2020-05-05 00:00:00-04:00;180.4900054931641;161.14482
2020-05-06 00:00:00-04:00;181.22999572753903;163.0363
2020-05-07 00:00:00-04:00;184.0;165.03322
2020-05-08 00:00:00-04:00;184.2899932861328;166.8759
2020-05-11 00:00:00-04:00;184.3999938964844;167.3427
2020-05-12 00:00:00-04:00;180.97000122070312;167.10547
2020-05-13 00:00:00-04:00;176.86000061035156;165.31715
2020-05-14 00:00:00-04:00;177.8699951171875;162.70642
2020-05-15 00:00:00-04:00;180.72000122070312;162.42458
2020-05-18 00:00:00-04:00;190.1000061035156;164.3649
2020-05-19 00:00:00-04:00;194.7100067138672;169.71248
2020-05-20 00:00:00-04:00;196.63999938964844;173.81711
2020-05-21 00:00:00-04:00;194.75;175.16408
2020-05-22 00:00:00-04:00;195.77999877929688;173.77771
2020-05-26 00:00:00-04:00;199.52999877929688;173.25189
2020-05-27 00:00:00-04:00;199.80999755859375;175.21477
2020-05-28 00:00:00-04:00;202.6300048828125;176.67006
2020-05-29 00:00:00-04:00;210.3800048828125;178.32806
2020-06-01 00:00:00-04:00;219.2899932861328;182.28577
2020-06-02 00:00:00-04:00;219.08999633789065;187.7137
2020-06-03 00:00:00-04:00;226.38999938964844;189.14575
2020-06-04 00:00:00-04:00;225.1999969482422;191.68277
2020-06-05 00:00:00-04:00;233.7100067138672;191.96072
2020-06-08 00:00:00-04:00;233.5099945068359;195.41057
2020-06-09 00:00:00-04:00;234.1499938964844;196.94708
2020-06-10 00:00:00-04:00;236.58999633789065;197.33588
2020-06-11 00:00:00-04:00;219.1000061035156;198.35703
2020-06-12 00:00:00-04:00;222.9600067138672;191.41269
2020-06-15 00:00:00-04:00;229.0;190.13228
2020-06-16 00:00:00-04:00;240.92999267578125;194.20406
2020-06-17 00:00:00-04:00;237.0399932861328;201.84567
2020-06-18 00:00:00-04:00;238.07000732421875;202.43948
2020-06-19 00:00:00-04:00;237.82000732421875;201.0947
2020-06-22 00:00:00-04:00;240.8800048828125;200.01154
2020-06-23 00:00:00-04:00;241.6199951171875;201.3009
2020-06-24 00:00:00-04:00;233.44000244140625;202.62976
2020-06-25 00:00:00-04:00;234.47000122070312;199.56572
2020-06-26 00:00:00-04:00;232.7400054931641;198.4874
2020-06-29 00:00:00-04:00;232.1699981689453;198.13121
2020-06-30 00:00:00-04:00;239.19000244140625;198.23567
2020-07-01 00:00:00-04:00;241.22000122070312;201.4676
2020-07-02 00:00:00-04:00;240.1499938964844;203.64105
2020-07-06 00:00:00-04:00;244.36000061035156;203.23268
2020-07-07 00:00:00-04:00;238.94000244140625;204.15459
2020-07-08 00:00:00-04:00;243.8999938964844;202.24126
2020-07-09 00:00:00-04:00;248.1999969482422;203.41444
2020-07-10 00:00:00-04:00;244.2400054931641;206.21909
2020-07-13 00:00:00-04:00;231.86000061035156;205.52403
2020-07-14 00:00:00-04:00;234.6000061035156;199.31352
2020-07-15 00:00:00-04:00;235.5800018310547;198.03787
2020-07-16 00:00:00-04:00;234.02999877929688;199.61415
2020-07-17 00:00:00-04:00;237.6999969482422;200.24785
2020-07-20 00:00:00-04:00;246.0399932861328;201.72256
2020-07-21 00:00:00-04:00;239.69000244140625;205.57109
2020-07-22 00:00:00-04:00;240.7400054931641;203.9475
2020-07-23 00:00:00-04:00;237.33999633789065;202.6575
2020-07-24 00:00:00-04:00;232.8800048828125;200.90756
2020-07-27 00:00:00-04:00;239.69000244140625;198.71649
2020-07-28 00:00:00-04:00;234.5800018310547;201.27083
2020-07-29 00:00:00-04:00;238.61000061035156;200.79872
2020-07-30 00:00:00-04:00;236.1000061035156;201.77228
2020-07-31 00:00:00-04:00;236.42999267578125;201.0766
2020-08-03 00:00:00-04:00;239.47999572753903;200.67044
2020-08-04 00:00:00-04:00;239.8999938964844;201.911
2020-08-05 00:00:00-04:00;243.1999969482422;202.70874
2020-08-06 00:00:00-04:00;243.57000732421875;204.12901
2020-08-07 00:00:00-04:00;236.2400054931641;204.59473
2020-08-10 00:00:00-04:00;231.8800048828125;201.28761
2020-08-11 00:00:00-04:00;228.7899932861328;197.92429
2020-08-12 00:00:00-04:00;231.57000732421875;196.06998
2020-08-13 00:00:00-04:00;238.19000244140625;197.53308
2020-08-14 00:00:00-04:00;234.3500061035156;201.59146
2020-08-17 00:00:00-04:00;239.0;201.27419
2020-08-18 00:00:00-04:00;242.69000244140625;201.95676
2020-08-19 00:00:00-04:00;241.4199981689453;203.62065
2020-08-20 00:00:00-04:00;249.1499938964844;203.54898
2020-08-21 00:00:00-04:00;248.27000427246097;206.35136
2020-08-24 00:00:00-04:00;251.8000030517578;207.05933
2020-08-25 00:00:00-04:00;252.2400054931641;208.18698
2020-08-26 00:00:00-04:00;248.2100067138672;208.58694
2020-08-27 00:00:00-04:00;243.11000061035156;206.8324
2020-08-28 00:00:00-04:00;247.38999938964844;203.95662
2020-08-31 00:00:00-04:00;245.6999969482422;205.17093
2020-09-01 00:00:00-04:00;253.5099945068359;205.86317
2020-09-02 00:00:00-04:00;261.3500061035156;209.3352
2020-09-03 00:00:00-04:00;242.08999633789065;213.76427
2020-09-04 00:00:00-04:00;233.8800048828125;206.52939
2020-09-08 00:00:00-04:00;224.36000061035156;198.9247
2020-09-09 00:00:00-04:00;232.77999877929688;193.40767
2020-09-10 00:00:00-04:00;228.1999969482422;197.06686
2020-09-11 00:00:00-04:00;227.47999572753903;198.4229
2020-09-14 00:00:00-04:00;229.8300018310547;197.90027
2020-09-15 00:00:00-04:00;235.8699951171875;197.99692
2020-09-16 00:00:00-04:00;230.7599945068359;200.47313
2020-09-17 00:00:00-04:00;226.97000122070312;199.11935
2020-09-18 00:00:00-04:00;225.1300048828125;196.15741
2020-09-21 00:00:00-04:00;227.63999938964844;194.24905
2020-09-22 00:00:00-04:00;229.55999755859375;195.26756
2020-09-23 00:00:00-04:00;221.8699951171875;197.08133
2020-09-24 00:00:00-04:00;220.9600067138672;194.29291
2020-09-25 00:00:00-04:00;227.8000030517578;192.12288
2020-09-28 00:00:00-04:00;232.1499938964844;194.69977
2020-09-29 00:00:00-04:00;232.9199981689453;198.25232
2020-09-30 00:00:00-04:00;231.0099945068359;199.42534
2020-10-01 00:00:00-04:00;233.9600067138672;198.0202
2020-10-02 00:00:00-04:00;225.55999755859375;198.21202
2020-10-05 00:00:00-04:00;228.92999267578125;194.99924
2020-10-06 00:00:00-04:00;228.0099945068359;195.15794
2020-10-07 00:00:00-04:00;233.0099945068359;195.69635
2020-10-08 00:00:00-04:00;234.30999755859375;198.20497
2020-10-09 00:00:00-04:00;237.5;199.66965
2020-10-12 00:00:00-04:00;242.1199951171875;200.97096
2020-10-13 00:00:00-04:00;244.08999633789065;202.99051
2020-10-14 00:00:00-04:00;246.6999969482422;204.27164
2020-10-15 00:00:00-04:00;252.02999877929688;205.3851
2020-10-16 00:00:00-04:00;259.9700012207031;207.75906
2020-10-19 00:00:00-04:00;259.94000244140625;211.80267
2020-10-20 00:00:00-04:00;257.3399963378906;212.83133
2020-10-21 00:00:00-04:00;254.0099945068359;211.1819
2020-10-22 00:00:00-04:00;252.7599945068359;208.88289
2020-10-23 00:00:00-04:00;254.4199981689453;208.03452
2020-10-26 00:00:00-04:00;249.1300048828125;209.27412
2020-10-27 00:00:00-04:00;250.6000061035156;208.049
2020-10-28 00:00:00-04:00;237.6199951171875;208.0493
2020-10-29 00:00:00-04:00;242.83999633789065;202.91458
2020-10-30 00:00:00-04:00;235.5399932861328;203.15146
2020-11-02 00:00:00-05:00;240.7400054931641;201.47325
2020-11-03 00:00:00-05:00;248.30999755859375;203.14503
2020-11-04 00:00:00-05:00;245.88999938964844;207.36057
2020-11-05 00:00:00-05:00;255.9199981689453;207.55257
2020-11-06 00:00:00-05:00;259.4100036621094;210.60225
2020-11-09 00:00:00-05:00;262.6099853515625;212.89505
2020-11-10 00:00:00-05:00;247.22000122070312;214.28986
2020-11-11 00:00:00-05:00;246.7899932861328;207.70676
2020-11-12 00:00:00-05:00;245.7100067138672;204.56177
2020-11-13 00:00:00-05:00;251.0;204.58623
2020-11-16 00:00:00-05:00;248.7899932861328;208.06621
2020-11-17 00:00:00-05:00;252.7100067138672;208.73047
2020-11-18 00:00:00-05:00;252.22000122070312;209.77055
2020-11-19 00:00:00-05:00;256.8800048828125;209.59886
2020-11-20 00:00:00-05:00;254.88999938964844;211.1503
2020-11-23 00:00:00-05:00;257.25;210.89539
2020-11-24 00:00:00-05:00;258.9700012207031;211.41704
2020-11-25 00:00:00-05:00;271.239990234375;212.35512
2020-11-27 00:00:00-05:00;272.80999755859375;217.72614
2020-11-30 00:00:00-05:00;280.2300109863281;220.1345
2020-12-01 00:00:00-05:00;279.1099853515625;222.73358
2020-12-02 00:00:00-05:00;277.05999755859375;222.40224
2020-12-03 00:00:00-05:00;277.2900085449219;220.7787
2020-12-04 00:00:00-05:00;278.0;220.38875
2020-12-07 00:00:00-05:00;280.79998779296875;221.14513
2020-12-08 00:00:00-05:00;284.3800048828125;222.93295
2020-12-09 00:00:00-05:00;279.4200134277344;225.01633
2020-12-10 00:00:00-05:00;281.1600036621094;223.37776
2020-12-11 00:00:00-05:00;279.67999267578125;222.98978
2020-12-14 00:00:00-05:00;288.3299865722656;222.62564
2020-12-15 00:00:00-05:00;287.5299987792969;226.26732
2020-12-16 00:00:00-05:00;292.1700134277344;227.39212
2020-12-17 00:00:00-05:00;297.3500061035156;228.8247
2020-12-18 00:00:00-05:00;305.0;230.94214
2020-12-21 00:00:00-05:00;300.8800048828125;234.29605
2020-12-22 00:00:00-05:00;303.8599853515625;233.20671
2020-12-23 00:00:00-05:00;300.17999267578125;233.16331
2020-12-24 00:00:00-05:00;301.3900146484375;231.85152
2020-12-28 00:00:00-05:00;299.6499938964844;232.09334
2020-12-29 00:00:00-05:00;298.1099853515625;231.95537
2020-12-30 00:00:00-05:00;299.4100036621094;231.4484
2020-12-31 00:00:00-05:00;305.3399963378906;231.92741
2021-01-04 00:00:00-05:00;296.8399963378906;234.63387
2021-01-05 00:00:00-05:00;301.70001220703125;232.11111
2021-01-06 00:00:00-05:00;302.8699951171875;232.54527
2021-01-07 00:00:00-05:00;315.20001220703125;233.62576
2021-01-08 00:00:00-05:00;319.8500061035156;238.86436
2021-01-11 00:00:00-05:00;317.80999755859375;242.03053
2021-01-12 00:00:00-05:00;320.1300048828125;240.87132
2021-01-13 00:00:00-05:00;314.3299865722656;240.32234
2021-01-14 00:00:00-05:00;311.1099853515625;237.98528
2021-01-15 00:00:00-05:00;308.510009765625;236.27907
2021-01-19 00:00:00-05:00;310.9700012207031;235.4704
2021-01-20 00:00:00-05:00;308.5799865722656;236.8811
2021-01-21 00:00:00-05:00;306.4599914550781;236.81003
2021-01-22 00:00:00-05:00;299.1700134277344;235.72432
2021-01-25 00:00:00-05:00;293.6400146484375;232.45746
2021-01-26 00:00:00-05:00;291.75;229.46016
2021-01-27 00:00:00-05:00;273.4700012207031;228.58755
2021-01-28 00:00:00-05:00;284.2200012207031;221.9148
2021-01-29 00:00:00-05:00;277.42999267578125;224.28653
2021-02-01 00:00:00-05:00;286.32000732421875;224.05713
2021-02-02 00:00:00-05:00;294.6099853515625;227.22617
2021-02-03 00:00:00-05:00;292.8500061035156;231.40584
2021-02-04 00:00:00-05:00;300.489990234375;231.14026
2021-02-05 00:00:00-05:00;305.8599853515625;232.71039
2021-02-08 00:00:00-05:00;302.80999755859375;235.02357
2021-02-09 00:00:00-05:00;304.5;234.11069
2021-02-10 00:00:00-05:00;301.7099914550781;233.82167
2021-02-11 00:00:00-05:00;300.2099914550781;232.74702
2021-02-12 00:00:00-05:00;305.1400146484375;231.99852
2021-02-16 00:00:00-05:00;308.2200012207031;234.08855
2021-02-17 00:00:00-05:00;302.5199890136719;236.30898
2021-02-18 00:00:00-05:00;300.7200012207031;234.3765
2021-02-19 00:00:00-05:00;305.3999938964844;232.41211
2021-02-22 00:00:00-05:00;297.70001220703125;233.98914
2021-02-23 00:00:00-05:00;290.25;232.09053
2021-02-24 00:00:00-05:00;298.9100036621094;228.28523
2021-02-25 00:00:00-05:00;284.0299987792969;230.88324
2021-02-26 00:00:00-05:00;276.0;226.89607
2021-03-01 00:00:00-05:00;284.2699890136719;221.87807
2021-03-02 00:00:00-05:00;277.9200134277344;224.29752
2021-03-03 00:00:00-05:00;269.29998779296875;224.01344
2021-03-04 00:00:00-05:00;265.44000244140625;220.0401
2021-03-05 00:00:00-05:00;267.3900146484375;216.86423
2021-03-08 00:00:00-05:00;253.1000061035156;217.37032
2021-03-09 00:00:00-05:00;263.9700012207031;212.56702
2021-03-10 00:00:00-05:00;263.6400146484375;215.13947
2021-03-11 00:00:00-05:00;274.3599853515625;216.97969
2021-03-12 00:00:00-05:00;268.1099853515625;221.45822
2021-03-15 00:00:00-04:00;273.0199890136719;219.74715
2021-03-16 00:00:00-04:00;275.010009765625;219.7436
2021-03-17 00:00:00-04:00;272.8399963378906;220.60817
2021-03-18 00:00:00-04:00;263.44000244140625;220.04965
2021-03-19 00:00:00-04:00;261.5;215.77489
2021-03-22 00:00:00-04:00;265.9599914550781;213.50212
2021-03-23 00:00:00-04:00;269.0;215.63322
2021-03-24 00:00:00-04:00;263.17999267578125;218.4889
2021-03-25 00:00:00-04:00;262.19000244140625;216.73157
2021-03-26 00:00:00-04:00;269.010009765625;214.80339
2021-03-29 00:00:00-04:00;270.7799987792969;217.12231
2021-03-30 00:00:00-04:00;268.42999267578125;219.21861
2021-03-31 00:00:00-04:00;277.1499938964844;218.51483
2021-04-01 00:00:00-04:00;283.8999938964844;221.16705
2021-04-05 00:00:00-04:00;288.32000732421875;224.89514
2021-04-06 00:00:00-04:00;285.5;227.36041
2021-04-07 00:00:00-04:00;286.1199951171875;226.04222
2021-04-08 00:00:00-04:00;293.42999267578125;225.07343
2021-04-09 00:00:00-04:00;297.57000732421875;227.95955
2021-04-12 00:00:00-04:00;294.5;231.0213
2021-04-13 00:00:00-04:00;295.3500061035156;230.30333
2021-04-14 00:00:00-04:00;294.3500061035156;229.61595
2021-04-15 00:00:00-04:00;298.8599853515625;229.09157
2021-04-16 00:00:00-04:00;300.1600036621094;231.03955
2021-04-19 00:00:00-04:00;290.20001220703125;232.49402
2021-04-20 00:00:00-04:00;286.3599853515625;228.67233
2021-04-21 00:00:00-04:00;288.8699951171875;225.45793
2021-04-22 00:00:00-04:00;288.0;226.30875
2021-04-23 00:00:00-04:00;295.2699890136719;227.34584
2021-04-26 00:00:00-04:00;299.3399963378906;230.64246
2021-04-27 00:00:00-04:00;297.8699951171875;233.06723
2021-04-28 00:00:00-04:00;299.2300109863281;232.37491
2021-04-29 00:00:00-04:00;296.2799987792969;231.85313
2021-04-30 00:00:00-04:00;291.9100036621094;230.5037
2021-05-03 00:00:00-04:00;287.5;228.49728
2021-05-04 00:00:00-04:00;279.7300109863281;226.48311
2021-05-05 00:00:00-04:00;281.0799865722656;223.3169
2021-05-06 00:00:00-04:00;284.3500061035156;223.43733
2021-05-07 00:00:00-04:00;285.760009765625;225.73535
2021-05-10 00:00:00-04:00;276.04998779296875;227.22655
2021-05-11 00:00:00-04:00;277.4200134277344;223.19725
2021-05-12 00:00:00-04:00;269.5400085449219;221.73341
2021-05-13 00:00:00-04:00;269.7200012207031;218.83665
2021-05-14 00:00:00-04:00;277.6300048828125;218.38516
2021-05-17 00:00:00-04:00;274.7799987792969;222.21028
2021-05-18 00:00:00-04:00;272.75;222.61046
2021-05-19 00:00:00-04:00;273.9700012207031;220.90964
2021-05-20 00:00:00-04:00;281.1600036621094;220.37686
2021-05-21 00:00:00-04:00;281.67999267578125;223.41005
2021-05-24 00:00:00-04:00;287.4800109863281;224.84875
2021-05-25 00:00:00-04:00;289.4700012207031;226.93625
2021-05-26 00:00:00-04:00;292.510009765625;227.90222
2021-05-27 00:00:00-04:00;286.6700134277344;228.83617
2021-05-28 00:00:00-04:00;285.8599853515625;226.46785
2021-06-01 00:00:00-04:00;281.29998779296875;225.09415
2021-06-02 00:00:00-04:00;279.6700134277344;223.398
2021-06-03 00:00:00-04:00;274.4700012207031;222.72118
2021-06-04 00:00:00-04:00;284.7799987792969;220.97235
2021-06-07 00:00:00-04:00;278.8900146484375;224.85635
2021-06-08 00:00:00-04:00;278.6600036621094;224.32196
2021-06-09 00:00:00-04:00;275.5;223.1519
2021-06-10 00:00:00-04:00;277.5;221.33127
2021-06-11 00:00:00-04:00;277.510009765625;221.76288
2021-06-14 00:00:00-04:00;280.5199890136719;222.41476
2021-06-15 00:00:00-04:00;276.760009765625;223.83981
2021-06-16 00:00:00-04:00;273.7099914550781;222.6069
2021-06-17 00:00:00-04:00;276.3399963378906;220.50111
2021-06-18 00:00:00-04:00;277.9800109863281;221.01753
2021-06-21 00:00:00-04:00;283.2200012207031;222.44153
2021-06-22 00:00:00-04:00;286.07000732421875;225.04622
2021-06-23 00:00:00-04:00;283.6700134277344;226.70663
2021-06-24 00:00:00-04:00;286.9599914550781;225.56105
2021-06-25 00:00:00-04:00;288.739990234375;225.91536
2021-06-28 00:00:00-04:00;293.3599853515625;226.94502
2021-06-29 00:00:00-04:00;297.739990234375;229.16086
2021-06-30 00:00:00-04:00;291.8999938964844;231.43774
2021-07-01 00:00:00-04:00;293.70001220703125;229.31607
2021-07-02 00:00:00-04:00;297.739990234375;228.6916
2021-07-06 00:00:00-04:00;295.6000061035156;230.55258
2021-07-07 00:00:00-04:00;296.1099853515625;230.6735
2021-07-08 00:00:00-04:00;294.4700012207031;230.59158
2021-07-09 00:00:00-04:00;295.3800048828125;229.84776
2021-07-12 00:00:00-04:00;291.92999267578125;230.02904
2021-07-13 00:00:00-04:00;296.4200134277344;228.9577
2021-07-14 00:00:00-04:00;297.1000061035156;230.43861
2021-07-15 00:00:00-04:00;294.7900085449219;231.49455
2021-07-16 00:00:00-04:00;293.3299865722656;230.64417
2021-07-19 00:00:00-04:00;287.30999755859375;229.44653
2021-07-20 00:00:00-04:00;296.1199951171875;226.78778
2021-07-21 00:00:00-04:00;301.7799987792969;229.77295
2021-07-22 00:00:00-04:00;308.510009765625;233.75989
2021-07-23 00:00:00-04:00;312.6499938964844;237.13127
2021-07-26 00:00:00-04:00;313.6199951171875;238.66489
2021-07-27 00:00:00-04:00;308.25;238.4201
2021-07-28 00:00:00-04:00;313.1300048828125;235.63406
2021-07-29 00:00:00-04:00;320.5;236.66997
2021-07-30 00:00:00-04:00;321.1300048828125;240.65619
2021-08-02 00:00:00-04:00;322.07000732421875;242.1469
2021-08-03 00:00:00-04:00;327.6099853515625;242.04
2021-08-04 00:00:00-04:00;329.0899963378906;243.597
2021-08-05 00:00:00-04:00;328.82000732421875;244.59511
2021-08-06 00:00:00-04:00;332.7699890136719;244.47496
2021-08-09 00:00:00-04:00;332.7699890136719;245.6919
2021-08-10 00:00:00-04:00;331.2799987792969;246.08447
2021-08-11 00:00:00-04:00;328.6400146484375;245.42126
2021-08-12 00:00:00-04:00;332.04998779296875;244.13031
2021-08-13 00:00:00-04:00;332.7799987792969;245.27467
2021-08-16 00:00:00-04:00;330.17999267578125;246.3241
2021-08-17 00:00:00-04:00;324.70001220703125;245.51588
2021-08-18 00:00:00-04:00;323.5199890136719;242.90894
2021-08-19 00:00:00-04:00;330.3500061035156;241.8441
2021-08-20 00:00:00-04:00;334.3800048828125;244.8774
2021-08-23 00:00:00-04:00;336.760009765625;247.7622
2021-08-24 00:00:00-04:00;341.07000732421875;248.8465
2021-08-25 00:00:00-04:00;342.2699890136719;249.86595
2021-08-26 00:00:00-04:00;310.19000244140625;250.08557
2021-08-27 00:00:00-04:00;315.6400146484375;237.51622
2021-08-30 00:00:00-04:00;313.3900146484375;235.68263
2021-08-31 00:00:00-04:00;310.0899963378906;237.49004
2021-09-01 00:00:00-04:00;303.239990234375;238.1606
2021-09-02 00:00:00-04:00;287.4700012207031;235.51022
2021-09-03 00:00:00-04:00;288.75;228.13834
2021-09-07 00:00:00-04:00;287.4599914550781;226.68448
2021-09-08 00:00:00-04:00;289.55999755859375;227.59006
2021-09-09 00:00:00-04:00;287.67999267578125;229.42926
2021-09-10 00:00:00-04:00;284.42999267578125;229.03772
2021-09-13 00:00:00-04:00;281.2799987792969;226.90283
2021-09-14 00:00:00-04:00;279.3500061035156;224.67879
2021-09-15 00:00:00-04:00;286.6199951171875;223.49257
2021-09-16 00:00:00-04:00;290.67999267578125;226.54343
2021-09-17 00:00:00-04:00;288.1499938964844;229.51862
2021-09-20 00:00:00-04:00;283.6000061035156;228.715
2021-09-21 00:00:00-04:00;283.19000244140625;225.59055
2021-09-22 00:00:00-04:00;286.4200134277344;224.26627
2021-09-23 00:00:00-04:00;292.1600036621094;225.87617
2021-09-24 00:00:00-04:00;294.6700134277344;229.22609
2021-09-27 00:00:00-04:00;294.05999755859375;231.03136
2021-09-28 00:00:00-04:00;287.8500061035156;230.45227
2021-09-29 00:00:00-04:00;287.989990234375;227.09763
2021-09-30 00:00:00-04:00;285.1700134277344;226.0316
2021-10-01 00:00:00-04:00;284.05999755859375;225.42972
2021-10-04 00:00:00-04:00;272.92999267578125;225.29182
2021-10-05 00:00:00-04:00;275.9800109863281;221.01335
2021-10-06 00:00:00-04:00;277.4200134277344;220.81317
2021-10-07 00:00:00-04:00;283.0199890136719;222.39381
2021-10-08 00:00:00-04:00;278.94000244140625;225.45816
2021-10-11 00:00:00-04:00;276.5400085449219;224.43877
2021-10-12 00:00:00-04:00;275.9100036621094;222.16531
2021-10-13 00:00:00-04:00;283.45001220703125;221.0905
2021-10-14 00:00:00-04:00;289.1700134277344;224.32726
2021-10-15 00:00:00-04:00;291.19000244140625;228.12001
2021-10-18 00:00:00-04:00;292.6700134277344;229.46373
2021-10-19 00:00:00-04:00;296.69000244140625;229.36993
2021-10-20 00:00:00-04:00;298.6400146484375;230.36829
2021-10-21 00:00:00-04:00;305.67999267578125;231.42583
2021-10-22 00:00:00-04:00;308.5799865722656;234.37941
2021-10-25 00:00:00-04:00;311.7900085449219;236.23582
2021-10-26 00:00:00-04:00;312.79998779296875;237.38554
2021-10-27 00:00:00-04:00;308.510009765625;237.59753
2021-10-28 00:00:00-04:00;317.1000061035156;235.6736
2021-10-29 00:00:00-04:00;317.6099853515625;238.42404
2021-11-01 00:00:00-04:00;315.010009765625;240.05493
2021-11-02 00:00:00-04:00;314.9200134277344;239.11676
2021-11-03 00:00:00-04:00;308.3699951171875;238.34044
2021-11-04 00:00:00-04:00;318.9700012207031;235.74675
2021-11-05 00:00:00-04:00;324.5199890136719;239.41197
2021-11-08 00:00:00-05:00;329.07000732421875;243.45258
2021-11-09 00:00:00-05:00;329.3999938964844;245.73781
2021-11-10 00:00:00-05:00;320.5299987792969;245.36453
2021-11-11 00:00:00-05:00;325.2099914550781;241.00899
2021-11-12 00:00:00-05:00;329.32000732421875;241.46242
2021-11-15 00:00:00-05:00;326.3900146484375;244.33784
2021-11-16 00:00:00-05:00;333.6400146484375;244.33536
2021-11-17 00:00:00-05:00;330.54998779296875;246.49182
2021-11-18 00:00:00-05:00;322.17999267578125;245.79765
2021-11-19 00:00:00-05:00;322.5199890136719;241.8697
2021-11-22 00:00:00-05:00;310.4800109863281;240.89374
2021-11-23 00:00:00-05:00;304.0;236.99629
2021-11-24 00:00:00-05:00;256.8999938964844;233.82146
2021-11-26 00:00:00-05:00;254.1699981689453;215.17154
2021-11-29 00:00:00-05:00;261.1499938964844;208.24661
2021-11-30 00:00:00-05:00;254.19000244140625;213.5821
2021-12-01 00:00:00-05:00;249.67999267578125;215.46849
2021-12-02 00:00:00-05:00;257.6600036621094;213.13763
2021-12-03 00:00:00-05:00;259.0199890136719;214.37381
2021-12-06 00:00:00-05:00;265.55999755859375;215.38544
2021-12-07 00:00:00-05:00;276.70001220703125;217.81065
2021-12-08 00:00:00-05:00;276.2900085449219;222.57147
2021-12-09 00:00:00-05:00;267.6700134277344;223.15298
2021-12-10 00:00:00-05:00;269.0;218.33038
2021-12-13 00:00:00-05:00;268.8800048828125;216.59683
2021-12-14 00:00:00-05:00;263.2200012207031;217.05951
2021-12-15 00:00:00-05:00;271.7300109863281;215.63388
2021-12-16 00:00:00-05:00;269.6099853515625;218.64323
2021-12-17 00:00:00-05:00;277.6499938964844;219.2191
2021-12-20 00:00:00-05:00;275.1199951171875;222.0238
2021-12-21 00:00:00-05:00;280.4200134277344;221.6627
2021-12-22 00:00:00-05:00;282.6099853515625;222.93518
2021-12-23 00:00:00-05:00;280.989990234375;224.20758
2021-12-27 00:00:00-05:00;284.29998779296875;223.72185
2021-12-28 00:00:00-05:00;282.7699890136719;224.56627
2021-12-29 00:00:00-05:00;282.57000732421875;224.3583
2021-12-30 00:00:00-05:00;281.7099914550781;224.10114
2021-12-31 00:00:00-05:00;281.19000244140625;223.75461
2022-01-03 00:00:00-05:00;283.7200012207031;223.57533
2022-01-04 00:00:00-05:00;278.19000244140625;224.70786
2022-01-05 00:00:00-05:00;264.32000732421875;222.98528
2022-01-06 00:00:00-05:00;264.1099853515625;216.4918
2022-01-07 00:00:00-05:00;262.32000732421875;214.41724
2022-01-10 00:00:00-05:00;262.3900146484375;214.67014
2022-01-11 00:00:00-05:00;270.6300048828125;215.66473
2022-01-12 00:00:00-05:00;269.6000061035156;219.41985
2022-01-13 00:00:00-05:00;260.1700134277344;219.9909
2022-01-14 00:00:00-05:00;259.1000061035156;215.20079
2022-01-18 00:00:00-05:00;252.02999877929688;212.49329
2022-01-19 00:00:00-05:00;254.3500061035156;209.61703
2022-01-20 00:00:00-05:00;252.41000366210935;210.36436
2022-01-21 00:00:00-05:00;239.19000244140625;210.67114
2022-01-24 00:00:00-05:00;245.3500061035156;205.14116
2022-01-25 00:00:00-05:00;233.77999877929688;205.2947
2022-01-26 00:00:00-05:00;233.27999877929688;201.7248
2022-01-27 00:00:00-05:00;228.66000366210935;200.1226
2022-01-28 00:00:00-05:00;239.5399932861328;198.23024
2022-01-31 00:00:00-05:00;249.7899932861328;202.44215
2022-02-01 00:00:00-05:00;249.77000427246097;208.79955
2022-02-02 00:00:00-05:00;248.0;210.0858
2022-02-03 00:00:00-05:00;237.7599945068359;207.87196
2022-02-04 00:00:00-05:00;241.2400054931641;201.91298
2022-02-07 00:00:00-05:00;240.47999572753903;201.44075
2022-02-08 00:00:00-05:00;241.1000061035156;202.59181
2022-02-09 00:00:00-05:00;251.33999633789065;203.76532
2022-02-10 00:00:00-05:00;238.52000427246097;208.30652
2022-02-11 00:00:00-05:00;227.1300048828125;204.31297
2022-02-14 00:00:00-05:00;226.8999938964844;196.62393
2022-02-15 00:00:00-05:00;233.3800048828125;194.09157
2022-02-16 00:00:00-05:00;233.7400054931641;197.96439
2022-02-17 00:00:00-05:00;223.38999938964844;200.68443
2022-02-18 00:00:00-05:00;216.83999633789065;196.43166
2022-02-22 00:00:00-05:00;215.6499938964844;190.80966
2022-02-23 00:00:00-05:00;209.02000427246097;188.68185
2022-02-24 00:00:00-05:00;218.17999267578125;186.37555
2022-02-25 00:00:00-05:00;219.6199951171875;189.97522
2022-02-28 00:00:00-05:00;220.22999572753903;192.63876
2022-03-01 00:00:00-05:00;214.0;192.98412
2022-03-02 00:00:00-05:00;216.5099945068359;189.3769
2022-03-03 00:00:00-05:00;210.0;188.5107
2022-03-04 00:00:00-05:00;207.66000366210935;186.08597
2022-03-07 00:00:00-05:00;199.08999633789065;184.27197
2022-03-08 00:00:00-05:00;195.9499969482422;180.27377
2022-03-09 00:00:00-05:00;204.8800048828125;177.50647
2022-03-10 00:00:00-05:00;199.7899932861328;181.13174
2022-03-11 00:00:00-05:00;192.30999755859375;181.20319
2022-03-14 00:00:00-04:00;188.6999969482422;176.86162
2022-03-15 00:00:00-04:00;192.42999267578125;172.83017
2022-03-16 00:00:00-04:00;204.5;173.49121
2022-03-17 00:00:00-04:00;211.6499938964844;180.17523
2022-03-18 00:00:00-04:00;213.3000030517578;186.12794
2022-03-21 00:00:00-04:00;212.3800048828125;187.57378
2022-03-22 00:00:00-04:00;216.66000366210935;185.93044
2022-03-23 00:00:00-04:00;207.33999633789065;186.48503
2022-03-24 00:00:00-04:00;213.0500030517578;183.1127
2022-03-25 00:00:00-04:00;212.13999938964844;184.21402
2022-03-28 00:00:00-04:00;215.41000366210935;185.33017
2022-03-29 00:00:00-04:00;223.0;187.25256
2022-03-30 00:00:00-04:00;221.0;191.19522
2022-03-31 00:00:00-04:00;214.3500061035156;191.57693
2022-04-01 00:00:00-04:00;213.0399932861328;187.86343
2022-04-04 00:00:00-04:00;218.77000427246097;185.51837
2022-04-05 00:00:00-04:00;211.5500030517578;188.0673
2022-04-06 00:00:00-04:00;203.94000244140625;186.90752
2022-04-07 00:00:00-04:00;204.77000427246097;182.58478
2022-04-08 00:00:00-04:00;202.25;181.22574
2022-04-11 00:00:00-04:00;199.02999877929688;180.65692
2022-04-12 00:00:00-04:00;196.13999938964844;179.44164
2022-04-13 00:00:00-04:00;201.7400054931641;177.6949
2022-04-14 00:00:00-04:00;196.72999572753903;179.54984
2022-04-18 00:00:00-04:00;196.5399932861328;178.5066
2022-04-19 00:00:00-04:00;203.8000030517578;177.34052
2022-04-20 00:00:00-04:00;201.9199981689453;180.05037
2022-04-21 00:00:00-04:00;195.1300048828125;180.64514
2022-04-22 00:00:00-04:00;187.30999755859375;177.13492
2022-04-25 00:00:00-04:00;191.1499938964844;171.67822
2022-04-26 00:00:00-04:00;185.58999633789065;171.62846
2022-04-27 00:00:00-04:00;180.47000122070312;170.60553
2022-04-28 00:00:00-04:00;195.83999633789065;167.89908
2022-04-29 00:00:00-04:00;189.27999877929688;173.58582
2022-05-02 00:00:00-04:00;192.8999938964844;173.8684
2022-05-03 00:00:00-04:00;193.22000122070312;174.03523
2022-05-04 00:00:00-04:00;203.75;173.82448
2022-05-05 00:00:00-04:00;198.38999938964844;178.28542
2022-05-06 00:00:00-04:00;193.77000427246097;177.97168
2022-05-09 00:00:00-04:00;186.32000732421875;174.64879
2022-05-10 00:00:00-04:00;186.41000366210935;169.74211
2022-05-11 00:00:00-04:00;180.67999267578125;168.39618
2022-05-12 00:00:00-04:00;185.0500030517578;166.63872
2022-05-13 00:00:00-04:00;197.07000732421875;168.25104
2022-05-16 00:00:00-04:00;192.5800018310547;174.83582
2022-05-17 00:00:00-04:00;195.63999938964844;175.41104
2022-05-18 00:00:00-04:00;187.97999572753903;175.1691
2022-05-19 00:00:00-04:00;193.72000122070312;171.18985
2022-05-20 00:00:00-04:00;191.41000366210935;171.9292
2022-05-23 00:00:00-04:00;183.5099945068359;172.34941
2022-05-24 00:00:00-04:00;179.5500030517578;169.0024
2022-05-25 00:00:00-04:00;186.52999877929688;165.49031
2022-05-26 00:00:00-04:00;191.6300048828125;167.77763
2022-05-27 00:00:00-04:00;211.3800048828125;172.15802
2022-05-31 00:00:00-04:00;207.75;182.48877
2022-06-01 00:00:00-04:00;207.3800048828125;184.2645
2022-06-02 00:00:00-04:00;214.08999633789065;182.13307
2022-06-03 00:00:00-04:00;208.3699951171875;183.43451
2022-06-06 00:00:00-04:00;208.6000061035156;182.21078
2022-06-07 00:00:00-04:00;207.1699981689453;181.81355
2022-06-08 00:00:00-04:00;203.72999572753903;181.56691
2022-06-09 00:00:00-04:00;195.05999755859375;180.34056
2022-06-10 00:00:00-04:00;187.0800018310547;176.22374
2022-06-13 00:00:00-04:00;173.10000610351562;171.21759
2022-06-14 00:00:00-04:00;171.58999633789062;163.7598
2022-06-15 00:00:00-04:00;176.7100067138672;160.8171
2022-06-16 00:00:00-04:00;164.30999755859375;163.64577
2022-06-17 00:00:00-04:00;167.77000427246094;160.14882
2022-06-21 00:00:00-04:00;166.8800048828125;158.8593
2022-06-22 00:00:00-04:00;169.14999389648438;158.17424
2022-06-23 00:00:00-04:00;183.41000366210935;158.85251
2022-06-24 00:00:00-04:00;192.47999572753903;165.48486
2022-06-27 00:00:00-04:00;185.8699951171875;172.30176
2022-06-28 00:00:00-04:00;176.80999755859375;170.5752
2022-06-29 00:00:00-04:00;176.85000610351562;163.5872
2022-06-30 00:00:00-04:00;171.9600067138672;160.43074
2022-07-01 00:00:00-04:00;173.86000061035156;158.67592
2022-07-05 00:00:00-04:00;176.89999389648438;159.81387
2022-07-06 00:00:00-04:00;176.72999572753906;162.3265
2022-07-07 00:00:00-04:00;182.25;163.16615
2022-07-08 00:00:00-04:00;179.8300018310547;165.2875
2022-07-11 00:00:00-04:00;176.72000122070312;164.85078
2022-07-12 00:00:00-04:00;172.3300018310547;162.61467
2022-07-13 00:00:00-04:00;170.9499969482422;159.575
2022-07-14 00:00:00-04:00;170.9600067138672;158.0607
2022-07-15 00:00:00-04:00;176.2100067138672;158.18916
2022-07-18 00:00:00-04:00;177.22000122070312;161.10132
2022-07-19 00:00:00-04:00;184.7599945068359;162.93303
2022-07-20 00:00:00-04:00;196.3800048828125;166.39813
2022-07-21 00:00:00-04:00;199.1000061035156;172.71297
2022-07-22 00:00:00-04:00;195.9499969482422;175.97571
2022-07-25 00:00:00-04:00;195.7100067138672;174.4705
2022-07-26 00:00:00-04:00;193.07000732421875;172.82947
2022-07-27 00:00:00-04:00;203.41000366210935;171.45653
2022-07-28 00:00:00-04:00;212.16000366210935;176.26076
2022-07-29 00:00:00-04:00;216.32000732421875;183.0823
2022-08-01 00:00:00-04:00;218.13999938964844;187.04523
2022-08-02 00:00:00-04:00;216.17999267578125;187.93474
2022-08-03 00:00:00-04:00;218.44000244140625;186.48183
2022-08-04 00:00:00-04:00;221.94000244140625;186.78949
2022-08-05 00:00:00-04:00;221.6999969482422;189.16103
2022-08-08 00:00:00-04:00;220.69000244140625;190.41672
2022-08-09 00:00:00-04:00;218.13999938964844;190.21721
2022-08-10 00:00:00-04:00;226.32000732421875;188.87321
2022-08-11 00:00:00-04:00;227.2599945068359;192.09027
2022-08-12 00:00:00-04:00;233.0099945068359;194.42613
2022-08-15 00:00:00-04:00;234.0399932861328;197.3107
2022-08-16 00:00:00-04:00;233.63999938964844;198.38403
2022-08-17 00:00:00-04:00;228.1999969482422;197.9822
2022-08-18 00:00:00-04:00;228.86000061035156;195.25143
2022-08-19 00:00:00-04:00;222.58999633789065;194.63225
2022-08-22 00:00:00-04:00;216.3999938964844;192.5678
2022-08-23 00:00:00-04:00;213.6300048828125;189.43651
2022-08-24 00:00:00-04:00;214.42999267578125;187.52513
2022-08-25 00:00:00-04:00;220.1499938964844;187.95529
2022-08-26 00:00:00-04:00;207.77000427246097;191.21022
2022-08-29 00:00:00-04:00;205.7100067138672;187.11234
2022-08-30 00:00:00-04:00;202.80999755859375;183.4033
2022-08-31 00:00:00-04:00;201.7400054931641;181.24245
2022-09-01 00:00:00-04:00;201.9499969482422;180.77171
2022-09-02 00:00:00-04:00;198.69000244140625;181.19029
2022-09-06 00:00:00-04:00;198.17999267578125;179.94437
2022-09-07 00:00:00-04:00;206.19000244140625;178.82805
2022-09-08 00:00:00-04:00;209.82000732421875;181.9382
2022-09-09 00:00:00-04:00;211.67999267578125;185.07158
2022-09-12 00:00:00-04:00;215.16000366210935;186.35779
2022-09-13 00:00:00-04:00;208.33999633789065;187.41528
2022-09-14 00:00:00-04:00;208.52000427246097;184.39113
2022-09-15 00:00:00-04:00;201.3000030517578;182.82098
2022-09-16 00:00:00-04:00;194.97000122070312;179.74236
2022-09-19 00:00:00-04:00;196.88999938964844;176.1313
2022-09-20 00:00:00-04:00;194.97000122070312;176.20026
2022-09-21 00:00:00-04:00;192.4199981689453;176.40268
2022-09-22 00:00:00-04:00;187.1499938964844;175.36887
2022-09-23 00:00:00-04:00;184.55999755859375;172.31891
2022-09-26 00:00:00-04:00;183.9900054931641;169.78185
2022-09-27 00:00:00-04:00;187.9600067138672;168.94257
2022-09-28 00:00:00-04:00;190.97999572753903;170.87383
2022-09-29 00:00:00-04:00;189.4600067138672;173.21674
2022-09-30 00:00:00-04:00;186.8000030517578;172.93335
2022-10-03 00:00:00-04:00;192.4600067138672;170.73044
2022-10-04 00:00:00-04:00;199.9900054931641;172.0677
2022-10-05 00:00:00-04:00;204.52999877929688;176.56998
2022-10-06 00:00:00-04:00;205.8699951171875;180.35754
2022-10-07 00:00:00-04:00;194.7400054931641;181.46985
2022-10-10 00:00:00-04:00;191.02999877929688;175.96397
2022-10-11 00:00:00-04:00;191.02999877929688;171.43965
2022-10-12 00:00:00-04:00;193.63999938964844;170.85934
2022-10-13 00:00:00-04:00;193.8500061035156;173.2744
2022-10-14 00:00:00-04:00;189.80999755859375;174.86662
2022-10-17 00:00:00-04:00;198.6999969482422;173.17795
2022-10-18 00:00:00-04:00;200.6999969482422;175.80011
2022-10-19 00:00:00-04:00;197.02000427246097;178.24403
2022-10-20 00:00:00-04:00;197.8300018310547;177.09253
2022-10-21 00:00:00-04:00;201.38999938964844;176.20148
2022-10-24 00:00:00-04:00;207.08999633789065;177.62505
2022-10-25 00:00:00-04:00;215.72000122070312;181.1532
2022-10-26 00:00:00-04:00;214.55999755859375;186.30682
2022-10-27 00:00:00-04:00;210.1499938964844;187.2143
2022-10-28 00:00:00-04:00;216.38999938964844;184.36346
2022-10-31 00:00:00-04:00;214.3000030517578;185.58865
2022-11-01 00:00:00-04:00;214.0500030517578;186.1282
2022-11-02 00:00:00-04:00;199.3800048828125;186.28143
2022-11-03 00:00:00-04:00;194.22000122070312;179.92613
2022-11-04 00:00:00-04:00;193.69000244140625;174.8318
2022-11-07 00:00:00-05:00;194.8800048828125;173.98132
2022-11-08 00:00:00-05:00;199.0099945068359;175.71045
2022-11-09 00:00:00-05:00;194.61000061035156;178.66963
2022-11-10 00:00:00-05:00;222.9600067138672;177.49414
2022-11-11 00:00:00-05:00;228.8000030517578;188.49171
2022-11-14 00:00:00-05:00;223.30999755859375;195.86258
2022-11-15 00:00:00-05:00;232.3000030517578;193.83556
2022-11-16 00:00:00-05:00;221.13999938964844;194.661
2022-11-17 00:00:00-05:00;214.67999267578125;190.55975
2022-11-18 00:00:00-05:00;210.3699951171875;186.15227
2022-11-21 00:00:00-05:00;206.5;183.68152
2022-11-22 00:00:00-05:00;208.8999938964844;182.4711
2022-11-23 00:00:00-05:00;197.07000732421875;183.97305
2022-11-25 00:00:00-05:00;200.66000366210935;179.91336
2022-11-28 00:00:00-05:00;195.3500061035156;179.23697
2022-11-29 00:00:00-05:00;195.17999267578125;177.45595
2022-11-30 00:00:00-05:00;201.9499969482422;176.71695
2022-12-01 00:00:00-05:00;206.92999267578125;179.6699
2022-12-02 00:00:00-05:00;201.11000061035156;183.26613
2022-12-05 00:00:00-05:00;198.38999938964844;181.39334
2022-12-06 00:00:00-05:00;194.61000061035156;178.14615
2022-12-07 00:00:00-05:00;193.33999633789065;175.22105
2022-12-08 00:00:00-05:00;196.6300048828125;174.15576
2022-12-09 00:00:00-05:00;194.30999755859375;175.95676
2022-12-12 00:00:00-05:00;199.8800048828125;176.06195
2022-12-13 00:00:00-05:00;203.02000427246097;178.04305
2022-12-14 00:00:00-05:00;200.05999755859375;180.13821
2022-12-15 00:00:00-05:00;194.11000061035156;179.1762
2022-12-16 00:00:00-05:00;192.3999938964844;175.4306
2022-12-19 00:00:00-05:00;188.5399932861328;173.082
2022-12-20 00:00:00-05:00;187.9199981689453;171.2759
2022-12-21 00:00:00-05:00;192.22999572753903;170.87686
2022-12-22 00:00:00-05:00;188.1000061035156;173.10829
2022-12-23 00:00:00-05:00;188.16000366210935;172.3685
2022-12-27 00:00:00-05:00;186.2899932861328;171.33629
2022-12-28 00:00:00-05:00;181.8999938964844;169.9859
2022-12-29 00:00:00-05:00;188.1199951171875;167.5444
2022-12-30 00:00:00-05:00;186.8699951171875;169.4432
2023-01-03 00:00:00-05:00;185.1499938964844;170.36494
2023-01-04 00:00:00-05:00;187.9600067138672;169.49825
2023-01-05 00:00:00-05:00;182.07000732421875;169.92784
2023-01-06 00:00:00-05:00;187.19000244140625;167.59253
2023-01-09 00:00:00-05:00;192.47000122070312;168.62123
2023-01-10 00:00:00-05:00;193.42999267578125;172.03914
2023-01-11 00:00:00-05:00;199.92999267578125;173.85345
2023-01-12 00:00:00-05:00;199.9600067138672;176.67119
2023-01-13 00:00:00-05:00;200.58999633789065;177.4234
2023-01-17 00:00:00-05:00;200.6999969482422;177.34268
2023-01-18 00:00:00-05:00;198.02000427246097;177.19728
2023-01-19 00:00:00-05:00;196.0500030517578;176.10442
2023-01-20 00:00:00-05:00;205.8999938964844;174.94221
2023-01-23 00:00:00-05:00;211.2899932861328;179.24727
2023-01-24 00:00:00-05:00;205.8999938964844;184.07028
