Date;ALGN;close_predicted
2018-11-12 00:00:00-05:00;217.2899932861328;232.84772
2018-11-13 00:00:00-05:00;219.32000732421875;225.48477
2018-11-14 00:00:00-05:00;219.9900054931641;218.68787
2018-11-15 00:00:00-05:00;222.77000427246097;214.58974
2018-11-16 00:00:00-05:00;225.41000366210935;213.7434
2018-11-19 00:00:00-05:00;204.42999267578125;215.15157
2018-11-20 00:00:00-05:00;210.1000061035156;210.22362
2018-11-21 00:00:00-05:00;215.72000122070312;206.49976
2018-11-23 00:00:00-05:00;218.8699951171875;206.14227
2018-11-26 00:00:00-05:00;223.3800048828125;208.0984
2018-11-27 00:00:00-05:00;220.7100067138672;211.62657
2018-11-28 00:00:00-05:00;235.58999633789065;213.63416
2018-11-29 00:00:00-05:00;228.6999969482422;219.14163
2018-11-30 00:00:00-05:00;229.88999938964844;221.77878
2018-12-03 00:00:00-05:00;235.6999969482422;222.95065
2018-12-04 00:00:00-05:00;220.9499969482422;225.05818
2018-12-06 00:00:00-05:00;219.33999633789065;222.14384
2018-12-07 00:00:00-05:00;210.27999877929688;218.0442
2018-12-10 00:00:00-05:00;216.66000366210935;212.06715
2018-12-11 00:00:00-05:00;220.27000427246097;209.4687
2018-12-12 00:00:00-05:00;219.2899932861328;210.05093
2018-12-13 00:00:00-05:00;217.22999572753903;211.23616
2018-12-14 00:00:00-05:00;215.57000732421875;211.54356
2018-12-17 00:00:00-05:00;206.97000122070312;210.87602
2018-12-18 00:00:00-05:00;209.5;207.36644
2018-12-19 00:00:00-05:00;201.55999755859375;204.83597
2018-12-20 00:00:00-05:00;197.77999877929688;200.9907
2018-12-21 00:00:00-05:00;199.1699981689453;196.79207
2018-12-24 00:00:00-05:00;193.72000122070312;194.27496
2018-12-26 00:00:00-05:00;210.9900054931641;191.45816
2018-12-27 00:00:00-05:00;211.3300018310547;194.89624
2018-12-28 00:00:00-05:00;208.2899932861328;199.48381
2018-12-31 00:00:00-05:00;209.42999267578125;201.96678
2019-01-02 00:00:00-05:00;202.1199951171875;203.21072
2019-01-03 00:00:00-05:00;184.77999877929688;201.2965
2019-01-04 00:00:00-05:00;186.7100067138672;193.52234
2019-01-07 00:00:00-05:00;189.9199981689453;186.87401
2019-01-08 00:00:00-05:00;192.9499969482422;183.80872
2019-01-09 00:00:00-05:00;200.32000732421875;184.00772
2019-01-10 00:00:00-05:00;202.63999938964844;187.61674
2019-01-11 00:00:00-05:00;198.25;191.93275
2019-01-14 00:00:00-05:00;193.94000244140625;193.63551
2019-01-15 00:00:00-05:00;195.0500030517578;192.47672
2019-01-16 00:00:00-05:00;206.7899932861328;191.0471
2019-01-17 00:00:00-05:00;212.6699981689453;193.72098
2019-01-18 00:00:00-05:00;220.08999633789065;198.85294
2019-01-22 00:00:00-05:00;216.16000366210935;205.50441
2019-01-23 00:00:00-05:00;217.22000122070312;209.17789
2019-01-24 00:00:00-05:00;220.6699981689453;210.91573
2019-01-25 00:00:00-05:00;227.22000122070312;212.49174
2019-01-28 00:00:00-05:00;221.4900054931641;215.5883
2019-01-29 00:00:00-05:00;222.02999877929688;216.38412
2019-01-30 00:00:00-05:00;232.8300018310547;216.31862
2019-01-31 00:00:00-05:00;248.9499969482422;219.39153
2019-02-01 00:00:00-05:00;244.0;227.65201
2019-02-04 00:00:00-05:00;244.5399932861328;233.28902
2019-02-05 00:00:00-05:00;243.5099945068359;236.274
2019-02-06 00:00:00-05:00;244.0399932861328;236.9828
2019-02-07 00:00:00-05:00;239.4499969482422;236.87616
2019-02-08 00:00:00-05:00;241.2599945068359;235.1246
2019-02-11 00:00:00-05:00;244.57000732421875;234.03264
2019-02-12 00:00:00-05:00;254.32000732421875;234.60161
2019-02-13 00:00:00-05:00;251.8500061035156;238.65279
2019-02-14 00:00:00-05:00;250.75;241.69925
2019-02-15 00:00:00-05:00;254.9600067138672;243.00433
2019-02-19 00:00:00-05:00;255.2400054931641;244.58029
2019-02-20 00:00:00-05:00;253.7899932861328;245.79214
2019-02-21 00:00:00-05:00;250.22999572753903;246.03418
2019-02-22 00:00:00-05:00;253.9900054931641;244.76044
2019-02-25 00:00:00-05:00;262.3500061035156;244.62119
2019-02-26 00:00:00-05:00;259.7900085449219;247.57166
2019-02-27 00:00:00-05:00;258.25;249.7438
2019-02-28 00:00:00-05:00;258.9700012207031;250.427
2019-03-01 00:00:00-05:00;263.3500061035156;250.58339
2019-03-04 00:00:00-05:00;256.30999755859375;251.89865
2019-03-05 00:00:00-05:00;239.22000122070312;250.93283
2019-03-06 00:00:00-05:00;231.4499969482422;244.19284
2019-03-07 00:00:00-05:00;230.75;235.39915
2019-03-08 00:00:00-05:00;230.83999633789065;228.64658
2019-03-11 00:00:00-04:00;243.36000061035156;224.90974
2019-03-12 00:00:00-04:00;250.83999633789065;227.42221
2019-03-13 00:00:00-04:00;252.1300048828125;233.55566
2019-03-14 00:00:00-04:00;247.58999633789065;239.16122
2019-03-15 00:00:00-04:00;252.3300018310547;241.13222
2019-03-18 00:00:00-04:00;253.72999572753903;242.66199
2019-03-19 00:00:00-04:00;259.2900085449219;243.95122
2019-03-20 00:00:00-04:00;265.67999267578125;246.5291
2019-03-21 00:00:00-04:00;280.7300109863281;250.71416
2019-03-22 00:00:00-04:00;269.6199951171875;258.81583
2019-03-25 00:00:00-04:00;271.0199890136719;261.8345
2019-03-26 00:00:00-04:00;274.2699890136719;262.61282
2019-03-27 00:00:00-04:00;268.9599914550781;263.39056
2019-03-28 00:00:00-04:00;273.9100036621094;262.27475
2019-03-29 00:00:00-04:00;284.3299865722656;262.5651
2019-04-01 00:00:00-04:00;285.1499938964844;266.55432
2019-04-02 00:00:00-04:00;292.0299987792969;270.65793
2019-04-03 00:00:00-04:00;289.2699890136719;275.56497
2019-04-04 00:00:00-04:00;287.9599914550781;278.08737
2019-04-05 00:00:00-04:00;295.8800048828125;278.54636
2019-04-08 00:00:00-04:00;292.7099914550781;280.69986
2019-04-09 00:00:00-04:00;285.25;281.66687
2019-04-10 00:00:00-04:00;290.1199951171875;279.61887
2019-04-11 00:00:00-04:00;289.6600036621094;278.88464
2019-04-12 00:00:00-04:00;293.0799865722656;278.69934
2019-04-15 00:00:00-04:00;292.54998779296875;279.89645
2019-04-16 00:00:00-04:00;288.3800048828125;280.95383
2019-04-17 00:00:00-04:00;273.67999267578125;280.27243
2019-04-18 00:00:00-04:00;281.489990234375;274.6213
2019-04-22 00:00:00-04:00;290.6300048828125;271.79874
2019-04-23 00:00:00-04:00;296.0799865722656;273.7598
2019-04-24 00:00:00-04:00;297.0799865722656;278.38187
2019-04-25 00:00:00-04:00;296.739990234375;282.5366
2019-04-26 00:00:00-04:00;317.9800109863281;284.89832
2019-04-29 00:00:00-04:00;317.5;292.57104
2019-04-30 00:00:00-04:00;324.67999267578125;299.00238
2019-05-01 00:00:00-04:00;321.3399963378906;305.07556
2019-05-02 00:00:00-04:00;325.8800048828125;307.74023
2019-05-03 00:00:00-04:00;331.0799865722656;309.8727
2019-05-06 00:00:00-04:00;329.4599914550781;312.764
2019-05-07 00:00:00-04:00;325.510009765625;314.42596
2019-05-08 00:00:00-04:00;322.8699951171875;313.94354
2019-05-09 00:00:00-04:00;323.25;312.1919
2019-05-10 00:00:00-04:00;321.92999267578125;310.85382
2019-05-13 00:00:00-04:00;310.1499938964844;309.77255
2019-05-14 00:00:00-04:00;320.0899963378906;305.49622
2019-05-15 00:00:00-04:00;325.7099914550781;304.92145
2019-05-16 00:00:00-04:00;330.8699951171875;307.47122
2019-05-17 00:00:00-04:00;322.6099853515625;311.76587
2019-05-20 00:00:00-04:00;319.67999267578125;312.38034
2019-05-21 00:00:00-04:00;319.67999267578125;310.66003
2019-05-22 00:00:00-04:00;318.82000732421875;308.77258
2019-05-23 00:00:00-04:00;307.8500061035156;307.25977
2019-05-24 00:00:00-04:00;311.4700012207031;302.98807
2019-05-28 00:00:00-04:00;304.80999755859375;300.54837
2019-05-29 00:00:00-04:00;297.4100036621094;297.42462
2019-05-30 00:00:00-04:00;296.67999267578125;292.89066
2019-05-31 00:00:00-04:00;284.3500061035156;289.24503
2019-06-03 00:00:00-04:00;283.32000732421875;283.24307
2019-06-04 00:00:00-04:00;297.239990234375;278.2486
2019-06-05 00:00:00-04:00;302.57000732421875;279.65323
2019-06-06 00:00:00-04:00;306.3599853515625;284.30035
2019-06-07 00:00:00-04:00;307.6600036621094;289.5093
2019-06-10 00:00:00-04:00;315.0299987792969;293.33957
2019-06-11 00:00:00-04:00;308.8800048828125;297.6207
2019-06-12 00:00:00-04:00;312.0;298.5026
2019-06-13 00:00:00-04:00;311.07000732421875;299.02164
2019-06-14 00:00:00-04:00;305.70001220703125;298.9533
2019-06-17 00:00:00-04:00;288.67999267578125;297.0974
2019-06-18 00:00:00-04:00;290.05999755859375;290.02982
2019-06-19 00:00:00-04:00;296.8399963378906;284.2782
2019-06-20 00:00:00-04:00;295.6700134277344;283.10645
2019-06-21 00:00:00-04:00;283.55999755859375;283.51617
2019-06-24 00:00:00-04:00;282.1600036621094;280.4637
2019-06-25 00:00:00-04:00;276.0199890136719;276.86533
2019-06-26 00:00:00-04:00;268.0799865722656;272.32507
2019-06-27 00:00:00-04:00;269.95001220703125;266.54904
2019-06-28 00:00:00-04:00;273.70001220703125;262.93027
2019-07-01 00:00:00-04:00;271.67999267578125;262.41852
2019-07-02 00:00:00-04:00;270.8999938964844;262.44232
2019-07-03 00:00:00-04:00;275.0;262.33368
2019-07-05 00:00:00-04:00;273.2900085449219;263.44107
2019-07-08 00:00:00-04:00;272.239990234375;263.9652
2019-07-09 00:00:00-04:00;275.4100036621094;263.76248
2019-07-10 00:00:00-04:00;286.6499938964844;264.37057
2019-07-11 00:00:00-04:00;282.5899963378906;268.59723
2019-07-12 00:00:00-04:00;283.9100036621094;271.2354
2019-07-15 00:00:00-04:00;284.29998779296875;272.86664
2019-07-16 00:00:00-04:00;281.07000732421875;273.6901
2019-07-17 00:00:00-04:00;283.9100036621094;272.95657
2019-07-18 00:00:00-04:00;283.3699951171875;272.90857
2019-07-19 00:00:00-04:00;281.2099914550781;272.95343
2019-07-22 00:00:00-04:00;274.4700012207031;272.3688
2019-07-23 00:00:00-04:00;272.9599914550781;269.66748
2019-07-24 00:00:00-04:00;275.1600036621094;266.7507
2019-07-25 00:00:00-04:00;200.8999938964844;265.46912
2019-07-26 00:00:00-04:00;198.83999633789065;242.06442
2019-07-29 00:00:00-04:00;196.0500030517578;218.64998
2019-07-30 00:00:00-04:00;203.25;201.74792
2019-07-31 00:00:00-04:00;209.0800018310547;194.92067
2019-08-01 00:00:00-04:00;202.3500061035156;195.68604
2019-08-02 00:00:00-04:00;199.3800048828125;196.59053
2019-08-05 00:00:00-04:00;188.3699951171875;196.10002
2019-08-06 00:00:00-04:00;188.44000244140625;191.66673
2019-08-07 00:00:00-04:00;183.8999938964844;187.26335
2019-08-08 00:00:00-04:00;188.27999877929688;182.86903
2019-08-09 00:00:00-04:00;183.3300018310547;181.30345
2019-08-12 00:00:00-04:00;179.67999267578125;179.70547
2019-08-13 00:00:00-04:00;182.0;177.47108
2019-08-14 00:00:00-04:00;174.2899932861328;176.44899
2019-08-15 00:00:00-04:00;174.3699951171875;173.7726
2019-08-16 00:00:00-04:00;177.2899932861328;171.40866
2019-08-19 00:00:00-04:00;177.6199951171875;170.84048
2019-08-20 00:00:00-04:00;174.5;171.22067
2019-08-21 00:00:00-04:00;176.38999938964844;170.84274
2019-08-22 00:00:00-04:00;178.97000122070312;170.90665
2019-08-23 00:00:00-04:00;175.0399932861328;171.92114
2019-08-26 00:00:00-04:00;175.19000244140625;171.72218
2019-08-27 00:00:00-04:00;173.8000030517578;171.20901
2019-08-28 00:00:00-04:00;177.30999755859375;170.31798
2019-08-29 00:00:00-04:00;179.9499969482422;170.69603
2019-08-30 00:00:00-04:00;183.11000061035156;172.2462
2019-09-03 00:00:00-04:00;177.91000366210938;174.712
2019-09-04 00:00:00-04:00;176.3800048828125;175.05618
2019-09-05 00:00:00-04:00;177.11000061035156;174.0476
2019-09-06 00:00:00-04:00;175.05999755859375;173.11232
2019-09-09 00:00:00-04:00;173.16000366210938;171.87859
2019-09-10 00:00:00-04:00;177.8000030517578;170.35396
2019-09-11 00:00:00-04:00;179.77000427246094;170.6755
2019-09-12 00:00:00-04:00;174.6199951171875;172.17302
2019-09-13 00:00:00-04:00;177.47000122070312;171.97922
2019-09-16 00:00:00-04:00;179.3699951171875;172.12555
2019-09-17 00:00:00-04:00;177.64999389648438;172.93484
2019-09-18 00:00:00-04:00;175.8000030517578;173.18541
2019-09-19 00:00:00-04:00;180.36000061035156;172.57576
2019-09-20 00:00:00-04:00;186.5399932861328;173.2886
2019-09-23 00:00:00-04:00;183.88999938964844;176.19504
2019-09-24 00:00:00-04:00;183.0500030517578;178.1033
2019-09-25 00:00:00-04:00;183.6300048828125;178.76111
2019-09-26 00:00:00-04:00;178.99000549316406;178.9317
2019-09-27 00:00:00-04:00;175.83999633789062;177.42288
2019-09-30 00:00:00-04:00;180.9199981689453;174.83366
2019-10-01 00:00:00-04:00;182.3000030517578;174.29861
2019-10-02 00:00:00-04:00;179.75;175.11456
2019-10-03 00:00:00-04:00;184.77000427246097;175.34584
2019-10-04 00:00:00-04:00;181.58999633789065;176.85524
2019-10-07 00:00:00-04:00;184.5099945068359;177.3106
2019-10-08 00:00:00-04:00;184.3000030517578;178.16002
2019-10-09 00:00:00-04:00;189.2100067138672;178.80093
2019-10-10 00:00:00-04:00;194.1699981689453;180.71231
2019-10-11 00:00:00-04:00;200.16000366210935;184.01686
2019-10-14 00:00:00-04:00;205.1499938964844;188.62535
2019-10-15 00:00:00-04:00;209.25;193.74445
2019-10-16 00:00:00-04:00;211.55999755859375;198.63385
2019-10-17 00:00:00-04:00;213.9199981689453;202.54063
2019-10-18 00:00:00-04:00;213.8800048828125;205.55305
2019-10-21 00:00:00-04:00;210.0399932861328;207.24814
2019-10-22 00:00:00-04:00;213.6000061035156;206.72922
2019-10-23 00:00:00-04:00;217.5;206.75883
2019-10-24 00:00:00-04:00;249.47000122070312;208.21332
2019-10-25 00:00:00-04:00;243.3800048828125;219.87575
2019-10-28 00:00:00-04:00;250.4199981689453;229.12564
2019-10-29 00:00:00-04:00;256.1199951171875;236.61952
2019-10-30 00:00:00-04:00;252.7100067138672;242.68105
2019-10-31 00:00:00-04:00;252.2899932861328;245.09734
2019-11-01 00:00:00-04:00;257.0400085449219;245.38664
2019-11-04 00:00:00-05:00;258.7699890136719;246.41898
2019-11-05 00:00:00-05:00;257.9100036621094;247.95456
2019-11-06 00:00:00-05:00;256.1600036621094;248.91338
2019-11-07 00:00:00-05:00;258.94000244140625;248.81796
2019-11-08 00:00:00-05:00;259.9200134277344;249.29102
2019-11-11 00:00:00-05:00;258.6000061035156;250.10568
2019-11-12 00:00:00-05:00;258.9700012207031;250.35042
2019-11-13 00:00:00-05:00;259.6300048828125;250.44112
2019-11-14 00:00:00-05:00;260.44000244140625;250.65367
2019-11-15 00:00:00-05:00;263.9200134277344;251.09363
2019-11-18 00:00:00-05:00;268.510009765625;252.56348
2019-11-19 00:00:00-05:00;271.6000061035156;255.32317
2019-11-20 00:00:00-05:00;268.7699890136719;258.53394
2019-11-21 00:00:00-05:00;272.1400146484375;259.87286
2019-11-22 00:00:00-05:00;274.3999938964844;261.1988
2019-11-25 00:00:00-05:00;278.07000732421875;262.7725
2019-11-26 00:00:00-05:00;277.70001220703125;265.07516
2019-11-27 00:00:00-05:00;279.6199951171875;266.7163
2019-11-29 00:00:00-05:00;277.3399963378906;268.1978
2019-12-02 00:00:00-05:00;274.3399963378906;268.39297
2019-12-03 00:00:00-05:00;276.3599853515625;267.1756
2019-12-04 00:00:00-05:00;277.7099914550781;266.5788
2019-12-05 00:00:00-05:00;274.5299987792969;266.84073
2019-12-06 00:00:00-05:00;275.7200012207031;266.31345
2019-12-09 00:00:00-05:00;273.4599914550781;266.09854
2019-12-10 00:00:00-05:00;273.6499938964844;265.33234
2019-12-11 00:00:00-05:00;275.2300109863281;264.718
2019-12-12 00:00:00-05:00;268.3900146484375;264.86002
2019-12-13 00:00:00-05:00;266.05999755859375;263.0355
2019-12-16 00:00:00-05:00;270.010009765625;260.46747
2019-12-17 00:00:00-05:00;268.2900085449219;259.77078
2019-12-18 00:00:00-05:00;272.6099853515625;259.38943
2019-12-19 00:00:00-05:00;273.75;260.6218
2019-12-20 00:00:00-05:00;272.8900146484375;262.2906
2019-12-23 00:00:00-05:00;278.1400146484375;263.234
2019-12-24 00:00:00-05:00;277.8900146484375;265.25497
2019-12-26 00:00:00-05:00;278.260009765625;266.8265
2019-12-27 00:00:00-05:00;277.6400146484375;267.83264
2019-12-30 00:00:00-05:00;275.6300048828125;268.10544
2019-12-31 00:00:00-05:00;279.0400085449219;267.42035
2020-01-02 00:00:00-05:00;283.67999267578125;267.7607
2020-01-03 00:00:00-05:00;280.44000244140625;269.8052
2020-01-06 00:00:00-05:00;285.8800048828125;270.68323
2020-01-07 00:00:00-05:00;283.05999755859375;272.61203
2020-01-08 00:00:00-05:00;286.0;273.28946
2020-01-09 00:00:00-05:00;296.5400085449219;274.27765
2020-01-10 00:00:00-05:00;293.3299865722656;278.3667
2020-01-13 00:00:00-05:00;298.07000732421875;281.00693
2020-01-14 00:00:00-05:00;287.6099853515625;283.78464
2020-01-15 00:00:00-05:00;274.1000061035156;282.27917
2020-01-16 00:00:00-05:00;285.0299987792969;275.7173
2020-01-17 00:00:00-05:00;280.70001220703125;273.272
2020-01-21 00:00:00-05:00;273.1700134277344;271.6788
2020-01-22 00:00:00-05:00;279.30999755859375;268.6326
2020-01-23 00:00:00-05:00;270.7799987792969;268.0906
2020-01-24 00:00:00-05:00;269.9800109863281;265.80945
2020-01-27 00:00:00-05:00;260.9100036621094;263.49854
2020-01-28 00:00:00-05:00;267.82000732421875;259.06296
2020-01-29 00:00:00-05:00;261.6000061035156;257.6239
2020-01-30 00:00:00-05:00;262.8900146484375;255.6691
2020-01-31 00:00:00-05:00;257.1000061035156;254.631
2020-02-03 00:00:00-05:00;253.02000427246097;252.37074
2020-02-04 00:00:00-05:00;256.5199890136719;249.17177
2020-02-05 00:00:00-05:00;267.5;247.8238
2020-02-06 00:00:00-05:00;266.760009765625;251.01598
2020-02-07 00:00:00-05:00;258.6700134277344;254.37389
2020-02-10 00:00:00-05:00;259.0299987792969;254.03699
2020-02-11 00:00:00-05:00;264.4599914550781;252.66571
2020-02-12 00:00:00-05:00;273.6099853515625;253.11357
2020-02-13 00:00:00-05:00;272.9700012207031;256.94516
2020-02-14 00:00:00-05:00;274.95001220703125;260.38818
2020-02-18 00:00:00-05:00;269.92999267578125;263.13965
2020-02-19 00:00:00-05:00;277.1499938964844;263.08475
2020-02-20 00:00:00-05:00;272.489990234375;264.43155
2020-02-21 00:00:00-05:00;260.260009765625;264.30026
2020-02-24 00:00:00-05:00;240.11000061035156;259.92938
2020-02-25 00:00:00-05:00;229.61000061035156;249.38512
2020-02-26 00:00:00-05:00;227.5399932861328;237.12637
2020-02-27 00:00:00-05:00;223.97000122070312;227.75513
2020-02-28 00:00:00-05:00;218.3500061035156;221.39969
2020-03-02 00:00:00-05:00;230.22000122070312;216.41832
2020-03-03 00:00:00-05:00;224.55999755859375;217.22508
2020-03-04 00:00:00-05:00;234.6999969482422;217.8638
2020-03-05 00:00:00-05:00;230.69000244140625;221.36395
2020-03-06 00:00:00-05:00;225.1699981689453;223.28899
2020-03-09 00:00:00-04:00;216.83999633789065;222.24937
2020-03-10 00:00:00-04:00;228.16000366210935;217.90126
2020-03-11 00:00:00-04:00;202.17999267578125;217.44673
2020-03-12 00:00:00-04:00;180.1199951171875;210.34045
2020-03-13 00:00:00-04:00;195.8800048828125;196.50783
2020-03-16 00:00:00-04:00;161.72000122070312;189.6817
2020-03-17 00:00:00-04:00;169.25;176.93468
2020-03-18 00:00:00-04:00;145.75999450683594;168.53061
2020-03-19 00:00:00-04:00;142.22999572753906;157.00801
2020-03-20 00:00:00-04:00;144.82000732421875;146.87791
2020-03-23 00:00:00-04:00;137.72000122070312;141.17969
2020-03-24 00:00:00-04:00;165.27999877929688;136.67996
2020-03-25 00:00:00-04:00;183.67999267578125;142.65416
2020-03-26 00:00:00-04:00;191.63999938964844;156.45334
2020-03-27 00:00:00-04:00;177.0399932861328;171.11307
2020-03-30 00:00:00-04:00;179.9199981689453;176.5243
2020-03-31 00:00:00-04:00;173.9499969482422;177.80936
2020-04-01 00:00:00-04:00;157.1999969482422;175.394
2020-04-02 00:00:00-04:00;152.07000732421875;167.33264
2020-04-03 00:00:00-04:00;154.1999969482422;158.31439
2020-04-06 00:00:00-04:00;176.74000549316406;152.50143
2020-04-07 00:00:00-04:00;174.5500030517578;156.79619
2020-04-08 00:00:00-04:00;184.41000366210935;162.70657
2020-04-09 00:00:00-04:00;193.19000244140625;170.32797
2020-04-13 00:00:00-04:00;185.72000122070312;178.76982
2020-04-14 00:00:00-04:00;190.0;182.31825
2020-04-15 00:00:00-04:00;183.8300018310547;184.32562
2020-04-16 00:00:00-04:00;180.33999633789065;183.20403
2020-04-17 00:00:00-04:00;193.0;180.29988
2020-04-20 00:00:00-04:00;196.7100067138672;181.7135
2020-04-21 00:00:00-04:00;187.2599945068359;185.39642
2020-04-22 00:00:00-04:00;190.02999877929688;185.69022
2020-04-23 00:00:00-04:00;188.57000732421875;185.53123
2020-04-24 00:00:00-04:00;191.97000122070312;184.7742
2020-04-27 00:00:00-04:00;196.6699981689453;185.13202
2020-04-28 00:00:00-04:00;203.5099945068359;187.25047
2020-04-29 00:00:00-04:00;220.5800018310547;191.45549
2020-04-30 00:00:00-04:00;214.8500061035156;200.41595
2020-05-01 00:00:00-04:00;203.2599945068359;206.18898
2020-05-04 00:00:00-04:00;210.13999938964844;205.24763
2020-05-05 00:00:00-04:00;208.61000061035156;204.45674
2020-05-06 00:00:00-04:00;215.92999267578125;203.51729
2020-05-07 00:00:00-04:00;213.5;205.21242
2020-05-08 00:00:00-04:00;210.02999877929688;206.50743
2020-05-11 00:00:00-04:00;214.3000030517578;206.14056
2020-05-12 00:00:00-04:00;206.4499969482422;206.64505
2020-05-13 00:00:00-04:00;200.97999572753903;204.79866
2020-05-14 00:00:00-04:00;206.08999633789065;201.04407
2020-05-15 00:00:00-04:00;203.6699981689453;199.46124
2020-05-18 00:00:00-04:00;229.4199981689453;198.40327
2020-05-19 00:00:00-04:00;224.3699951171875;206.04593
2020-05-20 00:00:00-04:00;236.02000427246097;212.53009
2020-05-21 00:00:00-04:00;235.9600067138672;220.11877
2020-05-22 00:00:00-04:00;243.7400054931641;225.41826
2020-05-26 00:00:00-04:00;247.8999938964844;230.61598
2020-05-27 00:00:00-04:00;251.41000366210935;235.33528
2020-05-28 00:00:00-04:00;249.17999267578125;239.43642
2020-05-29 00:00:00-04:00;245.6199951171875;241.24979
2020-06-01 00:00:00-04:00;250.5500030517578;240.58884
2020-06-02 00:00:00-04:00;263.7900085449219;240.91748
2020-06-03 00:00:00-04:00;268.3500061035156;245.70407
2020-06-04 00:00:00-04:00;260.07000732421875;251.82646
2020-06-05 00:00:00-04:00;288.2099914550781;253.64673
2020-06-08 00:00:00-04:00;289.75;262.36682
2020-06-09 00:00:00-04:00;279.7099914550781;270.75546
2020-06-10 00:00:00-04:00;267.55999755859375;272.93613
2020-06-11 00:00:00-04:00;238.27999877929688;268.50272
2020-06-12 00:00:00-04:00;251.3999938964844;254.33798
2020-06-15 00:00:00-04:00;258.79998779296875;245.96875
2020-06-16 00:00:00-04:00;264.7900085449219;244.75047
2020-06-17 00:00:00-04:00;262.2099914550781;248.38876
2020-06-18 00:00:00-04:00;264.6099853515625;251.54071
2020-06-19 00:00:00-04:00;260.9100036621094;254.09645
2020-06-22 00:00:00-04:00;260.5;254.28812
2020-06-23 00:00:00-04:00;267.4100036621094;253.46848
2020-06-24 00:00:00-04:00;257.6499938964844;254.77446
2020-06-25 00:00:00-04:00;257.42999267578125;253.26082
2020-06-26 00:00:00-04:00;263.1400146484375;251.30519
2020-06-29 00:00:00-04:00;266.4800109863281;251.66129
2020-06-30 00:00:00-04:00;274.44000244140625;253.74016
2020-07-01 00:00:00-04:00;273.8399963378906;258.2171
2020-07-02 00:00:00-04:00;279.92999267578125;261.71503
2020-07-06 00:00:00-04:00;282.44000244140625;265.59583
2020-07-07 00:00:00-04:00;274.7099914550781;269.0142
2020-07-08 00:00:00-04:00;278.3900146484375;268.6469
2020-07-09 00:00:00-04:00;274.0799865722656;268.37457
2020-07-10 00:00:00-04:00;273.2900085449219;266.8792
2020-07-13 00:00:00-04:00;270.239990234375;265.32526
2020-07-14 00:00:00-04:00;299.6199951171875;263.3554
2020-07-15 00:00:00-04:00;314.29998779296875;271.30426
2020-07-16 00:00:00-04:00;309.0;284.418
2020-07-17 00:00:00-04:00;322.29998779296875;292.79565
2020-07-20 00:00:00-04:00;312.9700012207031;300.8438
2020-07-21 00:00:00-04:00;315.3299865722656;302.80063
2020-07-22 00:00:00-04:00;317.9700012207031;302.9904
2020-07-23 00:00:00-04:00;299.04998779296875;303.4483
2020-07-24 00:00:00-04:00;298.1400146484375;297.98474
2020-07-27 00:00:00-04:00;308.75;292.45782
2020-07-28 00:00:00-04:00;299.1099853515625;292.24014
2020-07-29 00:00:00-04:00;300.239990234375;290.83234
2020-07-30 00:00:00-04:00;296.1300048828125;289.96484
2020-07-31 00:00:00-04:00;293.82000732421875;288.20218
2020-08-03 00:00:00-04:00;287.3599853515625;286.02322
2020-08-04 00:00:00-04:00;288.2699890136719;282.4032
2020-08-05 00:00:00-04:00;298.510009765625;279.8615
2020-08-06 00:00:00-04:00;301.79998779296875;281.77295
2020-08-07 00:00:00-04:00;305.80999755859375;285.47986
2020-08-10 00:00:00-04:00;302.8999938964844;289.70242
2020-08-11 00:00:00-04:00;304.1300048828125;291.58524
2020-08-12 00:00:00-04:00;307.9800109863281;292.40234
2020-08-13 00:00:00-04:00;312.2200012207031;293.78687
2020-08-14 00:00:00-04:00;306.9599914550781;296.2332
2020-08-17 00:00:00-04:00;309.5199890136719;296.51013
2020-08-18 00:00:00-04:00;306.07000732421875;296.85144
2020-08-19 00:00:00-04:00;301.510009765625;295.99673
2020-08-20 00:00:00-04:00;297.25;293.67316
2020-08-21 00:00:00-04:00;294.2900085449219;290.38745
2020-08-24 00:00:00-04:00;295.0799865722656;287.04614
2020-08-25 00:00:00-04:00;296.67999267578125;285.1346
2020-08-26 00:00:00-04:00;300.70001220703125;284.86923
2020-08-27 00:00:00-04:00;305.6400146484375;286.49374
2020-08-28 00:00:00-04:00;300.5799865722656;289.68396
2020-08-31 00:00:00-04:00;296.9800109863281;290.58524
2020-09-01 00:00:00-04:00;305.42999267578125;289.26447
2020-09-02 00:00:00-04:00;324.42999267578125;290.34137
2020-09-03 00:00:00-04:00;314.5199890136719;297.85992
2020-09-04 00:00:00-04:00;309.0;301.58347
2020-09-08 00:00:00-04:00;309.2200012207031;301.0556
2020-09-09 00:00:00-04:00;323.9200134277344;299.385
2020-09-10 00:00:00-04:00;327.95001220703125;302.63806
2020-09-11 00:00:00-04:00;317.6600036621094;307.63138
2020-09-14 00:00:00-04:00;323.4599914550781;308.16898
2020-09-15 00:00:00-04:00;335.239990234375;308.97034
2020-09-16 00:00:00-04:00;329.8599853515625;313.27228
2020-09-17 00:00:00-04:00;328.0299987792969;315.44806
2020-09-18 00:00:00-04:00;320.9700012207031;315.66403
2020-09-21 00:00:00-04:00;322.29998779296875;312.94662
2020-09-22 00:00:00-04:00;322.57000732421875;310.7635
2020-09-23 00:00:00-04:00;308.32000732421875;309.6572
2020-09-24 00:00:00-04:00;311.8800048828125;304.85468
2020-09-25 00:00:00-04:00;317.92999267578125;301.77356
2020-09-28 00:00:00-04:00;322.8599853515625;302.20508
2020-09-29 00:00:00-04:00;320.1700134277344;305.1839
2020-09-30 00:00:00-04:00;327.3599853515625;307.01443
2020-10-01 00:00:00-04:00;317.6099853515625;310.05368
2020-10-02 00:00:00-04:00;314.8900146484375;309.19202
2020-10-05 00:00:00-04:00;319.510009765625;306.57523
2020-10-06 00:00:00-04:00;316.0799865722656;305.77783
2020-10-07 00:00:00-04:00;323.6199951171875;304.785
2020-10-08 00:00:00-04:00;327.57000732421875;306.53427
2020-10-09 00:00:00-04:00;328.6400146484375;309.75385
2020-10-12 00:00:00-04:00;335.75;312.6127
2020-10-13 00:00:00-04:00;330.82000732421875;316.55664
2020-10-14 00:00:00-04:00;333.1000061035156;317.79517
2020-10-15 00:00:00-04:00;336.6700134277344;318.49466
2020-10-16 00:00:00-04:00;336.5199890136719;319.89893
2020-10-19 00:00:00-04:00;326.8399963378906;321.01447
2020-10-20 00:00:00-04:00;334.6000061035156;318.62308
2020-10-21 00:00:00-04:00;335.80999755859375;318.51443
2020-10-22 00:00:00-04:00;453.2300109863281;319.53403
2020-10-23 00:00:00-04:00;469.55999755859375;358.73203
2020-10-26 00:00:00-04:00;454.510009765625;399.64108
2020-10-27 00:00:00-04:00;455.0899963378906;419.3168
2020-10-28 00:00:00-04:00;439.510009765625;424.92664
2020-10-29 00:00:00-04:00;436.5700073242187;419.28082
2020-10-30 00:00:00-04:00;426.0799865722656;412.34814
2020-11-02 00:00:00-05:00;458.44000244140625;405.09943
2020-11-03 00:00:00-05:00;465.010009765625;411.52533
2020-11-04 00:00:00-05:00;483.4599914550781;421.77155
2020-11-05 00:00:00-05:00;491.9100036621094;435.21597
2020-11-06 00:00:00-05:00;477.8500061035156;446.5958
2020-11-09 00:00:00-05:00;476.989990234375;448.1872
2020-11-10 00:00:00-05:00;464.3200073242187;446.27997
2020-11-11 00:00:00-05:00;461.7799987792969;440.2857
2020-11-12 00:00:00-05:00;452.760009765625;435.19308
2020-11-13 00:00:00-05:00;457.260009765625;429.86154
2020-11-16 00:00:00-05:00;457.1700134277344;428.31863
2020-11-17 00:00:00-05:00;451.3800048828125;428.51758
2020-11-18 00:00:00-05:00;444.6099853515625;427.3822
2020-11-19 00:00:00-05:00;441.3500061035156;424.15625
2020-11-20 00:00:00-05:00;446.4500122070313;420.5069
2020-11-23 00:00:00-05:00;476.5799865722656;419.70605
2020-11-24 00:00:00-05:00;475.1000061035156;429.49283
2020-11-25 00:00:00-05:00;473.69000244140625;437.6996
2020-11-27 00:00:00-05:00;475.5;441.66776
2020-11-30 00:00:00-05:00;481.2900085449219;443.1642
2020-12-01 00:00:00-05:00;500.1000061035156;445.0888
2020-12-02 00:00:00-05:00;505.4800109863281;452.3341
2020-12-03 00:00:00-05:00;511.0;459.80966
2020-12-04 00:00:00-05:00;521.719970703125;466.12073
2020-12-07 00:00:00-05:00;517.7100219726562;472.83997
2020-12-08 00:00:00-05:00;515.760009765625;475.58127
2020-12-09 00:00:00-05:00;509.010009765625;475.69678
2020-12-10 00:00:00-05:00;508.3900146484375;473.10037
2020-12-11 00:00:00-05:00;507.0799865722656;470.95572
2020-12-14 00:00:00-05:00;504.30999755859375;469.6587
2020-12-15 00:00:00-05:00;516.2999877929688;468.52698
2020-12-16 00:00:00-05:00;516.3400268554688;471.82315
2020-12-17 00:00:00-05:00;526.719970703125;474.93842
2020-12-18 00:00:00-05:00;529.9199829101562;480.02728
2020-12-21 00:00:00-05:00;530.7100219726562;484.3446
2020-12-22 00:00:00-05:00;536.5900268554688;486.85675
2020-12-23 00:00:00-05:00;525.0;489.6268
2020-12-24 00:00:00-05:00;528.030029296875;487.66663
2020-12-28 00:00:00-05:00;520.8599853515625;486.44272
2020-12-29 00:00:00-05:00;520.4500122070312;483.72913
2020-12-30 00:00:00-05:00;524.3200073242188;481.8986
2020-12-31 00:00:00-05:00;534.3800048828125;482.36606
2021-01-04 00:00:00-05:00;526.4600219726562;486.46677
2021-01-05 00:00:00-05:00;543.6500244140625;487.30377
2021-01-06 00:00:00-05:00;540.3900146484375;492.3333
2021-01-07 00:00:00-05:00;558.3599853515625;495.03638
2021-01-08 00:00:00-05:00;570.530029296875;501.69104
2021-01-11 00:00:00-05:00;557.0399780273438;510.08334
2021-01-12 00:00:00-05:00;552.8800048828125;511.06696
2021-01-13 00:00:00-05:00;551.1400146484375;508.56332
2021-01-14 00:00:00-05:00;554.6400146484375;505.6801
2021-01-15 00:00:00-05:00;567.22998046875;505.27502
2021-01-19 00:00:00-05:00;557.4099731445312;509.85526
2021-01-20 00:00:00-05:00;564.3699951171875;510.81973
2021-01-21 00:00:00-05:00;543.8099975585938;512.7844
2021-01-22 00:00:00-05:00;534.0800170898438;507.63086
2021-01-25 00:00:00-05:00;539.469970703125;500.13803
2021-01-26 00:00:00-05:00;535.0999755859375;496.89917
2021-01-27 00:00:00-05:00;509.6400146484375;494.94345
2021-01-28 00:00:00-05:00;536.5800170898438;486.5294
2021-01-29 00:00:00-05:00;525.3800048828125;488.36353
2021-02-01 00:00:00-05:00;543.0499877929688;488.28833
2021-02-02 00:00:00-05:00;557.77001953125;493.4519
2021-02-03 00:00:00-05:00;546.1799926757812;501.9368
2021-02-04 00:00:00-05:00;615.1599731445312;503.8003
2021-02-05 00:00:00-05:00;620.4500122070312;524.62866
2021-02-08 00:00:00-05:00;602.4400024414062;541.85754
2021-02-09 00:00:00-05:00;615.0;544.9389
2021-02-10 00:00:00-05:00;605.780029296875;546.8118
2021-02-11 00:00:00-05:00;599.0;544.46265
2021-02-12 00:00:00-05:00;609.5800170898438;540.7278
2021-02-16 00:00:00-05:00;614.2100219726562;542.06854
2021-02-17 00:00:00-05:00;599.530029296875;545.89844
2021-02-18 00:00:00-05:00;594.989990234375;544.5299
2021-02-19 00:00:00-05:00;599.25;541.3865
2021-02-22 00:00:00-05:00;579.5399780273438;540.5203
2021-02-23 00:00:00-05:00;567.8099975585938;534.74634
2021-02-24 00:00:00-05:00;573.260009765625;527.1062
2021-02-25 00:00:00-05:00;556.1099853515625;524.0489
2021-02-26 00:00:00-05:00;567.1099853515625;518.3148
2021-03-01 00:00:00-05:00;565.1099853515625;518.0063
2021-03-02 00:00:00-05:00;563.2100219726562;518.32367
2021-03-03 00:00:00-05:00;527.4299926757812;518.0645
2021-03-04 00:00:00-05:00;520.4500122070312;506.55878
2021-03-05 00:00:00-05:00;536.4600219726562;494.9911
2021-03-08 00:00:00-05:00;496.0700073242187;492.8902
2021-03-09 00:00:00-05:00;515.8699951171875;481.79327
2021-03-10 00:00:00-05:00;511.7900085449219;479.33063
2021-03-11 00:00:00-05:00;544.0;478.31482
2021-03-12 00:00:00-05:00;536.4400024414062;488.1615
2021-03-15 00:00:00-04:00;558.8499755859375;493.76227
2021-03-16 00:00:00-04:00;542.5399780273438;502.68277
2021-03-17 00:00:00-04:00;540.010009765625;502.81808
2021-03-18 00:00:00-04:00;514.3599853515625;499.87186
2021-03-19 00:00:00-04:00;529.4600219726562;489.2673
2021-03-22 00:00:00-04:00;530.5999755859375;486.1167
2021-03-23 00:00:00-04:00;518.8800048828125;486.63336
2021-03-24 00:00:00-04:00;506.1700134277344;484.64124
2021-03-25 00:00:00-04:00;517.8699951171875;478.9458
2021-03-26 00:00:00-04:00;528.3400268554688;478.16586
2021-03-29 00:00:00-04:00;516.0;482.1186
2021-03-30 00:00:00-04:00;524.3300170898438;481.82693
2021-03-31 00:00:00-04:00;541.530029296875;483.10706
2021-04-01 00:00:00-04:00;545.0499877929688;489.3123
2021-04-05 00:00:00-04:00;547.9400024414062;495.15445
2021-04-06 00:00:00-04:00;553.8400268554688;499.26767
2021-04-07 00:00:00-04:00;552.5599975585938;502.8442
2021-04-08 00:00:00-04:00;575.75;504.26016
2021-04-09 00:00:00-04:00;592.5599975585938;511.82404
2021-04-12 00:00:00-04:00;601.1099853515625;522.83527
2021-04-13 00:00:00-04:00;595.6300048828125;532.60425
2021-04-14 00:00:00-04:00;594.9299926757812;535.9334
2021-04-15 00:00:00-04:00;606.22998046875;535.9982
2021-04-16 00:00:00-04:00;606.3300170898438;538.7924
2021-04-19 00:00:00-04:00;603.719970703125;541.29407
2021-04-20 00:00:00-04:00;596.2000122070312;542.23267
2021-04-21 00:00:00-04:00;616.0800170898438;540.30334
2021-04-22 00:00:00-04:00;615.3099975585938;544.88776
2021-04-23 00:00:00-04:00;620.1199951171875;548.8063
2021-04-26 00:00:00-04:00;617.239990234375;552.5985
2021-04-27 00:00:00-04:00;621.760009765625;553.68
2021-04-28 00:00:00-04:00;613.3599853515625;555.07605
2021-04-29 00:00:00-04:00;604.3400268554688;553.36346
2021-04-30 00:00:00-04:00;595.530029296875;549.18915
2021-05-03 00:00:00-04:00;599.77001953125;543.7884
2021-05-04 00:00:00-04:00;582.1500244140625;542.03406
2021-05-05 00:00:00-04:00;569.25;536.7484
2021-05-06 00:00:00-04:00;584.719970703125;529.3194
2021-05-07 00:00:00-04:00;598.3400268554688;529.3007
2021-05-10 00:00:00-04:00;554.5;535.2202
2021-05-11 00:00:00-04:00;566.260009765625;526.5578
2021-05-12 00:00:00-04:00;548.6400146484375;521.77966
2021-05-13 00:00:00-04:00;553.6199951171875;514.02136
2021-05-14 00:00:00-04:00;569.0399780273438;510.7083
2021-05-17 00:00:00-04:00;559.52001953125;514.5402
2021-05-18 00:00:00-04:00;569.5;515.49994
2021-05-19 00:00:00-04:00;571.489990234375;518.302
2021-05-20 00:00:00-04:00;587.9000244140625;520.46716
2021-05-21 00:00:00-04:00;591.75;526.4366
2021-05-24 00:00:00-04:00;604.4500122070312;531.6177
2021-05-25 00:00:00-04:00;594.9500122070312;538.1602
2021-05-26 00:00:00-04:00;596.6900024414062;538.9293
2021-05-27 00:00:00-04:00;599.77001953125;538.5644
2021-05-28 00:00:00-04:00;590.1500244140625;538.9672
2021-06-01 00:00:00-04:00;593.47998046875;536.6439
2021-06-02 00:00:00-04:00;575.489990234375;536.01514
2021-06-03 00:00:00-04:00;566.9600219726562;530.6685
2021-06-04 00:00:00-04:00;582.3499755859375;524.2542
2021-06-07 00:00:00-04:00;580.27001953125;525.15314
2021-06-08 00:00:00-04:00;589.760009765625;526.9148
2021-06-09 00:00:00-04:00;585.5;531.2276
2021-06-10 00:00:00-04:00;612.1500244140625;532.6849
2021-06-11 00:00:00-04:00;611.5399780273438;540.90125
2021-06-14 00:00:00-04:00;605.77001953125;546.4868
2021-06-15 00:00:00-04:00;600.0499877929688;547.19775
2021-06-16 00:00:00-04:00;599.5999755859375;544.4916
2021-06-17 00:00:00-04:00;613.3300170898438;542.05457
2021-06-18 00:00:00-04:00;601.6400146484375;545.16705
2021-06-21 00:00:00-04:00;611.5399780273438;544.83044
2021-06-22 00:00:00-04:00;604.7100219726562;547.1568
2021-06-23 00:00:00-04:00;605.8200073242188;546.81366
2021-06-24 00:00:00-04:00;617.3900146484375;546.4973
2021-06-25 00:00:00-04:00;614.97998046875;549.8167
2021-06-28 00:00:00-04:00;621.52001953125;551.7848
2021-06-29 00:00:00-04:00;612.7999877929688;554.65576
2021-06-30 00:00:00-04:00;611.0;553.63855
2021-07-01 00:00:00-04:00;618.9600219726562;551.7123
2021-07-02 00:00:00-04:00;624.1699829101562;552.8485
2021-07-06 00:00:00-04:00;604.6699829101562;555.891
2021-07-07 00:00:00-04:00;612.219970703125;552.1902
2021-07-08 00:00:00-04:00;616.7899780273438;551.00476
2021-07-09 00:00:00-04:00;627.1900024414062;552.16284
2021-07-12 00:00:00-04:00;642.8599853515625;556.7366
2021-07-13 00:00:00-04:00;642.4000244140625;564.8084
2021-07-14 00:00:00-04:00;635.0900268554688;569.67633
2021-07-15 00:00:00-04:00;621.7000122070312;569.1945
2021-07-16 00:00:00-04:00;616.1199951171875;563.48224
2021-07-19 00:00:00-04:00;595.5599975585938;557.5774
2021-07-20 00:00:00-04:00;615.7100219726562;548.3455
2021-07-21 00:00:00-04:00;619.6500244140625;549.0633
2021-07-22 00:00:00-04:00;627.9199829101562;553.11945
2021-07-23 00:00:00-04:00;638.280029296875;558.94507
2021-07-26 00:00:00-04:00;635.5800170898438;565.391
2021-07-27 00:00:00-04:00;625.510009765625;567.8183
2021-07-28 00:00:00-04:00;621.8699951171875;564.9118
2021-07-29 00:00:00-04:00;676.97998046875;560.8835
2021-07-30 00:00:00-04:00;695.7999877929688;575.2909
2021-08-02 00:00:00-04:00;700.0;592.9039
2021-08-03 00:00:00-04:00;701.3400268554688;604.2029
2021-08-04 00:00:00-04:00;708.010009765625;608.4055
2021-08-05 00:00:00-04:00;699.219970703125;610.5322
2021-08-06 00:00:00-04:00;693.6699829101562;608.5102
2021-08-09 00:00:00-04:00;686.5599975585938;605.43475
2021-08-10 00:00:00-04:00;687.3800048828125;601.9874
2021-08-11 00:00:00-04:00;687.780029296875;600.9796
2021-08-12 00:00:00-04:00;704.27001953125;601.57434
2021-08-13 00:00:00-04:00;691.1900024414062;607.5318
2021-08-16 00:00:00-04:00;690.75;607.8759
2021-08-17 00:00:00-04:00;680.8900146484375;606.8511
2021-08-18 00:00:00-04:00;675.260009765625;602.82056
2021-08-19 00:00:00-04:00;679.8599853515625;598.5782
2021-08-20 00:00:00-04:00;681.5700073242188;597.8453
2021-08-23 00:00:00-04:00;697.5;598.9455
2021-08-24 00:00:00-04:00;712.8400268554688;604.8466
2021-08-25 00:00:00-04:00;716.9000244140625;613.3535
2021-08-26 00:00:00-04:00;696.5599975585938;619.222
2021-08-27 00:00:00-04:00;701.8499755859375;615.2295
2021-08-30 00:00:00-04:00;702.1099853515625;612.4855
2021-08-31 00:00:00-04:00;709.0;611.2608
2021-09-01 00:00:00-04:00;718.719970703125;613.4931
2021-09-02 00:00:00-04:00;729.030029296875;618.50525
2021-09-03 00:00:00-04:00;721.5;624.77423
2021-09-07 00:00:00-04:00;716.2100219726562;625.8085
2021-09-08 00:00:00-04:00;729.9199829101562;623.554
2021-09-09 00:00:00-04:00;726.4099731445312;625.6305
2021-09-10 00:00:00-04:00;720.6699829101562;626.6242
2021-09-13 00:00:00-04:00;710.6799926757812;625.5701
2021-09-14 00:00:00-04:00;706.4500122070312;621.70844
2021-09-15 00:00:00-04:00;710.3099975585938;618.04926
2021-09-16 00:00:00-04:00;728.2899780273438;617.5477
2021-09-17 00:00:00-04:00;719.3800048828125;623.5268
2021-09-20 00:00:00-04:00;709.6400146484375;625.3312
2021-09-21 00:00:00-04:00;709.1500244140625;622.5153
2021-09-22 00:00:00-04:00;716.6099853515625;619.63806
2021-09-23 00:00:00-04:00;727.1099853515625;620.29974
2021-09-24 00:00:00-04:00;725.239990234375;624.65735
2021-09-27 00:00:00-04:00;701.0399780273438;627.1659
2021-09-28 00:00:00-04:00;677.3200073242188;620.8411
2021-09-29 00:00:00-04:00;673.0599975585938;608.71625
2021-09-30 00:00:00-04:00;665.4299926757812;599.95337
2021-10-01 00:00:00-04:00;662.0599975585938;594.1988
2021-10-04 00:00:00-04:00;640.4000244140625;591.3965
2021-10-05 00:00:00-04:00;648.5800170898438;584.27216
2021-10-06 00:00:00-04:00;650.6500244140625;581.93207
2021-10-07 00:00:00-04:00;661.4099731445312;581.97766
2021-10-08 00:00:00-04:00;643.5599975585938;585.69904
2021-10-11 00:00:00-04:00;631.8499755859375;582.73486
2021-10-12 00:00:00-04:00;627.4299926757812;575.90454
2021-10-13 00:00:00-04:00;596.219970703125;569.59033
2021-10-14 00:00:00-04:00;597.719970703125;556.8809
2021-10-15 00:00:00-04:00;589.6099853515625;549.09204
2021-10-18 00:00:00-04:00;595.1300048828125;543.3575
2021-10-19 00:00:00-04:00;594.27001953125;542.53125
2021-10-20 00:00:00-04:00;608.2000122070312;542.74744
2021-10-21 00:00:00-04:00;599.489990234375;547.0893
2021-10-22 00:00:00-04:00;590.5599975585938;547.2601
2021-10-25 00:00:00-04:00;589.8099975585938;543.34265
2021-10-26 00:00:00-04:00;593.2999877929688;539.555
2021-10-27 00:00:00-04:00;604.3900146484375;538.3629
2021-10-28 00:00:00-04:00;631.7999877929688;541.7271
2021-10-29 00:00:00-04:00;624.3699951171875;553.0475
2021-11-01 00:00:00-04:00;661.4600219726562;558.5393
2021-11-02 00:00:00-04:00;667.0599975585938;571.39923
2021-11-03 00:00:00-04:00;673.6099853515625;580.9259
2021-11-04 00:00:00-04:00;679.260009765625;587.19037
2021-11-05 00:00:00-04:00;687.1900024414062;591.1518
2021-11-08 00:00:00-05:00;710.8699951171875;595.1147
2021-11-09 00:00:00-05:00;711.02001953125;604.534
2021-11-10 00:00:00-05:00;689.6099853515625;610.7765
2021-11-11 00:00:00-05:00;685.9099731445312;607.18585
2021-11-12 00:00:00-05:00;687.7999877929688;602.303
2021-11-15 00:00:00-05:00;680.1900024414062;600.2551
2021-11-16 00:00:00-05:00;689.0599975585938;598.2083
2021-11-17 00:00:00-05:00;692.3200073242188;600.4121
2021-11-18 00:00:00-05:00;683.8300170898438;603.6503
2021-11-19 00:00:00-05:00;683.2899780273438;603.1844
2021-11-22 00:00:00-05:00;669.6799926757812;601.9566
2021-11-23 00:00:00-05:00;657.260009765625;596.9746
2021-11-24 00:00:00-05:00;653.2000122070312;590.04095
2021-11-26 00:00:00-05:00;634.219970703125;584.8763
2021-11-29 00:00:00-05:00;634.469970703125;577.0819
2021-11-30 00:00:00-05:00;611.530029296875;572.6802
2021-12-01 00:00:00-05:00;602.2899780273438;564.1654
2021-12-02 00:00:00-05:00;624.9299926757812;555.98627
2021-12-03 00:00:00-05:00;619.75;558.1787
2021-12-06 00:00:00-05:00;638.9199829101562;560.06866
2021-12-07 00:00:00-05:00;666.719970703125;566.80994
2021-12-08 00:00:00-05:00;675.219970703125;579.33673
2021-12-09 00:00:00-05:00;673.5900268554688;589.3125
2021-12-10 00:00:00-05:00;668.1199951171875;592.9593
2021-12-13 00:00:00-05:00;629.9099731445312;591.28705
2021-12-14 00:00:00-05:00;605.72998046875;577.5995
2021-12-15 00:00:00-05:00;602.010009765625;560.79
2021-12-16 00:00:00-05:00;595.0599975585938;550.1372
2021-12-17 00:00:00-05:00;609.0599975585938;544.3221
2021-12-20 00:00:00-05:00;593.9400024414062;547.10974
2021-12-21 00:00:00-05:00;628.719970703125;546.0672
2021-12-22 00:00:00-05:00;645.8900146484375;555.0652
2021-12-23 00:00:00-05:00;653.97998046875;566.7926
2021-12-27 00:00:00-05:00;661.0700073242188;575.86896
2021-12-28 00:00:00-05:00;656.3699951171875;581.6183
2021-12-29 00:00:00-05:00;653.3400268554688;581.94727
2021-12-30 00:00:00-05:00;662.219970703125;579.8584
2021-12-31 00:00:00-05:00;657.1799926757812;580.9686
2022-01-03 00:00:00-05:00;648.0499877929688;581.02783
2022-01-04 00:00:00-05:00;623.5;578.4973
2022-01-05 00:00:00-05:00;578.8400268554688;569.3731
2022-01-06 00:00:00-05:00;567.6199951171875;549.88055
2022-01-07 00:00:00-05:00;546.989990234375;533.66724
2022-01-10 00:00:00-05:00;548.9099731445312;519.3532
2022-01-11 00:00:00-05:00;559.6400146484375;512.8033
2022-01-12 00:00:00-05:00;539.469970703125;514.2753
2022-01-13 00:00:00-05:00;524.780029296875;510.71848
2022-01-14 00:00:00-05:00;524.6300048828125;502.5304
2022-01-18 00:00:00-05:00;489.55999755859375;495.85703
2022-01-19 00:00:00-05:00;497.5899963378906;481.18356
2022-01-20 00:00:00-05:00;490.7099914550781;472.84857
2022-01-21 00:00:00-05:00;462.7799987792969;466.99524
2022-01-24 00:00:00-05:00;474.4299926757813;455.5435
2022-01-25 00:00:00-05:00;467.989990234375;450.5004
2022-01-26 00:00:00-05:00;457.3599853515625;446.6521
2022-01-27 00:00:00-05:00;455.6199951171875;441.1804
2022-01-28 00:00:00-05:00;463.9599914550781;436.49954
2022-01-31 00:00:00-05:00;494.9599914550781;436.0788
2022-02-01 00:00:00-05:00;508.55999755859375;446.43402
2022-02-02 00:00:00-05:00;505.6199951171875;459.4601
2022-02-03 00:00:00-05:00;503.30999755859375;466.54456
2022-02-04 00:00:00-05:00;489.8599853515625;467.98035
2022-02-07 00:00:00-05:00;500.2200012207031;462.83844
2022-02-08 00:00:00-05:00;515.489990234375;461.38602
2022-02-09 00:00:00-05:00;545.9400024414062;466.41498
2022-02-10 00:00:00-05:00;532.3599853515625;480.98584
2022-02-11 00:00:00-05:00;509.1000061035156;487.5835
2022-02-14 00:00:00-05:00;505.6700134277344;482.1582
2022-02-15 00:00:00-05:00;528.239990234375;474.73547
2022-02-16 00:00:00-05:00;526.3800048828125;476.95322
2022-02-17 00:00:00-05:00;501.760009765625;480.54443
2022-02-18 00:00:00-05:00;498.6499938964844;475.74124
2022-02-22 00:00:00-05:00;494.1099853515625;469.88184
2022-02-23 00:00:00-05:00;482.6600036621094;464.6279
2022-02-24 00:00:00-05:00;509.1499938964844;458.33173
2022-02-25 00:00:00-05:00;512.5599975585938;462.7266
2022-02-28 00:00:00-05:00;511.4599914550781;469.12225
2022-03-01 00:00:00-05:00;500.9700012207031;473.0808
2022-03-02 00:00:00-05:00;496.1400146484375;471.17484
2022-03-03 00:00:00-05:00;477.4500122070313;466.83212
2022-03-04 00:00:00-05:00;464.4800109863281;457.7516
2022-03-07 00:00:00-05:00;435.5700073242187;447.26685
2022-03-08 00:00:00-05:00;415.010009765625;431.78918
2022-03-09 00:00:00-05:00;442.0499877929687;414.8927
2022-03-10 00:00:00-05:00;430.0899963378906;412.45935
2022-03-11 00:00:00-05:00;400.6700134277344;411.2459
2022-03-14 00:00:00-04:00;378.0899963378906;401.6819
2022-03-15 00:00:00-04:00;390.7300109863281;386.02075
2022-03-16 00:00:00-04:00;420.6499938964844;377.94803
2022-03-17 00:00:00-04:00;425.4800109863281;384.26675
2022-03-18 00:00:00-04:00;442.8699951171875;393.8089
2022-03-21 00:00:00-04:00;432.4700012207031;405.8375
2022-03-22 00:00:00-04:00;457.0299987792969;409.9379
2022-03-23 00:00:00-04:00;437.05999755859375;417.70737
2022-03-24 00:00:00-04:00;436.260009765625;416.72092
2022-03-25 00:00:00-04:00;430.44000244140625;413.65234
2022-03-28 00:00:00-04:00;434.0;409.33276
2022-03-29 00:00:00-04:00;452.94000244140625;407.70743
2022-03-30 00:00:00-04:00;442.1700134277344;413.63675
2022-03-31 00:00:00-04:00;436.0;416.0425
2022-04-01 00:00:00-04:00;446.4100036621094;414.68808
2022-04-04 00:00:00-04:00;445.3900146484375;415.96912
2022-04-05 00:00:00-04:00;436.7999877929687;417.12256
2022-04-06 00:00:00-04:00;421.739990234375;415.21237
2022-04-07 00:00:00-04:00;422.1799926757813;408.52258
2022-04-08 00:00:00-04:00;420.55999755859375;403.27573
2022-04-11 00:00:00-04:00;409.69000244140625;399.9821
2022-04-12 00:00:00-04:00;406.2300109863281;395.23245
2022-04-13 00:00:00-04:00;416.9100036621094;390.84125
2022-04-14 00:00:00-04:00;409.8200073242187;391.4991
2022-04-18 00:00:00-04:00;405.8800048828125;391.02933
2022-04-19 00:00:00-04:00;424.5400085449219;389.13913
2022-04-20 00:00:00-04:00;419.1799926757813;393.27823
2022-04-21 00:00:00-04:00;383.6300048828125;395.68567
2022-04-22 00:00:00-04:00;360.5700073242187;385.5029
2022-04-25 00:00:00-04:00;368.8599853515625;368.39545
2022-04-26 00:00:00-04:00;361.2999877929687;358.0446
2022-04-27 00:00:00-04:00;360.4299926757813;351.22876
2022-04-28 00:00:00-04:00;304.6600036621094;347.88748
2022-04-29 00:00:00-04:00;289.9100036621094;329.296
2022-05-02 00:00:00-04:00;308.8800048828125;308.0882
2022-05-03 00:00:00-04:00;301.0199890136719;298.91098
2022-05-04 00:00:00-04:00;310.8900146484375;294.2551
2022-05-05 00:00:00-04:00;283.7200012207031;295.7245
2022-05-06 00:00:00-04:00;280.4100036621094;289.69058
2022-05-09 00:00:00-04:00;268.9599914550781;282.07898
2022-05-10 00:00:00-04:00;258.1300048828125;272.6771
2022-05-11 00:00:00-04:00;256.1099853515625;262.4285
2022-05-12 00:00:00-04:00;259.5299987792969;254.65692
2022-05-13 00:00:00-04:00;275.5199890136719;251.32243
2022-05-16 00:00:00-04:00;274.20001220703125;255.57845
2022-05-17 00:00:00-04:00;280.5899963378906;260.34305
2022-05-18 00:00:00-04:00;269.1099853515625;265.52386
2022-05-19 00:00:00-04:00;273.8900146484375;265.22162
2022-05-20 00:00:00-04:00;275.0400085449219;264.70572
2022-05-23 00:00:00-04:00;278.7099914550781;264.62463
2022-05-24 00:00:00-04:00;270.17999267578125;265.941
2022-05-25 00:00:00-04:00;276.57000732421875;264.5904
2022-05-26 00:00:00-04:00;274.8299865722656;264.89313
2022-05-27 00:00:00-04:00;284.57000732421875;265.06674
2022-05-31 00:00:00-04:00;277.6400146484375;268.2702
2022-06-01 00:00:00-04:00;265.1700134277344;269.13254
2022-06-02 00:00:00-04:00;284.8699951171875;265.01514
2022-06-03 00:00:00-04:00;273.6000061035156;266.91452
2022-06-06 00:00:00-04:00;269.010009765625;266.53867
2022-06-07 00:00:00-04:00;273.510009765625;264.19208
2022-06-08 00:00:00-04:00;273.1300048828125;263.3945
2022-06-09 00:00:00-04:00;262.54998779296875;263.2571
2022-06-10 00:00:00-04:00;257.05999755859375;260.06393
2022-06-13 00:00:00-04:00;244.0099945068359;255.23941
2022-06-14 00:00:00-04:00;238.0800018310547;247.40733
2022-06-15 00:00:00-04:00;243.77999877929688;239.38943
2022-06-16 00:00:00-04:00;229.82000732421875;235.78654
2022-06-17 00:00:00-04:00;234.47000122070312;230.49579
2022-06-21 00:00:00-04:00;230.30999755859375;227.85313
2022-06-22 00:00:00-04:00;235.08999633789065;225.59471
2022-06-23 00:00:00-04:00;251.1199951171875;225.69261
2022-06-24 00:00:00-04:00;258.75;231.5851
2022-06-27 00:00:00-04:00;250.1699981689453;239.82898
2022-06-28 00:00:00-04:00;241.9199981689453;243.24232
2022-06-29 00:00:00-04:00;242.1499938964844;241.22066
2022-06-30 00:00:00-04:00;236.6699981689453;238.12991
2022-07-01 00:00:00-04:00;247.33999633789065;234.04532
2022-07-05 00:00:00-04:00;254.11000061035156;234.45308
2022-07-06 00:00:00-04:00;249.5399932861328;238.42773
2022-07-07 00:00:00-04:00;259.6400146484375;240.81438
2022-07-08 00:00:00-04:00;261.5199890136719;245.0312
2022-07-11 00:00:00-04:00;249.47999572753903;248.95255
2022-07-12 00:00:00-04:00;248.97999572753903;247.61467
2022-07-13 00:00:00-04:00;249.86000061035156;244.84912
2022-07-14 00:00:00-04:00;247.17999267578125;242.83084
2022-07-15 00:00:00-04:00;254.8800048828125;240.96233
2022-07-18 00:00:00-04:00;254.0800018310547;242.25519
2022-07-19 00:00:00-04:00;267.30999755859375;243.91014
2022-07-20 00:00:00-04:00;274.489990234375;249.3233
2022-07-21 00:00:00-04:00;284.239990234375;256.36588
2022-07-22 00:00:00-04:00;265.8800048828125;264.5949
2022-07-25 00:00:00-04:00;252.07000732421875;264.4385
2022-07-26 00:00:00-04:00;251.86000061035156;257.29544
2022-07-27 00:00:00-04:00;262.6099853515625;250.25034
2022-07-28 00:00:00-04:00;282.25;249.09619
2022-07-29 00:00:00-04:00;280.9700012207031;256.66553
2022-08-01 00:00:00-04:00;282.82000732421875;264.1261
2022-08-02 00:00:00-04:00;281.2300109863281;269.47705
2022-08-03 00:00:00-04:00;286.2099914550781;271.64584
2022-08-04 00:00:00-04:00;293.7300109863281;273.5787
2022-08-05 00:00:00-04:00;293.8900146484375;277.16953
2022-08-08 00:00:00-04:00;293.05999755859375;280.14453
2022-08-09 00:00:00-04:00;273.6400146484375;281.66406
2022-08-10 00:00:00-04:00;287.80999755859375;276.06537
2022-08-11 00:00:00-04:00;287.3800048828125;274.65448
2022-08-12 00:00:00-04:00;289.0;274.9595
2022-08-15 00:00:00-04:00;286.19000244140625;276.34274
2022-08-16 00:00:00-04:00;289.0400085449219;276.69095
2022-08-17 00:00:00-04:00;277.6600036621094;277.46533
2022-08-18 00:00:00-04:00;281.6600036621094;274.4731
2022-08-19 00:00:00-04:00;269.82000732421875;272.58823
2022-08-22 00:00:00-04:00;256.04998779296875;267.95938
2022-08-23 00:00:00-04:00;252.22999572753903;259.76562
2022-08-24 00:00:00-04:00;261.70001220703125;251.99979
2022-08-25 00:00:00-04:00;272.989990234375;249.98288
2022-08-26 00:00:00-04:00;252.4499969482422;254.16228
2022-08-29 00:00:00-04:00;247.9900054931641;252.41196
2022-08-30 00:00:00-04:00;246.67999267578125;247.83742
2022-08-31 00:00:00-04:00;243.6999969482422;243.34389
2022-09-01 00:00:00-04:00;245.7400054931641;239.4568
2022-09-02 00:00:00-04:00;244.5099945068359;237.74637
2022-09-06 00:00:00-04:00;238.9900054931641;236.94617
2022-09-07 00:00:00-04:00;249.94000244140625;234.95601
2022-09-08 00:00:00-04:00;257.29998779296875;236.65942
2022-09-09 00:00:00-04:00;263.1099853515625;241.32477
2022-09-12 00:00:00-04:00;267.7900085449219;247.22632
2022-09-13 00:00:00-04:00;247.05999755859375;252.95502
2022-09-14 00:00:00-04:00;246.7400054931641;250.03258
2022-09-15 00:00:00-04:00;252.0;245.18759
2022-09-16 00:00:00-04:00;249.02000427246097;243.00063
2022-09-19 00:00:00-04:00;244.19000244140625;241.59926
2022-09-20 00:00:00-04:00;232.22000122070312;239.47702
2022-09-21 00:00:00-04:00;226.67999267578125;234.06041
2022-09-22 00:00:00-04:00;217.9499969482422;227.60811
2022-09-23 00:00:00-04:00;222.42999267578125;220.20782
2022-09-26 00:00:00-04:00;219.63999938964844;216.35008
2022-09-27 00:00:00-04:00;214.22000122070312;214.0989
2022-09-28 00:00:00-04:00;212.1000061035156;211.42401
2022-09-29 00:00:00-04:00;211.0099945068359;208.7653
2022-09-30 00:00:00-04:00;207.11000061035156;206.5972
2022-10-03 00:00:00-04:00;215.63999938964844;204.06213
2022-10-04 00:00:00-04:00;229.91000366210935;204.90814
2022-10-05 00:00:00-04:00;228.80999755859375;211.15869
2022-10-06 00:00:00-04:00;222.36000061035156;216.82004
2022-10-07 00:00:00-04:00;211.5800018310547;218.29466
2022-10-10 00:00:00-04:00;207.3800048828125;214.41934
2022-10-11 00:00:00-04:00;208.4499969482422;208.70398
2022-10-12 00:00:00-04:00;208.0500030517578;204.6202
2022-10-13 00:00:00-04:00;212.30999755859375;202.38309
2022-10-14 00:00:00-04:00;201.6300048828125;202.89946
2022-10-17 00:00:00-04:00;211.44000244140625;200.82164
2022-10-18 00:00:00-04:00;210.0;201.59238
2022-10-19 00:00:00-04:00;204.97999572753903;202.60541
2022-10-20 00:00:00-04:00;198.27999877929688;201.78706
2022-10-21 00:00:00-04:00;207.6699981689453;198.4812
2022-10-24 00:00:00-04:00;211.38999938964844;198.34607
2022-10-25 00:00:00-04:00;217.97999572753903;200.55034
2022-10-26 00:00:00-04:00;221.63999938964844;204.94797
2022-10-27 00:00:00-04:00;181.52999877929688;209.78058
2022-10-28 00:00:00-04:00;188.6199951171875;200.51514
2022-10-31 00:00:00-04:00;194.3000030517578;191.67218
2022-11-01 00:00:00-04:00;193.05999755859375;187.59387
2022-11-02 00:00:00-04:00;179.0800018310547;186.24016
2022-11-03 00:00:00-04:00;175.8300018310547;181.91957
2022-11-04 00:00:00-04:00;180.92999267578125;176.89264
2022-11-07 00:00:00-05:00;181.3699951171875;174.78851
2022-11-08 00:00:00-05:00;180.3999938964844;174.54558
2022-11-09 00:00:00-05:00;174.5800018310547;174.73572
2022-11-10 00:00:00-05:00;196.47999572753903;173.16647
2022-11-11 00:00:00-05:00;218.97999572753903;178.36624
2022-11-14 00:00:00-05:00;210.3300018310547;191.46501
2022-11-15 00:00:00-05:00;212.9199981689453;200.21066
2022-11-16 00:00:00-05:00;201.38999938964844;205.2987
2022-11-17 00:00:00-05:00;194.9600067138672;203.7464
2022-11-18 00:00:00-05:00;193.55999755859375;198.45872
2022-11-21 00:00:00-05:00;191.6300048828125;193.22697
2022-11-22 00:00:00-05:00;191.38999938964844;189.18626
2022-11-23 00:00:00-05:00;196.27999877929688;186.84703
2022-11-25 00:00:00-05:00;194.6699981689453;187.40375
2022-11-28 00:00:00-05:00;189.77999877929688;188.26132
2022-11-29 00:00:00-05:00;191.8300018310547;187.3639
2022-11-30 00:00:00-05:00;196.66000366210935;186.74849
2022-12-01 00:00:00-05:00;201.77000427246097;187.93837
2022-12-02 00:00:00-05:00;198.41000366210935;190.99457
2022-12-05 00:00:00-05:00;187.91000366210935;192.63582
2022-12-06 00:00:00-05:00;186.0399932861328;189.92868
2022-12-07 00:00:00-05:00;187.3300018310547;185.99643
2022-12-08 00:00:00-05:00;190.4600067138672;183.3287
2022-12-09 00:00:00-05:00;188.80999755859375;182.9941
2022-12-12 00:00:00-05:00;195.0099945068359;183.09013
2022-12-13 00:00:00-05:00;198.5800018310547;185.24905
2022-12-14 00:00:00-05:00;195.80999755859375;188.53271
2022-12-15 00:00:00-05:00;201.97000122070312;190.24141
2022-12-16 00:00:00-05:00;198.2100067138672;192.7664
2022-12-19 00:00:00-05:00;198.7599945068359;193.55151
2022-12-20 00:00:00-05:00;200.75;193.66089
2022-12-21 00:00:00-05:00;204.27999877929688;194.1319
2022-12-22 00:00:00-05:00;203.4900054931641;195.70589
2022-12-23 00:00:00-05:00;203.6699981689453;196.9072
2022-12-27 00:00:00-05:00;204.58999633789065;197.63885
2022-12-28 00:00:00-05:00;201.5800018310547;198.24736
2022-12-29 00:00:00-05:00;212.13999938964844;197.66339
2022-12-30 00:00:00-05:00;210.8999938964844;200.19368
2023-01-03 00:00:00-05:00;212.27999877929688;202.5784
2023-01-04 00:00:00-05:00;224.6300048828125;204.56332
2023-01-05 00:00:00-05:00;219.82000732421875;209.64253
2023-01-06 00:00:00-05:00;220.77000427246097;212.55527
2023-01-09 00:00:00-05:00;227.6699981689453;214.0573
2023-01-10 00:00:00-05:00;232.25;216.74113
2023-01-11 00:00:00-05:00;234.16000366210935;220.39651
2023-01-12 00:00:00-05:00;235.5800018310547;223.77911
2023-01-13 00:00:00-05:00;239.7599945068359;226.37915
2023-01-17 00:00:00-05:00;246.0399932861328;229.15808
2023-01-18 00:00:00-05:00;246.8000030517578;233.05487
2023-01-19 00:00:00-05:00;236.3000030517578;236.25665
2023-01-20 00:00:00-05:00;243.0099945068359;234.82312
2023-01-23 00:00:00-05:00;251.3800048828125;234.45293
2023-01-24 00:00:00-05:00;253.85499572753903;237.22096
