Date;ARE;close_predicted
2018-02-16 00:00:00-05:00;122.66000366210938;122.527145
2018-02-20 00:00:00-05:00;120.97000122070312;123.44175
2018-02-21 00:00:00-05:00;118.43000030517578;122.26586
2018-02-22 00:00:00-05:00;119.97000122070312;120.114815
2018-02-23 00:00:00-05:00;122.6500015258789;121.027916
2018-02-26 00:00:00-05:00;123.37999725341795;123.38993
2018-02-27 00:00:00-05:00;120.83999633789062;124.3395
2018-02-28 00:00:00-05:00;121.30999755859376;122.45573
2018-03-01 00:00:00-05:00;122.5999984741211;122.49961
2018-03-02 00:00:00-05:00;123.48999786376952;123.62145
2018-03-05 00:00:00-05:00;124.98999786376952;124.536766
2018-03-06 00:00:00-05:00;125.41000366210938;125.85034
2018-03-07 00:00:00-05:00;125.77999877929688;126.393814
2018-03-08 00:00:00-05:00;125.63999938964844;126.775604
2018-03-09 00:00:00-05:00;125.9800033569336;126.77346
2018-03-12 00:00:00-04:00;126.02999877929688;127.098816
2018-03-13 00:00:00-04:00;126.55999755859376;127.2588
2018-03-14 00:00:00-04:00;126.4000015258789;127.748886
2018-03-15 00:00:00-04:00;127.08000183105467;127.74428
2018-03-16 00:00:00-04:00;128.24000549316406;128.30182
2018-03-19 00:00:00-04:00;127.23999786376952;129.3353
2018-03-20 00:00:00-04:00;126.38999938964844;128.72198
2018-03-21 00:00:00-04:00;125.36000061035156;127.960304
2018-03-22 00:00:00-04:00;122.18000030517578;127.08387
2018-03-23 00:00:00-04:00;118.5999984741211;124.5051
2018-03-26 00:00:00-04:00;121.11000061035156;121.31883
2018-03-27 00:00:00-04:00;121.9800033569336;122.75839
2018-03-28 00:00:00-04:00;123.55999755859376;123.70511
2018-03-29 00:00:00-04:00;124.88999938964844;124.92235
2018-04-02 00:00:00-04:00;121.79000091552734;126.01826
2018-04-03 00:00:00-04:00;122.83000183105467;123.66663
2018-04-04 00:00:00-04:00;124.43000030517578;124.01968
2018-04-05 00:00:00-04:00;123.16999816894533;125.41071
2018-04-06 00:00:00-04:00;122.06999969482422;124.6477
2018-04-09 00:00:00-04:00;121.33999633789062;123.62633
2018-04-10 00:00:00-04:00;121.6999969482422;122.925316
2018-04-11 00:00:00-04:00;121.08999633789062;123.12824
2018-04-12 00:00:00-04:00;120.79000091552734;122.70525
2018-04-13 00:00:00-04:00;122.0500030517578;122.37068
2018-04-16 00:00:00-04:00;122.93000030517578;123.280945
2018-04-17 00:00:00-04:00;124.25;124.10334
2018-04-18 00:00:00-04:00;124.30999755859376;125.21822
2018-04-19 00:00:00-04:00;122.05999755859376;125.417
2018-04-20 00:00:00-04:00;121.3000030517578;123.67942
2018-04-23 00:00:00-04:00;121.37000274658205;122.82822
2018-04-24 00:00:00-04:00;121.66000366210938;122.83431
2018-04-25 00:00:00-04:00;121.86000061035156;123.104324
2018-04-26 00:00:00-04:00;123.30999755859376;123.29598
2018-04-27 00:00:00-04:00;124.86000061035156;124.4283
2018-04-30 00:00:00-04:00;124.56999969482422;125.80271
2018-05-01 00:00:00-04:00;129.41000366210938;125.75765
2018-05-02 00:00:00-04:00;127.56999969482422;129.53471
2018-05-03 00:00:00-04:00;126.7300033569336;128.71552
2018-05-04 00:00:00-04:00;128.5500030517578;127.89137
2018-05-07 00:00:00-04:00;129.8000030517578;129.32172
2018-05-08 00:00:00-04:00;128.33999633789062;130.64938
2018-05-09 00:00:00-04:00;129.83999633789062;129.74402
2018-05-10 00:00:00-04:00;129.36000061035156;130.8289
2018-05-11 00:00:00-04:00;128.0399932861328;130.71074
2018-05-14 00:00:00-04:00;126.9800033569336;129.68292
2018-05-15 00:00:00-04:00;124.1500015258789;128.74562
2018-05-16 00:00:00-04:00;122.63999938964844;126.443825
2018-05-17 00:00:00-04:00;121.75;124.919754
2018-05-18 00:00:00-04:00;121.22000122070312;124.008064
2018-05-21 00:00:00-04:00;123.43000030517578;123.40879
2018-05-22 00:00:00-04:00;123.8000030517578;124.94638
2018-05-23 00:00:00-04:00;125.80999755859376;125.38385
2018-05-24 00:00:00-04:00;123.80999755859376;126.8654
2018-05-25 00:00:00-04:00;123.5;125.45267
2018-05-29 00:00:00-04:00;124.38999938964844;124.90069
2018-05-30 00:00:00-04:00;125.33000183105467;125.55426
2018-05-31 00:00:00-04:00;124.91999816894533;126.4231
2018-06-01 00:00:00-04:00;125.58000183105467;126.230194
2018-06-04 00:00:00-04:00;127.20999908447266;126.7024
2018-06-05 00:00:00-04:00;126.61000061035156;128.08759
2018-06-06 00:00:00-04:00;126.31999969482422;127.85085
2018-06-07 00:00:00-04:00;126.33999633789062;127.585045
2018-06-08 00:00:00-04:00;127.19000244140624;127.616196
2018-06-11 00:00:00-04:00;125.2699966430664;128.34427
2018-06-12 00:00:00-04:00;126.81999969482422;126.991554
2018-06-13 00:00:00-04:00;125.6999969482422;127.99821
2018-06-14 00:00:00-04:00;127.66000366210938;127.340614
2018-06-15 00:00:00-04:00;127.83999633789062;128.75183
2018-06-18 00:00:00-04:00;126.4000015258789;129.13728
2018-06-19 00:00:00-04:00;126.36000061035156;128.0282
2018-06-20 00:00:00-04:00;126.5999984741211;127.826065
2018-06-21 00:00:00-04:00;126.41000366210938;128.03375
2018-06-22 00:00:00-04:00;127.08000183105467;127.93162
2018-06-25 00:00:00-04:00;125.94000244140624;128.43382
2018-06-26 00:00:00-04:00;125.5999984741211;127.615036
2018-06-27 00:00:00-04:00;124.81999969482422;127.1964
2018-06-28 00:00:00-04:00;126.33999633789062;126.53813
2018-06-29 00:00:00-04:00;126.16999816894533;127.62322
2018-07-02 00:00:00-04:00;125.68000030517578;127.66094
2018-07-03 00:00:00-04:00;126.6500015258789;127.22428
2018-07-05 00:00:00-04:00;127.6500015258789;127.89943
2018-07-06 00:00:00-04:00;127.66999816894533;128.79779
2018-07-09 00:00:00-04:00;128.1999969482422;128.93298
2018-07-10 00:00:00-04:00;127.37999725341795;129.3568
2018-07-11 00:00:00-04:00;128.02999877929688;128.7996
2018-07-12 00:00:00-04:00;127.93000030517578;129.24634
2018-07-13 00:00:00-04:00;127.91000366210938;129.28847
2018-07-16 00:00:00-04:00;126.95999908447266;129.29454
2018-07-17 00:00:00-04:00;125.7699966430664;128.57164
2018-07-18 00:00:00-04:00;125.63999938964844;127.54236
2018-07-19 00:00:00-04:00;126.91999816894533;127.3065
2018-07-20 00:00:00-04:00;124.69000244140624;128.29573
2018-07-23 00:00:00-04:00;123.5500030517578;126.6859
2018-07-24 00:00:00-04:00;122.87000274658205;125.47044
2018-07-25 00:00:00-04:00;123.33999633789062;124.757515
2018-07-26 00:00:00-04:00;123.3000030517578;124.99871
2018-07-27 00:00:00-04:00;122.5500030517578;124.97016
2018-07-30 00:00:00-04:00;122.81999969482422;124.30452
2018-07-31 00:00:00-04:00;127.44000244140624;124.34285
2018-08-01 00:00:00-04:00;128.1699981689453;127.94461
2018-08-02 00:00:00-04:00;126.0500030517578;129.04704
2018-08-03 00:00:00-04:00;127.45999908447266;127.43858
2018-08-06 00:00:00-04:00;128.2100067138672;128.30142
2018-08-07 00:00:00-04:00;127.4800033569336;129.14462
2018-08-08 00:00:00-04:00;126.83999633789062;128.74731
2018-08-09 00:00:00-04:00;126.47000122070312;128.22679
2018-08-10 00:00:00-04:00;125.20999908447266;127.926956
2018-08-13 00:00:00-04:00;124.18000030517578;126.95266
2018-08-14 00:00:00-04:00;124.5;126.02267
2018-08-15 00:00:00-04:00;126.73999786376952;126.150734
2018-08-16 00:00:00-04:00;128.6199951171875;127.93162
2018-08-17 00:00:00-04:00;129.75999450683594;129.64569
2018-08-20 00:00:00-04:00;128.41000366210938;130.71913
2018-08-21 00:00:00-04:00;127.29000091552734;129.76642
2018-08-22 00:00:00-04:00;126.5199966430664;128.74696
2018-08-23 00:00:00-04:00;126.5199966430664;128.07074
2018-08-24 00:00:00-04:00;126.62999725341795;128.04396
2018-08-27 00:00:00-04:00;126.3499984741211;128.16937
2018-08-28 00:00:00-04:00;128.35000610351562;127.96691
2018-08-29 00:00:00-04:00;128.0800018310547;129.48712
2018-08-30 00:00:00-04:00;127.3499984741211;129.4952
2018-08-31 00:00:00-04:00;128.35000610351562;128.86621
2018-09-04 00:00:00-04:00;125.9800033569336;129.56126
2018-09-05 00:00:00-04:00;127.51000213623048;127.84059
2018-09-06 00:00:00-04:00;128.61000061035156;128.76382
2018-09-07 00:00:00-04:00;126.6500015258789;129.8323
2018-09-10 00:00:00-04:00;127.38999938964844;128.42435
2018-09-11 00:00:00-04:00;127.95999908447266;128.75255
2018-09-12 00:00:00-04:00;127.63999938964844;129.29666
2018-09-13 00:00:00-04:00;128.02000427246094;129.11813
2018-09-14 00:00:00-04:00;126.98999786376952;129.37363
2018-09-17 00:00:00-04:00;127.58000183105467;128.61205
2018-09-18 00:00:00-04:00;126.5999984741211;128.95454
2018-09-19 00:00:00-04:00;125.44000244140624;128.26524
2018-09-20 00:00:00-04:00;126.23999786376952;127.23469
2018-09-21 00:00:00-04:00;126.8000030517578;127.710625
2018-09-24 00:00:00-04:00;124.3499984741211;128.23727
2018-09-25 00:00:00-04:00;123.23999786376952;126.35906
2018-09-26 00:00:00-04:00;122.43000030517578;125.143074
2018-09-27 00:00:00-04:00;122.7300033569336;124.34232
2018-09-28 00:00:00-04:00;125.79000091552734;124.43743
2018-10-01 00:00:00-04:00;123.36000061035156;126.81323
2018-10-02 00:00:00-04:00;123.4000015258789;125.22682
2018-10-03 00:00:00-04:00;122.9800033569336;124.86641
2018-10-04 00:00:00-04:00;122.66000366210938;124.505905
2018-10-05 00:00:00-04:00;122.87999725341795;124.19084
2018-10-08 00:00:00-04:00;125.3499984741211;124.306114
2018-10-09 00:00:00-04:00;125.95999908447266;126.248474
2018-10-10 00:00:00-04:00;124.70999908447266;127.018974
2018-10-11 00:00:00-04:00;119.79000091552734;126.09936
2018-10-12 00:00:00-04:00;120.04000091552734;122.1242
2018-10-15 00:00:00-04:00;121.05999755859376;121.69877
2018-10-16 00:00:00-04:00;123.4499969482422;122.56973
2018-10-17 00:00:00-04:00;122.56999969482422;124.561966
2018-10-18 00:00:00-04:00;121.79000091552734;124.119835
2018-10-19 00:00:00-04:00;122.41999816894533;123.32109
2018-10-22 00:00:00-04:00;120.55999755859376;123.67109
2018-10-23 00:00:00-04:00;122.5;122.306816
2018-10-24 00:00:00-04:00;123.23999786376952;123.56982
2018-10-25 00:00:00-04:00;124.66000366210938;124.40247
2018-10-26 00:00:00-04:00;121.08999633789062;125.59892
2018-10-29 00:00:00-04:00;123.19000244140624;122.99303
2018-10-30 00:00:00-04:00;123.9499969482422;124.16948
2018-10-31 00:00:00-04:00;122.2300033569336;125.07609
2018-11-01 00:00:00-04:00;122.29000091552734;123.86256
2018-11-02 00:00:00-04:00;120.12000274658205;123.6912
2018-11-05 00:00:00-05:00;122.58999633789062;122.03065
2018-11-06 00:00:00-05:00;123.23999786376952;123.675545
2018-11-07 00:00:00-05:00;125.30999755859376;124.50502
2018-11-08 00:00:00-05:00;125.11000061035156;126.18205
2018-11-09 00:00:00-05:00;124.45999908447266;126.260056
2018-11-12 00:00:00-05:00;123.93000030517578;125.72588
2018-11-13 00:00:00-05:00;123.31999969482422;125.26516
2018-11-14 00:00:00-05:00;123.83999633789062;124.781044
2018-11-15 00:00:00-05:00;121.83000183105467;125.16269
2018-11-16 00:00:00-05:00;122.83000183105467;123.697235
2018-11-19 00:00:00-05:00;122.08999633789062;124.22019
2018-11-20 00:00:00-05:00;120.76000213623048;123.770226
2018-11-21 00:00:00-05:00;121.9499969482422;122.61652
2018-11-23 00:00:00-05:00;121.58999633789062;123.33015
2018-11-26 00:00:00-05:00;122.7699966430664;123.17366
2018-11-27 00:00:00-05:00;122.5;124.00096
2018-11-28 00:00:00-05:00;124.22000122070312;123.901505
2018-11-29 00:00:00-05:00;122.37999725341795;125.178795
2018-11-30 00:00:00-05:00;124.5;123.95485
2018-12-03 00:00:00-05:00;125.9000015258789;125.37569
2018-12-04 00:00:00-05:00;123.54000091552734;126.76924
2018-12-06 00:00:00-05:00;127.08000183105467;125.13156
2018-12-07 00:00:00-05:00;126.16999816894533;127.636734
2018-12-10 00:00:00-05:00;125.76000213623048;127.41937
2018-12-11 00:00:00-05:00;124.62999725341795;127.034584
2018-12-12 00:00:00-05:00;121.29000091552734;126.15295
2018-12-13 00:00:00-05:00;123.0;123.46985
2018-12-14 00:00:00-05:00;122.5;124.4103
2018-12-17 00:00:00-05:00;118.75;124.26448
2018-12-18 00:00:00-05:00;120.23999786376952;121.25817
2018-12-19 00:00:00-05:00;119.94000244140624;121.83711
2018-12-20 00:00:00-05:00;117.41999816894533;121.74269
2018-12-21 00:00:00-05:00;115.33999633789062;119.66972
2018-12-24 00:00:00-05:00;110.27999877929688;117.61128
2018-12-26 00:00:00-05:00;113.97000122070312;113.350494
2018-12-27 00:00:00-05:00;114.48999786376952;115.324936
2018-12-28 00:00:00-05:00;113.94000244140624;116.147125
2018-12-31 00:00:00-05:00;115.23999786376952;115.6419
2019-01-02 00:00:00-05:00;111.37000274658205;116.38
2019-01-03 00:00:00-05:00;112.29000091552734;113.48326
2019-01-04 00:00:00-05:00;113.44000244140624;113.53356
2019-01-07 00:00:00-05:00;114.13999938964844;114.50879
2019-01-08 00:00:00-05:00;116.79000091552734;115.18797
2019-01-09 00:00:00-05:00;117.3000030517578;117.28423
2019-01-10 00:00:00-05:00;119.56999969482422;118.02488
2019-01-11 00:00:00-05:00;120.33999633789062;119.857994
2019-01-14 00:00:00-05:00;119.19000244140624;120.8145
2019-01-15 00:00:00-05:00;120.93000030517578;120.11805
2019-01-16 00:00:00-05:00;121.9000015258789;121.42977
2019-01-17 00:00:00-05:00;122.75;122.55772
2019-01-18 00:00:00-05:00;124.26000213623048;123.477165
2019-01-22 00:00:00-05:00;124.37999725341795;124.877365
2019-01-23 00:00:00-05:00;123.8000030517578;125.273575
2019-01-24 00:00:00-05:00;123.25;124.94353
2019-01-25 00:00:00-05:00;125.41000366210938;124.54974
2019-01-28 00:00:00-05:00;126.2699966430664;126.2757
2019-01-29 00:00:00-05:00;128.0800018310547;127.30973
2019-01-30 00:00:00-05:00;129.36000061035156;128.89357
2019-01-31 00:00:00-05:00;131.7100067138672;130.1687
2019-02-01 00:00:00-05:00;130.63999938964844;132.23886
2019-02-04 00:00:00-05:00;130.94000244140625;131.74751
2019-02-05 00:00:00-05:00;129.75;131.96207
2019-02-06 00:00:00-05:00;129.00999450683594;131.18358
2019-02-07 00:00:00-05:00;132.72000122070312;130.5802
2019-02-08 00:00:00-05:00;132.3699951171875;133.52568
2019-02-11 00:00:00-05:00;133.6999969482422;133.73152
2019-02-12 00:00:00-05:00;132.55999755859375;134.76596
2019-02-13 00:00:00-05:00;134.50999450683594;134.03978
2019-02-14 00:00:00-05:00;133.88999938964844;135.5093
2019-02-15 00:00:00-05:00;134.86000061035156;135.29459
2019-02-19 00:00:00-05:00;135.69000244140625;136.05112
2019-02-20 00:00:00-05:00;134.97000122070312;136.87155
2019-02-21 00:00:00-05:00;135.49000549316406;136.43718
2019-02-22 00:00:00-05:00;136.72000122070312;136.82004
2019-02-25 00:00:00-05:00;136.02000427246094;137.9085
2019-02-26 00:00:00-05:00;136.1199951171875;137.52425
2019-02-27 00:00:00-05:00;134.9499969482422;137.56348
2019-02-28 00:00:00-05:00;135.88999938964844;136.68137
2019-03-01 00:00:00-05:00;135.91000366210938;137.33807
2019-03-04 00:00:00-05:00;136.9600067138672;137.47884
2019-03-05 00:00:00-05:00;137.39999389648438;138.3216
2019-03-06 00:00:00-05:00;137.5500030517578;138.77913
2019-03-07 00:00:00-05:00;136.6999969482422;138.94269
2019-03-08 00:00:00-05:00;137.60000610351562;138.29085
2019-03-11 00:00:00-04:00;139.38999938964844;138.94566
2019-03-12 00:00:00-04:00;140.14999389648438;140.50406
2019-03-13 00:00:00-04:00;141.33999633789062;141.31616
2019-03-14 00:00:00-04:00;141.86000061035156;142.36731
2019-03-15 00:00:00-04:00;140.52000427246094;142.94115
2019-03-18 00:00:00-04:00;140.22000122070312;141.97757
2019-03-19 00:00:00-04:00;139.69000244140625;141.6866
2019-03-20 00:00:00-04:00;140.2899932861328;141.31947
2019-03-21 00:00:00-04:00;142.4499969482422;141.81358
2019-03-22 00:00:00-04:00;141.72000122070312;143.64589
2019-03-25 00:00:00-04:00;141.6699981689453;143.27348
2019-03-26 00:00:00-04:00;143.8300018310547;143.16324
2019-03-27 00:00:00-04:00;142.91000366210938;144.92267
2019-03-28 00:00:00-04:00;143.22999572753906;144.41455
2019-03-29 00:00:00-04:00;142.55999755859375;144.61662
2019-04-01 00:00:00-04:00;141.5399932861328;144.15158
2019-04-02 00:00:00-04:00;143.22999572753906;143.31223
2019-04-03 00:00:00-04:00;143.52999877929688;144.61464
2019-04-04 00:00:00-04:00;143.1300048828125;145.03577
2019-04-05 00:00:00-04:00;143.97000122070312;144.73805
2019-04-08 00:00:00-04:00;143.6300048828125;145.37817
2019-04-09 00:00:00-04:00;143.1199951171875;145.1923
2019-04-10 00:00:00-04:00;143.83999633789062;144.76357
2019-04-11 00:00:00-04:00;143.5;145.31633
2019-04-12 00:00:00-04:00;144.35000610351562;145.12585
2019-04-15 00:00:00-04:00;143.66000366210938;145.78847
2019-04-16 00:00:00-04:00;139.22000122070312;145.31604
2019-04-17 00:00:00-04:00;136.39999389648438;141.69313
2019-04-18 00:00:00-04:00;138.66000366210938;139.00851
2019-04-22 00:00:00-04:00;137.50999450683594;140.52922
2019-04-23 00:00:00-04:00;140.5399932861328;139.7917
2019-04-24 00:00:00-04:00;142.22000122070312;141.98178
2019-04-25 00:00:00-04:00;142.3699951171875;143.50237
2019-04-26 00:00:00-04:00;143.32000732421875;143.67154
2019-04-29 00:00:00-04:00;140.88999938964844;144.39574
2019-04-30 00:00:00-04:00;142.38999938964844;142.54158
2019-05-01 00:00:00-04:00;141.99000549316406;143.56535
2019-05-02 00:00:00-04:00;140.9199981689453;143.45775
2019-05-03 00:00:00-04:00;142.3000030517578;142.60786
2019-05-06 00:00:00-04:00;141.8699951171875;143.65111
2019-05-07 00:00:00-04:00;139.50999450683594;143.46349
2019-05-08 00:00:00-04:00;139.77999877929688;141.53738
2019-05-09 00:00:00-04:00;140.8000030517578;141.52843
2019-05-10 00:00:00-04:00;142.72999572753906;142.382
2019-05-13 00:00:00-04:00;142.69000244140625;144.01566
2019-05-14 00:00:00-04:00;143.85000610351562;144.12846
2019-05-15 00:00:00-04:00;145.5399932861328;145.03166
2019-05-16 00:00:00-04:00;146.47999572753906;146.51256
2019-05-17 00:00:00-04:00;146.3000030517578;147.45929
2019-05-20 00:00:00-04:00;144.82000732421875;147.45264
2019-05-21 00:00:00-04:00;146.0500030517578;146.32199
2019-05-22 00:00:00-04:00;145.55999755859375;147.28503
2019-05-23 00:00:00-04:00;144.0500030517578;147.0922
2019-05-24 00:00:00-04:00;145.33999633789062;145.892
2019-05-28 00:00:00-04:00;144.8300018310547;146.84296
2019-05-29 00:00:00-04:00;144.16000366210938;146.57388
2019-05-30 00:00:00-04:00;145.5399932861328;145.98653
2019-05-31 00:00:00-04:00;146.41000366210938;147.03474
2019-06-03 00:00:00-04:00;147.27000427246094;147.8509
2019-06-04 00:00:00-04:00;147.1300048828125;148.60585
2019-06-05 00:00:00-04:00;150.63999938964844;148.55888
2019-06-06 00:00:00-04:00;150.66000366210938;151.42014
2019-06-07 00:00:00-04:00;150.6999969482422;151.75586
2019-06-10 00:00:00-04:00;150.32000732421875;151.83972
2019-06-11 00:00:00-04:00;151.02999877929688;151.61812
2019-06-12 00:00:00-04:00;152.0;152.26979
2019-06-13 00:00:00-04:00;152.75999450683594;153.21669
2019-06-14 00:00:00-04:00;151.3000030517578;153.99089
2019-06-17 00:00:00-04:00;149.16000366210938;152.92122
2019-06-18 00:00:00-04:00;148.74000549316406;151.12862
2019-06-19 00:00:00-04:00;149.5500030517578;150.67773
2019-06-20 00:00:00-04:00;149.92999267578125;151.34209
2019-06-21 00:00:00-04:00;145.27999877929688;151.70908
2019-06-24 00:00:00-04:00;145.6199951171875;147.92911
2019-06-25 00:00:00-04:00;142.1699981689453;147.7496
2019-06-26 00:00:00-04:00;138.91000366210938;144.95802
2019-06-27 00:00:00-04:00;140.05999755859375;141.93669
2019-06-28 00:00:00-04:00;141.08999633789062;142.42839
2019-07-01 00:00:00-04:00;143.19000244140625;143.22232
2019-07-02 00:00:00-04:00;144.27000427246094;144.8194
2019-07-03 00:00:00-04:00;145.8000030517578;145.6955
2019-07-05 00:00:00-04:00;145.0;146.88708
2019-07-08 00:00:00-04:00;145.74000549316406;146.3075
2019-07-09 00:00:00-04:00;147.97999572753906;146.83434
2019-07-10 00:00:00-04:00;148.9199981689453;148.77058
2019-07-11 00:00:00-04:00;145.24000549316406;149.79457
2019-07-12 00:00:00-04:00;145.6999969482422;146.97012
2019-07-15 00:00:00-04:00;145.3300018310547;147.1149
2019-07-16 00:00:00-04:00;143.0399932861328;146.9667
2019-07-17 00:00:00-04:00;142.99000549316406;145.1543
2019-07-18 00:00:00-04:00;143.85000610351562;144.92944
2019-07-19 00:00:00-04:00;141.5800018310547;145.61684
2019-07-22 00:00:00-04:00;140.88999938964844;143.83
2019-07-23 00:00:00-04:00;142.38999938964844;142.9969
2019-07-24 00:00:00-04:00;142.86000061035156;144.0808
2019-07-25 00:00:00-04:00;143.05999755859375;144.53502
2019-07-26 00:00:00-04:00;143.4600067138672;144.66145
2019-07-29 00:00:00-04:00;144.14999389648438;144.94066
2019-07-30 00:00:00-04:00;148.02000427246094;145.50217
2019-07-31 00:00:00-04:00;146.36000061035156;148.69633
2019-08-01 00:00:00-04:00;145.5399932861328;147.69592
2019-08-02 00:00:00-04:00;144.8699951171875;146.9198
2019-08-05 00:00:00-04:00;142.6699981689453;146.38606
2019-08-06 00:00:00-04:00;144.27999877929688;144.64168
2019-08-07 00:00:00-04:00;144.36000061035156;145.80434
2019-08-08 00:00:00-04:00;146.4499969482422;146.04805
2019-08-09 00:00:00-04:00;145.32000732421875;147.73224
2019-08-12 00:00:00-04:00;142.85000610351562;146.97635
2019-08-13 00:00:00-04:00;144.25999450683594;144.86578
2019-08-14 00:00:00-04:00;143.16000366210938;145.78928
2019-08-15 00:00:00-04:00;145.16000366210938;145.05138
2019-08-16 00:00:00-04:00;148.10000610351562;146.55519
2019-08-19 00:00:00-04:00;148.9499969482422;149.0974
2019-08-20 00:00:00-04:00;147.83999633789062;150.00923
2019-08-21 00:00:00-04:00;148.5500030517578;149.17456
2019-08-22 00:00:00-04:00;149.41000366210938;149.70738
2019-08-23 00:00:00-04:00;146.8300018310547;150.55452
2019-08-26 00:00:00-04:00;147.24000549316406;148.61975
2019-08-27 00:00:00-04:00;146.24000549316406;148.80902
2019-08-28 00:00:00-04:00;147.41000366210938;148.10207
2019-08-29 00:00:00-04:00;149.3800048828125;148.996
2019-08-30 00:00:00-04:00;149.83999633789062;150.70119
2019-09-03 00:00:00-04:00;149.99000549316406;151.21733
2019-09-04 00:00:00-04:00;152.58999633789062;151.3615
2019-09-05 00:00:00-04:00;152.19000244140625;153.51334
2019-09-06 00:00:00-04:00;153.11000061035156;153.42749
2019-09-09 00:00:00-04:00;152.5500030517578;154.20708
2019-09-10 00:00:00-04:00;151.61000061035156;153.89973
2019-09-11 00:00:00-04:00;152.3300018310547;153.17792
2019-09-12 00:00:00-04:00;153.3800048828125;153.782
2019-09-13 00:00:00-04:00;151.52000427246094;154.76453
2019-09-16 00:00:00-04:00;153.16000366210938;153.36328
2019-09-17 00:00:00-04:00;153.9199981689453;154.58844
2019-09-18 00:00:00-04:00;153.02000427246094;155.35786
2019-09-19 00:00:00-04:00;154.0399932861328;154.6868
2019-09-20 00:00:00-04:00;153.44000244140625;155.46887
2019-09-23 00:00:00-04:00;153.5399932861328;155.07382
2019-09-24 00:00:00-04:00;153.14999389648438;155.1319
2019-09-25 00:00:00-04:00;153.52000427246094;154.84195
2019-09-26 00:00:00-04:00;155.22999572753906;155.13115
2019-09-27 00:00:00-04:00;153.11000061035156;156.56966
2019-09-30 00:00:00-04:00;154.0399932861328;154.95581
2019-10-01 00:00:00-04:00;153.13999938964844;155.56445
2019-10-02 00:00:00-04:00;151.89999389648438;154.91249
2019-10-03 00:00:00-04:00;154.13999938964844;153.84021
2019-10-04 00:00:00-04:00;154.8000030517578;155.58507
2019-10-07 00:00:00-04:00;154.35000610351562;156.27846
2019-10-08 00:00:00-04:00;153.10000610351562;155.9305
2019-10-09 00:00:00-04:00;153.85000610351562;154.86426
2019-10-10 00:00:00-04:00;154.1300048828125;155.39893
2019-10-11 00:00:00-04:00;153.97000122070312;155.7021
2019-10-14 00:00:00-04:00;153.8699951171875;155.5965
2019-10-15 00:00:00-04:00;153.27999877929688;155.50311
2019-10-16 00:00:00-04:00;155.27000427246094;155.01508
2019-10-17 00:00:00-04:00;155.30999755859375;156.60867
2019-10-18 00:00:00-04:00;156.00999450683594;156.7837
2019-10-21 00:00:00-04:00;157.5500030517578;157.35919
2019-10-22 00:00:00-04:00;157.13999938964844;158.68944
2019-10-23 00:00:00-04:00;157.72999572753906;158.4842
2019-10-24 00:00:00-04:00;159.16000366210938;158.98961
2019-10-25 00:00:00-04:00;158.25;160.27145
2019-10-28 00:00:00-04:00;158.8800048828125;159.67772
2019-10-29 00:00:00-04:00;156.30999755859375;160.20667
2019-10-30 00:00:00-04:00;159.05999755859375;158.20291
2019-10-31 00:00:00-04:00;158.75;160.36145
2019-11-01 00:00:00-04:00;158.4199981689453;160.32515
2019-11-04 00:00:00-05:00;157.1999969482422;160.04648
2019-11-05 00:00:00-05:00;155.0800018310547;159.03464
2019-11-06 00:00:00-05:00;155.00999450683594;157.22838
2019-11-07 00:00:00-05:00;153.8800048828125;157.03468
2019-11-08 00:00:00-05:00;153.91000366210938;156.08952
2019-11-11 00:00:00-05:00;155.1300048828125;155.98056
2019-11-12 00:00:00-05:00;154.72999572753906;156.90874
2019-11-13 00:00:00-05:00;156.60000610351562;156.57812
2019-11-14 00:00:00-05:00;157.4600067138672;158.00471
2019-11-15 00:00:00-05:00;158.75999450683594;158.78276
2019-11-18 00:00:00-05:00;159.49000549316406;159.88058
2019-11-19 00:00:00-05:00;159.33999633789062;160.57262
2019-11-20 00:00:00-05:00;160.02999877929688;160.53561
2019-11-21 00:00:00-05:00;159.00999450683594;161.16833
2019-11-22 00:00:00-05:00;159.6699981689453;160.45598
2019-11-25 00:00:00-05:00;160.80999755859375;161.024
2019-11-26 00:00:00-05:00;161.24000549316406;162.0844
2019-11-27 00:00:00-05:00;162.30999755859375;162.56451
2019-11-29 00:00:00-05:00;162.52000427246094;163.52263
2019-12-02 00:00:00-05:00;159.61000061035156;163.80624
2019-12-03 00:00:00-05:00;161.27999877929688;161.46947
2019-12-04 00:00:00-05:00;160.07000732421875;162.74274
2019-12-05 00:00:00-05:00;161.07000732421875;161.89653
2019-12-06 00:00:00-05:00;161.94000244140625;162.67299
2019-12-09 00:00:00-05:00;162.39999389648438;163.45496
2019-12-10 00:00:00-05:00;162.0399932861328;163.87375
2019-12-11 00:00:00-05:00;159.0800018310547;163.59543
2019-12-12 00:00:00-05:00;156.85000610351562;161.1386
2019-12-13 00:00:00-05:00;156.47000122070312;159.14116
2019-12-16 00:00:00-05:00;156.3699951171875;158.69678
2019-12-17 00:00:00-05:00;154.89999389648438;158.56055
2019-12-18 00:00:00-05:00;158.13999938964844;157.26599
2019-12-19 00:00:00-05:00;159.82000732421875;159.72345
2019-12-20 00:00:00-05:00;159.24000549316406;161.20776
2019-12-23 00:00:00-05:00;159.2100067138672;160.73015
2019-12-24 00:00:00-05:00;160.10000610351562;160.61772
2019-12-26 00:00:00-05:00;160.02999877929688;161.35623
2019-12-27 00:00:00-05:00;160.39999389648438;161.3876
2019-12-30 00:00:00-05:00;159.6699981689453;161.73314
2019-12-31 00:00:00-05:00;161.5800018310547;161.20016
2020-01-02 00:00:00-05:00;159.72999572753906;162.78468
2020-01-03 00:00:00-05:00;160.63999938964844;161.4119
2020-01-06 00:00:00-05:00;161.02999877929688;162.08926
2020-01-07 00:00:00-05:00;155.75999450683594;162.50488
2020-01-08 00:00:00-05:00;157.8300018310547;158.21841
2020-01-09 00:00:00-05:00;157.27000427246094;159.59558
2020-01-10 00:00:00-05:00;158.57000732421875;159.27763
2020-01-13 00:00:00-05:00;160.77999877929688;160.2673
2020-01-14 00:00:00-05:00;160.4600067138672;162.11269
2020-01-15 00:00:00-05:00;162.2899932861328;161.91806
2020-01-16 00:00:00-05:00;163.80999755859375;163.38533
2020-01-17 00:00:00-05:00;162.89999389648438;164.76436
2020-01-21 00:00:00-05:00;164.8000030517578;164.13667
2020-01-22 00:00:00-05:00;163.27999877929688;165.74239
2020-01-23 00:00:00-05:00;165.41000366210938;164.67326
2020-01-24 00:00:00-05:00;164.66000366210938;166.46066
2020-01-27 00:00:00-05:00;163.7899932861328;166.03693
2020-01-28 00:00:00-05:00;164.3800048828125;165.35231
2020-01-29 00:00:00-05:00;164.52000427246094;165.86905
2020-01-30 00:00:00-05:00;164.47999572753906;166.07115
2020-01-31 00:00:00-05:00;163.1999969482422;166.07922
2020-02-03 00:00:00-05:00;164.80999755859375;165.0337
2020-02-04 00:00:00-05:00;167.7899932861328;166.31648
2020-02-05 00:00:00-05:00;167.92999267578125;168.88834
2020-02-06 00:00:00-05:00;167.83999633789062;169.13745
2020-02-07 00:00:00-05:00;167.5500030517578;169.08047
2020-02-10 00:00:00-05:00;170.57000732421875;168.88191
2020-02-11 00:00:00-05:00;171.64999389648438;171.47113
2020-02-12 00:00:00-05:00;173.41000366210938;172.57393
2020-02-13 00:00:00-05:00;173.5800018310547;174.17004
2020-02-14 00:00:00-05:00;174.92999267578125;174.46542
2020-02-18 00:00:00-05:00;173.85000610351562;175.72523
2020-02-19 00:00:00-05:00;169.19000244140625;174.99129
2020-02-20 00:00:00-05:00;168.72000122070312;171.18701
2020-02-21 00:00:00-05:00;167.97999572753906;170.72755
2020-02-24 00:00:00-05:00;166.74000549316406;170.16127
2020-02-25 00:00:00-05:00;163.64999389648438;169.0901
2020-02-26 00:00:00-05:00;163.0800018310547;166.39545
2020-02-27 00:00:00-05:00;154.67999267578125;165.6567
2020-02-28 00:00:00-05:00;151.8800048828125;158.58667
2020-03-02 00:00:00-05:00;155.5800018310547;155.56569
2020-03-03 00:00:00-05:00;157.75;158.21365
2020-03-04 00:00:00-05:00;163.44000244140625;159.98384
2020-03-05 00:00:00-05:00;160.94000244140625;164.51065
2020-03-06 00:00:00-05:00;159.05999755859375;162.48523
2020-03-09 00:00:00-04:00;148.3000030517578;160.62854
2020-03-10 00:00:00-04:00;157.1199951171875;151.71564
2020-03-11 00:00:00-04:00;151.38999938964844;158.17805
2020-03-12 00:00:00-04:00;136.38999938964844;154.13573
2020-03-13 00:00:00-04:00;147.74000549316406;141.54752
2020-03-16 00:00:00-04:00;122.30999755859376;149.18869
2020-03-17 00:00:00-04:00;135.17999267578125;130.1309
2020-03-18 00:00:00-04:00;132.9499969482422;136.99113
2020-03-19 00:00:00-04:00;132.0;136.3767
2020-03-20 00:00:00-04:00;123.30999755859376;134.93375
2020-03-23 00:00:00-04:00;114.91999816894533;127.55305
2020-03-24 00:00:00-04:00;129.50999450683594;119.592224
2020-03-25 00:00:00-04:00;133.39999389648438;129.61046
2020-03-26 00:00:00-04:00;141.8000030517578;134.21046
2020-03-27 00:00:00-04:00;143.47000122070312;141.00887
2020-03-30 00:00:00-04:00;144.64999389648438;142.92058
2020-03-31 00:00:00-04:00;137.05999755859375;144.00107
2020-04-01 00:00:00-04:00;131.24000549316406;138.24893
2020-04-02 00:00:00-04:00;131.3800048828125;133.19429
2020-04-03 00:00:00-04:00;129.99000549316406;133.02823
2020-04-06 00:00:00-04:00;137.67999267578125;132.21559
2020-04-07 00:00:00-04:00;138.27000427246094;138.26567
2020-04-08 00:00:00-04:00;147.44000244140625;139.5059
2020-04-09 00:00:00-04:00;157.8000030517578;146.8732
2020-04-13 00:00:00-04:00;147.35000610351562;156.13554
2020-04-14 00:00:00-04:00;155.36000061035156;148.47897
2020-04-15 00:00:00-04:00;152.00999450683594;154.43762
2020-04-16 00:00:00-04:00;152.07000732421875;152.68933
2020-04-17 00:00:00-04:00;155.30999755859375;152.85393
2020-04-20 00:00:00-04:00;150.99000549316406;155.85568
2020-04-21 00:00:00-04:00;147.39999389648438;152.81937
2020-04-22 00:00:00-04:00;150.94000244140625;149.7527
2020-04-23 00:00:00-04:00;147.9600067138672;152.4934
2020-04-24 00:00:00-04:00;149.49000549316406;150.42963
2020-04-27 00:00:00-04:00;150.77999877929688;151.40565
2020-04-28 00:00:00-04:00;152.1699981689453;152.52982
2020-04-29 00:00:00-04:00;156.3699951171875;153.68953
2020-04-30 00:00:00-04:00;157.08999633789062;157.17482
2020-05-01 00:00:00-04:00;150.99000549316406;158.02217
2020-05-04 00:00:00-04:00;149.5800018310547;153.10045
2020-05-05 00:00:00-04:00;152.9499969482422;151.5679
2020-05-06 00:00:00-04:00;151.1699981689453;154.32658
2020-05-07 00:00:00-04:00;151.49000549316406;153.17972
2020-05-08 00:00:00-04:00;152.0;153.27852
2020-05-11 00:00:00-04:00;151.8000030517578;153.68533
2020-05-12 00:00:00-04:00;148.1999969482422;153.52452
2020-05-13 00:00:00-04:00;143.4600067138672;150.55109
2020-05-14 00:00:00-04:00;140.52999877929688;146.40038
2020-05-15 00:00:00-04:00;141.42999267578125;143.59488
2020-05-18 00:00:00-04:00;145.36000061035156;143.9795
2020-05-19 00:00:00-04:00;145.30999755859375;147.10266
2020-05-20 00:00:00-04:00;146.22000122070312;147.20483
2020-05-21 00:00:00-04:00;145.42999267578125;147.71928
2020-05-22 00:00:00-04:00;146.99000549316406;147.02081
2020-05-26 00:00:00-04:00;150.52000427246094;148.1542
2020-05-27 00:00:00-04:00;151.4499969482422;151.15762
2020-05-28 00:00:00-04:00;155.13999938964844;152.21854
2020-05-29 00:00:00-04:00;153.72000122070312;155.3604
2020-06-01 00:00:00-04:00;154.10000610351562;154.5635
2020-06-02 00:00:00-04:00;154.9600067138672;154.91666
2020-06-03 00:00:00-04:00;154.72000122070312;155.83823
2020-06-04 00:00:00-04:00;151.1300048828125;155.88441
2020-06-05 00:00:00-04:00;158.58999633789062;153.09052
2020-06-08 00:00:00-04:00;160.0800018310547;159.09103
2020-06-09 00:00:00-04:00;160.08999633789062;160.90625
2020-06-10 00:00:00-04:00;157.9199981689453;161.05547
2020-06-11 00:00:00-04:00;152.38999938964844;159.35098
2020-06-12 00:00:00-04:00;159.27000427246094;154.8075
2020-06-15 00:00:00-04:00;165.3800048828125;160.22229
2020-06-16 00:00:00-04:00;169.17999267578125;165.81726
2020-06-17 00:00:00-04:00;170.92999267578125;169.31526
2020-06-18 00:00:00-04:00;170.24000549316406;170.98514
2020-06-19 00:00:00-04:00;165.83999633789062;170.61609
2020-06-22 00:00:00-04:00;168.5;167.15736
2020-06-23 00:00:00-04:00;167.33999633789062;169.45213
2020-06-24 00:00:00-04:00;163.47999572753906;168.8373
2020-06-25 00:00:00-04:00;166.60000610351562;165.72499
2020-06-26 00:00:00-04:00;161.8300018310547;168.21474
2020-06-29 00:00:00-04:00;161.6300048828125;164.43892
2020-06-30 00:00:00-04:00;162.25;163.98317
2020-07-01 00:00:00-04:00;165.41000366210938;164.4327
2020-07-02 00:00:00-04:00;165.0399932861328;166.99727
2020-07-06 00:00:00-04:00;164.7899932861328;166.73308
2020-07-07 00:00:00-04:00;160.5800018310547;166.40503
2020-07-08 00:00:00-04:00;160.85000610351562;162.85617
2020-07-09 00:00:00-04:00;162.25;162.82677
2020-07-10 00:00:00-04:00;160.80999755859375;163.99661
2020-07-13 00:00:00-04:00;160.83999633789062;162.8364
2020-07-14 00:00:00-04:00;163.47000122070312;162.70647
2020-07-15 00:00:00-04:00;163.72999572753906;164.82579
2020-07-16 00:00:00-04:00;163.02999877929688;165.12845
2020-07-17 00:00:00-04:00;166.75;164.5233
2020-07-20 00:00:00-04:00;165.27000427246094;167.58437
2020-07-21 00:00:00-04:00;165.74000549316406;166.562
2020-07-22 00:00:00-04:00;168.88999938964844;166.93004
2020-07-23 00:00:00-04:00;168.52000427246094;169.6609
2020-07-24 00:00:00-04:00;168.5500030517578;169.57178
2020-07-27 00:00:00-04:00;170.36000061035156;169.67006
2020-07-28 00:00:00-04:00;173.7899932861328;171.2896
2020-07-29 00:00:00-04:00;176.05999755859375;174.35185
2020-07-30 00:00:00-04:00;176.1300048828125;176.48988
2020-07-31 00:00:00-04:00;177.5500030517578;176.74036
2020-08-03 00:00:00-04:00;176.3300018310547;178.1006
2020-08-04 00:00:00-04:00;176.49000549316406;177.29008
2020-08-05 00:00:00-04:00;174.6199951171875;177.58195
2020-08-06 00:00:00-04:00;174.3800048828125;176.17499
2020-08-07 00:00:00-04:00;175.64999389648438;176.04347
2020-08-10 00:00:00-04:00;174.97999572753906;177.18422
2020-08-11 00:00:00-04:00;172.0500030517578;176.68465
2020-08-12 00:00:00-04:00;173.3000030517578;174.20009
2020-08-13 00:00:00-04:00;170.6999969482422;175.13477
2020-08-14 00:00:00-04:00;170.22000122070312;172.96236
2020-08-17 00:00:00-04:00;173.4199981689453;172.406
2020-08-18 00:00:00-04:00;173.75999450683594;175.00044
2020-08-19 00:00:00-04:00;171.4199981689453;175.30011
2020-08-20 00:00:00-04:00;171.4499969482422;173.26161
2020-08-21 00:00:00-04:00;170.69000244140625;173.14935
2020-08-24 00:00:00-04:00;171.2100067138672;172.48888
2020-08-25 00:00:00-04:00;170.74000549316406;172.87614
2020-08-26 00:00:00-04:00;170.38999938964844;172.47063
2020-08-27 00:00:00-04:00;170.52000427246094;172.12033
2020-08-28 00:00:00-04:00;169.7100067138672;172.17944
2020-08-31 00:00:00-04:00;168.3800048828125;171.47343
2020-09-01 00:00:00-04:00;166.5399932861328;170.29889
2020-09-02 00:00:00-04:00;170.3699951171875;168.67726
2020-09-03 00:00:00-04:00;169.5800018310547;171.7649
2020-09-04 00:00:00-04:00;166.42999267578125;171.20648
2020-09-08 00:00:00-04:00;161.99000549316406;168.48628
2020-09-09 00:00:00-04:00;162.8800048828125;164.61768
2020-09-10 00:00:00-04:00;160.35000610351562;165.0948
2020-09-11 00:00:00-04:00;158.36000061035156;162.99806
2020-09-14 00:00:00-04:00;163.67999267578125;161.09177
2020-09-15 00:00:00-04:00;163.64999389648438;165.23808
2020-09-16 00:00:00-04:00;164.63999938964844;165.33737
2020-09-17 00:00:00-04:00;162.0399932861328;165.99983
2020-09-18 00:00:00-04:00;159.35000610351562;163.80264
2020-09-21 00:00:00-04:00;155.88999938964844;161.40758
2020-09-22 00:00:00-04:00;159.14999389648438;158.41322
2020-09-23 00:00:00-04:00;156.52999877929688;160.87718
2020-09-24 00:00:00-04:00;156.5800018310547;158.8804
2020-09-25 00:00:00-04:00;158.5;158.6416
2020-09-28 00:00:00-04:00;161.35000610351562;160.12529
2020-09-29 00:00:00-04:00;159.92999267578125;162.50441
2020-09-30 00:00:00-04:00;160.0;161.41978
2020-10-01 00:00:00-04:00;163.19000244140625;161.3558
2020-10-02 00:00:00-04:00;164.7100067138672;164.02771
2020-10-05 00:00:00-04:00;167.0;165.51419
2020-10-06 00:00:00-04:00;165.10000610351562;167.56325
2020-10-07 00:00:00-04:00;163.1199951171875;166.1844
2020-10-08 00:00:00-04:00;166.08999633789062;164.57347
2020-10-09 00:00:00-04:00;165.14999389648438;167.09395
2020-10-12 00:00:00-04:00;166.89999389648438;166.58469
2020-10-13 00:00:00-04:00;165.6199951171875;168.08054
2020-10-14 00:00:00-04:00;162.27000427246094;167.16116
2020-10-15 00:00:00-04:00;161.92999267578125;164.37231
2020-10-16 00:00:00-04:00;162.05999755859375;163.9625
2020-10-19 00:00:00-04:00;158.5399932861328;164.07906
2020-10-20 00:00:00-04:00;160.02000427246094;161.1553
2020-10-21 00:00:00-04:00;160.0800018310547;162.09653
2020-10-22 00:00:00-04:00;160.16000366210938;162.14758
2020-10-23 00:00:00-04:00;160.5399932861328;162.10214
2020-10-26 00:00:00-04:00;156.8300018310547;162.31166
2020-10-27 00:00:00-04:00;156.16000366210938;159.18929
2020-10-28 00:00:00-04:00;152.1699981689453;158.33287
2020-10-29 00:00:00-04:00;151.50999450683594;154.97443
2020-10-30 00:00:00-04:00;151.52000427246094;154.06635
2020-11-02 00:00:00-05:00;154.9199981689453;153.92264
2020-11-03 00:00:00-05:00;155.75;156.55893
2020-11-04 00:00:00-05:00;158.63999938964844;157.3105
2020-11-05 00:00:00-05:00;158.38999938964844;159.59427
2020-11-06 00:00:00-05:00;157.1199951171875;159.49217
2020-11-09 00:00:00-05:00;154.07000732421875;158.42456
2020-11-10 00:00:00-05:00;161.75999450683594;155.90302
2020-11-11 00:00:00-05:00;162.75;162.14348
2020-11-12 00:00:00-05:00;161.3699951171875;163.49939
2020-11-13 00:00:00-05:00;164.3699951171875;162.45859
2020-11-16 00:00:00-05:00;165.3300018310547;164.96165
2020-11-17 00:00:00-05:00;165.2899932861328;166.05049
2020-11-18 00:00:00-05:00;162.52999877929688;166.21327
2020-11-19 00:00:00-05:00;163.74000549316406;164.07521
2020-11-20 00:00:00-05:00;164.13999938964844;165.08253
2020-11-23 00:00:00-05:00;163.97000122070312;165.60707
2020-11-24 00:00:00-05:00;162.36000061035156;165.56325
2020-11-25 00:00:00-05:00;162.5800018310547;164.26091
2020-11-27 00:00:00-05:00;162.13999938964844;164.37912
2020-11-30 00:00:00-05:00;163.72999572753906;164.03676
2020-12-01 00:00:00-05:00;168.11000061035156;165.31866
2020-12-02 00:00:00-05:00;165.97000122070312;169.0269
2020-12-03 00:00:00-05:00;167.72999572753906;167.4167
2020-12-04 00:00:00-05:00;170.94000244140625;168.78665
2020-12-07 00:00:00-05:00;171.0399932861328;171.60655
2020-12-08 00:00:00-05:00;170.7899932861328;171.89656
2020-12-09 00:00:00-05:00;171.25999450683594;171.7932
2020-12-10 00:00:00-05:00;171.00999450683594;172.3015
2020-12-11 00:00:00-05:00;172.5800018310547;172.24197
2020-12-14 00:00:00-05:00;172.8300018310547;173.67241
2020-12-15 00:00:00-05:00;176.17999267578125;174.03618
2020-12-16 00:00:00-05:00;177.6300048828125;176.95152
2020-12-17 00:00:00-05:00;177.6999969482422;178.34966
2020-12-18 00:00:00-05:00;175.25999450683594;178.53929
2020-12-21 00:00:00-05:00;174.6199951171875;176.60017
2020-12-22 00:00:00-05:00;175.88999938964844;176.12387
2020-12-23 00:00:00-05:00;173.69000244140625;177.29333
2020-12-24 00:00:00-05:00;174.5;175.55087
2020-12-28 00:00:00-05:00;175.8699951171875;176.1939
2020-12-29 00:00:00-05:00;175.16000366210938;177.37059
2020-12-30 00:00:00-05:00;175.08999633789062;176.7907
2020-12-31 00:00:00-05:00;178.22000122070312;176.6889
2021-01-04 00:00:00-05:00;170.77000427246094;179.3185
2021-01-05 00:00:00-05:00;170.58999633789062;173.13994
2021-01-06 00:00:00-05:00;163.25;172.73122
2021-01-07 00:00:00-05:00;165.33999633789062;166.61516
2021-01-08 00:00:00-05:00;165.91000366210938;167.93329
2021-01-11 00:00:00-05:00;164.77000427246094;168.38829
2021-01-12 00:00:00-05:00;164.00999450683594;167.25708
2021-01-13 00:00:00-05:00;168.89999389648438;166.34427
2021-01-14 00:00:00-05:00;167.6699981689453;170.19563
2021-01-15 00:00:00-05:00;168.3699951171875;169.23085
2021-01-19 00:00:00-05:00;166.50999450683594;169.6549
2021-01-20 00:00:00-05:00;171.02999877929688;168.09558
2021-01-21 00:00:00-05:00;171.63999938964844;171.80841
2021-01-22 00:00:00-05:00;168.83999633789062;172.53331
2021-01-25 00:00:00-05:00;169.47999572753906;170.25911
2021-01-26 00:00:00-05:00;169.00999450683594;170.75322
2021-01-27 00:00:00-05:00;166.24000549316406;170.47461
2021-01-28 00:00:00-05:00;167.33999633789062;168.21713
2021-01-29 00:00:00-05:00;167.11000061035156;169.05193
2021-02-01 00:00:00-05:00;169.55999755859375;168.92096
2021-02-02 00:00:00-05:00;166.4600067138672;170.93604
2021-02-03 00:00:00-05:00;168.88999938964844;168.41652
2021-02-04 00:00:00-05:00;171.02999877929688;170.27617
2021-02-05 00:00:00-05:00;171.6999969482422;172.1621
2021-02-08 00:00:00-05:00;170.4199981689453;172.80284
2021-02-09 00:00:00-05:00;171.33999633789062;171.77264
2021-02-10 00:00:00-05:00;172.91000366210938;172.54327
2021-02-11 00:00:00-05:00;171.97999572753906;173.96622
2021-02-12 00:00:00-05:00;173.05999755859375;173.30933
2021-02-16 00:00:00-05:00;170.60000610351562;174.25003
2021-02-17 00:00:00-05:00;169.5;172.28831
2021-02-18 00:00:00-05:00;168.30999755859375;171.33327
2021-02-19 00:00:00-05:00;166.24000549316406;170.33728
2021-02-22 00:00:00-05:00;165.8000030517578;168.56671
2021-02-23 00:00:00-05:00;163.6300048828125;168.06999
2021-02-24 00:00:00-05:00;163.91000366210938;166.17131
2021-02-25 00:00:00-05:00;162.4600067138672;166.1845
2021-02-26 00:00:00-05:00;159.69000244140625;164.86926
2021-03-01 00:00:00-05:00;159.5800018310547;162.35684
2021-03-02 00:00:00-05:00;160.85000610351562;161.96284
2021-03-03 00:00:00-05:00;159.47999572753906;162.86671
2021-03-04 00:00:00-05:00;157.99000549316406;161.65724
2021-03-05 00:00:00-05:00;158.35000610351562;160.19751
2021-03-08 00:00:00-05:00;160.35000610351562;160.28278
2021-03-09 00:00:00-05:00;162.9600067138672;161.86163
2021-03-10 00:00:00-05:00;161.67999267578125;164.05548
2021-03-11 00:00:00-05:00;161.99000549316406;163.07123
2021-03-12 00:00:00-05:00;163.5;163.23323
2021-03-15 00:00:00-04:00;166.32000732421875;164.53868
2021-03-16 00:00:00-04:00;169.16000366210938;167.027
2021-03-17 00:00:00-04:00;168.72000122070312;169.60689
2021-03-18 00:00:00-04:00;168.8699951171875;169.45325
2021-03-19 00:00:00-04:00;165.88999938964844;169.69054
2021-03-22 00:00:00-04:00;166.55999755859375;167.37852
2021-03-23 00:00:00-04:00;165.88999938964844;167.96535
2021-03-24 00:00:00-04:00;166.5;167.57521
2021-03-25 00:00:00-04:00;169.10000610351562;168.12752
2021-03-26 00:00:00-04:00;168.97999572753906;170.35957
2021-03-29 00:00:00-04:00;169.14999389648438;170.37337
2021-03-30 00:00:00-04:00;166.27000427246094;170.51619
2021-03-31 00:00:00-04:00;164.3000030517578;168.149
2021-04-01 00:00:00-04:00;169.72000122070312;166.41765
2021-04-05 00:00:00-04:00;170.69000244140625;170.889
2021-04-06 00:00:00-04:00;171.0;171.92584
2021-04-07 00:00:00-04:00;170.0;172.19588
2021-04-08 00:00:00-04:00;169.27000427246094;171.37045
2021-04-09 00:00:00-04:00;168.39999389648438;170.76395
2021-04-12 00:00:00-04:00;168.9600067138672;170.07413
2021-04-13 00:00:00-04:00;171.1300048828125;170.56027
2021-04-14 00:00:00-04:00;171.0;172.4288
2021-04-15 00:00:00-04:00;174.22000122070312;172.40482
2021-04-16 00:00:00-04:00;175.64999389648438;175.11008
2021-04-19 00:00:00-04:00;176.5800018310547;176.44122
2021-04-20 00:00:00-04:00;179.24000549316406;177.32506
2021-04-21 00:00:00-04:00;179.8800048828125;179.69815
2021-04-22 00:00:00-04:00;179.0;180.42952
2021-04-23 00:00:00-04:00;179.35000610351562;179.85677
2021-04-26 00:00:00-04:00;179.57000732421875;180.30415
2021-04-27 00:00:00-04:00;178.00999450683594;180.65862
2021-04-28 00:00:00-04:00;178.50999450683594;179.47998
2021-04-29 00:00:00-04:00;179.67999267578125;179.9699
2021-04-30 00:00:00-04:00;181.1000061035156;181.0361
2021-05-03 00:00:00-04:00;179.9600067138672;182.30052
2021-05-04 00:00:00-04:00;180.9199981689453;181.37965
2021-05-05 00:00:00-04:00;175.5;182.1975
2021-05-06 00:00:00-04:00;176.5;177.66713
2021-05-07 00:00:00-04:00;178.13999938964844;178.39987
2021-05-10 00:00:00-04:00;179.13999938964844;179.80818
2021-05-11 00:00:00-04:00;177.0500030517578;180.64969
2021-05-12 00:00:00-04:00;172.5;178.84024
2021-05-13 00:00:00-04:00;172.77999877929688;174.90305
2021-05-14 00:00:00-04:00;173.8300018310547;174.95294
2021-05-17 00:00:00-04:00;172.85000610351562;175.79213
2021-05-18 00:00:00-04:00;173.6300048828125;174.90753
2021-05-19 00:00:00-04:00;173.0800018310547;175.41281
2021-05-20 00:00:00-04:00;175.13999938964844;174.86403
2021-05-21 00:00:00-04:00;174.60000610351562;176.49565
2021-05-24 00:00:00-04:00;177.99000549316406;176.0421
2021-05-25 00:00:00-04:00;178.35000610351562;178.8603
2021-05-26 00:00:00-04:00;177.4199981689453;179.24753
2021-05-27 00:00:00-04:00;176.14999389648438;178.50914
2021-05-28 00:00:00-04:00;178.25999450683594;177.48598
2021-06-01 00:00:00-04:00;180.72000122070312;179.32622
2021-06-02 00:00:00-04:00;182.02000427246097;181.54129
2021-06-03 00:00:00-04:00;183.52999877929688;182.75987
2021-06-04 00:00:00-04:00;184.08999633789065;184.14001
2021-06-07 00:00:00-04:00;187.52000427246097;184.7362
2021-06-08 00:00:00-04:00;188.30999755859375;187.80795
2021-06-09 00:00:00-04:00;190.4199981689453;188.6532
2021-06-10 00:00:00-04:00;193.7599945068359;190.645
2021-06-11 00:00:00-04:00;193.4199981689453;193.70114
2021-06-14 00:00:00-04:00;193.52999877929688;193.59366
2021-06-15 00:00:00-04:00;183.72000122070312;193.92424
2021-06-16 00:00:00-04:00;182.13999938964844;185.7607
2021-06-17 00:00:00-04:00;183.3300018310547;184.52618
2021-06-18 00:00:00-04:00;182.67999267578125;185.59633
2021-06-21 00:00:00-04:00;186.4600067138672;185.02686
2021-06-22 00:00:00-04:00;183.44000244140625;188.11551
2021-06-23 00:00:00-04:00;183.92999267578125;185.39621
2021-06-24 00:00:00-04:00;183.8800048828125;185.64842
2021-06-25 00:00:00-04:00;184.6699981689453;185.50264
2021-06-28 00:00:00-04:00;184.36000061035156;186.1068
2021-06-29 00:00:00-04:00;183.02000427246097;185.7949
2021-06-30 00:00:00-04:00;181.94000244140625;184.60904
2021-07-01 00:00:00-04:00;182.2599945068359;183.64462
2021-07-02 00:00:00-04:00;183.9900054931641;183.87471
2021-07-06 00:00:00-04:00;186.4199981689453;185.31891
2021-07-07 00:00:00-04:00;186.92999267578125;187.37335
2021-07-08 00:00:00-04:00;186.8999938964844;187.80061
2021-07-09 00:00:00-04:00;190.5500030517578;187.79073
2021-07-12 00:00:00-04:00;190.5800018310547;190.97409
2021-07-13 00:00:00-04:00;188.6000061035156;191.08084
2021-07-14 00:00:00-04:00;190.25;189.51073
2021-07-15 00:00:00-04:00;191.6000061035156;191.05048
2021-07-16 00:00:00-04:00;193.61000061035156;192.32266
2021-07-19 00:00:00-04:00;192.25;194.1648
2021-07-20 00:00:00-04:00;195.02999877929688;193.07896
2021-07-21 00:00:00-04:00;195.0;195.5946
2021-07-22 00:00:00-04:00;194.2100067138672;195.63423
2021-07-23 00:00:00-04:00;196.94000244140625;195.0797
2021-07-26 00:00:00-04:00;196.17999267578125;197.5511
2021-07-27 00:00:00-04:00;200.75;196.94576
2021-07-28 00:00:00-04:00;198.97999572753903;201.03456
2021-07-29 00:00:00-04:00;199.75;199.48294
2021-07-30 00:00:00-04:00;201.33999633789065;200.32928
2021-08-02 00:00:00-04:00;203.0099945068359;201.78917
2021-08-03 00:00:00-04:00;204.91000366210935;203.32822
2021-08-04 00:00:00-04:00;204.47000122070312;205.0638
2021-08-05 00:00:00-04:00;207.1499938964844;204.7476
2021-08-06 00:00:00-04:00;208.05999755859375;207.24762
2021-08-09 00:00:00-04:00;209.07000732421875;208.07478
2021-08-10 00:00:00-04:00;204.5099945068359;209.09877
2021-08-11 00:00:00-04:00;204.5500030517578;205.22977
2021-08-12 00:00:00-04:00;204.6000061035156;205.56424
2021-08-13 00:00:00-04:00;205.5;205.66049
2021-08-16 00:00:00-04:00;205.8000030517578;206.49857
2021-08-17 00:00:00-04:00;206.4900054931641;206.72481
2021-08-18 00:00:00-04:00;204.4199981689453;207.29907
2021-08-19 00:00:00-04:00;205.19000244140625;205.45041
2021-08-20 00:00:00-04:00;207.05999755859375;206.18687
2021-08-23 00:00:00-04:00;206.22999572753903;207.76402
2021-08-24 00:00:00-04:00;204.52000427246097;206.97264
2021-08-25 00:00:00-04:00;203.83999633789065;205.5213
2021-08-26 00:00:00-04:00;204.63999938964844;204.9712
2021-08-27 00:00:00-04:00;204.8999938964844;205.67223
2021-08-30 00:00:00-04:00;205.9199981689453;205.85057
2021-08-31 00:00:00-04:00;206.3699951171875;206.70795
2021-09-01 00:00:00-04:00;208.7400054931641;207.03581
2021-09-02 00:00:00-04:00;208.5099945068359;209.09238
2021-09-03 00:00:00-04:00;208.4199981689453;208.8138
2021-09-07 00:00:00-04:00;205.8999938964844;208.81377
2021-09-08 00:00:00-04:00;207.8000030517578;206.67226
2021-09-09 00:00:00-04:00;202.41000366210935;208.49426
2021-09-10 00:00:00-04:00;199.69000244140625;203.75401
2021-09-13 00:00:00-04:00;199.9600067138672;201.58868
2021-09-14 00:00:00-04:00;199.4499969482422;201.80664
2021-09-15 00:00:00-04:00;198.82000732421875;201.25359
2021-09-16 00:00:00-04:00;198.1300048828125;200.5844
2021-09-17 00:00:00-04:00;193.8699951171875;199.831
2021-09-20 00:00:00-04:00;195.5800018310547;196.00793
2021-09-21 00:00:00-04:00;194.72999572753903;197.38954
2021-09-22 00:00:00-04:00;196.5399932861328;196.46228
2021-09-23 00:00:00-04:00;196.72999572753903;197.90181
2021-09-24 00:00:00-04:00;195.38999938964844;197.89153
2021-09-27 00:00:00-04:00;192.1699981689453;196.63634
2021-09-28 00:00:00-04:00;191.58999633789065;193.815
2021-09-29 00:00:00-04:00;192.83999633789065;193.29163
2021-09-30 00:00:00-04:00;191.07000732421875;194.30997
2021-10-01 00:00:00-04:00;194.02999877929688;192.7091
2021-10-04 00:00:00-04:00;194.13999938964844;195.19049
2021-10-05 00:00:00-04:00;192.1300048828125;195.1676
2021-10-06 00:00:00-04:00;195.17999267578125;193.40222
2021-10-07 00:00:00-04:00;195.1300048828125;196.02751
2021-10-08 00:00:00-04:00;192.44000244140625;195.94107
2021-10-11 00:00:00-04:00;191.86000061035156;193.66719
2021-10-12 00:00:00-04:00;194.47999572753903;193.21654
2021-10-13 00:00:00-04:00;197.52000427246097;195.4934
2021-10-14 00:00:00-04:00;200.86000061035156;198.10661
2021-10-15 00:00:00-04:00;201.6499938964844;200.97885
2021-10-18 00:00:00-04:00;202.7899932861328;201.64711
2021-10-19 00:00:00-04:00;203.16000366210935;202.74286
2021-10-20 00:00:00-04:00;205.75;203.1931
2021-10-21 00:00:00-04:00;206.55999755859375;205.64029
2021-10-22 00:00:00-04:00;208.2400054931641;206.45547
2021-10-25 00:00:00-04:00;208.94000244140625;208.11075
2021-10-26 00:00:00-04:00;209.0;208.84616
2021-10-27 00:00:00-04:00;205.91000366210935;209.0717
2021-10-28 00:00:00-04:00;205.9199981689453;206.55013
2021-10-29 00:00:00-04:00;204.13999938964844;206.8211
2021-11-01 00:00:00-04:00;205.0;205.34213
2021-11-02 00:00:00-04:00;205.4199981689453;206.20255
2021-11-03 00:00:00-04:00;207.52000427246097;206.51308
2021-11-04 00:00:00-04:00;206.1199951171875;208.30424
2021-11-05 00:00:00-04:00;206.22000122070312;206.96078
2021-11-08 00:00:00-05:00;206.67999267578125;207.09206
2021-11-09 00:00:00-05:00;206.9499969482422;207.46297
2021-11-10 00:00:00-05:00;205.4199981689453;207.68811
2021-11-11 00:00:00-05:00;205.5800018310547;206.35034
2021-11-12 00:00:00-05:00;205.5500030517578;206.54538
2021-11-15 00:00:00-05:00;206.0399932861328;206.49355
2021-11-16 00:00:00-05:00;206.22000122070312;206.91454
2021-11-17 00:00:00-05:00;207.27000427246097;207.03358
2021-11-18 00:00:00-05:00;206.3999938964844;207.93152
2021-11-19 00:00:00-05:00;206.6000061035156;207.12535
2021-11-22 00:00:00-05:00;203.72999572753903;207.34781
2021-11-23 00:00:00-05:00;206.4499969482422;204.84038
2021-11-24 00:00:00-05:00;210.3800048828125;207.32245
2021-11-26 00:00:00-05:00;204.4499969482422;210.63254
2021-11-29 00:00:00-05:00;205.2599945068359;205.32945
2021-11-30 00:00:00-05:00;200.07000732421875;206.2854
2021-12-01 00:00:00-05:00;198.19000244140625;201.70093
2021-12-02 00:00:00-05:00;202.61000061035156;200.2152
2021-12-03 00:00:00-05:00;202.66000366210935;203.99924
2021-12-06 00:00:00-05:00;206.02999877929688;203.8007
2021-12-07 00:00:00-05:00;210.72000122070312;206.65373
2021-12-08 00:00:00-05:00;212.32000732421875;210.54224
2021-12-09 00:00:00-05:00;210.9900054931641;211.77133
2021-12-10 00:00:00-05:00;211.94000244140625;210.6623
2021-12-13 00:00:00-05:00;214.0399932861328;211.72223
2021-12-14 00:00:00-05:00;211.9900054931641;213.69772
2021-12-15 00:00:00-05:00;218.57000732421875;212.00026
2021-12-16 00:00:00-05:00;216.57000732421875;218.11012
2021-12-17 00:00:00-05:00;215.3699951171875;216.07918
2021-12-20 00:00:00-05:00;215.11000061035156;215.40494
2021-12-21 00:00:00-05:00;217.4900054931641;215.34259
2021-12-22 00:00:00-05:00;219.1699981689453;217.58583
2021-12-23 00:00:00-05:00;217.6300048828125;219.03584
2021-12-27 00:00:00-05:00;220.1000061035156;217.68822
2021-12-28 00:00:00-05:00;221.9900054931641;220.06013
2021-12-29 00:00:00-05:00;223.57000732421875;221.62386
2021-12-30 00:00:00-05:00;223.16000366210935;223.03741
2021-12-31 00:00:00-05:00;222.9600067138672;222.68416
2022-01-03 00:00:00-05:00;219.8300018310547;222.6743
2022-01-04 00:00:00-05:00;220.82000732421875;220.02603
2022-01-05 00:00:00-05:00;206.6499938964844;221.21082
2022-01-06 00:00:00-05:00;209.83999633789065;208.75041
2022-01-07 00:00:00-05:00;209.0;212.17677
2022-01-10 00:00:00-05:00;207.82000732421875;211.01656
2022-01-11 00:00:00-05:00;208.6199951171875;209.87569
2022-01-12 00:00:00-05:00;209.97000122070312;210.32588
2022-01-13 00:00:00-05:00;209.8699951171875;211.1873
2022-01-14 00:00:00-05:00;210.27999877929688;210.83037
2022-01-18 00:00:00-05:00;207.38999938964844;211.04099
2022-01-19 00:00:00-05:00;206.33999633789065;208.3818
2022-01-20 00:00:00-05:00;198.3300018310547;207.51788
2022-01-21 00:00:00-05:00;196.5800018310547;200.52098
2022-01-24 00:00:00-05:00;195.2599945068359;199.10568
2022-01-25 00:00:00-05:00;194.16000366210935;197.80428
2022-01-26 00:00:00-05:00;189.72000122070312;196.65834
2022-01-27 00:00:00-05:00;185.5399932861328;192.58095
2022-01-28 00:00:00-05:00;189.55999755859375;188.72177
2022-01-31 00:00:00-05:00;194.83999633789065;191.84392
2022-02-01 00:00:00-05:00;195.27999877929688;196.07524
2022-02-02 00:00:00-05:00;196.9199981689453;196.15028
2022-02-03 00:00:00-05:00;191.7899932861328;197.39667
2022-02-04 00:00:00-05:00;190.61000061035156;192.8829
2022-02-07 00:00:00-05:00;187.55999755859375;191.94312
2022-02-08 00:00:00-05:00;186.9499969482422;189.36652
2022-02-09 00:00:00-05:00;191.1499938964844;188.8594
2022-02-10 00:00:00-05:00;185.2100067138672;192.41617
2022-02-11 00:00:00-05:00;185.6499938964844;187.24979
2022-02-14 00:00:00-05:00;183.6199951171875;187.51091
2022-02-15 00:00:00-05:00;185.17999267578125;185.67549
2022-02-16 00:00:00-05:00;187.08999633789065;186.89813
2022-02-17 00:00:00-05:00;186.0099945068359;188.43459
2022-02-18 00:00:00-05:00;185.61000061035156;187.42133
2022-02-22 00:00:00-05:00;187.5800018310547;187.00168
2022-02-23 00:00:00-05:00;185.75;188.64052
2022-02-24 00:00:00-05:00;190.08999633789065;187.07433
2022-02-25 00:00:00-05:00;193.67999267578125;190.79924
2022-02-28 00:00:00-05:00;189.3999938964844;193.89627
2022-03-01 00:00:00-05:00;187.80999755859375;190.2728
2022-03-02 00:00:00-05:00;189.63999938964844;189.02075
2022-03-03 00:00:00-05:00;192.1999969482422;190.68102
2022-03-04 00:00:00-05:00;194.66000366210935;192.97336
2022-03-07 00:00:00-05:00;189.44000244140625;195.15076
2022-03-08 00:00:00-05:00;190.8000030517578;190.71048
2022-03-09 00:00:00-05:00;192.2100067138672;191.97375
2022-03-10 00:00:00-05:00;191.3800048828125;193.23317
2022-03-11 00:00:00-05:00;188.42999267578125;192.57855
2022-03-14 00:00:00-04:00;188.42999267578125;190.08778
2022-03-15 00:00:00-04:00;190.7599945068359;190.09308
2022-03-16 00:00:00-04:00;191.6199951171875;192.07617
2022-03-17 00:00:00-04:00;194.02000427246097;192.779
2022-03-18 00:00:00-04:00;195.63999938964844;194.81212
2022-03-21 00:00:00-04:00;193.5399932861328;196.17157
2022-03-22 00:00:00-04:00;193.2599945068359;194.38303
2022-03-23 00:00:00-04:00;190.2599945068359;194.23967
2022-03-24 00:00:00-04:00;191.8699951171875;191.73822
2022-03-25 00:00:00-04:00;195.0;193.20572
2022-03-28 00:00:00-04:00;196.6999969482422;195.91068
2022-03-29 00:00:00-04:00;202.63999938964844;197.3525
2022-03-30 00:00:00-04:00;202.0800018310547;202.50758
2022-03-31 00:00:00-04:00;201.25;201.93004
2022-04-01 00:00:00-04:00;205.97000122070312;201.39738
2022-04-04 00:00:00-04:00;203.1000061035156;205.7051
2022-04-05 00:00:00-04:00;202.7400054931641;203.25374
2022-04-06 00:00:00-04:00;206.25;203.27518
2022-04-07 00:00:00-04:00;203.55999755859375;206.48987
2022-04-08 00:00:00-04:00;202.88999938964844;204.17758
2022-04-11 00:00:00-04:00;198.5500030517578;203.8282
2022-04-12 00:00:00-04:00;197.44000244140625;200.13486
2022-04-13 00:00:00-04:00;198.3000030517578;199.31056
2022-04-14 00:00:00-04:00;196.17999267578125;200.0312
2022-04-18 00:00:00-04:00;194.1499938964844;198.09846
2022-04-19 00:00:00-04:00;197.5500030517578;196.26103
2022-04-20 00:00:00-04:00;200.9900054931641;199.06828
2022-04-21 00:00:00-04:00;199.66000366210935;201.83798
2022-04-22 00:00:00-04:00;195.77999877929688;200.51245
2022-04-25 00:00:00-04:00;193.0;197.13707
2022-04-26 00:00:00-04:00;190.6000061035156;194.76793
2022-04-27 00:00:00-04:00;187.3800048828125;192.70583
2022-04-28 00:00:00-04:00;190.44000244140625;189.9011
2022-04-29 00:00:00-04:00;182.16000366210935;192.40291
2022-05-02 00:00:00-04:00;178.14999389648438;185.16904
2022-05-03 00:00:00-04:00;180.5099945068359;181.4805
2022-05-04 00:00:00-04:00;184.30999755859375;183.17332
2022-05-05 00:00:00-04:00;179.17999267578125;186.18816
2022-05-06 00:00:00-04:00;176.67999267578125;181.61192
2022-05-09 00:00:00-04:00;167.27000427246094;179.15141
2022-05-10 00:00:00-04:00;163.16000366210938;171.0119
2022-05-11 00:00:00-04:00;161.72000122070312;167.03252
2022-05-12 00:00:00-04:00;161.9600067138672;165.43147
2022-05-13 00:00:00-04:00;166.4499969482422;165.24815
2022-05-16 00:00:00-04:00;164.9499969482422;168.61295
2022-05-17 00:00:00-04:00;165.5399932861328;167.1804
2022-05-18 00:00:00-04:00;158.0;167.2601
2022-05-19 00:00:00-04:00;157.82000732421875;160.84619
2022-05-20 00:00:00-04:00;159.7100067138672;160.11311
2022-05-23 00:00:00-04:00;160.7100067138672;161.589
2022-05-24 00:00:00-04:00;160.25;162.41206
2022-05-25 00:00:00-04:00;160.27999877929688;161.94626
2022-05-26 00:00:00-04:00;163.3000030517578;161.82422
2022-05-27 00:00:00-04:00;168.58999633789062;164.2658
2022-05-31 00:00:00-04:00;165.9499969482422;168.82047
2022-06-01 00:00:00-04:00;163.80999755859375;166.88136
2022-06-02 00:00:00-04:00;166.64999389648438;165.05188
2022-06-03 00:00:00-04:00;163.3699951171875;167.45409
2022-06-06 00:00:00-04:00;162.57000732421875;165.01926
2022-06-07 00:00:00-04:00;164.32000732421875;164.29987
2022-06-08 00:00:00-04:00;156.0800018310547;165.79726
2022-06-09 00:00:00-04:00;150.47000122070312;159.14359
2022-06-10 00:00:00-04:00;146.2899932861328;154.01378
2022-06-13 00:00:00-04:00;136.7100067138672;150.16896
2022-06-14 00:00:00-04:00;135.3699951171875;142.01405
2022-06-15 00:00:00-04:00;135.72999572753906;139.74144
2022-06-16 00:00:00-04:00;130.5399932861328;139.54904
2022-06-17 00:00:00-04:00;131.77999877929688;135.01141
2022-06-21 00:00:00-04:00;131.6199951171875;134.87808
2022-06-22 00:00:00-04:00;133.38999938964844;134.41072
2022-06-23 00:00:00-04:00;137.9499969482422;135.35593
2022-06-24 00:00:00-04:00;143.52999877929688;138.81854
2022-06-27 00:00:00-04:00;145.66000366210938;143.49895
2022-06-28 00:00:00-04:00;144.5;145.57718
2022-06-29 00:00:00-04:00;144.5399932861328;144.80615
2022-06-30 00:00:00-04:00;145.02999877929688;144.86642
2022-07-01 00:00:00-04:00;148.1300048828125;145.50735
2022-07-05 00:00:00-04:00;149.32000732421875;148.32574
2022-07-06 00:00:00-04:00;150.02000427246094;149.7859
2022-07-07 00:00:00-04:00;149.61000061035156;150.64702
2022-07-08 00:00:00-04:00;146.35000610351562;150.56126
2022-07-11 00:00:00-04:00;143.47000122070312;148.07822
2022-07-12 00:00:00-04:00;143.2100067138672;145.65324
2022-07-13 00:00:00-04:00;140.67999267578125;145.3278
2022-07-14 00:00:00-04:00;137.41000366210938;143.33853
2022-07-15 00:00:00-04:00;142.80999755859375;140.44963
2022-07-18 00:00:00-04:00;141.86000061035156;144.37766
2022-07-19 00:00:00-04:00;146.55999755859375;143.9977
2022-07-20 00:00:00-04:00;147.8000030517578;147.53021
2022-07-21 00:00:00-04:00;148.19000244140625;148.81625
2022-07-22 00:00:00-04:00;150.22000122070312;149.16344
2022-07-25 00:00:00-04:00;150.2899932861328;150.86502
2022-07-26 00:00:00-04:00;156.49000549316406;151.17226
2022-07-27 00:00:00-04:00;158.27000427246094;156.38718
2022-07-28 00:00:00-04:00;163.1999969482422;158.42996
2022-07-29 00:00:00-04:00;165.77999877929688;162.78802
2022-08-01 00:00:00-04:00;164.32000732421875;165.42635
2022-08-02 00:00:00-04:00;159.6699981689453;164.61673
2022-08-03 00:00:00-04:00;159.3699951171875;161.01733
2022-08-04 00:00:00-04:00;159.91000366210938;160.82835
2022-08-05 00:00:00-04:00;159.77999877929688;161.53603
2022-08-08 00:00:00-04:00;162.52000427246094;161.62228
2022-08-09 00:00:00-04:00;162.0500030517578;163.94382
2022-08-10 00:00:00-04:00;166.55999755859375;163.71272
2022-08-11 00:00:00-04:00;166.97000122070312;167.43167
2022-08-12 00:00:00-04:00;170.08999633789062;168.00444
2022-08-15 00:00:00-04:00;170.0399932861328;170.67453
2022-08-16 00:00:00-04:00;171.5800018310547;170.85014
2022-08-17 00:00:00-04:00;170.72999572753906;172.26843
2022-08-18 00:00:00-04:00;165.86000061035156;171.77165
2022-08-19 00:00:00-04:00;163.14999389648438;167.83838
2022-08-22 00:00:00-04:00;160.17999267578125;165.50558
2022-08-23 00:00:00-04:00;157.67999267578125;163.00449
2022-08-24 00:00:00-04:00;159.35000610351562;160.77675
2022-08-25 00:00:00-04:00;161.9499969482422;161.90805
2022-08-26 00:00:00-04:00;158.0;163.98761
2022-08-29 00:00:00-04:00;155.7100067138672;160.65964
2022-08-30 00:00:00-04:00;153.97999572753906;158.327
2022-08-31 00:00:00-04:00;153.39999389648438;156.61339
2022-09-01 00:00:00-04:00;151.75;155.88882
2022-09-02 00:00:00-04:00;150.38999938964844;154.35349
2022-09-06 00:00:00-04:00;152.6699981689453;152.95062
2022-09-07 00:00:00-04:00;154.33999633789062;154.53754
2022-09-08 00:00:00-04:00;156.94000244140625;155.9081
2022-09-09 00:00:00-04:00;158.83999633789062;158.00673
2022-09-12 00:00:00-04:00;160.27999877929688;159.64064
2022-09-13 00:00:00-04:00;153.72999572753906;160.91785
2022-09-14 00:00:00-04:00;151.99000549316406;155.68217
2022-09-15 00:00:00-04:00;150.88999938964844;153.90668
2022-09-16 00:00:00-04:00;150.66000366210938;153.01607
2022-09-19 00:00:00-04:00;149.02000427246094;152.80746
2022-09-20 00:00:00-04:00;144.74000549316406;151.43126
2022-09-21 00:00:00-04:00;141.24000549316406;147.7464
2022-09-22 00:00:00-04:00;142.07000732421875;144.44035
2022-09-23 00:00:00-04:00;143.0500030517578;144.6562
2022-09-26 00:00:00-04:00;139.4600067138672;145.35867
2022-09-27 00:00:00-04:00;137.92999267578125;142.34694
2022-09-28 00:00:00-04:00;141.22000122070312;140.5398
2022-09-29 00:00:00-04:00;138.44000244140625;142.84448
2022-09-30 00:00:00-04:00;140.19000244140625;140.77405
2022-10-03 00:00:00-04:00;144.08999633789062;141.72813
2022-10-04 00:00:00-04:00;145.5500030517578;144.92422
2022-10-05 00:00:00-04:00;141.35000610351562;146.37592
2022-10-06 00:00:00-04:00;139.3300018310547;143.07866
2022-10-07 00:00:00-04:00;134.74000549316406;141.08266
2022-10-10 00:00:00-04:00;132.13999938964844;137.31271
2022-10-11 00:00:00-04:00;134.47999572753906;134.82857
2022-10-12 00:00:00-04:00;133.05999755859375;136.40929
2022-10-13 00:00:00-04:00;134.64999389648438;135.4607
2022-10-14 00:00:00-04:00;131.5500030517578;136.40556
2022-10-17 00:00:00-04:00;134.19000244140625;133.95999
2022-10-18 00:00:00-04:00;133.75999450683594;135.56493
2022-10-19 00:00:00-04:00;130.58999633789062;135.4184
2022-10-20 00:00:00-04:00;129.24000549316406;132.77582
2022-10-21 00:00:00-04:00;132.0500030517578;131.2822
2022-10-24 00:00:00-04:00;132.8000030517578;133.31538
2022-10-25 00:00:00-04:00;140.2100067138672;134.18929
2022-10-26 00:00:00-04:00;140.10000610351562;140.12785
2022-10-27 00:00:00-04:00;142.08999633789062;140.74052
2022-10-28 00:00:00-04:00;145.72000122070312;142.32484
2022-10-31 00:00:00-04:00;145.3000030517578;145.55545
2022-11-01 00:00:00-04:00;144.75999450683594;145.72713
2022-11-02 00:00:00-04:00;142.3800048828125;145.47319
2022-11-03 00:00:00-04:00;143.08999633789062;143.75568
2022-11-04 00:00:00-04:00;145.89999389648438;144.34367
2022-11-07 00:00:00-05:00;146.8699951171875;146.87622
2022-11-08 00:00:00-05:00;145.60000610351562;148.02832
2022-11-09 00:00:00-05:00;142.74000549316406;147.1475
2022-11-10 00:00:00-05:00;153.5800018310547;144.7904
2022-11-11 00:00:00-05:00;150.97999572753906;153.45607
2022-11-14 00:00:00-05:00;147.3800048828125;152.24464
2022-11-15 00:00:00-05:00;149.82000732421875;149.14127
2022-11-16 00:00:00-05:00;147.3800048828125;150.92795
2022-11-17 00:00:00-05:00;147.25999450683594;149.27393
2022-11-18 00:00:00-05:00;150.1699981689453;149.05528
2022-11-21 00:00:00-05:00;149.80999755859375;151.46692
2022-11-22 00:00:00-05:00;152.67999267578125;151.41823
2022-11-23 00:00:00-05:00;151.82000732421875;153.71785
2022-11-25 00:00:00-05:00;154.1199951171875;153.23676
2022-11-28 00:00:00-05:00;149.00999450683594;155.0787
2022-11-29 00:00:00-05:00;152.52000427246094;151.14723
2022-11-30 00:00:00-05:00;155.61000061035156;153.67928
2022-12-01 00:00:00-05:00;154.8699951171875;156.55977
2022-12-02 00:00:00-05:00;153.32000732421875;156.20326
2022-12-05 00:00:00-05:00;150.5800018310547;154.90987
2022-12-06 00:00:00-05:00;146.49000549316406;152.62099
2022-12-07 00:00:00-05:00;145.52000427246094;149.16063
2022-12-08 00:00:00-05:00;148.66000366210938;148.07549
2022-12-09 00:00:00-05:00;149.25999450683594;150.5275
2022-12-12 00:00:00-05:00;150.07000732421875;151.17593
2022-12-13 00:00:00-05:00;152.6999969482422;151.73088
2022-12-14 00:00:00-05:00;152.97000122070312;153.81908
2022-12-15 00:00:00-05:00;150.38999938964844;154.16896
2022-12-16 00:00:00-05:00;144.89999389648438;152.06906
2022-12-19 00:00:00-05:00;144.11000061035156;147.45668
2022-12-20 00:00:00-05:00;144.8699951171875;146.40575
2022-12-21 00:00:00-05:00;146.88999938964844;146.99144
2022-12-22 00:00:00-05:00;146.07000732421875;148.64697
2022-12-23 00:00:00-05:00;147.24000549316406;148.03944
2022-12-27 00:00:00-05:00;146.4499969482422;148.7879
2022-12-28 00:00:00-05:00;143.4499969482422;148.16243
2022-12-29 00:00:00-05:00;145.1999969482422;145.62094
2022-12-30 00:00:00-05:00;145.6699981689453;146.74551
2023-01-03 00:00:00-05:00;144.11000061035156;147.27475
2023-01-04 00:00:00-05:00;146.88999938964844;146.01964
2023-01-05 00:00:00-05:00;143.0500030517578;148.0919
2023-01-06 00:00:00-05:00;147.60000610351562;145.2136
2023-01-09 00:00:00-05:00;146.58999633789062;148.52971
2023-01-10 00:00:00-05:00;147.66000366210938;148.10815
2023-01-11 00:00:00-05:00;153.6999969482422;148.87753
2023-01-12 00:00:00-05:00;155.8800048828125;153.92287
2023-01-13 00:00:00-05:00;155.57000732421875;156.20375
2023-01-17 00:00:00-05:00;156.16000366210938;156.17198
2023-01-18 00:00:00-05:00;155.19000244140625;156.7785
2023-01-19 00:00:00-05:00;154.33999633789062;156.22641
2023-01-20 00:00:00-05:00;157.0399932861328;155.67558
2023-01-23 00:00:00-05:00;159.0399932861328;158.02524
2023-01-24 00:00:00-05:00;158.85000610351562;159.99455
