Date;AVB;close_predicted
2017-06-27 00:00:00-04:00;192.80999755859375;192.35898
2017-06-28 00:00:00-04:00;192.52999877929688;191.57072
2017-06-29 00:00:00-04:00;192.0099945068359;190.84378
2017-06-30 00:00:00-04:00;192.1699981689453;190.35826
2017-07-03 00:00:00-04:00;194.27999877929688;190.35951
2017-07-05 00:00:00-04:00;193.7400054931641;191.6763
2017-07-06 00:00:00-04:00;188.19000244140625;192.00342
2017-07-07 00:00:00-04:00;189.3000030517578;188.53256
2017-07-10 00:00:00-04:00;186.83999633789065;187.22493
2017-07-11 00:00:00-04:00;186.30999755859375;186.08427
2017-07-12 00:00:00-04:00;186.97000122070312;185.4126
2017-07-13 00:00:00-04:00;186.9499969482422;185.59534
2017-07-14 00:00:00-04:00;187.7100067138672;185.72707
2017-07-17 00:00:00-04:00;190.0399932861328;186.05731
2017-07-18 00:00:00-04:00;188.3999938964844;187.46936
2017-07-19 00:00:00-04:00;190.1699981689453;187.1418
2017-07-20 00:00:00-04:00;190.1199951171875;187.56882
2017-07-21 00:00:00-04:00;191.1499938964844;187.89957
2017-07-24 00:00:00-04:00;189.16000366210935;188.58144
2017-07-25 00:00:00-04:00;187.83999633789065;187.72575
2017-07-26 00:00:00-04:00;191.1199951171875;186.33917
2017-07-27 00:00:00-04:00;190.5500030517578;187.7754
2017-07-28 00:00:00-04:00;192.5;188.63315
2017-07-31 00:00:00-04:00;192.3500061035156;189.78633
2017-08-01 00:00:00-04:00;192.1199951171875;190.09355
2017-08-02 00:00:00-04:00;191.2899932861328;189.85826
2017-08-03 00:00:00-04:00;187.80999755859375;189.2478
2017-08-04 00:00:00-04:00;187.8699951171875;187.0406
2017-08-07 00:00:00-04:00;188.44000244140625;186.08395
2017-08-08 00:00:00-04:00;188.5500030517578;186.51079
2017-08-09 00:00:00-04:00;189.27000427246097;186.99983
2017-08-10 00:00:00-04:00;189.0500030517578;187.46123
2017-08-11 00:00:00-04:00;188.5099945068359;187.38893
2017-08-14 00:00:00-04:00;191.57000732421875;186.88947
2017-08-15 00:00:00-04:00;192.07000732421875;188.42447
2017-08-16 00:00:00-04:00;191.1999969482422;189.69853
2017-08-17 00:00:00-04:00;190.3800048828125;189.42627
2017-08-18 00:00:00-04:00;188.9900054931641;188.48328
2017-08-21 00:00:00-04:00;190.30999755859375;187.32529
2017-08-22 00:00:00-04:00;189.0800018310547;187.7785
2017-08-23 00:00:00-04:00;189.77999877929688;187.63564
2017-08-24 00:00:00-04:00;189.33999633789065;187.78795
2017-08-25 00:00:00-04:00;188.9900054931641;187.63278
2017-08-28 00:00:00-04:00;188.3300018310547;187.28886
2017-08-29 00:00:00-04:00;187.27999877929688;186.7572
2017-08-30 00:00:00-04:00;186.9199981689453;185.9466
2017-08-31 00:00:00-04:00;187.72999572753903;185.42131
2017-09-01 00:00:00-04:00;188.0;185.79091
2017-09-05 00:00:00-04:00;186.67999267578125;186.24069
2017-09-06 00:00:00-04:00;185.52999877929688;185.55476
2017-09-07 00:00:00-04:00;185.9900054931641;184.35425
2017-09-08 00:00:00-04:00;186.7599945068359;184.14305
2017-09-11 00:00:00-04:00;188.5500030517578;184.7833
2017-09-12 00:00:00-04:00;184.6300048828125;186.16693
2017-09-13 00:00:00-04:00;183.83999633789065;184.41893
2017-09-14 00:00:00-04:00;183.72999572753903;182.5965
2017-09-15 00:00:00-04:00;183.77000427246097;182.04938
2017-09-18 00:00:00-04:00;183.1699981689453;182.2553
2017-09-19 00:00:00-04:00;181.72000122070312;182.08168
2017-09-20 00:00:00-04:00;180.8000030517578;180.99707
2017-09-21 00:00:00-04:00;179.80999755859375;179.85199
2017-09-22 00:00:00-04:00;178.52000427246094;178.90427
2017-09-25 00:00:00-04:00;179.30999755859375;177.88713
2017-09-26 00:00:00-04:00;179.10000610351562;177.9234
2017-09-27 00:00:00-04:00;178.16000366210938;178.004
2017-09-28 00:00:00-04:00;178.60000610351562;177.38737
2017-09-29 00:00:00-04:00;178.4199981689453;177.17444
2017-10-02 00:00:00-04:00;177.58999633789062;177.07118
2017-10-03 00:00:00-04:00;177.69000244140625;176.54236
2017-10-04 00:00:00-04:00;180.0;176.27
2017-10-05 00:00:00-04:00;180.44000244140625;177.53278
2017-10-06 00:00:00-04:00;178.89999389648438;178.53603
2017-10-09 00:00:00-04:00;178.75;177.8223
2017-10-10 00:00:00-04:00;178.5;177.0615
2017-10-11 00:00:00-04:00;179.97999572753906;176.74612
2017-10-12 00:00:00-04:00;180.9600067138672;177.64276
2017-10-13 00:00:00-04:00;180.6000061035156;178.78415
2017-10-16 00:00:00-04:00;179.1999969482422;178.94133
2017-10-17 00:00:00-04:00;180.02000427246094;177.92462
2017-10-18 00:00:00-04:00;180.0800018310547;177.82907
2017-10-19 00:00:00-04:00;180.6000061035156;178.15424
2017-10-20 00:00:00-04:00;181.19000244140625;178.66304
2017-10-23 00:00:00-04:00;181.97999572753903;179.18466
2017-10-24 00:00:00-04:00;179.50999450683594;179.79282
2017-10-25 00:00:00-04:00;180.47999572753903;178.60808
2017-10-26 00:00:00-04:00;180.66000366210935;178.35732
2017-10-27 00:00:00-04:00;181.6499938964844;178.70753
2017-10-30 00:00:00-04:00;181.88999938964844;179.53949
2017-10-31 00:00:00-04:00;181.3300018310547;180.02617
2017-11-01 00:00:00-04:00;183.3999938964844;179.74234
2017-11-02 00:00:00-04:00;180.3500061035156;180.66129
2017-11-03 00:00:00-04:00;181.97000122070312;179.56409
2017-11-06 00:00:00-05:00;183.38999938964844;179.63089
2017-11-07 00:00:00-05:00;183.7599945068359;180.83974
2017-11-08 00:00:00-05:00;186.69000244140625;181.713
2017-11-09 00:00:00-05:00;187.47000122070312;183.5398
2017-11-10 00:00:00-05:00;187.16000366210935;184.80222
2017-11-13 00:00:00-05:00;188.11000061035156;184.87383
2017-11-14 00:00:00-05:00;187.5099945068359;185.22961
2017-11-15 00:00:00-05:00;184.69000244140625;185.20001
2017-11-16 00:00:00-05:00;186.08999633789065;183.56458
2017-11-17 00:00:00-05:00;184.3699951171875;183.55534
2017-11-20 00:00:00-05:00;183.94000244140625;183.08182
2017-11-21 00:00:00-05:00;185.02000427246097;182.55623
2017-11-22 00:00:00-05:00;184.6000061035156;182.99341
2017-11-24 00:00:00-05:00;184.6300048828125;183.115
2017-11-27 00:00:00-05:00;182.83999633789065;183.03328
2017-11-28 00:00:00-05:00;181.27000427246097;181.90897
2017-11-29 00:00:00-05:00;182.0399932861328;180.40198
2017-11-30 00:00:00-05:00;181.3300018310547;180.29959
2017-12-01 00:00:00-05:00;181.3300018310547;180.21387
2017-12-04 00:00:00-05:00;181.1199951171875;180.09447
2017-12-05 00:00:00-05:00;178.80999755859375;179.84843
2017-12-06 00:00:00-05:00;179.3800048828125;178.37195
2017-12-07 00:00:00-05:00;179.9600067138672;177.8803
2017-12-08 00:00:00-05:00;182.22000122070312;178.30681
2017-12-11 00:00:00-05:00;182.80999755859375;179.89467
2017-12-12 00:00:00-05:00;183.63999938964844;180.92108
2017-12-13 00:00:00-05:00;182.30999755859375;181.47429
2017-12-14 00:00:00-05:00;182.3699951171875;180.76257
2017-12-15 00:00:00-05:00;181.66000366210935;180.31178
2017-12-18 00:00:00-05:00;182.4600067138672;179.92712
2017-12-19 00:00:00-05:00;177.72000122070312;180.321
2017-12-20 00:00:00-05:00;177.6199951171875;177.95505
2017-12-21 00:00:00-05:00;175.5500030517578;176.42885
2017-12-22 00:00:00-05:00;178.1199951171875;175.062
2017-12-26 00:00:00-05:00;178.99000549316406;176.07924
2017-12-27 00:00:00-05:00;178.57000732421875;177.4278
2017-12-28 00:00:00-05:00;178.5800018310547;177.52237
2017-12-29 00:00:00-05:00;178.41000366210938;177.12668
2018-01-02 00:00:00-05:00;177.24000549316406;176.78798
2018-01-03 00:00:00-05:00;177.7899932861328;176.06238
2018-01-04 00:00:00-05:00;174.61000061035156;176.04576
2018-01-05 00:00:00-05:00;174.25999450683594;174.4302
2018-01-08 00:00:00-05:00;174.38999938964844;173.26276
2018-01-09 00:00:00-05:00;173.07000732421875;173.0842
2018-01-10 00:00:00-05:00;170.9600067138672;172.49626
2018-01-11 00:00:00-05:00;169.77000427246094;170.92014
2018-01-12 00:00:00-05:00;168.22999572753906;169.41788
2018-01-16 00:00:00-05:00;169.02999877929688;168.05199
2018-01-17 00:00:00-05:00;169.91000366210938;167.99893
2018-01-18 00:00:00-05:00;167.7899932861328;168.70638
2018-01-19 00:00:00-05:00;168.6999969482422;167.80684
2018-01-22 00:00:00-05:00;170.10000610351562;167.45009
2018-01-23 00:00:00-05:00;172.69000244140625;168.21931
2018-01-24 00:00:00-05:00;171.8000030517578;170.15959
2018-01-25 00:00:00-05:00;170.17999267578125;170.51361
2018-01-26 00:00:00-05:00;170.08999633789062;169.23892
2018-01-29 00:00:00-05:00;168.25;168.40256
2018-01-30 00:00:00-05:00;166.8699951171875;167.32822
2018-01-31 00:00:00-05:00;170.39999389648438;166.17302
2018-02-01 00:00:00-05:00;164.11000061035156;167.70934
2018-02-02 00:00:00-05:00;163.9600067138672;165.42848
2018-02-05 00:00:00-05:00;159.02000427246094;163.45079
2018-02-06 00:00:00-05:00;160.25;160.22867
2018-02-07 00:00:00-05:00;158.27999877929688;159.41486
2018-02-08 00:00:00-05:00;154.94000244140625;158.65474
2018-02-09 00:00:00-05:00;159.61000061035156;156.40678
2018-02-12 00:00:00-05:00;158.75;157.53378
2018-02-13 00:00:00-05:00;159.39999389648438;158.272
2018-02-14 00:00:00-05:00;158.9199981689453;158.53691
2018-02-15 00:00:00-05:00;161.10000610351562;158.10492
2018-02-16 00:00:00-05:00;162.57000732421875;158.89536
2018-02-20 00:00:00-05:00;160.4199981689453;160.29413
2018-02-21 00:00:00-05:00;156.02000427246094;159.71762
2018-02-22 00:00:00-05:00;157.1199951171875;156.5953
2018-02-23 00:00:00-05:00;160.00999450683594;155.48405
2018-02-26 00:00:00-05:00;160.14999389648438;157.30643
2018-02-27 00:00:00-05:00;156.0800018310547;158.75786
2018-02-28 00:00:00-05:00;156.02000427246094;156.79193
2018-03-01 00:00:00-05:00;155.0500030517578;155.10442
2018-03-02 00:00:00-05:00;153.89999389648438;154.17053
2018-03-05 00:00:00-05:00;156.0800018310547;153.44734
2018-03-06 00:00:00-05:00;155.9600067138672;154.34122
2018-03-07 00:00:00-05:00;158.11000061035156;154.94885
2018-03-08 00:00:00-05:00;159.5;156.115
2018-03-09 00:00:00-05:00;161.4199981689453;157.37209
2018-03-12 00:00:00-04:00;161.5399932861328;158.84813
2018-03-13 00:00:00-04:00;161.52000427246094;159.4962
2018-03-14 00:00:00-04:00;163.47000122070312;159.53236
2018-03-15 00:00:00-04:00;163.6699981689453;160.54791
2018-03-16 00:00:00-04:00;165.75;161.38506
2018-03-19 00:00:00-04:00;165.08999633789062;162.82257
2018-03-20 00:00:00-04:00;164.30999755859375;163.18385
2018-03-21 00:00:00-04:00;163.24000549316406;162.6629
2018-03-22 00:00:00-04:00;160.25999450683594;161.79355
2018-03-23 00:00:00-04:00;158.00999450683594;159.91513
2018-03-26 00:00:00-04:00;158.8300018310547;157.86707
2018-03-27 00:00:00-04:00;160.63999938964844;157.59734
2018-03-28 00:00:00-04:00;164.0500030517578;158.94759
2018-03-29 00:00:00-04:00;164.4600067138672;161.59184
2018-04-02 00:00:00-04:00;162.66000366210938;162.9156
2018-04-03 00:00:00-04:00;164.9600067138672;161.92308
2018-04-04 00:00:00-04:00;166.02000427246094;162.27704
2018-04-05 00:00:00-04:00;166.22999572753906;163.48634
2018-04-06 00:00:00-04:00;166.0;164.27606
2018-04-09 00:00:00-04:00;165.4199981689453;164.30453
2018-04-10 00:00:00-04:00;166.7899932861328;163.8453
2018-04-11 00:00:00-04:00;166.02999877929688;164.40224
2018-04-12 00:00:00-04:00;165.1999969482422;164.52168
2018-04-13 00:00:00-04:00;166.52999877929688;164.00407
2018-04-16 00:00:00-04:00;166.0;164.42642
2018-04-17 00:00:00-04:00;166.97000122070312;164.57767
2018-04-18 00:00:00-04:00;165.9499969482422;165.08578
2018-04-19 00:00:00-04:00;162.5399932861328;164.8018
2018-04-20 00:00:00-04:00;160.8699951171875;162.63922
2018-04-23 00:00:00-04:00;161.0;160.53978
2018-04-24 00:00:00-04:00;161.89999389648438;159.9678
2018-04-25 00:00:00-04:00;161.7899932861328;160.64923
2018-04-26 00:00:00-04:00;161.5800018310547;161.03337
2018-04-27 00:00:00-04:00;164.3300018310547;160.82057
2018-04-30 00:00:00-04:00;163.0;162.01149
2018-05-01 00:00:00-04:00;164.5500030517578;162.04523
2018-05-02 00:00:00-04:00;162.6199951171875;162.53543
2018-05-03 00:00:00-04:00;162.85000610351562;161.78923
2018-05-04 00:00:00-04:00;164.35000610351562;161.33977
2018-05-07 00:00:00-04:00;165.1999969482422;162.1361
2018-05-08 00:00:00-04:00;164.47000122070312;163.21857
2018-05-09 00:00:00-04:00;165.72000122070312;163.21692
2018-05-10 00:00:00-04:00;167.6999969482422;163.5991
2018-05-11 00:00:00-04:00;166.3800048828125;164.981
2018-05-14 00:00:00-04:00;164.5399932861328;165.01985
2018-05-15 00:00:00-04:00;160.64999389648438;163.6771
2018-05-16 00:00:00-04:00;159.5;160.82907
2018-05-17 00:00:00-04:00;158.52000427246094;158.93071
2018-05-18 00:00:00-04:00;157.75999450683594;158.06165
2018-05-21 00:00:00-04:00;158.77000427246094;157.55913
2018-05-22 00:00:00-04:00;159.25;157.884
2018-05-23 00:00:00-04:00;161.49000549316406;158.34055
2018-05-24 00:00:00-04:00;160.72000122070312;159.61392
2018-05-25 00:00:00-04:00;161.75999450683594;159.76277
2018-05-29 00:00:00-04:00;161.47000122070312;160.0043
2018-05-30 00:00:00-04:00;165.86000061035156;159.97122
2018-05-31 00:00:00-04:00;165.5399932861328;162.30669
2018-06-01 00:00:00-04:00;167.11000061035156;163.58917
2018-06-04 00:00:00-04:00;169.0;164.55777
2018-06-05 00:00:00-04:00;166.89999389648438;165.91219
2018-06-06 00:00:00-04:00;167.42999267578125;165.41486
2018-06-07 00:00:00-04:00;166.86000061035156;165.15445
2018-06-08 00:00:00-04:00;167.82000732421875;164.98042
2018-06-11 00:00:00-04:00;166.61000061035156;165.57672
2018-06-12 00:00:00-04:00;168.52000427246094;165.37135
2018-06-13 00:00:00-04:00;166.55999755859375;166.16002
2018-06-14 00:00:00-04:00;168.17999267578125;165.65567
2018-06-15 00:00:00-04:00;168.72000122070312;166.04636
2018-06-18 00:00:00-04:00;167.5800018310547;166.77318
2018-06-19 00:00:00-04:00;167.2899932861328;166.48003
2018-06-20 00:00:00-04:00;169.30999755859375;165.95433
2018-06-21 00:00:00-04:00;169.91000366210938;166.88388
2018-06-22 00:00:00-04:00;170.8300018310547;167.94826
2018-06-25 00:00:00-04:00;172.22999572753906;168.81184
2018-06-26 00:00:00-04:00;171.30999755859375;169.81786
2018-06-27 00:00:00-04:00;169.61000061035156;169.70906
2018-06-28 00:00:00-04:00;171.41000366210938;168.49117
2018-06-29 00:00:00-04:00;171.88999938964844;168.89757
2018-07-02 00:00:00-04:00;170.60000610351562;169.82655
2018-07-03 00:00:00-04:00;170.97999572753906;169.5356
2018-07-05 00:00:00-04:00;172.38999938964844;169.31288
2018-07-06 00:00:00-04:00;172.88999938964844;170.09583
2018-07-09 00:00:00-04:00;171.89999389648438;170.92838
2018-07-10 00:00:00-04:00;173.52000427246094;170.64262
2018-07-11 00:00:00-04:00;173.92999267578125;171.17117
2018-07-12 00:00:00-04:00;174.25999450683594;171.85144
2018-07-13 00:00:00-04:00;173.35000610351562;172.3146
2018-07-16 00:00:00-04:00;172.64999389648438;171.91661
2018-07-17 00:00:00-04:00;171.3699951171875;171.21521
2018-07-18 00:00:00-04:00;171.27999877929688;170.26439
2018-07-19 00:00:00-04:00;172.39999389648438;169.88432
2018-07-20 00:00:00-04:00;170.5399932861328;170.54874
2018-07-23 00:00:00-04:00;170.35000610351562;169.96655
2018-07-24 00:00:00-04:00;170.5800018310547;169.27502
2018-07-25 00:00:00-04:00;172.5;169.1499
2018-07-26 00:00:00-04:00;172.8800048828125;170.32152
2018-07-27 00:00:00-04:00;172.22999572753906;171.2123
2018-07-30 00:00:00-04:00;172.1699981689453;170.98651
2018-07-31 00:00:00-04:00;176.85000610351562;170.5762
2018-08-01 00:00:00-04:00;178.2100067138672;173.07875
2018-08-02 00:00:00-04:00;178.5;175.4619
2018-08-03 00:00:00-04:00;180.0800018310547;176.27457
2018-08-06 00:00:00-04:00;180.2100067138672;177.04684
2018-08-07 00:00:00-04:00;179.08999633789062;177.5028
2018-08-08 00:00:00-04:00;178.25999450683594;177.0696
2018-08-09 00:00:00-04:00;178.88999938964844;176.36597
2018-08-10 00:00:00-04:00;177.1999969482422;176.56317
2018-08-13 00:00:00-04:00;177.6699981689453;175.9916
2018-08-14 00:00:00-04:00;178.6300048828125;175.89407
2018-08-15 00:00:00-04:00;180.3000030517578;176.56465
2018-08-16 00:00:00-04:00;181.32000732421875;177.9237
2018-08-17 00:00:00-04:00;183.1999969482422;179.0785
2018-08-20 00:00:00-04:00;183.07000732421875;180.43744
2018-08-21 00:00:00-04:00;181.02999877929688;180.86464
2018-08-22 00:00:00-04:00;181.3000030517578;179.64835
2018-08-23 00:00:00-04:00;181.1499938964844;179.11523
2018-08-24 00:00:00-04:00;182.8000030517578;179.1754
2018-08-27 00:00:00-04:00;182.47000122070312;180.33063
2018-08-28 00:00:00-04:00;184.4900054931641;180.7656
2018-08-29 00:00:00-04:00;184.2599945068359;181.83417
2018-08-30 00:00:00-04:00;182.8300018310547;182.21857
2018-08-31 00:00:00-04:00;183.2899932861328;181.36398
2018-09-04 00:00:00-04:00;182.86000061035156;181.11671
2018-09-05 00:00:00-04:00;183.8999938964844;181.04529
2018-09-06 00:00:00-04:00;184.2400054931641;181.68956
2018-09-07 00:00:00-04:00;183.17999267578125;182.26251
2018-09-10 00:00:00-04:00;184.2899932861328;181.7859
2018-09-11 00:00:00-04:00;183.9199981689453;182.01425
2018-09-12 00:00:00-04:00;183.72000122070312;182.1047
2018-09-13 00:00:00-04:00;185.72000122070312;181.98817
2018-09-14 00:00:00-04:00;183.2899932861328;183.05893
2018-09-17 00:00:00-04:00;184.72999572753903;182.30498
2018-09-18 00:00:00-04:00;184.0800018310547;182.41307
2018-09-19 00:00:00-04:00;182.1000061035156;182.35455
2018-09-20 00:00:00-04:00;184.1300048828125;181.16624
2018-09-21 00:00:00-04:00;185.19000244140625;181.67998
2018-09-24 00:00:00-04:00;180.72000122070312;182.9174
2018-09-25 00:00:00-04:00;181.13999938964844;180.85864
2018-09-26 00:00:00-04:00;178.2100067138672;179.57736
2018-09-27 00:00:00-04:00;177.72999572753906;177.8085
2018-09-28 00:00:00-04:00;181.1499938964844;176.8503
2018-10-01 00:00:00-04:00;179.9600067138672;178.6539
2018-10-02 00:00:00-04:00;179.99000549316406;179.14467
2018-10-03 00:00:00-04:00;178.61000061035156;178.78415
2018-10-04 00:00:00-04:00;177.22000122070312;177.62318
2018-10-05 00:00:00-04:00;177.30999755859375;176.28735
2018-10-08 00:00:00-04:00;179.3300018310547;175.89297
2018-10-09 00:00:00-04:00;181.1300048828125;177.13795
2018-10-10 00:00:00-04:00;178.36000061035156;178.89693
2018-10-11 00:00:00-04:00;173.19000244140625;177.87473
2018-10-12 00:00:00-04:00;172.7899932861328;173.88214
2018-10-15 00:00:00-04:00;172.89999389648438;171.71176
2018-10-16 00:00:00-04:00;176.13999938964844;171.65765
2018-10-17 00:00:00-04:00;176.0;173.93253
2018-10-18 00:00:00-04:00;176.3000030517578;174.98915
2018-10-19 00:00:00-04:00;177.97000122070312;174.95891
2018-10-22 00:00:00-04:00;172.83999633789062;175.56767
2018-10-23 00:00:00-04:00;173.7100067138672;173.08894
2018-10-24 00:00:00-04:00;176.6699981689453;171.99925
2018-10-25 00:00:00-04:00;177.67999267578125;173.77583
2018-10-26 00:00:00-04:00;174.88999938964844;175.64058
2018-10-29 00:00:00-04:00;178.13999938964844;174.52689
2018-10-30 00:00:00-04:00;178.61000061035156;175.18166
2018-10-31 00:00:00-04:00;175.3800048828125;176.2307
2018-11-01 00:00:00-04:00;175.3300018310547;174.84897
2018-11-02 00:00:00-04:00;173.17999267578125;173.76045
2018-11-05 00:00:00-05:00;177.07000732421875;172.38657
2018-11-06 00:00:00-05:00;180.11000061035156;174.08604
2018-11-07 00:00:00-05:00;182.3500061035156;177.15585
2018-11-08 00:00:00-05:00;182.2100067138672;179.61711
2018-11-09 00:00:00-05:00;182.52999877929688;180.04079
2018-11-12 00:00:00-05:00;184.25;179.89125
2018-11-13 00:00:00-05:00;185.9499969482422;180.87282
2018-11-14 00:00:00-05:00;185.52000427246097;182.61156
2018-11-15 00:00:00-05:00;182.6000061035156;183.15897
2018-11-16 00:00:00-05:00;185.5399932861328;181.40291
2018-11-19 00:00:00-05:00;187.75;182.10207
2018-11-20 00:00:00-05:00;186.52999877929688;184.40805
2018-11-21 00:00:00-05:00;186.4499969482422;184.81424
2018-11-23 00:00:00-05:00;185.7899932861328;184.37552
2018-11-26 00:00:00-05:00;186.38999938964844;183.75716
2018-11-27 00:00:00-05:00;188.0;183.99675
2018-11-28 00:00:00-05:00;188.80999755859375;185.29611
2018-11-29 00:00:00-05:00;188.07000732421875;186.42908
2018-11-30 00:00:00-05:00;190.57000732421875;186.26657
2018-12-03 00:00:00-05:00;190.7100067138672;187.37161
2018-12-04 00:00:00-05:00;187.32000732421875;188.19589
2018-12-06 00:00:00-05:00;191.6699981689453;186.42769
2018-12-07 00:00:00-05:00;188.61000061035156;187.8351
2018-12-10 00:00:00-05:00;187.4499969482422;187.41206
2018-12-11 00:00:00-05:00;187.9199981689453;186.11717
2018-12-12 00:00:00-05:00;183.8300018310547;185.8337
2018-12-13 00:00:00-05:00;186.6000061035156;183.70984
2018-12-14 00:00:00-05:00;186.8999938964844;184.16753
2018-12-17 00:00:00-05:00;179.8699951171875;185.15204
2018-12-18 00:00:00-05:00;181.91000366210935;181.4317
2018-12-19 00:00:00-05:00;180.77999877929688;180.16634
2018-12-20 00:00:00-05:00;180.38999938964844;179.84549
2018-12-21 00:00:00-05:00;177.0399932861328;179.66505
2018-12-24 00:00:00-05:00;168.83999633789062;177.58397
2018-12-26 00:00:00-05:00;173.2899932861328;171.75157
2018-12-27 00:00:00-05:00;173.41000366210938;171.30193
2018-12-28 00:00:00-05:00;172.6699981689453;172.64227
2018-12-31 00:00:00-05:00;174.0500030517578;172.81512
2019-01-02 00:00:00-05:00;169.1999969482422;173.01453
2019-01-03 00:00:00-05:00;170.0;170.23671
2019-01-04 00:00:00-05:00;171.1999969482422;168.9123
2019-01-07 00:00:00-05:00;170.72000122070312;169.54153
2019-01-08 00:00:00-05:00;174.25999450683594;169.893
2019-01-09 00:00:00-05:00;175.75999450683594;171.73172
2019-01-10 00:00:00-05:00;177.99000549316406;173.45831
2019-01-11 00:00:00-05:00;178.58999633789062;175.14726
2019-01-14 00:00:00-05:00;178.17999267578125;176.00674
2019-01-15 00:00:00-05:00;179.7899932861328;175.89221
2019-01-16 00:00:00-05:00;182.16000366210935;176.6449
2019-01-17 00:00:00-05:00;183.33999633789065;178.60895
2019-01-18 00:00:00-05:00;184.08999633789065;180.29057
2019-01-22 00:00:00-05:00;184.02999877929688;181.20914
2019-01-23 00:00:00-05:00;184.94000244140625;181.36621
2019-01-24 00:00:00-05:00;184.9499969482422;181.90431
2019-01-25 00:00:00-05:00;186.6499938964844;182.34134
2019-01-28 00:00:00-05:00;188.83999633789065;183.54483
2019-01-29 00:00:00-05:00;190.72999572753903;185.47215
2019-01-30 00:00:00-05:00;191.22999572753903;187.39445
2019-01-31 00:00:00-05:00;192.9199981689453;188.30824
2019-02-01 00:00:00-05:00;190.1999969482422;189.41458
2019-02-04 00:00:00-05:00;192.33999633789065;188.3622
2019-02-05 00:00:00-05:00;194.5;188.90836
2019-02-06 00:00:00-05:00;193.9600067138672;190.9327
2019-02-07 00:00:00-05:00;195.27999877929688;191.63193
2019-02-08 00:00:00-05:00;194.5;192.28166
2019-02-11 00:00:00-05:00;195.0500030517578;192.10078
2019-02-12 00:00:00-05:00;193.4600067138672;192.27489
2019-02-13 00:00:00-05:00;196.07000732421875;191.5966
2019-02-14 00:00:00-05:00;195.72000122070312;192.79167
2019-02-15 00:00:00-05:00;196.07000732421875;193.46593
2019-02-19 00:00:00-05:00;196.4499969482422;193.70897
2019-02-20 00:00:00-05:00;194.1000061035156;193.92076
2019-02-21 00:00:00-05:00;195.91000366210935;192.64865
2019-02-22 00:00:00-05:00;196.0399932861328;193.0331
2019-02-25 00:00:00-05:00;194.6199951171875;193.71442
2019-02-26 00:00:00-05:00;194.92999267578125;193.1166
2019-02-27 00:00:00-05:00;194.27000427246097;192.78333
2019-02-28 00:00:00-05:00;194.6300048828125;192.4076
2019-03-01 00:00:00-05:00;194.25;192.51024
2019-03-04 00:00:00-05:00;195.6699981689453;192.42648
2019-03-05 00:00:00-05:00;196.44000244140625;193.15843
2019-03-06 00:00:00-05:00;195.47000122070312;194.00696
2019-03-07 00:00:00-05:00;195.5;193.66481
2019-03-08 00:00:00-05:00;196.44000244140625;193.27989
2019-03-11 00:00:00-04:00;197.44000244140625;193.77032
2019-03-12 00:00:00-04:00;198.86000061035156;194.75365
2019-03-13 00:00:00-04:00;199.3699951171875;195.97719
2019-03-14 00:00:00-04:00;200.07000732421875;196.66367
2019-03-15 00:00:00-04:00;198.97000122070312;197.15138
2019-03-18 00:00:00-04:00;197.1999969482422;196.65074
2019-03-19 00:00:00-04:00;196.4199981689453;195.3011
2019-03-20 00:00:00-04:00;196.66000366210935;194.35402
2019-03-21 00:00:00-04:00;198.67999267578125;194.40979
2019-03-22 00:00:00-04:00;199.58999633789065;195.87625
2019-03-25 00:00:00-04:00;199.1699981689453;197.11714
2019-03-26 00:00:00-04:00;200.8699951171875;197.0665
2019-03-27 00:00:00-04:00;200.8500061035156;197.73743
2019-03-28 00:00:00-04:00;200.9199981689453;198.16647
2019-03-29 00:00:00-04:00;200.72999572753903;198.30182
2019-04-01 00:00:00-04:00;200.67999267578125;198.19823
2019-04-02 00:00:00-04:00;202.2100067138672;198.13673
2019-04-03 00:00:00-04:00;202.36000061035156;199.09537
2019-04-04 00:00:00-04:00;201.72999572753903;199.73018
2019-04-05 00:00:00-04:00;202.17999267578125;199.43492
2019-04-08 00:00:00-04:00;201.5099945068359;199.42525
2019-04-09 00:00:00-04:00;200.6000061035156;199.16681
2019-04-10 00:00:00-04:00;202.1999969482422;198.53088
2019-04-11 00:00:00-04:00;203.1499938964844;199.24786
2019-04-12 00:00:00-04:00;204.0800018310547;200.37074
2019-04-15 00:00:00-04:00;204.1300048828125;201.28882
2019-04-16 00:00:00-04:00;197.94000244140625;201.48712
2019-04-17 00:00:00-04:00;193.8300018310547;197.7057
2019-04-18 00:00:00-04:00;196.1499938964844;193.36353
2019-04-22 00:00:00-04:00;193.6499938964844;193.51128
2019-04-23 00:00:00-04:00;196.2599945068359;193.2359
2019-04-24 00:00:00-04:00;198.16000366210935;194.333
2019-04-25 00:00:00-04:00;199.9499969482422;195.92361
2019-04-26 00:00:00-04:00;200.52000427246097;197.38689
2019-04-29 00:00:00-04:00;198.0099945068359;197.99445
2019-04-30 00:00:00-04:00;200.92999267578125;196.44124
2019-05-01 00:00:00-04:00;201.16000366210935;197.27419
2019-05-02 00:00:00-04:00;201.44000244140625;198.35896
2019-05-03 00:00:00-04:00;202.16000366210935;198.85724
2019-05-06 00:00:00-04:00;200.57000732421875;199.26172
2019-05-07 00:00:00-04:00;196.7899932861328;198.44812
2019-05-08 00:00:00-04:00;196.4499969482422;195.75089
2019-05-09 00:00:00-04:00;198.52999877929688;194.42804
2019-05-10 00:00:00-04:00;200.7100067138672;195.72205
2019-05-13 00:00:00-04:00;200.63999938964844;197.98718
2019-05-14 00:00:00-04:00;199.75;198.63898
2019-05-15 00:00:00-04:00;200.6999969482422;197.77515
2019-05-16 00:00:00-04:00;202.7599945068359;197.7794
2019-05-17 00:00:00-04:00;203.13999938964844;199.33633
2019-05-20 00:00:00-04:00;200.5500030517578;200.39505
2019-05-21 00:00:00-04:00;202.2100067138672;198.96707
2019-05-22 00:00:00-04:00;203.30999755859375;198.99168
2019-05-23 00:00:00-04:00;203.7400054931641;200.15253
2019-05-24 00:00:00-04:00;205.27999877929688;201.02373
2019-05-28 00:00:00-04:00;202.7100067138672;202.07774
2019-05-29 00:00:00-04:00;201.30999755859375;200.88068
2019-05-30 00:00:00-04:00;201.38999938964844;199.22154
2019-05-31 00:00:00-04:00;203.0099945068359;198.8351
2019-06-03 00:00:00-04:00;203.83999633789065;200.08864
2019-06-04 00:00:00-04:00;202.0;201.29042
2019-06-05 00:00:00-04:00;207.7599945068359;200.39677
2019-06-06 00:00:00-04:00;208.7400054931641;203.07841
2019-06-07 00:00:00-04:00;209.05999755859375;205.3535
2019-06-10 00:00:00-04:00;209.36000061035156;205.96582
2019-06-11 00:00:00-04:00;209.33999633789065;205.92873
2019-06-12 00:00:00-04:00;207.19000244140625;205.90427
2019-06-13 00:00:00-04:00;207.08999633789065;204.75534
2019-06-14 00:00:00-04:00;208.08999633789065;204.22734
2019-06-17 00:00:00-04:00;209.6300048828125;204.94753
2019-06-18 00:00:00-04:00;208.6199951171875;206.39941
2019-06-19 00:00:00-04:00;209.19000244140625;206.29593
2019-06-20 00:00:00-04:00;210.47000122070312;206.20662
2019-06-21 00:00:00-04:00;207.8000030517578;207.03926
2019-06-24 00:00:00-04:00;208.13999938964844;205.91478
2019-06-25 00:00:00-04:00;204.41000366210935;205.3605
2019-06-26 00:00:00-04:00;201.27999877929688;203.18965
2019-06-27 00:00:00-04:00;201.44000244140625;200.37093
2019-06-28 00:00:00-04:00;203.17999267578125;199.57436
2019-07-01 00:00:00-04:00;202.30999755859375;200.87427
2019-07-02 00:00:00-04:00;205.55999755859375;201.05731
2019-07-03 00:00:00-04:00;209.3300018310547;202.56567
2019-07-05 00:00:00-04:00;207.8699951171875;205.49483
2019-07-08 00:00:00-04:00;210.11000061035156;205.63158
2019-07-09 00:00:00-04:00;211.5099945068359;206.28368
2019-07-10 00:00:00-04:00;213.77000427246097;207.55963
2019-07-11 00:00:00-04:00;211.3999938964844;209.51486
2019-07-12 00:00:00-04:00;210.47999572753903;208.77582
2019-07-15 00:00:00-04:00;211.2899932861328;207.44147
2019-07-16 00:00:00-04:00;211.0099945068359;207.63779
2019-07-17 00:00:00-04:00;210.97000122070312;208.03238
2019-07-18 00:00:00-04:00;210.19000244140625;208.16605
2019-07-19 00:00:00-04:00;206.8300018310547;207.66151
2019-07-22 00:00:00-04:00;205.1499938964844;205.37315
2019-07-23 00:00:00-04:00;206.83999633789065;203.38577
2019-07-24 00:00:00-04:00;206.8500061035156;204.02002
2019-07-25 00:00:00-04:00;206.8500061035156;204.81079
2019-07-26 00:00:00-04:00;208.3800048828125;204.88625
2019-07-29 00:00:00-04:00;210.44000244140625;205.54016
2019-07-30 00:00:00-04:00;210.86000061035156;207.07462
2019-07-31 00:00:00-04:00;208.7899932861328;207.90617
2019-08-01 00:00:00-04:00;203.13999938964844;206.65218
2019-08-02 00:00:00-04:00;205.7599945068359;202.47484
2019-08-05 00:00:00-04:00;200.6199951171875;202.3478
2019-08-06 00:00:00-04:00;203.08999633789065;200.36572
2019-08-07 00:00:00-04:00;204.27000427246097;200.70216
2019-08-08 00:00:00-04:00;206.52000427246097;201.99216
2019-08-09 00:00:00-04:00;206.0099945068359;203.76018
2019-08-12 00:00:00-04:00;205.55999755859375;203.88393
2019-08-13 00:00:00-04:00;204.1999969482422;203.1679
2019-08-14 00:00:00-04:00;201.58999633789065;202.0116
2019-08-15 00:00:00-04:00;204.4199981689453;200.1093
2019-08-16 00:00:00-04:00;205.83999633789065;201.14203
2019-08-19 00:00:00-04:00;207.7100067138672;203.0099
2019-08-20 00:00:00-04:00;206.5399932861328;204.69977
2019-08-21 00:00:00-04:00;207.9499969482422;204.28203
2019-08-22 00:00:00-04:00;208.8800048828125;204.51259
2019-08-23 00:00:00-04:00;206.16000366210935;205.41904
2019-08-26 00:00:00-04:00;208.7100067138672;204.23692
2019-08-27 00:00:00-04:00;208.0800018310547;204.98273
2019-08-28 00:00:00-04:00;209.4499969482422;205.37038
2019-08-29 00:00:00-04:00;211.97000122070312;206.20538
2019-08-30 00:00:00-04:00;212.55999755859375;208.08145
2019-09-03 00:00:00-04:00;214.08999633789065;209.18916
2019-09-04 00:00:00-04:00;216.16000366210935;210.22437
2019-09-05 00:00:00-04:00;214.7100067138672;211.82391
2019-09-06 00:00:00-04:00;215.75;211.56593
2019-09-09 00:00:00-04:00;213.8800048828125;211.78362
2019-09-10 00:00:00-04:00;210.25;210.97069
2019-09-11 00:00:00-04:00;209.72000122070312;208.4154
2019-09-12 00:00:00-04:00;209.52999877929688;207.13254
2019-09-13 00:00:00-04:00;207.11000061035156;207.09918
2019-09-16 00:00:00-04:00;209.8999938964844;205.89182
2019-09-17 00:00:00-04:00;211.5099945068359;206.86841
2019-09-18 00:00:00-04:00;211.30999755859375;208.58542
2019-09-19 00:00:00-04:00;210.7599945068359;208.94733
2019-09-20 00:00:00-04:00;209.05999755859375;208.27682
2019-09-23 00:00:00-04:00;210.44000244140625;206.85329
2019-09-24 00:00:00-04:00;211.3699951171875;207.21089
2019-09-25 00:00:00-04:00;212.7400054931641;208.34912
2019-09-26 00:00:00-04:00;215.5800018310547;209.59521
2019-09-27 00:00:00-04:00;214.27000427246097;211.60431
2019-09-30 00:00:00-04:00;215.3300018310547;211.46219
2019-10-01 00:00:00-04:00;214.0;211.57138
2019-10-02 00:00:00-04:00;215.0;210.97874
2019-10-03 00:00:00-04:00;217.97000122070312;211.37106
2019-10-04 00:00:00-04:00;219.0;213.62167
2019-10-07 00:00:00-04:00;219.1999969482422;215.26886
2019-10-08 00:00:00-04:00;217.72999572753903;215.59831
2019-10-09 00:00:00-04:00;218.75;214.51295
2019-10-10 00:00:00-04:00;218.67999267578125;214.69202
2019-10-11 00:00:00-04:00;218.0800018310547;215.1569
2019-10-14 00:00:00-04:00;218.0800018310547;215.00702
2019-10-15 00:00:00-04:00;217.3699951171875;214.83896
2019-10-16 00:00:00-04:00;219.2100067138672;214.40376
2019-10-17 00:00:00-04:00;219.0800018310547;215.40808
2019-10-18 00:00:00-04:00;220.1699981689453;215.9406
2019-10-21 00:00:00-04:00;222.0399932861328;216.59053
2019-10-22 00:00:00-04:00;221.8300018310547;217.94688
2019-10-23 00:00:00-04:00;221.52999877929688;218.32845
2019-10-24 00:00:00-04:00;220.2400054931641;218.01321
2019-10-25 00:00:00-04:00;219.41000366210935;217.05312
2019-10-28 00:00:00-04:00;216.9900054931641;216.25497
2019-10-29 00:00:00-04:00;215.30999755859375;214.6866
2019-10-30 00:00:00-04:00;218.97999572753903;213.1114
2019-10-31 00:00:00-04:00;217.66000366210935;214.99518
2019-11-01 00:00:00-04:00;217.2400054931641;215.43044
2019-11-04 00:00:00-05:00;214.2400054931641;214.74179
2019-11-05 00:00:00-05:00;210.66000366210935;212.42482
2019-11-06 00:00:00-05:00;212.2899932861328;209.32454
2019-11-07 00:00:00-05:00;209.13999938964844;209.39511
2019-11-08 00:00:00-05:00;209.8500061035156;208.25249
2019-11-11 00:00:00-05:00;210.47999572753903;207.89325
2019-11-12 00:00:00-05:00;208.9900054931641;208.2491
2019-11-13 00:00:00-05:00;211.58999633789065;207.47578
2019-11-14 00:00:00-05:00;212.6199951171875;208.45334
2019-11-15 00:00:00-05:00;214.52999877929688;209.70586
2019-11-18 00:00:00-05:00;215.27000427246097;211.14822
2019-11-19 00:00:00-05:00;217.05999755859375;211.93764
2019-11-20 00:00:00-05:00;216.36000061035156;213.06578
2019-11-21 00:00:00-05:00;212.69000244140625;213.04976
2019-11-22 00:00:00-05:00;211.27999877929688;210.58406
2019-11-25 00:00:00-05:00;212.1499938964844;208.63983
2019-11-26 00:00:00-05:00;215.61000061035156;208.95764
2019-11-27 00:00:00-05:00;215.57000732421875;211.73923
2019-11-29 00:00:00-05:00;214.41000366210935;212.88211
2019-12-02 00:00:00-05:00;211.1999969482422;211.89381
2019-12-03 00:00:00-05:00;213.5;209.214
2019-12-04 00:00:00-05:00;215.32000732421875;209.6749
2019-12-05 00:00:00-05:00;215.91000366210935;211.79228
2019-12-06 00:00:00-05:00;215.94000244140625;212.98221
2019-12-09 00:00:00-05:00;215.91000366210935;212.93713
2019-12-10 00:00:00-05:00;215.27999877929688;212.62122
2019-12-11 00:00:00-05:00;212.07000732421875;212.18784
2019-12-12 00:00:00-05:00;209.16000366210935;210.16698
2019-12-13 00:00:00-05:00;208.63999938964844;207.55818
2019-12-16 00:00:00-05:00;209.3699951171875;206.49388
2019-12-17 00:00:00-05:00;206.63999938964844;207.0391
2019-12-18 00:00:00-05:00;207.47000122070312;205.7936
2019-12-19 00:00:00-05:00;207.7400054931641;205.3575
2019-12-20 00:00:00-05:00;208.0099945068359;205.54552
2019-12-23 00:00:00-05:00;207.08999633789065;205.81871
2019-12-24 00:00:00-05:00;207.94000244140625;205.24582
2019-12-26 00:00:00-05:00;208.32000732421875;205.32759
2019-12-27 00:00:00-05:00;208.83999633789065;205.71776
2019-12-30 00:00:00-05:00;207.6199951171875;206.1593
2019-12-31 00:00:00-05:00;209.6999969482422;205.49803
2020-01-02 00:00:00-05:00;207.2400054931641;206.296
2020-01-03 00:00:00-05:00;209.22999572753903;205.3993
2020-01-06 00:00:00-05:00;209.5800018310547;205.92415
2020-01-07 00:00:00-05:00;205.02000427246097;206.66124
2020-01-08 00:00:00-05:00;205.8699951171875;204.11874
2020-01-09 00:00:00-05:00;206.3500061035156;203.1532
2020-01-10 00:00:00-05:00;208.4499969482422;203.68033
2020-01-13 00:00:00-05:00;211.02000427246097;205.42468
2020-01-14 00:00:00-05:00;209.5099945068359;207.62538
2020-01-15 00:00:00-05:00;211.8999938964844;207.27
2020-01-16 00:00:00-05:00;214.88999938964844;207.98596
2020-01-17 00:00:00-05:00;216.07000732421875;210.39233
2020-01-21 00:00:00-05:00;219.3000030517578;212.18936
2020-01-22 00:00:00-05:00;216.63999938964844;214.4772
2020-01-23 00:00:00-05:00;218.4900054931641;213.5872
2020-01-24 00:00:00-05:00;219.3300018310547;213.87274
2020-01-27 00:00:00-05:00;218.86000061035156;214.99576
2020-01-28 00:00:00-05:00;219.27000427246097;215.30261
2020-01-29 00:00:00-05:00;216.6199951171875;215.49377
2020-01-30 00:00:00-05:00;218.0099945068359;213.97949
2020-01-31 00:00:00-05:00;216.69000244140625;214.16025
2020-02-03 00:00:00-05:00;216.69000244140625;213.92262
2020-02-04 00:00:00-05:00;218.77000427246097;213.76118
2020-02-05 00:00:00-05:00;217.61000061035156;215.02808
2020-02-06 00:00:00-05:00;219.1300048828125;214.9567
2020-02-07 00:00:00-05:00;219.1699981689453;215.50748
2020-02-10 00:00:00-05:00;221.75;215.85045
2020-02-11 00:00:00-05:00;222.8800048828125;217.49928
2020-02-12 00:00:00-05:00;224.38999938964844;218.92967
2020-02-13 00:00:00-05:00;225.58999633789065;220.13936
2020-02-14 00:00:00-05:00;227.52999877929688;221.15872
2020-02-18 00:00:00-05:00;228.07000732421875;222.65265
2020-02-19 00:00:00-05:00;225.8000030517578;223.54634
2020-02-20 00:00:00-05:00;227.1499938964844;222.26659
2020-02-21 00:00:00-05:00;228.02000427246097;222.44537
2020-02-24 00:00:00-05:00;225.7899932861328;223.5711
2020-02-25 00:00:00-05:00;221.41000366210935;222.70126
2020-02-26 00:00:00-05:00;221.22000122070312;219.3127
2020-02-27 00:00:00-05:00;207.6699981689453;217.9226
2020-02-28 00:00:00-05:00;200.58999633789065;209.93619
2020-03-02 00:00:00-05:00;209.6699981689453;202.11292
2020-03-03 00:00:00-05:00;208.72999572753903;205.52747
2020-03-04 00:00:00-05:00;217.72000122070312;208.51456
2020-03-05 00:00:00-05:00;213.30999755859375;213.97516
2020-03-06 00:00:00-05:00;209.05999755859375;212.72104
2020-03-09 00:00:00-04:00;197.1699981689453;207.97408
2020-03-10 00:00:00-04:00;208.83999633789065;199.06364
2020-03-11 00:00:00-04:00;195.8500061035156;202.76837
2020-03-12 00:00:00-04:00;181.97999572753903;199.24738
2020-03-13 00:00:00-04:00;193.16000366210935;187.99117
2020-03-16 00:00:00-04:00;163.47000122070312;189.022
2020-03-17 00:00:00-04:00;181.58999633789065;175.7808
2020-03-18 00:00:00-04:00;153.8800048828125;177.41492
2020-03-19 00:00:00-04:00;146.57000732421875;166.46867
2020-03-20 00:00:00-04:00;131.6199951171875;155.01405
2020-03-23 00:00:00-04:00;121.08000183105467;142.82233
2020-03-24 00:00:00-04:00;127.45999908447266;132.24957
2020-03-25 00:00:00-04:00;140.77999877929688;130.76997
2020-03-26 00:00:00-04:00;151.05999755859375;138.7663
2020-03-27 00:00:00-04:00;160.27000427246094;148.91544
2020-03-30 00:00:00-04:00;152.10000610351562;156.88037
2020-03-31 00:00:00-04:00;147.1699981689453;153.8392
2020-04-01 00:00:00-04:00;138.02000427246094;147.22377
2020-04-02 00:00:00-04:00;135.33999633789062;139.6595
2020-04-03 00:00:00-04:00;132.22000122070312;135.47948
2020-04-06 00:00:00-04:00;145.07000732421875;133.28084
2020-04-07 00:00:00-04:00;147.35000610351562;139.30664
2020-04-08 00:00:00-04:00;160.72999572753906;144.8701
2020-04-09 00:00:00-04:00;167.36000061035156;153.43633
2020-04-13 00:00:00-04:00;161.41000366210938;160.77486
2020-04-14 00:00:00-04:00;167.02999877929688;159.6296
2020-04-15 00:00:00-04:00;161.0800018310547;160.43509
2020-04-16 00:00:00-04:00;161.25;158.71956
2020-04-17 00:00:00-04:00;170.3699951171875;158.00075
2020-04-20 00:00:00-04:00;160.50999450683594;163.42505
2020-04-21 00:00:00-04:00;158.25;161.69853
2020-04-22 00:00:00-04:00;159.83999633789062;157.97394
2020-04-23 00:00:00-04:00;157.4499969482422;157.31793
2020-04-24 00:00:00-04:00;158.3800048828125;156.88846
2020-04-27 00:00:00-04:00;160.75;157.27559
2020-04-28 00:00:00-04:00;162.47000122070312;158.84883
2020-04-29 00:00:00-04:00;165.80999755859375;160.56993
2020-04-30 00:00:00-04:00;162.9499969482422;162.9469
2020-05-01 00:00:00-04:00;158.44000244140625;162.33516
2020-05-04 00:00:00-04:00;158.16000366210938;158.91618
2020-05-05 00:00:00-04:00;159.33999633789062;156.99455
2020-05-06 00:00:00-04:00;156.8000030517578;157.52257
2020-05-07 00:00:00-04:00;160.44000244140625;156.97354
2020-05-08 00:00:00-04:00;163.9600067138672;158.291
2020-05-11 00:00:00-04:00;157.24000549316406;161.10399
2020-05-12 00:00:00-04:00;151.5;158.70547
2020-05-13 00:00:00-04:00;151.05999755859375;153.36674
2020-05-14 00:00:00-04:00;151.86000061035156;150.59077
2020-05-15 00:00:00-04:00;150.35000610351562;150.81955
2020-05-18 00:00:00-04:00;158.47999572753906;150.78702
2020-05-19 00:00:00-04:00;154.64999389648438;154.76277
2020-05-20 00:00:00-04:00;155.8300018310547;155.01714
2020-05-21 00:00:00-04:00;154.17999267578125;154.48851
2020-05-22 00:00:00-04:00;153.6699981689453;153.25941
2020-05-26 00:00:00-04:00;160.41000366210938;152.44238
2020-05-27 00:00:00-04:00;158.89999389648438;155.94168
2020-05-28 00:00:00-04:00;159.02999877929688;157.52998
2020-05-29 00:00:00-04:00;156.00999450683594;157.47607
2020-06-01 00:00:00-04:00;160.4199981689453;155.44405
2020-06-02 00:00:00-04:00;158.77000427246094;156.71886
2020-06-03 00:00:00-04:00;162.0;157.33618
2020-06-04 00:00:00-04:00;158.8699951171875;159.08955
2020-06-05 00:00:00-04:00;172.69000244140625;158.32304
2020-06-08 00:00:00-04:00;178.07000732421875;165.00648
2020-06-09 00:00:00-04:00;174.22000122070312;172.47726
2020-06-10 00:00:00-04:00;171.35000610351562;172.71954
2020-06-11 00:00:00-04:00;161.8699951171875;169.41846
2020-06-12 00:00:00-04:00;163.75;162.77603
2020-06-15 00:00:00-04:00;160.7100067138672;161.1312
2020-06-16 00:00:00-04:00;167.3300018310547;160.54733
2020-06-17 00:00:00-04:00;162.74000549316406;164.13594
2020-06-18 00:00:00-04:00;160.30999755859375;163.75685
2020-06-19 00:00:00-04:00;155.08999633789062;160.99791
2020-06-22 00:00:00-04:00;156.22999572753906;156.65405
2020-06-23 00:00:00-04:00;155.30999755859375;155.38518
2020-06-24 00:00:00-04:00;151.57000732421875;155.28046
2020-06-25 00:00:00-04:00;153.3699951171875;153.34695
2020-06-26 00:00:00-04:00;151.3800048828125;152.86234
2020-06-29 00:00:00-04:00;153.0;151.89464
2020-06-30 00:00:00-04:00;154.63999938964844;152.08615
2020-07-01 00:00:00-04:00;159.0500030517578;153.20316
2020-07-02 00:00:00-04:00;159.9199981689453;156.06862
2020-07-06 00:00:00-04:00;159.49000549316406;157.88483
2020-07-07 00:00:00-04:00;154.72000122070312;157.88507
2020-07-08 00:00:00-04:00;153.3000030517578;154.88478
2020-07-09 00:00:00-04:00;151.63999938964844;152.41551
2020-07-10 00:00:00-04:00;152.74000549316406;150.97389
2020-07-13 00:00:00-04:00;152.13999938964844;151.34259
2020-07-14 00:00:00-04:00;154.39999389648438;151.56548
2020-07-15 00:00:00-04:00;154.5399932861328;152.65265
2020-07-16 00:00:00-04:00;154.3699951171875;153.26036
2020-07-17 00:00:00-04:00;153.88999938964844;153.1808
2020-07-20 00:00:00-04:00;149.55999755859375;152.70424
2020-07-21 00:00:00-04:00;147.47999572753906;150.17145
2020-07-22 00:00:00-04:00;150.41000366210938;147.63649
2020-07-23 00:00:00-04:00;148.14999389648438;148.29372
2020-07-24 00:00:00-04:00;146.85000610351562;148.19743
2020-07-27 00:00:00-04:00;145.72000122070312;147.07832
2020-07-28 00:00:00-04:00;150.24000549316406;145.68909
2020-07-29 00:00:00-04:00;151.5800018310547;147.42747
2020-07-30 00:00:00-04:00;151.1999969482422;149.59981
2020-07-31 00:00:00-04:00;153.1199951171875;150.13287
2020-08-03 00:00:00-04:00;149.92999267578125;150.80919
2020-08-04 00:00:00-04:00;151.6999969482422;149.46426
2020-08-05 00:00:00-04:00;150.92999267578125;149.42308
2020-08-06 00:00:00-04:00;150.97000122070312;149.47665
2020-08-07 00:00:00-04:00;153.86000061035156;149.5549
2020-08-10 00:00:00-04:00;153.8000030517578;151.12491
2020-08-11 00:00:00-04:00;151.74000549316406;152.07549
2020-08-12 00:00:00-04:00;152.91000366210938;151.12001
2020-08-13 00:00:00-04:00;150.6999969482422;150.92195
2020-08-14 00:00:00-04:00;153.0500030517578;150.00508
2020-08-17 00:00:00-04:00;155.3699951171875;150.75763
2020-08-18 00:00:00-04:00;154.6699981689453;152.76282
2020-08-19 00:00:00-04:00;152.14999389648438;153.39915
2020-08-20 00:00:00-04:00;153.6999969482422;151.86147
2020-08-21 00:00:00-04:00;152.41000366210938;151.60956
2020-08-24 00:00:00-04:00;155.77999877929688;151.3162
2020-08-25 00:00:00-04:00;155.52000427246094;153.00954
2020-08-26 00:00:00-04:00;153.85000610351562;154.01302
2020-08-27 00:00:00-04:00;158.4499969482422;153.2196
2020-08-28 00:00:00-04:00;159.6199951171875;154.93663
2020-08-31 00:00:00-04:00;158.05999755859375;156.96883
2020-09-01 00:00:00-04:00;158.1999969482422;156.90134
2020-09-02 00:00:00-04:00;161.3000030517578;156.4115
2020-09-03 00:00:00-04:00;160.32000732421875;157.94632
2020-09-04 00:00:00-04:00;162.10000610351562;158.61661
2020-09-08 00:00:00-04:00;158.4600067138672;159.59286
2020-09-09 00:00:00-04:00;156.33999633789062;158.11137
2020-09-10 00:00:00-04:00;152.52000427246094;155.87546
2020-09-11 00:00:00-04:00;149.8699951171875;152.99353
2020-09-14 00:00:00-04:00;154.55999755859375;150.4613
2020-09-15 00:00:00-04:00;152.57000732421875;152.11015
2020-09-16 00:00:00-04:00;153.08999633789062;152.69576
2020-09-17 00:00:00-04:00;153.5;152.61606
2020-09-18 00:00:00-04:00;151.05999755859375;152.49869
2020-09-21 00:00:00-04:00;145.92999267578125;151.11082
2020-09-22 00:00:00-04:00;149.1999969482422;147.5433
2020-09-23 00:00:00-04:00;147.05999755859375;147.33662
2020-09-24 00:00:00-04:00;146.9600067138672;147.08102
2020-09-25 00:00:00-04:00;148.0399932861328;146.72906
2020-09-28 00:00:00-04:00;151.4499969482422;146.9827
2020-09-29 00:00:00-04:00;147.52000427246094;148.93738
2020-09-30 00:00:00-04:00;149.33999633789062;147.9461
2020-10-01 00:00:00-04:00;155.60000610351562;147.62144
2020-10-02 00:00:00-04:00;157.94000244140625;151.07765
2020-10-05 00:00:00-04:00;160.42999267578125;154.6492
2020-10-06 00:00:00-04:00;158.60000610351562;157.16891
2020-10-07 00:00:00-04:00;156.85000610351562;156.78719
2020-10-08 00:00:00-04:00;160.10000610351562;155.11526
2020-10-09 00:00:00-04:00;158.33999633789062;156.22052
2020-10-12 00:00:00-04:00;159.10000610351562;156.64967
2020-10-13 00:00:00-04:00;154.89999389648438;157.0644
2020-10-14 00:00:00-04:00;153.6199951171875;155.02136
2020-10-15 00:00:00-04:00;153.16000366210938;153.03265
2020-10-16 00:00:00-04:00;148.94000244140625;152.21762
2020-10-19 00:00:00-04:00;145.41000366210938;150.0454
2020-10-20 00:00:00-04:00;145.5500030517578;146.9604
2020-10-21 00:00:00-04:00;145.97000122070312;145.57875
2020-10-22 00:00:00-04:00;146.47999572753906;145.67021
2020-10-23 00:00:00-04:00;145.7899932861328;146.17796
2020-10-26 00:00:00-04:00;143.3800048828125;145.88072
2020-10-27 00:00:00-04:00;139.8800048828125;144.11176
2020-10-28 00:00:00-04:00;132.7100067138672;141.14967
2020-10-29 00:00:00-04:00;136.1300048828125;136.02657
2020-10-30 00:00:00-04:00;139.1300048828125;135.07597
2020-11-02 00:00:00-05:00;145.33999633789062;137.35245
2020-11-03 00:00:00-05:00;151.14999389648438;142.06761
2020-11-04 00:00:00-05:00;148.3300018310547;147.2398
2020-11-05 00:00:00-05:00;148.24000549316406;147.49155
2020-11-06 00:00:00-05:00;147.9499969482422;146.16284
2020-11-09 00:00:00-05:00;164.69000244140625;145.38277
2020-11-10 00:00:00-05:00;171.7899932861328;154.5299
2020-11-11 00:00:00-05:00;168.82000732421875;164.69237
2020-11-12 00:00:00-05:00;166.5;166.38222
2020-11-13 00:00:00-05:00;169.33999633789062;163.54883
2020-11-16 00:00:00-05:00;173.35000610351562;163.68057
2020-11-17 00:00:00-05:00;174.1199951171875;167.4455
2020-11-18 00:00:00-05:00;169.60000610351562;170.40575
2020-11-19 00:00:00-05:00;170.3000030517578;168.72128
2020-11-20 00:00:00-05:00;171.89999389648438;167.57141
2020-11-23 00:00:00-05:00;171.0500030517578;168.6087
2020-11-24 00:00:00-05:00;173.30999755859375;169.2755
2020-11-25 00:00:00-05:00;171.0500030517578;170.6994
2020-11-27 00:00:00-05:00;167.8699951171875;170.15596
2020-11-30 00:00:00-05:00;166.58999633789062;167.74985
2020-12-01 00:00:00-05:00;167.4499969482422;165.88257
2020-12-02 00:00:00-05:00;169.27999877929688;165.98381
2020-12-03 00:00:00-05:00;171.1300048828125;167.53897
2020-12-04 00:00:00-05:00;173.83999633789062;169.33263
2020-12-07 00:00:00-05:00;172.67999267578125;171.35156
2020-12-08 00:00:00-05:00;169.35000610351562;171.34688
2020-12-09 00:00:00-05:00;166.4499969482422;168.9753
2020-12-10 00:00:00-05:00;162.52000427246094;166.10811
2020-12-11 00:00:00-05:00;162.36000061035156;163.02065
2020-12-14 00:00:00-05:00;159.6699981689453;161.85768
2020-12-15 00:00:00-05:00;161.97000122070312;160.44872
2020-12-16 00:00:00-05:00;161.50999450683594;160.94678
2020-12-17 00:00:00-05:00;163.22999572753906;161.20627
2020-12-18 00:00:00-05:00;158.44000244140625;161.95337
2020-12-21 00:00:00-05:00;157.9600067138672;159.60307
2020-12-22 00:00:00-05:00;158.55999755859375;157.6114
2020-12-23 00:00:00-05:00;156.72000122070312;157.36067
2020-12-24 00:00:00-05:00;157.74000549316406;156.70042
2020-12-28 00:00:00-05:00;160.3300018310547;156.7488
2020-12-29 00:00:00-05:00;157.2100067138672;158.2448
2020-12-30 00:00:00-05:00;158.0500030517578;157.35852
2020-12-31 00:00:00-05:00;160.42999267578125;156.74373
2021-01-04 00:00:00-05:00;155.52000427246094;157.91534
2021-01-05 00:00:00-05:00;155.07000732421875;156.15921
2021-01-06 00:00:00-05:00;159.22999572753906;154.44278
2021-01-07 00:00:00-05:00;157.05999755859375;156.13318
2021-01-08 00:00:00-05:00;158.44000244140625;156.49013
2021-01-11 00:00:00-05:00;157.3800048828125;156.84619
2021-01-12 00:00:00-05:00;157.3800048828125;156.37482
2021-01-13 00:00:00-05:00;159.19000244140625;155.99481
2021-01-14 00:00:00-05:00;160.49000549316406;156.90155
2021-01-15 00:00:00-05:00;164.0;158.2876
2021-01-19 00:00:00-05:00;162.41000366210938;160.77644
2021-01-20 00:00:00-05:00;165.9199981689453;161.04097
2021-01-21 00:00:00-05:00;165.4600067138672;162.46887
2021-01-22 00:00:00-05:00;164.72999572753906;163.16196
2021-01-25 00:00:00-05:00;166.61000061035156;162.89359
2021-01-26 00:00:00-05:00;168.11000061035156;163.70494
2021-01-27 00:00:00-05:00;163.8699951171875;165.23781
2021-01-28 00:00:00-05:00;166.02000427246094;163.67531
2021-01-29 00:00:00-05:00;163.6699981689453;163.55722
2021-02-01 00:00:00-05:00;165.22999572753906;162.78
2021-02-02 00:00:00-05:00;166.44000244140625;163.23505
2021-02-03 00:00:00-05:00;167.7899932861328;164.41441
2021-02-04 00:00:00-05:00;171.85000610351562;165.71596
2021-02-05 00:00:00-05:00;172.22000122070312;168.40604
2021-02-08 00:00:00-05:00;173.3300018310547;169.87383
2021-02-09 00:00:00-05:00;173.8300018310547;170.66081
2021-02-10 00:00:00-05:00;175.85000610351562;171.14267
2021-02-11 00:00:00-05:00;178.92999267578125;172.51564
2021-02-12 00:00:00-05:00;179.50999450683594;175.08133
2021-02-16 00:00:00-05:00;178.55999755859375;176.62502
2021-02-17 00:00:00-05:00;179.0;176.37494
2021-02-18 00:00:00-05:00;177.77000427246094;176.24886
2021-02-19 00:00:00-05:00;178.00999450683594;175.76822
2021-02-22 00:00:00-05:00;178.27999877929688;175.8103
2021-02-23 00:00:00-05:00;180.7400054931641;176.21613
2021-02-24 00:00:00-05:00;185.0;177.88113
2021-02-25 00:00:00-05:00;180.32000732421875;181.19296
2021-02-26 00:00:00-05:00;175.75;179.93173
2021-03-01 00:00:00-05:00;177.02000427246094;175.80525
2021-03-02 00:00:00-05:00;178.22000122070312;174.70514
2021-03-03 00:00:00-05:00;181.3999938964844;176.0251
2021-03-04 00:00:00-05:00;178.0500030517578;178.82094
2021-03-05 00:00:00-05:00;177.64999389648438;177.98434
2021-03-08 00:00:00-05:00;183.91000366210935;176.44255
2021-03-09 00:00:00-05:00;182.02000427246097;179.44641
2021-03-10 00:00:00-05:00;185.17999267578125;180.56023
2021-03-11 00:00:00-05:00;186.32000732421875;182.09953
2021-03-12 00:00:00-05:00;190.4900054931641;183.37038
2021-03-15 00:00:00-04:00;193.4199981689453;186.17714
2021-03-16 00:00:00-04:00;190.3000030517578;189.2204
2021-03-17 00:00:00-04:00;189.72000122070312;188.40005
2021-03-18 00:00:00-04:00;188.6999969482422;186.99171
2021-03-19 00:00:00-04:00;182.7899932861328;186.1424
2021-03-22 00:00:00-04:00;185.1300048828125;182.85352
2021-03-23 00:00:00-04:00;184.75;182.66444
2021-03-24 00:00:00-04:00;184.8500061035156;183.27441
2021-03-25 00:00:00-04:00;187.33999633789065;183.60999
2021-03-26 00:00:00-04:00;189.1199951171875;184.95352
2021-03-29 00:00:00-04:00;187.3500061035156;186.5889
2021-03-30 00:00:00-04:00;187.3699951171875;186.06271
2021-03-31 00:00:00-04:00;184.5099945068359;185.36261
2021-04-01 00:00:00-04:00;186.8999938964844;183.5665
2021-04-05 00:00:00-04:00;185.9900054931641;184.18814
2021-04-06 00:00:00-04:00;186.5;184.51355
2021-04-07 00:00:00-04:00;187.77999877929688;184.73836
2021-04-08 00:00:00-04:00;185.6499938964844;185.4718
2021-04-09 00:00:00-04:00;185.94000244140625;184.57643
2021-04-12 00:00:00-04:00;187.1199951171875;184.04974
2021-04-13 00:00:00-04:00;187.8000030517578;184.72229
2021-04-14 00:00:00-04:00;186.2599945068359;185.6312
2021-04-15 00:00:00-04:00;188.4600067138672;185.01862
2021-04-16 00:00:00-04:00;189.80999755859375;185.6973
2021-04-19 00:00:00-04:00;190.36000061035156;187.07011
2021-04-20 00:00:00-04:00;192.67999267578125;187.96288
2021-04-21 00:00:00-04:00;193.6199951171875;189.44589
2021-04-22 00:00:00-04:00;192.3999938964844;190.62566
2021-04-23 00:00:00-04:00;193.8800048828125;190.2248
2021-04-26 00:00:00-04:00;194.77000427246097;190.67311
2021-04-27 00:00:00-04:00;195.30999755859375;191.68985
2021-04-28 00:00:00-04:00;191.3500061035156;192.51643
2021-04-29 00:00:00-04:00;191.5099945068359;190.42625
2021-04-30 00:00:00-04:00;192.0;189.26376
2021-05-03 00:00:00-04:00;191.6499938964844;189.60388
2021-05-04 00:00:00-04:00;190.38999938964844;189.9103
2021-05-05 00:00:00-04:00;187.9600067138672;189.18607
2021-05-06 00:00:00-04:00;193.2899932861328;187.26529
2021-05-07 00:00:00-04:00;195.52999877929688;189.51549
2021-05-10 00:00:00-04:00;196.9900054931641;192.57909
2021-05-11 00:00:00-04:00;196.17999267578125;194.34804
2021-05-12 00:00:00-04:00;192.83999633789065;193.94495
2021-05-13 00:00:00-04:00;196.5;191.41556
2021-05-14 00:00:00-04:00;197.9600067138672;192.49802
2021-05-17 00:00:00-04:00;198.27000427246097;194.76169
2021-05-18 00:00:00-04:00;199.0;195.81587
2021-05-19 00:00:00-04:00;196.6699981689453;196.17639
2021-05-20 00:00:00-04:00;199.8800048828125;194.79805
2021-05-21 00:00:00-04:00;200.41000366210935;196.0039
2021-05-24 00:00:00-04:00;203.3999938964844;197.44621
2021-05-25 00:00:00-04:00;204.3999938964844;199.67715
2021-05-26 00:00:00-04:00;204.8699951171875;201.0805
2021-05-27 00:00:00-04:00;204.07000732421875;201.56665
2021-05-28 00:00:00-04:00;206.94000244140625;201.11232
2021-06-01 00:00:00-04:00;210.67999267578125;202.65375
2021-06-02 00:00:00-04:00;212.75;205.98747
2021-06-03 00:00:00-04:00;213.1000061035156;208.58951
2021-06-04 00:00:00-04:00;211.75;209.28528
2021-06-07 00:00:00-04:00;212.13999938964844;208.31195
2021-06-08 00:00:00-04:00;211.02999877929688;208.15356
2021-06-09 00:00:00-04:00;210.7599945068359;207.88799
2021-06-10 00:00:00-04:00;214.66000366210935;207.75246
2021-06-11 00:00:00-04:00;214.63999938964844;210.20987
2021-06-14 00:00:00-04:00;214.2100067138672;211.48674
2021-06-15 00:00:00-04:00;210.97000122070312;211.19829
2021-06-16 00:00:00-04:00;209.69000244140625;208.84389
2021-06-17 00:00:00-04:00;210.02000427246097;207.12816
2021-06-18 00:00:00-04:00;206.1000061035156;207.19922
2021-06-21 00:00:00-04:00;212.1000061035156;205.29965
2021-06-22 00:00:00-04:00;211.5800018310547;207.85999
2021-06-23 00:00:00-04:00;212.7100067138672;209.26949
2021-06-24 00:00:00-04:00;212.02999877929688;209.83482
2021-06-25 00:00:00-04:00;213.94000244140625;209.30867
2021-06-28 00:00:00-04:00;212.3800048828125;210.13501
2021-06-29 00:00:00-04:00;210.30999755859375;209.80275
2021-06-30 00:00:00-04:00;208.69000244140625;208.18224
2021-07-01 00:00:00-04:00;210.5099945068359;206.53012
2021-07-02 00:00:00-04:00;211.3300018310547;207.27194
2021-07-06 00:00:00-04:00;213.5500030517578;208.55128
2021-07-07 00:00:00-04:00;215.72999572753903;210.23909
2021-07-08 00:00:00-04:00;217.27000427246097;212.00703
2021-07-09 00:00:00-04:00;220.8300018310547;213.37999
2021-07-12 00:00:00-04:00;223.97000122070312;215.85861
2021-07-13 00:00:00-04:00;221.22000122070312;218.76817
2021-07-14 00:00:00-04:00;224.07000732421875;217.89734
2021-07-15 00:00:00-04:00;224.92999267578125;218.6888
2021-07-16 00:00:00-04:00;225.8699951171875;220.09933
2021-07-19 00:00:00-04:00;223.1699981689453;221.3044
2021-07-20 00:00:00-04:00;228.7400054931641;219.92702
2021-07-21 00:00:00-04:00;228.17999267578125;222.61728
2021-07-22 00:00:00-04:00;224.4499969482422;224.0494
2021-07-23 00:00:00-04:00;226.8000030517578;221.712
2021-07-26 00:00:00-04:00;226.1999969482422;221.86775
2021-07-27 00:00:00-04:00;228.27999877929688;222.3628
2021-07-28 00:00:00-04:00;227.4499969482422;223.90247
2021-07-29 00:00:00-04:00;229.9199981689453;223.96242
2021-07-30 00:00:00-04:00;227.8300018310547;225.16847
2021-08-02 00:00:00-04:00;228.80999755859375;224.46622
2021-08-03 00:00:00-04:00;228.8999938964844;224.51454
2021-08-04 00:00:00-04:00;227.8800048828125;224.86945
2021-08-05 00:00:00-04:00;229.19000244140625;224.4176
2021-08-06 00:00:00-04:00;228.9199981689453;224.96465
2021-08-09 00:00:00-04:00;227.5399932861328;225.19365
2021-08-10 00:00:00-04:00;222.77999877929688;224.28925
2021-08-11 00:00:00-04:00;222.1999969482422;220.862
2021-08-12 00:00:00-04:00;222.3000030517578;219.18452
2021-08-13 00:00:00-04:00;224.5500030517578;219.36113
2021-08-16 00:00:00-04:00;225.11000061035156;221.16391
2021-08-17 00:00:00-04:00;224.58999633789065;222.12411
2021-08-18 00:00:00-04:00;222.8699951171875;221.628
2021-08-19 00:00:00-04:00;223.9499969482422;220.05246
2021-08-20 00:00:00-04:00;224.6300048828125;220.16162
2021-08-23 00:00:00-04:00;223.1499938964844;221.06853
2021-08-24 00:00:00-04:00;221.7899932861328;220.47163
2021-08-25 00:00:00-04:00;222.2599945068359;219.0493
2021-08-26 00:00:00-04:00;224.38999938964844;218.83557
2021-08-27 00:00:00-04:00;225.6199951171875;220.4368
2021-08-30 00:00:00-04:00;228.22000122070312;221.94995
2021-08-31 00:00:00-04:00;229.5800018310547;223.79066
2021-09-01 00:00:00-04:00;232.6000061035156;225.10246
2021-09-02 00:00:00-04:00;233.02000427246097;227.20401
2021-09-03 00:00:00-04:00;232.8500061035156;228.19798
2021-09-07 00:00:00-04:00;227.58999633789065;228.12111
2021-09-08 00:00:00-04:00;230.4900054931641;224.68661
2021-09-09 00:00:00-04:00;226.0;225.1606
2021-09-10 00:00:00-04:00;223.5500030517578;223.58995
2021-09-13 00:00:00-04:00;223.7100067138672;221.17819
2021-09-14 00:00:00-04:00;224.2899932861328;220.54526
2021-09-15 00:00:00-04:00;224.75;221.19687
2021-09-16 00:00:00-04:00;223.67999267578125;221.8214
2021-09-17 00:00:00-04:00;219.88999938964844;221.13028
2021-09-20 00:00:00-04:00;220.47999572753903;218.21754
2021-09-21 00:00:00-04:00;220.7100067138672;217.37802
2021-09-22 00:00:00-04:00;223.47999572753903;217.86455
2021-09-23 00:00:00-04:00;227.27000427246097;219.90604
2021-09-24 00:00:00-04:00;226.41000366210935;222.95848
2021-09-27 00:00:00-04:00;221.66000366210935;223.1776
2021-09-28 00:00:00-04:00;222.1499938964844;219.51247
2021-09-29 00:00:00-04:00;225.0;218.19608
2021-09-30 00:00:00-04:00;221.63999938964844;220.45538
2021-10-01 00:00:00-04:00;222.7599945068359;219.7138
2021-10-04 00:00:00-04:00;224.7899932861328;219.33717
2021-10-05 00:00:00-04:00;224.4600067138672;220.6284
2021-10-06 00:00:00-04:00;226.3500061035156;221.12814
2021-10-07 00:00:00-04:00;226.0399932861328;222.17653
2021-10-08 00:00:00-04:00;223.8500061035156;222.36037
2021-10-11 00:00:00-04:00;223.80999755859375;220.84283
2021-10-12 00:00:00-04:00;226.5;220.13968
2021-10-13 00:00:00-04:00;228.3000030517578;221.96808
2021-10-14 00:00:00-04:00;232.38999938964844;224.13197
2021-10-15 00:00:00-04:00;230.6300048828125;227.17894
2021-10-18 00:00:00-04:00;230.0;226.88327
2021-10-19 00:00:00-04:00;228.5;225.6645
2021-10-20 00:00:00-04:00;233.0;224.45895
2021-10-21 00:00:00-04:00;232.0099945068359;227.23851
2021-10-22 00:00:00-04:00;232.7599945068359;228.23949
2021-10-25 00:00:00-04:00;232.77000427246097;228.39766
2021-10-26 00:00:00-04:00;234.41000366210935;228.29285
2021-10-27 00:00:00-04:00;236.6300048828125;229.37566
2021-10-28 00:00:00-04:00;239.1999969482422;231.40431
2021-10-29 00:00:00-04:00;236.67999267578125;233.72159
2021-11-01 00:00:00-04:00;235.1000061035156;232.64415
2021-11-02 00:00:00-04:00;235.6000061035156;230.69675
2021-11-03 00:00:00-04:00;236.72999572753903;230.64183
2021-11-04 00:00:00-04:00;233.72000122070312;231.96883
2021-11-05 00:00:00-04:00;237.83999633789065;230.63286
2021-11-08 00:00:00-05:00;238.3800048828125;232.30537
2021-11-09 00:00:00-05:00;240.1300048828125;233.78557
2021-11-10 00:00:00-05:00;240.36000061035156;235.10439
2021-11-11 00:00:00-05:00;241.02000427246097;235.46886
2021-11-12 00:00:00-05:00;241.0099945068359;235.8005
2021-11-15 00:00:00-05:00;245.42999267578125;235.96388
2021-11-16 00:00:00-05:00;241.88999938964844;238.91931
2021-11-17 00:00:00-05:00;243.8999938964844;237.90645
2021-11-18 00:00:00-05:00;246.1199951171875;238.06575
2021-11-19 00:00:00-05:00;242.0099945068359;240.00064
2021-11-22 00:00:00-05:00;238.3800048828125;238.19632
2021-11-23 00:00:00-05:00;242.72999572753903;234.65616
2021-11-24 00:00:00-05:00;246.86000061035156;236.52559
2021-11-26 00:00:00-05:00;239.38999938964844;241.0017
2021-11-29 00:00:00-05:00;240.77999877929688;237.40494
2021-11-30 00:00:00-05:00;238.8699951171875;235.57588
2021-12-01 00:00:00-05:00;230.1000061035156;234.66797
2021-12-02 00:00:00-05:00;238.4199981689453;229.20157
2021-12-03 00:00:00-05:00;237.9600067138672;232.21907
2021-12-06 00:00:00-05:00;240.86000061035156;234.61755
2021-12-07 00:00:00-05:00;241.22999572753903;236.44295
2021-12-08 00:00:00-05:00;245.4600067138672;236.69638
2021-12-09 00:00:00-05:00;242.52000427246097;239.10727
2021-12-10 00:00:00-05:00;244.8699951171875;238.25352
2021-12-13 00:00:00-05:00;248.07000732421875;238.86685
2021-12-14 00:00:00-05:00;244.2400054931641;241.57776
2021-12-15 00:00:00-05:00;248.8999938964844;240.12279
2021-12-16 00:00:00-05:00;245.91000366210935;241.90974
2021-12-17 00:00:00-05:00;244.52999877929688;241.23483
2021-12-20 00:00:00-05:00;241.5500030517578;239.66798
2021-12-21 00:00:00-05:00;245.1699981689453;237.36815
2021-12-22 00:00:00-05:00;247.17999267578125;239.21866
2021-12-23 00:00:00-05:00;245.77000427246097;241.91196
2021-12-27 00:00:00-05:00;249.6999969482422;241.51239
2021-12-28 00:00:00-05:00;250.41000366210935;243.18834
2021-12-29 00:00:00-05:00;252.5500030517578;244.562
2021-12-30 00:00:00-05:00;251.2599945068359;246.16878
2021-12-31 00:00:00-05:00;252.58999633789065;245.70505
2022-01-03 00:00:00-05:00;252.6199951171875;246.10298
2022-01-04 00:00:00-05:00;255.1199951171875;246.56111
2022-01-05 00:00:00-05:00;251.1499938964844;248.39398
2022-01-06 00:00:00-05:00;251.92999267578125;246.45949
2022-01-07 00:00:00-05:00;248.8699951171875;245.79642
2022-01-10 00:00:00-05:00;248.63999938964844;244.15475
2022-01-11 00:00:00-05:00;249.2100067138672;243.54486
2022-01-12 00:00:00-05:00;250.72000122070312;244.08017
2022-01-13 00:00:00-05:00;251.07000732421875;245.38011
2022-01-14 00:00:00-05:00;248.67999267578125;245.91621
2022-01-18 00:00:00-05:00;247.97999572753903;244.18716
2022-01-19 00:00:00-05:00;245.97000122070312;242.91724
2022-01-20 00:00:00-05:00;243.3699951171875;241.58624
2022-01-21 00:00:00-05:00;242.0;239.64989
2022-01-24 00:00:00-05:00;240.38999938964844;238.2166
2022-01-25 00:00:00-05:00;241.5;236.96756
2022-01-26 00:00:00-05:00;240.5;237.37558
2022-01-27 00:00:00-05:00;237.2100067138672;237.06548
2022-01-28 00:00:00-05:00;243.36000061035156;234.54298
2022-01-31 00:00:00-05:00;244.22999572753903;237.39122
2022-02-01 00:00:00-05:00;244.47999572753903;239.77017
2022-02-02 00:00:00-05:00;251.6300048828125;240.01343
2022-02-03 00:00:00-05:00;250.2100067138672;244.13777
2022-02-04 00:00:00-05:00;247.3000030517578;244.92535
2022-02-07 00:00:00-05:00;244.3699951171875;242.33545
2022-02-08 00:00:00-05:00;240.4900054931641;239.37184
2022-02-09 00:00:00-05:00;248.75;236.505
2022-02-10 00:00:00-05:00;242.0;241.47166
2022-02-11 00:00:00-05:00;240.6699981689453;239.82718
2022-02-14 00:00:00-05:00;238.1499938964844;236.79208
2022-02-15 00:00:00-05:00;239.9600067138672;234.36342
2022-02-16 00:00:00-05:00;239.8699951171875;235.30316
2022-02-17 00:00:00-05:00;236.13999938964844;236.18443
2022-02-18 00:00:00-05:00;235.08999633789065;233.72356
2022-02-22 00:00:00-05:00;236.25;231.64587
2022-02-23 00:00:00-05:00;234.3800048828125;232.09229
2022-02-24 00:00:00-05:00;236.3699951171875;231.54169
2022-02-25 00:00:00-05:00;244.0500030517578;232.27615
2022-02-28 00:00:00-05:00;238.58999633789065;237.58974
2022-03-01 00:00:00-05:00;234.17999267578125;236.0354
2022-03-02 00:00:00-05:00;240.67999267578125;231.11604
2022-03-03 00:00:00-05:00;243.1000061035156;233.70416
2022-03-04 00:00:00-05:00;247.33999633789065;237.82549
2022-03-07 00:00:00-05:00;244.5800018310547;241.51782
2022-03-08 00:00:00-05:00;239.9499969482422;240.1012
2022-03-09 00:00:00-05:00;244.4600067138672;235.72289
2022-03-10 00:00:00-05:00;244.02000427246097;237.42839
2022-03-11 00:00:00-05:00;241.1199951171875;239.19476
2022-03-14 00:00:00-04:00;239.32000732421875;237.53326
2022-03-15 00:00:00-04:00;240.22000122070312;235.18918
2022-03-16 00:00:00-04:00;243.0099945068359;235.28319
2022-03-17 00:00:00-04:00;245.97000122070312;237.7681
2022-03-18 00:00:00-04:00;245.3800048828125;240.64073
2022-03-21 00:00:00-04:00;244.8300018310547;240.71474
2022-03-22 00:00:00-04:00;243.07000732421875;239.67456
2022-03-23 00:00:00-04:00;241.44000244140625;238.23941
2022-03-24 00:00:00-04:00;243.1999969482422;236.98164
2022-03-25 00:00:00-04:00;247.2400054931641;238.001
2022-03-28 00:00:00-04:00;249.9900054931641;241.36542
2022-03-29 00:00:00-04:00;258.260009765625;244.22572
2022-03-30 00:00:00-04:00;251.9499969482422;249.96732
2022-03-31 00:00:00-04:00;248.3699951171875;247.41745
2022-04-01 00:00:00-04:00;254.44000244140625;242.7985
2022-04-04 00:00:00-04:00;251.0099945068359;245.9393
2022-04-05 00:00:00-04:00;249.44000244140625;246.37631
2022-04-06 00:00:00-04:00;254.9499969482422;244.62291
2022-04-07 00:00:00-04:00;249.33999633789065;247.46231
2022-04-08 00:00:00-04:00;249.61000061035156;245.46217
2022-04-11 00:00:00-04:00;246.25;244.09636
2022-04-12 00:00:00-04:00;246.47999572753903;241.96007
2022-04-13 00:00:00-04:00;247.6199951171875;241.60516
2022-04-14 00:00:00-04:00;246.61000061035156;242.70596
2022-04-18 00:00:00-04:00;244.0500030517578;242.46944
2022-04-19 00:00:00-04:00;246.9199981689453;240.30504
2022-04-20 00:00:00-04:00;253.5;241.29794
2022-04-21 00:00:00-04:00;256.010009765625;246.59651
2022-04-22 00:00:00-04:00;250.8500061035156;250.05331
2022-04-25 00:00:00-04:00;248.4199981689453;246.53839
2022-04-26 00:00:00-04:00;244.3500061035156;242.83038
2022-04-27 00:00:00-04:00;240.77999877929688;239.86649
2022-04-28 00:00:00-04:00;239.5;237.37059
2022-04-29 00:00:00-04:00;227.47999572753903;236.14494
2022-05-02 00:00:00-04:00;221.1499938964844;228.45479
2022-05-03 00:00:00-04:00;222.44000244140625;221.22462
2022-05-04 00:00:00-04:00;222.47999572753903;220.46593
2022-05-05 00:00:00-04:00;216.72000122070312;221.66957
2022-05-06 00:00:00-04:00;212.42999267578125;218.27232
2022-05-09 00:00:00-04:00;203.72000122070312;213.23991
2022-05-10 00:00:00-04:00;200.08999633789065;206.1866
2022-05-11 00:00:00-04:00;203.47999572753903;201.5315
2022-05-12 00:00:00-04:00;204.08999633789065;202.6237
2022-05-13 00:00:00-04:00;207.2100067138672;204.25824
2022-05-16 00:00:00-04:00;204.8500061035156;206.03406
2022-05-17 00:00:00-04:00;207.83999633789065;204.61508
2022-05-18 00:00:00-04:00;201.55999755859375;204.98953
2022-05-19 00:00:00-04:00;199.36000061035156;201.7089
2022-05-20 00:00:00-04:00;200.9499969482422;198.52264
2022-05-23 00:00:00-04:00;204.19000244140625;198.62035
2022-05-24 00:00:00-04:00;205.0099945068359;201.32516
2022-05-25 00:00:00-04:00;204.94000244140625;202.93248
2022-05-26 00:00:00-04:00;205.4499969482422;202.76997
2022-05-27 00:00:00-04:00;210.91000366210935;202.53757
2022-05-31 00:00:00-04:00;207.9600067138672;205.85045
2022-06-01 00:00:00-04:00;207.57000732421875;205.8453
2022-06-02 00:00:00-04:00;208.97000122070312;204.72534
2022-06-03 00:00:00-04:00;205.02000427246097;205.15062
2022-06-06 00:00:00-04:00;200.8000030517578;203.41396
2022-06-07 00:00:00-04:00;204.8500061035156;199.94685
2022-06-08 00:00:00-04:00;200.4900054931641;201.09279
2022-06-09 00:00:00-04:00;194.8699951171875;200.00708
2022-06-10 00:00:00-04:00;194.44000244140625;195.66446
2022-06-13 00:00:00-04:00;186.7599945068359;193.34712
2022-06-14 00:00:00-04:00;185.19000244140625;188.76714
2022-06-15 00:00:00-04:00;187.5800018310547;185.80014
2022-06-16 00:00:00-04:00;186.38999938964844;186.54204
2022-06-17 00:00:00-04:00;190.9900054931641;186.74457
2022-06-21 00:00:00-04:00;191.3999938964844;188.92712
2022-06-22 00:00:00-04:00;191.88999938964844;190.03635
2022-06-23 00:00:00-04:00;196.4900054931641;190.13852
2022-06-24 00:00:00-04:00;195.1499938964844;192.54768
2022-06-27 00:00:00-04:00;198.77000427246097;193.04057
2022-06-28 00:00:00-04:00;197.05999755859375;194.79195
2022-06-29 00:00:00-04:00;195.0800018310547;194.66664
2022-06-30 00:00:00-04:00;194.25;193.05678
2022-07-01 00:00:00-04:00;196.25;191.89313
2022-07-05 00:00:00-04:00;194.2100067138672;193.00363
2022-07-06 00:00:00-04:00;194.02000427246097;192.73965
2022-07-07 00:00:00-04:00;192.58999633789065;192.14185
2022-07-08 00:00:00-04:00;190.55999755859375;191.07327
2022-07-11 00:00:00-04:00;190.5500030517578;189.49821
2022-07-12 00:00:00-04:00;191.33999633789065;188.92448
2022-07-13 00:00:00-04:00;190.5500030517578;189.46092
2022-07-14 00:00:00-04:00;189.13999938964844;189.3512
2022-07-15 00:00:00-04:00;192.7899932861328;188.21962
2022-07-18 00:00:00-04:00;191.2400054931641;189.70923
2022-07-19 00:00:00-04:00;195.4600067138672;189.89326
2022-07-20 00:00:00-04:00;194.6300048828125;191.98102
2022-07-21 00:00:00-04:00;196.0500030517578;192.55547
2022-07-22 00:00:00-04:00;198.25;193.13043
2022-07-25 00:00:00-04:00;197.5399932861328;194.66512
2022-07-26 00:00:00-04:00;197.5399932861328;194.99138
2022-07-27 00:00:00-04:00;202.08999633789065;194.8251
2022-07-28 00:00:00-04:00;212.2400054931641;197.47728
2022-07-29 00:00:00-04:00;213.94000244140625;205.19502
2022-08-01 00:00:00-04:00;207.77000427246097;209.487
2022-08-02 00:00:00-04:00;204.5800018310547;205.84636
2022-08-03 00:00:00-04:00;202.0500030517578;201.41582
2022-08-04 00:00:00-04:00;203.8000030517578;199.13043
2022-08-05 00:00:00-04:00;204.91000366210935;200.424
2022-08-08 00:00:00-04:00;206.44000244140625;202.35283
2022-08-09 00:00:00-04:00;210.4199981689453;203.76598
2022-08-10 00:00:00-04:00;213.72000122070312;206.31802
2022-08-11 00:00:00-04:00;215.0800018310547;209.29033
2022-08-12 00:00:00-04:00;218.16000366210935;210.99986
2022-08-15 00:00:00-04:00;218.3800048828125;213.09508
2022-08-16 00:00:00-04:00;219.2400054931641;214.01874
2022-08-17 00:00:00-04:00;220.22000122070312;214.6694
2022-08-18 00:00:00-04:00;216.52000427246097;215.58817
2022-08-19 00:00:00-04:00;214.97999572753903;213.78065
2022-08-22 00:00:00-04:00;210.3300018310547;211.90132
2022-08-23 00:00:00-04:00;206.6699981689453;208.80255
2022-08-24 00:00:00-04:00;209.97000122070312;205.62708
2022-08-25 00:00:00-04:00;213.38999938964844;206.82079
2022-08-26 00:00:00-04:00;209.32000732421875;210.23909
2022-08-29 00:00:00-04:00;205.67999267578125;208.87605
2022-08-30 00:00:00-04:00;203.11000061035156;204.94597
2022-08-31 00:00:00-04:00;200.91000366210935;201.8494
2022-09-01 00:00:00-04:00;203.9600067138672;200.01971
2022-09-02 00:00:00-04:00;202.5099945068359;201.57872
2022-09-06 00:00:00-04:00;207.1300048828125;201.75941
2022-09-07 00:00:00-04:00;210.4499969482422;203.93425
2022-09-08 00:00:00-04:00;211.8300018310547;206.87361
2022-09-09 00:00:00-04:00;214.4600067138672;208.51465
2022-09-12 00:00:00-04:00;214.22000122070312;210.15755
2022-09-13 00:00:00-04:00;207.8500061035156;210.50735
2022-09-14 00:00:00-04:00;205.0800018310547;206.53297
2022-09-15 00:00:00-04:00;201.32000732421875;202.99437
2022-09-16 00:00:00-04:00;201.97999572753903;200.1746
2022-09-19 00:00:00-04:00;199.6300048828125;200.03874
2022-09-20 00:00:00-04:00;192.8800048828125;199.16734
2022-09-21 00:00:00-04:00;188.97000122070312;194.54329
2022-09-22 00:00:00-04:00;188.47999572753903;189.90247
2022-09-23 00:00:00-04:00;188.82000732421875;188.22905
2022-09-26 00:00:00-04:00;184.19000244140625;188.53247
2022-09-27 00:00:00-04:00;181.8000030517578;186.10541
2022-09-28 00:00:00-04:00;186.41000366210935;182.9572
2022-09-29 00:00:00-04:00;181.5;184.269
2022-09-30 00:00:00-04:00;184.19000244140625;182.81978
2022-10-03 00:00:00-04:00;186.6199951171875;182.86137
2022-10-04 00:00:00-04:00;188.16000366210935;184.49704
2022-10-05 00:00:00-04:00;182.5099945068359;186.10988
2022-10-06 00:00:00-04:00;177.6300048828125;183.14374
2022-10-07 00:00:00-04:00;172.27999877929688;178.26358
2022-10-10 00:00:00-04:00;170.86000061035156;173.38857
2022-10-11 00:00:00-04:00;174.7100067138672;171.07773
2022-10-12 00:00:00-04:00;171.6699981689453;173.02507
2022-10-13 00:00:00-04:00;175.8699951171875;172.77235
2022-10-14 00:00:00-04:00;169.5800018310547;174.05536
2022-10-17 00:00:00-04:00;175.3800048828125;171.1751
2022-10-18 00:00:00-04:00;177.75999450683594;172.24553
2022-10-19 00:00:00-04:00;173.35000610351562;175.01683
2022-10-20 00:00:00-04:00;172.02999877929688;173.69405
2022-10-21 00:00:00-04:00;174.88999938964844;171.33247
2022-10-24 00:00:00-04:00;173.1999969482422;171.99232
2022-10-25 00:00:00-04:00;178.8000030517578;172.13171
2022-10-26 00:00:00-04:00;174.55999755859375;175.09592
2022-10-27 00:00:00-04:00;172.33999633789062;174.32597
2022-10-28 00:00:00-04:00;175.60000610351562;171.78262
2022-10-31 00:00:00-04:00;175.1199951171875;172.44823
2022-11-01 00:00:00-04:00;175.2899932861328;173.36917
2022-11-02 00:00:00-04:00;171.17999267578125;173.75108
2022-11-03 00:00:00-04:00;170.10000610351562;171.37903
2022-11-04 00:00:00-04:00;167.2899932861328;169.3135
2022-11-07 00:00:00-05:00;162.02000427246094;167.2608
2022-11-08 00:00:00-05:00;161.0500030517578;163.69612
2022-11-09 00:00:00-05:00;158.97999572753906;161.47652
2022-11-10 00:00:00-05:00;171.82000732421875;159.86185
2022-11-11 00:00:00-05:00;167.11000061035156;166.32228
2022-11-14 00:00:00-05:00;166.39999389648438;167.81555
2022-11-15 00:00:00-05:00;168.97000122070312;166.13985
2022-11-16 00:00:00-05:00;166.0800018310547;166.17332
2022-11-17 00:00:00-05:00;165.1300048828125;165.21593
2022-11-18 00:00:00-05:00;169.19000244140625;164.13448
2022-11-21 00:00:00-05:00;168.69000244140625;165.99858
2022-11-22 00:00:00-05:00;168.89999389648438;167.12961
2022-11-23 00:00:00-05:00;168.52000427246094;167.3104
2022-11-25 00:00:00-05:00;170.05999755859375;166.90398
2022-11-28 00:00:00-05:00;168.07000732421875;167.54085
2022-11-29 00:00:00-05:00;170.7899932861328;167.00406
2022-11-30 00:00:00-05:00;174.89999389648438;168.03989
2022-12-01 00:00:00-05:00;174.17999267578125;171.16171
2022-12-02 00:00:00-05:00;172.57000732421875;172.30629
2022-12-05 00:00:00-05:00;170.3000030517578;171.21625
2022-12-06 00:00:00-05:00;166.88999938964844;169.1519
2022-12-07 00:00:00-05:00;167.97000122070312;166.53947
2022-12-08 00:00:00-05:00;169.60000610351562;166.24733
2022-12-09 00:00:00-05:00;169.5800018310547;167.70566
2022-12-12 00:00:00-05:00;171.5500030517578;168.52231
2022-12-13 00:00:00-05:00;173.39999389648438;169.56468
2022-12-14 00:00:00-05:00;172.0800018310547;170.9571
2022-12-15 00:00:00-05:00;168.7899932861328;170.75926
2022-12-16 00:00:00-05:00;165.0;168.47406
2022-12-19 00:00:00-05:00;162.22000122070312;165.19519
2022-12-20 00:00:00-05:00;161.2100067138672;162.43321
2022-12-21 00:00:00-05:00;162.3699951171875;161.10822
2022-12-22 00:00:00-05:00;161.85000610351562;161.56993
2022-12-23 00:00:00-05:00;163.02999877929688;161.72806
2022-12-27 00:00:00-05:00;162.8000030517578;162.10873
2022-12-28 00:00:00-05:00;161.0800018310547;162.02678
2022-12-29 00:00:00-05:00;162.64999389648438;160.8408
2022-12-30 00:00:00-05:00;161.52000427246094;160.94362
2023-01-03 00:00:00-05:00;161.5;160.70164
2023-01-04 00:00:00-05:00;164.32000732421875;160.43803
2023-01-05 00:00:00-05:00;157.97999572753906;161.83154
2023-01-06 00:00:00-05:00;163.6300048828125;159.2719
2023-01-09 00:00:00-05:00;162.47000122070312;160.31845
2023-01-10 00:00:00-05:00;162.99000549316406;161.11266
2023-01-11 00:00:00-05:00;169.8800048828125;161.50507
2023-01-12 00:00:00-05:00;170.27000427246094;165.2874
2023-01-13 00:00:00-05:00;167.85000610351562;167.69778
2023-01-17 00:00:00-05:00;170.00999450683594;166.71405
2023-01-18 00:00:00-05:00;168.64999389648438;166.80368
2023-01-19 00:00:00-05:00;168.6999969482422;166.62436
2023-01-20 00:00:00-05:00;170.35000610351562;166.65544
2023-01-23 00:00:00-05:00;170.36000061035156;167.72955
2023-01-24 00:00:00-05:00;173.5749969482422;168.424
