Date;CTSH;close_predicted
2018-05-07 00:00:00-04:00;77.86000061035156;81.029465
2018-05-08 00:00:00-04:00;75.55000305175781;79.37976
2018-05-09 00:00:00-04:00;75.02999877929688;77.157906
2018-05-10 00:00:00-04:00;75.94999694824219;75.84489
2018-05-11 00:00:00-04:00;76.58000183105469;75.92292
2018-05-14 00:00:00-04:00;75.86000061035156;76.520004
2018-05-15 00:00:00-04:00;75.45999908447266;76.41349
2018-05-16 00:00:00-04:00;75.38999938964844;75.82326
2018-05-17 00:00:00-04:00;75.77999877929688;75.31409
2018-05-18 00:00:00-04:00;76.04000091552734;75.25512
2018-05-21 00:00:00-04:00;75.75;75.4386
2018-05-22 00:00:00-04:00;75.23999786376953;75.40815
2018-05-23 00:00:00-04:00;75.76000213623047;75.06407
2018-05-24 00:00:00-04:00;75.93000030517578;75.03413
2018-05-25 00:00:00-04:00;75.77999877929688;75.1815
2018-05-29 00:00:00-04:00;74.41000366210938;75.22279
2018-05-30 00:00:00-04:00;75.69000244140625;74.5999
2018-05-31 00:00:00-04:00;75.3499984741211;74.70582
2018-06-01 00:00:00-04:00;76.87000274658203;74.81914
2018-06-04 00:00:00-04:00;77.22000122070312;75.535065
2018-06-05 00:00:00-04:00;77.02999877929688;76.141556
2018-06-06 00:00:00-04:00;78.13999938964844;76.26901
2018-06-07 00:00:00-04:00;76.72000122070312;76.69317
2018-06-08 00:00:00-04:00;77.11000061035156;76.37423
2018-06-11 00:00:00-04:00;76.97000122070312;76.2649
2018-06-12 00:00:00-04:00;78.25;76.2709
2018-06-13 00:00:00-04:00;78.0199966430664;76.91583
2018-06-14 00:00:00-04:00;78.55000305175781;77.27458
2018-06-15 00:00:00-04:00;80.69999694824219;77.57731
2018-06-18 00:00:00-04:00;80.01000213623047;78.658516
2018-06-19 00:00:00-04:00;79.19999694824219;79.03936
2018-06-20 00:00:00-04:00;78.81999969482422;78.67445
2018-06-21 00:00:00-04:00;77.68000030517578;78.212425
2018-06-22 00:00:00-04:00;78.69999694824219;77.57923
2018-06-25 00:00:00-04:00;77.95999908447266;77.78469
2018-06-26 00:00:00-04:00;78.44999694824219;77.792816
2018-06-27 00:00:00-04:00;77.37999725341797;77.933716
2018-06-28 00:00:00-04:00;79.0199966430664;77.51558
2018-06-29 00:00:00-04:00;78.98999786376953;77.89308
2018-07-02 00:00:00-04:00;79.48999786376953;78.24603
2018-07-03 00:00:00-04:00;79.9000015258789;78.590706
2018-07-05 00:00:00-04:00;79.88999938964844;78.89154
2018-07-06 00:00:00-04:00;80.55999755859375;79.0021
2018-07-09 00:00:00-04:00;80.9800033569336;79.3178
2018-07-10 00:00:00-04:00;81.75;79.724976
2018-07-11 00:00:00-04:00;81.58999633789062;80.29478
2018-07-12 00:00:00-04:00;83.31999969482422;80.52526
2018-07-13 00:00:00-04:00;81.70999908447266;81.34466
2018-07-16 00:00:00-04:00;81.95999908447266;81.150665
2018-07-17 00:00:00-04:00;82.73999786376953;80.96826
2018-07-18 00:00:00-04:00;82.33000183105469;81.31615
2018-07-19 00:00:00-04:00;82.37999725341797;81.48112
2018-07-20 00:00:00-04:00;82.23999786376953;81.547714
2018-07-23 00:00:00-04:00;82.66999816894531;81.49938
2018-07-24 00:00:00-04:00;82.26000213623047;81.66696
2018-07-25 00:00:00-04:00;82.83999633789062;81.62748
2018-07-26 00:00:00-04:00;82.72000122070312;81.82939
2018-07-27 00:00:00-04:00;81.55999755859375;81.92667
2018-07-30 00:00:00-04:00;80.76000213623047;81.41901
2018-07-31 00:00:00-04:00;81.5;80.70193
2018-08-01 00:00:00-04:00;82.08999633789062;80.704155
2018-08-02 00:00:00-04:00;76.86000061035156;81.17134
2018-08-03 00:00:00-04:00;77.81999969482422;79.117256
2018-08-06 00:00:00-04:00;78.48999786376953;77.97682
2018-08-07 00:00:00-04:00;78.06999969482422;78.02812
2018-08-08 00:00:00-04:00;77.23999786376953;78.16348
2018-08-09 00:00:00-04:00;76.26000213623047;77.75239
2018-08-10 00:00:00-04:00;75.55999755859375;76.87605
2018-08-13 00:00:00-04:00;75.41999816894531;76.00209
2018-08-14 00:00:00-04:00;75.22000122070312;75.52744
2018-08-15 00:00:00-04:00;74.54000091552734;75.295
2018-08-16 00:00:00-04:00;75.0999984741211;74.88627
2018-08-17 00:00:00-04:00;75.55999755859375;74.815926
2018-08-20 00:00:00-04:00;74.91000366210938;75.00594
2018-08-21 00:00:00-04:00;74.9000015258789;74.81232
2018-08-22 00:00:00-04:00;75.26000213623047;74.565544
2018-08-23 00:00:00-04:00;75.11000061035156;74.576324
2018-08-24 00:00:00-04:00;75.86000061035156;74.57975
2018-08-27 00:00:00-04:00;76.61000061035156;74.89565
2018-08-28 00:00:00-04:00;76.66000366210938;75.43583
2018-08-29 00:00:00-04:00;77.69000244140625;75.7427
2018-08-30 00:00:00-04:00;77.38999938964844;76.26595
2018-08-31 00:00:00-04:00;78.43000030517578;76.44065
2018-09-04 00:00:00-04:00;75.63999938964844;76.923065
2018-09-05 00:00:00-04:00;75.29000091552734;76.0336
2018-09-06 00:00:00-04:00;75.72000122070312;75.19071
2018-09-07 00:00:00-04:00;75.7300033569336;75.093094
2018-09-10 00:00:00-04:00;75.55999755859375;75.30642
2018-09-11 00:00:00-04:00;76.61000061035156;75.38608
2018-09-12 00:00:00-04:00;75.69999694824219;75.791016
2018-09-13 00:00:00-04:00;77.19999694824219;75.61577
2018-09-14 00:00:00-04:00;76.27999877929688;76.02204
2018-09-17 00:00:00-04:00;75.95999908447266;75.951126
2018-09-18 00:00:00-04:00;76.87999725341797;75.656624
2018-09-19 00:00:00-04:00;76.0999984741211;75.88424
2018-09-20 00:00:00-04:00;77.16999816894531;75.80316
2018-09-21 00:00:00-04:00;77.61000061035156;76.15688
2018-09-24 00:00:00-04:00;77.2699966430664;76.61799
2018-09-25 00:00:00-04:00;76.81999969482422;76.68993
2018-09-26 00:00:00-04:00;76.79000091552734;76.41706
2018-09-27 00:00:00-04:00;76.76000213623047;76.220085
2018-09-28 00:00:00-04:00;77.1500015258789;76.18218
2018-10-01 00:00:00-04:00;76.9800033569336;76.40416
2018-10-02 00:00:00-04:00;77.27999877929688;76.49358
2018-10-03 00:00:00-04:00;76.55999755859375;76.6149
2018-10-04 00:00:00-04:00;76.0999984741211;76.35168
2018-10-05 00:00:00-04:00;75.20999908447266;75.938675
2018-10-08 00:00:00-04:00;74.11000061035156;75.34524
2018-10-09 00:00:00-04:00;73.97000122070312;74.5725
2018-10-10 00:00:00-04:00;71.44000244140625;74.11957
2018-10-11 00:00:00-04:00;70.29000091552734;72.89247
2018-10-12 00:00:00-04:00;72.16999816894531;71.59409
2018-10-15 00:00:00-04:00;72.01000213623047;71.73094
2018-10-16 00:00:00-04:00;73.5;72.05512
2018-10-17 00:00:00-04:00;73.98999786376953;72.7717
2018-10-18 00:00:00-04:00;73.58999633789062;73.28143
2018-10-19 00:00:00-04:00;73.69000244140625;73.19261
2018-10-22 00:00:00-04:00;73.58999633789062;73.01083
2018-10-23 00:00:00-04:00;73.41000366210938;72.8934
2018-10-24 00:00:00-04:00;70.1500015258789;72.82523
2018-10-25 00:00:00-04:00;71.4800033569336;71.43707
2018-10-26 00:00:00-04:00;70.52999877929688;71.03364
2018-10-29 00:00:00-04:00;69.22000122070312;70.741
2018-10-30 00:00:00-04:00;66.5199966430664;70.064896
2018-10-31 00:00:00-04:00;69.02999877929688;68.45412
2018-11-01 00:00:00-04:00;68.77999877929688;68.44478
2018-11-02 00:00:00-04:00;69.5;68.748726
2018-11-05 00:00:00-05:00;69.45999908447266;69.19224
2018-11-06 00:00:00-05:00;69.6500015258789;69.30127
2018-11-07 00:00:00-05:00;71.37000274658203;69.264114
2018-11-08 00:00:00-05:00;71.23999786376953;69.9181
2018-11-09 00:00:00-05:00;70.33999633789062;70.36117
2018-11-12 00:00:00-05:00;69.55000305175781;70.11905
2018-11-13 00:00:00-05:00;69.61000061035156;69.50274
2018-11-14 00:00:00-05:00;67.56999969482422;69.1962
2018-11-15 00:00:00-05:00;68.66999816894531;68.33569
2018-11-16 00:00:00-05:00;70.33000183105469;68.262856
2018-11-19 00:00:00-05:00;69.20999908447266;69.1543
2018-11-20 00:00:00-05:00;67.61000061035156;69.32258
2018-11-21 00:00:00-05:00;68.66999816894531;68.4536
2018-11-23 00:00:00-05:00;67.9800033569336;68.18827
2018-11-26 00:00:00-05:00;68.75;67.974236
2018-11-27 00:00:00-05:00;69.9000015258789;68.22139
2018-11-28 00:00:00-05:00;70.76000213623047;68.92949
2018-11-29 00:00:00-05:00;70.30000305175781;69.71619
2018-11-30 00:00:00-05:00;71.2300033569336;69.86338
2018-12-03 00:00:00-05:00;71.93000030517578;70.145775
2018-12-04 00:00:00-05:00;70.0199966430664;70.65547
2018-12-06 00:00:00-05:00;69.4000015258789;70.18594
2018-12-07 00:00:00-05:00;68.0;69.48489
2018-12-10 00:00:00-05:00;67.08999633789062;68.5689
2018-12-11 00:00:00-05:00;67.26000213623047;67.754135
2018-12-12 00:00:00-05:00;68.02999877929688;67.48319
2018-12-13 00:00:00-05:00;69.08000183105469;67.80319
2018-12-14 00:00:00-05:00;67.7699966430664;68.49424
2018-12-17 00:00:00-05:00;64.66999816894531;68.27335
2018-12-18 00:00:00-05:00;64.62000274658203;66.5546
2018-12-19 00:00:00-05:00;64.2300033569336;65.29705
2018-12-20 00:00:00-05:00;62.779998779296875;64.69284
2018-12-21 00:00:00-05:00;60.09000015258789;63.98027
2018-12-24 00:00:00-05:00;60.02000045776367;62.427788
2018-12-26 00:00:00-05:00;62.36000061035156;61.29736
2018-12-27 00:00:00-05:00;63.08000183105469;61.725395
2018-12-28 00:00:00-05:00;62.93000030517578;62.59774
2018-12-31 00:00:00-05:00;63.47999954223633;62.94203
2019-01-02 00:00:00-05:00;63.09000015258789;63.05334
2019-01-03 00:00:00-05:00;61.099998474121094;62.832798
2019-01-04 00:00:00-05:00;63.70000076293945;61.829376
2019-01-07 00:00:00-05:00;63.599998474121094;62.20553
2019-01-08 00:00:00-05:00;64.31999969482422;62.79494
2019-01-09 00:00:00-05:00;64.26000213623047;63.431686
2019-01-10 00:00:00-05:00;64.80999755859375;63.6995
2019-01-11 00:00:00-05:00;64.91999816894531;63.953495
2019-01-14 00:00:00-05:00;64.62999725341797;64.156006
2019-01-15 00:00:00-05:00;65.98999786376953;64.16987
2019-01-16 00:00:00-05:00;65.79000091552734;64.73738
2019-01-17 00:00:00-05:00;66.55000305175781;65.13162
2019-01-18 00:00:00-05:00;67.81999969482422;65.61549
2019-01-22 00:00:00-05:00;66.80000305175781;66.4343
2019-01-23 00:00:00-05:00;67.05999755859375;66.52346
2019-01-24 00:00:00-05:00;68.12000274658203;66.5065
2019-01-25 00:00:00-05:00;70.0199966430664;66.97602
2019-01-28 00:00:00-05:00;68.94999694824219;68.20766
2019-01-29 00:00:00-05:00;68.66000366210938;68.571915
2019-01-30 00:00:00-05:00;69.80000305175781;68.38674
2019-01-31 00:00:00-05:00;69.68000030517578;68.68342
2019-02-01 00:00:00-05:00;70.13999938964844;68.98727
2019-02-04 00:00:00-05:00;71.29000091552734;69.377625
2019-02-05 00:00:00-05:00;71.20999908447266;70.10176
2019-02-06 00:00:00-05:00;74.5;70.51543
2019-02-07 00:00:00-05:00;72.98999786376953;72.063446
2019-02-08 00:00:00-05:00;73.16000366210938;72.448326
2019-02-11 00:00:00-05:00;72.97000122070312;72.405045
2019-02-12 00:00:00-05:00;73.44999694824219;72.26111
2019-02-13 00:00:00-05:00;73.58000183105469;72.48464
2019-02-14 00:00:00-05:00;73.12000274658203;72.82332
2019-02-15 00:00:00-05:00;73.55999755859375;72.84479
2019-02-19 00:00:00-05:00;73.18000030517578;72.97451
2019-02-20 00:00:00-05:00;72.25;72.919266
2019-02-21 00:00:00-05:00;71.33999633789062;72.46283
2019-02-22 00:00:00-05:00;72.37999725341797;71.77389
2019-02-25 00:00:00-05:00;72.25;71.86017
2019-02-26 00:00:00-05:00;72.04000091552734;72.057915
2019-02-27 00:00:00-05:00;71.30999755859375;72.04618
2019-02-28 00:00:00-05:00;70.9800033569336;71.61576
2019-03-01 00:00:00-05:00;72.12999725341797;71.13687
2019-03-04 00:00:00-05:00;71.76000213623047;71.39202
2019-03-05 00:00:00-05:00;71.38999938964844;71.54041
2019-03-06 00:00:00-05:00;71.45999908447266;71.37834
2019-03-07 00:00:00-05:00;72.33000183105469;71.212845
2019-03-08 00:00:00-05:00;71.1500015258789;71.50228
2019-03-11 00:00:00-04:00;72.3499984741211;71.24903
2019-03-12 00:00:00-04:00;71.77999877929688;71.487114
2019-03-13 00:00:00-04:00;71.20999908447266;71.48325
2019-03-14 00:00:00-04:00;70.93000030517578;71.16885
2019-03-15 00:00:00-04:00;72.12999725341797;70.82198
2019-03-18 00:00:00-04:00;71.87999725341797;71.183754
2019-03-19 00:00:00-04:00;72.0199966430664;71.4424
2019-03-20 00:00:00-04:00;71.70999908447266;71.56826
2019-03-21 00:00:00-04:00;72.19999694824219;71.4359
2019-03-22 00:00:00-04:00;70.88999938964844;71.5218
2019-03-25 00:00:00-04:00;70.75;71.07767
2019-03-26 00:00:00-04:00;71.08999633789062;70.68469
2019-03-27 00:00:00-04:00;71.02999877929688;70.67924
2019-03-28 00:00:00-04:00;71.58000183105469;70.76328
2019-03-29 00:00:00-04:00;72.44999694824219;71.03926
2019-04-01 00:00:00-04:00;73.8499984741211;71.56157
2019-04-02 00:00:00-04:00;73.56999969482422;72.448494
2019-04-03 00:00:00-04:00;74.18000030517578;72.80781
2019-04-04 00:00:00-04:00;73.79000091552734;73.09032
2019-04-05 00:00:00-04:00;74.19999694824219;73.06688
2019-04-08 00:00:00-04:00;74.41000366210938;73.21681
2019-04-09 00:00:00-04:00;74.37000274658203;73.48702
2019-04-10 00:00:00-04:00;74.5999984741211;73.67023
2019-04-11 00:00:00-04:00;74.19000244140625;73.85755
2019-04-12 00:00:00-04:00;74.29000091552734;73.79054
2019-04-15 00:00:00-04:00;74.31999969482422;73.76397
2019-04-16 00:00:00-04:00;71.9000015258789;73.805786
2019-04-17 00:00:00-04:00;72.1500015258789;72.81861
2019-04-18 00:00:00-04:00;71.33999633789062;72.21748
2019-04-22 00:00:00-04:00;71.4800033569336;71.72252
2019-04-23 00:00:00-04:00;72.8499984741211;71.57929
2019-04-24 00:00:00-04:00;72.66999816894531;72.150955
2019-04-25 00:00:00-04:00;72.93000030517578;72.456924
2019-04-26 00:00:00-04:00;73.37000274658203;72.55331
2019-04-29 00:00:00-04:00;72.4000015258789;72.68418
2019-04-30 00:00:00-04:00;72.95999908447266;72.33039
2019-05-01 00:00:00-04:00;72.18000030517578;72.29451
2019-05-02 00:00:00-04:00;66.61000061035156;72.05192
2019-05-03 00:00:00-04:00;59.25;69.54011
2019-05-06 00:00:00-04:00;59.599998474121094;64.79622
2019-05-07 00:00:00-04:00;58.5099983215332;62.029945
2019-05-08 00:00:00-04:00;58.97999954223633;60.758934
2019-05-09 00:00:00-04:00;59.099998474121094;60.597675
2019-05-10 00:00:00-04:00;59.130001068115234;60.602238
2019-05-13 00:00:00-04:00;56.880001068115234;60.349476
2019-05-14 00:00:00-04:00;57.75;58.99756
2019-05-15 00:00:00-04:00;58.599998474121094;58.18278
2019-05-16 00:00:00-04:00;58.63999938964844;58.184532
2019-05-17 00:00:00-04:00;59.439998626708984;58.370937
2019-05-20 00:00:00-04:00;59.9900016784668;58.745674
2019-05-21 00:00:00-04:00;61.0;59.135662
2019-05-22 00:00:00-04:00;61.5;59.706623
2019-05-23 00:00:00-04:00;61.08000183105469;60.245773
2019-05-24 00:00:00-04:00;61.869998931884766;60.35588
2019-05-28 00:00:00-04:00;62.06999969482422;60.654926
2019-05-29 00:00:00-04:00;61.880001068115234;61.01216
2019-05-30 00:00:00-04:00;62.36000061035156;61.196255
2019-05-31 00:00:00-04:00;61.93000030517578;61.49082
2019-06-03 00:00:00-04:00;60.540000915527344;61.550056
2019-06-04 00:00:00-04:00;61.099998474121094;60.99677
2019-06-05 00:00:00-04:00;62.18000030517578;60.819847
2019-06-06 00:00:00-04:00;61.900001525878906;61.33057
2019-06-07 00:00:00-04:00;62.779998779296875;61.688164
2019-06-10 00:00:00-04:00;63.029998779296875;62.159267
2019-06-11 00:00:00-04:00;63.369998931884766;62.513126
2019-06-12 00:00:00-04:00;62.150001525878906;62.79727
2019-06-13 00:00:00-04:00;62.34000015258789;62.435528
2019-06-14 00:00:00-04:00;61.63999938964844;62.18265
2019-06-17 00:00:00-04:00;62.560001373291016;61.84816
2019-06-18 00:00:00-04:00;63.720001220703125;62.06318
2019-06-19 00:00:00-04:00;62.61000061035156;62.81086
2019-06-20 00:00:00-04:00;64.16999816894531;62.85055
2019-06-21 00:00:00-04:00;64.45999908447266;63.276108
2019-06-24 00:00:00-04:00;64.05000305175781;63.719154
2019-06-25 00:00:00-04:00;63.15999984741211;63.784863
2019-06-26 00:00:00-04:00;63.060001373291016;63.360443
2019-06-27 00:00:00-04:00;63.060001373291016;63.009823
2019-06-28 00:00:00-04:00;63.38999938964844;62.904392
2019-07-01 00:00:00-04:00;64.27999877929688;63.082592
2019-07-02 00:00:00-04:00;64.36000061035156;63.61182
2019-07-03 00:00:00-04:00;64.18000030517578;63.978645
2019-07-05 00:00:00-04:00;64.70999908447266;64.009254
2019-07-08 00:00:00-04:00;64.19999694824219;64.145226
2019-07-09 00:00:00-04:00;64.37999725341797;64.05372
2019-07-10 00:00:00-04:00;64.05999755859375;64.04403
2019-07-11 00:00:00-04:00;65.29000091552734;63.953438
2019-07-12 00:00:00-04:00;65.86000061035156;64.41165
2019-07-15 00:00:00-04:00;65.81999969482422;65.0356
2019-07-16 00:00:00-04:00;65.94999694824219;65.356224
2019-07-17 00:00:00-04:00;65.23999786376953;65.47152
2019-07-18 00:00:00-04:00;65.93000030517578;65.19577
2019-07-19 00:00:00-04:00;65.13999938964844;65.28185
2019-07-22 00:00:00-04:00;65.55000305175781;65.14166
2019-07-23 00:00:00-04:00;65.87000274658203;65.20251
2019-07-24 00:00:00-04:00;65.76000213623047;65.43185
2019-07-25 00:00:00-04:00;65.77999877929688;65.544266
2019-07-26 00:00:00-04:00;66.4000015258789;65.56556
2019-07-29 00:00:00-04:00;66.04000091552734;65.80894
2019-07-30 00:00:00-04:00;65.33000183105469;65.845505
2019-07-31 00:00:00-04:00;65.13999938964844;65.51292
2019-08-01 00:00:00-04:00;66.41000366210938;65.18089
2019-08-02 00:00:00-04:00;63.4900016784668;65.56966
2019-08-05 00:00:00-04:00;62.040000915527344;64.756195
2019-08-06 00:00:00-04:00;62.58000183105469;63.41397
2019-08-07 00:00:00-04:00;62.209999084472656;62.827415
2019-08-08 00:00:00-04:00;63.959999084472656;62.61193
2019-08-09 00:00:00-04:00;62.459999084472656;63.284557
2019-08-12 00:00:00-04:00;61.16999816894531;63.164646
2019-08-13 00:00:00-04:00;61.7400016784668;62.25908
2019-08-14 00:00:00-04:00;60.650001525878906;61.777573
2019-08-15 00:00:00-04:00;60.58000183105469;61.221992
2019-08-16 00:00:00-04:00;61.220001220703125;60.87952
2019-08-19 00:00:00-04:00;61.86000061035156;60.992455
2019-08-20 00:00:00-04:00;61.58000183105469;61.394783
2019-08-21 00:00:00-04:00;61.939998626708984;61.5056
2019-08-22 00:00:00-04:00;61.20000076293945;61.574326
2019-08-23 00:00:00-04:00;60.0;61.279957
2019-08-26 00:00:00-04:00;59.869998931884766;60.552456
2019-08-27 00:00:00-04:00;59.70000076293945;60.032967
2019-08-28 00:00:00-04:00;60.2400016784668;59.786697
2019-08-29 00:00:00-04:00;61.380001068115234;59.957546
2019-08-30 00:00:00-04:00;61.38999938964844;60.59747
2019-09-03 00:00:00-04:00;61.47999954223633;61.01162
2019-09-04 00:00:00-04:00;62.40999984741211;61.144753
2019-09-05 00:00:00-04:00;64.26000213623047;61.500946
2019-09-06 00:00:00-04:00;64.44999694824219;62.529182
2019-09-09 00:00:00-04:00;64.18000030517578;63.333347
2019-09-10 00:00:00-04:00;64.73999786376953;63.56165
2019-09-11 00:00:00-04:00;65.36000061035156;63.78181
2019-09-12 00:00:00-04:00;64.83999633789062;64.223335
2019-09-13 00:00:00-04:00;64.33000183105469;64.362915
2019-09-16 00:00:00-04:00;63.9900016784668;64.19117
2019-09-17 00:00:00-04:00;64.0;63.934097
2019-09-18 00:00:00-04:00;63.5099983215332;63.842262
2019-09-19 00:00:00-04:00;63.470001220703125;63.67781
2019-09-20 00:00:00-04:00;61.79999923706055;63.56833
2019-09-23 00:00:00-04:00;60.83000183105469;62.84021
2019-09-24 00:00:00-04:00;59.91999816894531;61.899582
2019-09-25 00:00:00-04:00;60.189998626708984;60.996765
2019-09-26 00:00:00-04:00;59.65999984741211;60.64655
2019-09-27 00:00:00-04:00;58.75;60.370983
2019-09-30 00:00:00-04:00;60.27000045776367;59.807705
2019-10-01 00:00:00-04:00;60.619998931884766;59.96636
2019-10-02 00:00:00-04:00;59.939998626708984;60.333996
2019-10-03 00:00:00-04:00;60.18000030517578;60.23098
2019-10-04 00:00:00-04:00;60.5099983215332;60.078514
2019-10-07 00:00:00-04:00;60.279998779296875;60.101837
2019-10-08 00:00:00-04:00;58.900001525878906;60.072388
2019-10-09 00:00:00-04:00;59.439998626708984;59.483913
2019-10-10 00:00:00-04:00;59.79999923706055;59.242893
2019-10-11 00:00:00-04:00;60.61000061035156;59.382175
2019-10-14 00:00:00-04:00;60.380001068115234;59.88981
2019-10-15 00:00:00-04:00;61.34000015258789;60.133694
2019-10-16 00:00:00-04:00;61.38999938964844;60.54222
2019-10-17 00:00:00-04:00;61.380001068115234;60.813896
2019-10-18 00:00:00-04:00;60.63999938964844;60.920837
2019-10-21 00:00:00-04:00;60.779998779296875;60.65384
2019-10-22 00:00:00-04:00;59.900001525878906;60.508057
2019-10-23 00:00:00-04:00;60.349998474121094;60.15698
2019-10-24 00:00:00-04:00;60.5099983215332;60.12861
2019-10-25 00:00:00-04:00;60.459999084472656;60.284534
2019-10-28 00:00:00-04:00;60.66999816894531;60.387264
2019-10-29 00:00:00-04:00;60.45000076293945;60.48775
2019-10-30 00:00:00-04:00;59.88999938964844;60.43523
2019-10-31 00:00:00-04:00;60.939998626708984;60.134514
2019-11-01 00:00:00-04:00;61.22999954223633;60.340805
2019-11-04 00:00:00-05:00;62.06999969482422;60.718987
2019-11-05 00:00:00-05:00;61.91999816894531;61.29051
2019-11-06 00:00:00-05:00;62.2599983215332;61.55208
2019-11-07 00:00:00-05:00;63.029998779296875;61.726707
2019-11-08 00:00:00-05:00;62.86000061035156;62.125484
2019-11-11 00:00:00-05:00;62.63999938964844;62.35193
2019-11-12 00:00:00-05:00;62.84000015258789;62.352585
2019-11-13 00:00:00-05:00;62.5099983215332;62.403305
2019-11-14 00:00:00-05:00;63.11000061035156;62.346786
2019-11-15 00:00:00-05:00;63.380001068115234;62.564816
2019-11-18 00:00:00-05:00;63.630001068115234;62.883297
2019-11-19 00:00:00-05:00;63.91999816894531;63.178078
2019-11-20 00:00:00-05:00;63.5099983215332;63.436573
2019-11-21 00:00:00-05:00;63.400001525878906;63.392536
2019-11-22 00:00:00-05:00;63.189998626708984;63.258186
2019-11-25 00:00:00-05:00;63.36000061035156;63.108692
2019-11-26 00:00:00-05:00;63.72999954223633;63.12634
2019-11-27 00:00:00-05:00;64.1500015258789;63.347317
2019-11-29 00:00:00-05:00;64.11000061035156;63.683563
2019-12-02 00:00:00-05:00;63.540000915527344;63.850636
2019-12-03 00:00:00-05:00;62.75;63.639153
2019-12-04 00:00:00-05:00;62.400001525878906;63.111713
2019-12-05 00:00:00-05:00;62.209999084472656;62.643433
2019-12-06 00:00:00-05:00;62.65999984741211;62.374004
2019-12-09 00:00:00-05:00;61.880001068115234;62.4819
2019-12-10 00:00:00-05:00;61.099998474121094;62.298027
2019-12-11 00:00:00-05:00;60.68000030517578;61.763657
2019-12-12 00:00:00-05:00;61.77000045776367;61.19889
2019-12-13 00:00:00-05:00;61.63999938964844;61.3381
2019-12-16 00:00:00-05:00;61.65999984741211;61.539215
2019-12-17 00:00:00-05:00;61.7599983215332;61.616524
2019-12-18 00:00:00-05:00;62.31999969482422;61.61357
2019-12-19 00:00:00-05:00;62.709999084472656;61.797035
2019-12-20 00:00:00-05:00;63.220001220703125;62.097763
2019-12-23 00:00:00-05:00;62.630001068115234;62.4878
2019-12-24 00:00:00-05:00;62.400001525878906;62.463463
2019-12-26 00:00:00-05:00;62.119998931884766;62.249878
2019-12-27 00:00:00-05:00;62.15999984741211;62.007404
2019-12-30 00:00:00-05:00;61.650001525878906;61.932068
2019-12-31 00:00:00-05:00;62.02000045776367;61.757233
2020-01-02 00:00:00-05:00;61.91999816894531;61.79588
2020-01-03 00:00:00-05:00;61.36000061035156;61.831253
2020-01-06 00:00:00-05:00;60.75;61.60725
2020-01-07 00:00:00-05:00;60.31999969482422;61.161625
2020-01-08 00:00:00-05:00;60.72999954223633;60.699913
2020-01-09 00:00:00-05:00;61.11000061035156;60.630493
2020-01-10 00:00:00-05:00;60.63999938964844;60.852642
2020-01-13 00:00:00-05:00;61.15999984741211;60.823326
2020-01-14 00:00:00-05:00;61.369998931884766;60.905437
2020-01-15 00:00:00-05:00;61.849998474121094;61.042294
2020-01-16 00:00:00-05:00;62.45000076293945;61.311718
2020-01-17 00:00:00-05:00;62.77000045776367;61.723225
2020-01-21 00:00:00-05:00;62.290000915527344;62.09741
2020-01-22 00:00:00-05:00;62.189998626708984;62.078915
2020-01-23 00:00:00-05:00;62.54999923706055;61.935722
2020-01-24 00:00:00-05:00;62.41999816894531;62.014786
2020-01-27 00:00:00-05:00;61.77000045776367;62.103336
2020-01-28 00:00:00-05:00;62.599998474121094;61.903633
2020-01-29 00:00:00-05:00;62.91999816894531;62.071133
2020-01-30 00:00:00-05:00;62.470001220703125;62.40513
2020-01-31 00:00:00-05:00;61.380001068115234;62.433113
2020-02-03 00:00:00-05:00;62.61000061035156;61.907604
2020-02-04 00:00:00-05:00;63.43000030517578;62.000732
2020-02-05 00:00:00-05:00;64.97000122070312;62.58751
2020-02-06 00:00:00-05:00;71.41999816894531;63.654152
2020-02-07 00:00:00-05:00;69.58999633789062;67.024254
2020-02-10 00:00:00-05:00;69.37999725341797;68.45081
2020-02-11 00:00:00-05:00;69.19999694824219;68.436775
2020-02-12 00:00:00-05:00;69.43000030517578;68.066795
2020-02-13 00:00:00-05:00;69.61000061035156;68.11281
2020-02-14 00:00:00-05:00;68.41999816894531;68.52138
2020-02-18 00:00:00-05:00;68.83000183105469;68.42034
2020-02-19 00:00:00-05:00;68.87999725341797;68.45574
2020-02-20 00:00:00-05:00;69.55999755859375;68.57298
2020-02-21 00:00:00-05:00;70.08999633789062;68.96769
2020-02-24 00:00:00-05:00;67.41999816894531;69.46146
2020-02-25 00:00:00-05:00;64.4800033569336;68.58004
2020-02-26 00:00:00-05:00;63.279998779296875;66.57357
2020-02-27 00:00:00-05:00;62.31999969482422;64.85211
2020-02-28 00:00:00-05:00;60.93000030517578;63.738575
2020-03-02 00:00:00-05:00;61.33000183105469;62.76585
2020-03-03 00:00:00-05:00;59.61000061035156;62.370182
2020-03-04 00:00:00-05:00;62.16999816894531;61.495117
2020-03-05 00:00:00-05:00;59.93000030517578;61.803085
2020-03-06 00:00:00-05:00;58.2400016784668;61.25882
2020-03-09 00:00:00-04:00;53.959999084472656;59.938282
2020-03-10 00:00:00-04:00;55.779998779296875;57.288105
2020-03-11 00:00:00-04:00;53.13999938964844;56.206715
2020-03-12 00:00:00-04:00;48.97999954223633;55.05459
2020-03-13 00:00:00-04:00;52.619998931884766;52.739
2020-03-16 00:00:00-04:00;43.58000183105469;52.400196
2020-03-17 00:00:00-04:00;50.099998474121094;49.319393
2020-03-18 00:00:00-04:00;47.470001220703125;49.071815
2020-03-19 00:00:00-04:00;46.4900016784668;48.73629
2020-03-20 00:00:00-04:00;44.099998474121094;47.995358
2020-03-23 00:00:00-04:00;41.61000061035156;46.418713
2020-03-24 00:00:00-04:00;46.40999984741211;44.28282
2020-03-25 00:00:00-04:00;47.689998626708984;44.59096
2020-03-26 00:00:00-04:00;49.81999969482422;45.99927
2020-03-27 00:00:00-04:00;46.65999984741211;47.81079
2020-03-30 00:00:00-04:00;47.380001068115234;47.57439
2020-03-31 00:00:00-04:00;46.470001220703125;47.022926
2020-04-01 00:00:00-04:00;42.5099983215332;46.35214
2020-04-02 00:00:00-04:00;44.290000915527344;44.588203
2020-04-03 00:00:00-04:00;43.400001525878906;43.96651
2020-04-06 00:00:00-04:00;48.45000076293945;43.71204
2020-04-07 00:00:00-04:00;47.79999923706055;45.546906
2020-04-08 00:00:00-04:00;51.38999938964844;46.94581
2020-04-09 00:00:00-04:00;54.279998779296875;48.839058
2020-04-13 00:00:00-04:00;52.70000076293945;51.109566
2020-04-14 00:00:00-04:00;54.06999969482422;51.82619
2020-04-15 00:00:00-04:00;51.939998626708984;52.336895
2020-04-16 00:00:00-04:00;51.470001220703125;51.87904
2020-04-17 00:00:00-04:00;53.810001373291016;51.33581
2020-04-20 00:00:00-04:00;52.529998779296875;52.07753
2020-04-21 00:00:00-04:00;50.9900016784668;52.481045
2020-04-22 00:00:00-04:00;52.2599983215332;52.019955
2020-04-23 00:00:00-04:00;52.650001525878906;52.01429
2020-04-24 00:00:00-04:00;53.810001373291016;52.34041
2020-04-27 00:00:00-04:00;56.040000915527344;53.07839
2020-04-28 00:00:00-04:00;56.529998779296875;54.45576
2020-04-29 00:00:00-04:00;59.22999954223633;55.538857
2020-04-30 00:00:00-04:00;58.02000045776367;57.071888
2020-05-01 00:00:00-04:00;56.5;57.52465
2020-05-04 00:00:00-04:00;56.38999938964844;56.88608
2020-05-05 00:00:00-04:00;57.13999938964844;56.301983
2020-05-06 00:00:00-04:00;57.59000015258789;56.441265
2020-05-07 00:00:00-04:00;58.7599983215332;56.99317
2020-05-08 00:00:00-04:00;57.15999984741211;57.882046
2020-05-11 00:00:00-04:00;55.54999923706055;57.773556
2020-05-12 00:00:00-04:00;53.209999084472656;56.775734
2020-05-13 00:00:00-04:00;49.47999954223633;55.122635
2020-05-14 00:00:00-04:00;50.7400016784668;52.693417
2020-05-15 00:00:00-04:00;50.18000030517578;51.65663
2020-05-18 00:00:00-04:00;53.13999938964844;51.291252
2020-05-19 00:00:00-04:00;51.47999954223633;52.33264
2020-05-20 00:00:00-04:00;52.560001373291016;52.51771
2020-05-21 00:00:00-04:00;51.7400016784668;52.60047
2020-05-22 00:00:00-04:00;51.45000076293945;52.205303
2020-05-26 00:00:00-04:00;53.2599983215332;51.70895
2020-05-27 00:00:00-04:00;55.349998474121094;52.112392
2020-05-28 00:00:00-04:00;53.70000076293945;53.4295
2020-05-29 00:00:00-04:00;53.0;53.724876
2020-06-01 00:00:00-04:00;52.849998474121094;53.263435
2020-06-02 00:00:00-04:00;53.29999923706055;52.767467
2020-06-03 00:00:00-04:00;55.349998474121094;52.741844
2020-06-04 00:00:00-04:00;55.599998474121094;53.72886
2020-06-05 00:00:00-04:00;57.81999969482422;54.669613
2020-06-08 00:00:00-04:00;58.58000183105469;56.00379
2020-06-09 00:00:00-04:00;57.189998626708984;57.110672
2020-06-10 00:00:00-04:00;57.529998779296875;57.075024
2020-06-11 00:00:00-04:00;53.65999984741211;56.924435
2020-06-12 00:00:00-04:00;54.79999923706055;55.409145
2020-06-15 00:00:00-04:00;54.66999816894531;54.76573
2020-06-16 00:00:00-04:00;55.369998931884766;54.725636
2020-06-17 00:00:00-04:00;55.4900016784668;55.176723
2020-06-18 00:00:00-04:00;54.88999938964844;55.555717
2020-06-19 00:00:00-04:00;54.15999984741211;55.426228
2020-06-22 00:00:00-04:00;53.849998474121094;54.878563
2020-06-23 00:00:00-04:00;55.20000076293945;54.340958
2020-06-24 00:00:00-04:00;53.79999923706055;54.59795
2020-06-25 00:00:00-04:00;55.59000015258789;54.41908
2020-06-26 00:00:00-04:00;55.209999084472656;54.855564
2020-06-29 00:00:00-04:00;56.4900016784668;55.090946
2020-06-30 00:00:00-04:00;56.81999969482422;55.629627
2020-07-01 00:00:00-04:00;56.41999816894531;56.118145
2020-07-02 00:00:00-04:00;56.08000183105469;56.19547
2020-07-06 00:00:00-04:00;56.2599983215332;55.995384
2020-07-07 00:00:00-04:00;55.849998474121094;55.921482
2020-07-08 00:00:00-04:00;55.70000076293945;55.8057
2020-07-09 00:00:00-04:00;55.279998779296875;55.702774
2020-07-10 00:00:00-04:00;55.779998779296875;55.502
2020-07-13 00:00:00-04:00;56.459999084472656;55.569912
2020-07-14 00:00:00-04:00;56.470001220703125;55.95415
2020-07-15 00:00:00-04:00;59.66999816894531;56.239056
2020-07-16 00:00:00-04:00;61.04999923706055;57.61766
2020-07-17 00:00:00-04:00;61.43000030517578;59.20353
2020-07-20 00:00:00-04:00;61.709999084472656;60.195778
2020-07-21 00:00:00-04:00;61.619998931884766;60.64115
2020-07-22 00:00:00-04:00;61.959999084472656;60.74724
2020-07-23 00:00:00-04:00;62.08000183105469;60.961338
2020-07-24 00:00:00-04:00;61.79999923706055;61.266994
2020-07-27 00:00:00-04:00;63.43000030517578;61.41879
2020-07-28 00:00:00-04:00;62.63999938964844;62.176495
2020-07-29 00:00:00-04:00;64.79000091552734;62.44605
2020-07-30 00:00:00-04:00;69.18000030517578;63.34869
2020-07-31 00:00:00-04:00;68.31999969482422;65.854836
2020-08-03 00:00:00-04:00;68.04000091552734;67.16353
2020-08-04 00:00:00-04:00;67.91999816894531;67.31445
2020-08-05 00:00:00-04:00;67.43000030517578;67.098755
2020-08-06 00:00:00-04:00;67.58000183105469;66.85537
2020-08-07 00:00:00-04:00;67.4800033569336;66.94818
2020-08-10 00:00:00-04:00;67.11000061035156;67.14114
2020-08-11 00:00:00-04:00;66.52999877929688;67.14429
2020-08-12 00:00:00-04:00;66.9800033569336;66.858925
2020-08-13 00:00:00-04:00;66.9000015258789;66.837746
2020-08-14 00:00:00-04:00;66.93000030517578;66.87562
2020-08-17 00:00:00-04:00;67.54000091552734;66.91215
2020-08-18 00:00:00-04:00;67.22000122070312;67.16199
2020-08-19 00:00:00-04:00;66.88999938964844;67.18349
2020-08-20 00:00:00-04:00;66.30000305175781;66.97062
2020-08-21 00:00:00-04:00;65.72000122070312;66.55009
2020-08-24 00:00:00-04:00;67.62000274658203;66.0556
2020-08-25 00:00:00-04:00;66.94000244140625;66.596664
2020-08-26 00:00:00-04:00;67.75;66.850945
2020-08-27 00:00:00-04:00;67.41000366210938;67.18436
2020-08-28 00:00:00-04:00;67.69000244140625;67.185684
2020-08-31 00:00:00-04:00;66.86000061035156;67.2068
2020-09-01 00:00:00-04:00;66.97000122070312;66.89054
2020-09-02 00:00:00-04:00;68.81999969482422;66.715355
2020-09-03 00:00:00-04:00;67.12000274658203;67.47359
2020-09-04 00:00:00-04:00;66.80999755859375;67.382904
2020-09-08 00:00:00-04:00;65.5999984741211;66.95067
2020-09-09 00:00:00-04:00;66.41000366210938;66.15248
2020-09-10 00:00:00-04:00;65.55999755859375;66.037476
2020-09-11 00:00:00-04:00;68.18000030517578;65.84008
2020-09-14 00:00:00-04:00;69.29000091552734;66.79807
2020-09-15 00:00:00-04:00;70.12999725341797;68.01077
2020-09-16 00:00:00-04:00;70.72000122070312;68.9458
2020-09-17 00:00:00-04:00;70.12000274658203;69.51361
2020-09-18 00:00:00-04:00;68.86000061035156;69.44429
2020-09-21 00:00:00-04:00;67.38999938964844;68.78364
2020-09-22 00:00:00-04:00;68.25;67.80128
2020-09-23 00:00:00-04:00;67.08999633789062;67.706375
2020-09-24 00:00:00-04:00;66.9000015258789;67.47875
2020-09-25 00:00:00-04:00;68.08000183105469;67.24065
2020-09-28 00:00:00-04:00;69.31999969482422;67.579
2020-09-29 00:00:00-04:00;69.0;68.38782
2020-09-30 00:00:00-04:00;69.41999816894531;68.710075
2020-10-01 00:00:00-04:00;69.33000183105469;68.85605
2020-10-02 00:00:00-04:00;68.86000061035156;68.835815
2020-10-05 00:00:00-04:00;70.93000030517578;68.61418
2020-10-06 00:00:00-04:00;69.83000183105469;69.37461
2020-10-07 00:00:00-04:00;72.23999786376953;69.56198
2020-10-08 00:00:00-04:00;72.91000366210938;70.52261
2020-10-09 00:00:00-04:00;73.08000183105469;71.4773
2020-10-12 00:00:00-04:00;74.62999725341797;71.99668
2020-10-13 00:00:00-04:00;73.22000122070312;72.81716
2020-10-14 00:00:00-04:00;73.95999908447266;72.72339
2020-10-15 00:00:00-04:00;73.72000122070312;72.8377
2020-10-16 00:00:00-04:00;73.36000061035156;72.93884
2020-10-19 00:00:00-04:00;72.19999694824219;72.90805
2020-10-20 00:00:00-04:00;73.3499984741211;72.40884
2020-10-21 00:00:00-04:00;72.88999938964844;72.58986
2020-10-22 00:00:00-04:00;73.37999725341797;72.68741
2020-10-23 00:00:00-04:00;74.12000274658203;72.9152
2020-10-26 00:00:00-04:00;72.70999908447266;73.35232
2020-10-27 00:00:00-04:00;73.38999938964844;72.97682
2020-10-28 00:00:00-04:00;71.0999984741211;72.87494
2020-10-29 00:00:00-04:00;71.0199966430664;71.93703
2020-10-30 00:00:00-04:00;71.41999816894531;71.26978
2020-11-02 00:00:00-05:00;70.80000305175781;71.218636
2020-11-03 00:00:00-05:00;71.94000244140625;71.08224
2020-11-04 00:00:00-05:00;73.0199966430664;71.4226
2020-11-05 00:00:00-05:00;74.23999786376953;72.10887
2020-11-06 00:00:00-05:00;74.22000122070312;72.98491
2020-11-09 00:00:00-05:00;73.87999725341797;73.371414
2020-11-10 00:00:00-05:00;75.0999984741211;73.25083
2020-11-11 00:00:00-05:00;76.76000213623047;73.63279
2020-11-12 00:00:00-05:00;76.22000122070312;74.740944
2020-11-13 00:00:00-05:00;77.19000244140625;75.2351
2020-11-16 00:00:00-05:00;77.80000305175781;75.73418
2020-11-17 00:00:00-05:00;77.0;76.275475
2020-11-18 00:00:00-05:00;74.69999694824219;76.246445
2020-11-19 00:00:00-05:00;76.19999694824219;75.15402
2020-11-20 00:00:00-05:00;75.9000015258789;75.13485
2020-11-23 00:00:00-05:00;77.19999694824219;75.37213
2020-11-24 00:00:00-05:00;78.75;76.13794
2020-11-25 00:00:00-05:00;78.55000305175781;77.263756
2020-11-27 00:00:00-05:00;78.41000366210938;77.7098
2020-11-30 00:00:00-05:00;78.12999725341797;77.63894
2020-12-01 00:00:00-05:00;78.66000366210938;77.39237
2020-12-02 00:00:00-05:00;78.12000274658203;77.55892
2020-12-03 00:00:00-05:00;78.76000213623047;77.57074
2020-12-04 00:00:00-05:00;81.05999755859375;77.84894
2020-12-07 00:00:00-05:00;80.52999877929688;79.07867
2020-12-08 00:00:00-05:00;79.87000274658203;79.6099
2020-12-09 00:00:00-05:00;79.01000213623047;79.33538
2020-12-10 00:00:00-05:00;78.37999725341797;78.659195
2020-12-11 00:00:00-05:00;78.51000213623047;78.07627
2020-12-14 00:00:00-05:00;79.19000244140625;77.988014
2020-12-15 00:00:00-05:00;80.52999877929688;78.411
2020-12-16 00:00:00-05:00;79.31999969482422;79.297005
2020-12-17 00:00:00-05:00;81.7300033569336;79.18958
2020-12-18 00:00:00-05:00;81.0199966430664;79.91929
2020-12-21 00:00:00-05:00;80.47000122070312;80.135086
2020-12-22 00:00:00-05:00;81.0199966430664;79.86757
2020-12-23 00:00:00-05:00;80.98999786376953;79.91013
2020-12-24 00:00:00-05:00;81.06999969482422;80.05382
2020-12-28 00:00:00-05:00;81.37000274658203;80.21239
2020-12-29 00:00:00-05:00;80.5;80.427574
2020-12-30 00:00:00-05:00;81.06999969482422;80.1483
2020-12-31 00:00:00-05:00;81.94999694824219;80.17068
2021-01-04 00:00:00-05:00;79.41999816894531;80.67821
2021-01-05 00:00:00-05:00;79.6500015258789;79.890976
2021-01-06 00:00:00-05:00;80.1500015258789;79.32191
2021-01-07 00:00:00-05:00;80.94999694824219;79.383934
2021-01-08 00:00:00-05:00;81.94999694824219;79.95224
2021-01-11 00:00:00-05:00;80.13999938964844;80.73391
2021-01-12 00:00:00-05:00;79.63999938964844;80.23535
2021-01-13 00:00:00-05:00;79.61000061035156;79.44437
2021-01-14 00:00:00-05:00;80.05000305175781;79.05955
2021-01-15 00:00:00-05:00;80.23999786376953;79.25202
2021-01-19 00:00:00-05:00;79.76000213623047;79.56841
2021-01-20 00:00:00-05:00;81.91000366210938;79.46929
2021-01-21 00:00:00-05:00;80.87999725341797;80.23729
2021-01-22 00:00:00-05:00;80.55999755859375;80.3051
2021-01-25 00:00:00-05:00;80.02999877929688;79.99467
2021-01-26 00:00:00-05:00;79.55000305175781;79.54498
2021-01-27 00:00:00-05:00;76.1500015258789;79.15384
2021-01-28 00:00:00-05:00;78.9000015258789;77.5384
2021-01-29 00:00:00-05:00;77.94999694824219;77.74267
2021-02-01 00:00:00-05:00;78.83999633789062;77.89393
2021-02-02 00:00:00-05:00;80.05000305175781;78.27167
2021-02-03 00:00:00-05:00;79.33999633789062;78.92953
2021-02-04 00:00:00-05:00;74.69000244140625;78.89578
2021-02-05 00:00:00-05:00;74.5;76.62226
2021-02-08 00:00:00-05:00;75.8499984741211;75.00464
2021-02-09 00:00:00-05:00;76.16000366210938;75.11851
2021-02-10 00:00:00-05:00;76.04000091552734;75.786644
2021-02-11 00:00:00-05:00;76.97000122070312;76.04894
2021-02-12 00:00:00-05:00;76.95999908447266;76.310326
2021-02-16 00:00:00-05:00;76.11000061035156;76.33764
2021-02-17 00:00:00-05:00;76.43000030517578;75.89267
2021-02-18 00:00:00-05:00;74.81999969482422;75.725006
2021-02-19 00:00:00-05:00;73.63999938964844;75.05019
2021-02-22 00:00:00-05:00;73.25;74.12165
2021-02-23 00:00:00-05:00;72.87999725341797;73.476944
2021-02-24 00:00:00-05:00;74.93000030517578;73.099144
2021-02-25 00:00:00-05:00;73.37999725341797;73.85073
2021-02-26 00:00:00-05:00;73.4800033569336;73.74358
2021-03-01 00:00:00-05:00;74.83000183105469;73.41369
2021-03-02 00:00:00-05:00;74.94999694824219;73.746574
2021-03-03 00:00:00-05:00;73.16000366210938;74.125824
2021-03-04 00:00:00-05:00;72.4000015258789;73.51011
2021-03-05 00:00:00-05:00;73.70999908447266;72.6305
2021-03-08 00:00:00-05:00;72.69000244140625;72.7569
2021-03-09 00:00:00-05:00;74.38999938964844;72.67704
2021-03-10 00:00:00-05:00;76.0199966430664;73.295685
2021-03-11 00:00:00-05:00;77.54000091552734;74.43395
2021-03-12 00:00:00-05:00;77.7699966430664;75.70704
2021-03-15 00:00:00-04:00;79.2699966430664;76.3632
2021-03-16 00:00:00-04:00;78.05999755859375;77.16423
2021-03-17 00:00:00-04:00;78.02999877929688;77.08855
2021-03-18 00:00:00-04:00;76.4000015258789;76.92345
2021-03-19 00:00:00-04:00;76.55000305175781;76.23668
2021-03-22 00:00:00-04:00;76.7300033569336;75.97829
2021-03-23 00:00:00-04:00;76.2300033569336;76.13349
2021-03-24 00:00:00-04:00;76.94000244140625;76.11358
2021-03-25 00:00:00-04:00;77.0999984741211;76.345276
2021-03-26 00:00:00-04:00;79.23999786376953;76.55665
2021-03-29 00:00:00-04:00;78.05999755859375;77.571205
2021-03-30 00:00:00-04:00;78.56999969482422;77.67554
2021-03-31 00:00:00-04:00;78.12000274658203;77.68946
2021-04-01 00:00:00-04:00;78.87999725341797;77.498314
2021-04-05 00:00:00-04:00;80.33000183105469;77.755684
2021-04-06 00:00:00-04:00;79.66000366210938;78.67549
2021-04-07 00:00:00-04:00;79.20999908447266;78.95188
2021-04-08 00:00:00-04:00;80.05999755859375;78.689
2021-04-09 00:00:00-04:00;80.55000305175781;78.844124
2021-04-12 00:00:00-04:00;80.2300033569336;79.30257
2021-04-13 00:00:00-04:00;80.44000244140625;79.47001
2021-04-14 00:00:00-04:00;79.45999908447266;79.56796
2021-04-15 00:00:00-04:00;79.7699966430664;79.17408
2021-04-16 00:00:00-04:00;80.62000274658203;79.05247
2021-04-19 00:00:00-04:00;80.4000015258789;79.489204
2021-04-20 00:00:00-04:00;79.61000061035156;79.73419
2021-04-21 00:00:00-04:00;79.25;79.41209
2021-04-22 00:00:00-04:00;79.04000091552734;78.95942
2021-04-23 00:00:00-04:00;78.69000244140625;78.66303
2021-04-26 00:00:00-04:00;79.55999755859375;78.44382
2021-04-27 00:00:00-04:00;79.94000244140625;78.749886
2021-04-28 00:00:00-04:00;80.18000030517578;79.1569
2021-04-29 00:00:00-04:00;81.36000061035156;79.41467
2021-04-30 00:00:00-04:00;80.4000015258789;79.97518
2021-05-03 00:00:00-04:00;82.19999694824219;79.84894
2021-05-04 00:00:00-04:00;81.25;80.43831
2021-05-05 00:00:00-04:00;81.45999908447266;80.4774
2021-05-06 00:00:00-04:00;75.12000274658203;80.47624
2021-05-07 00:00:00-04:00;74.81999969482422;77.698616
2021-05-10 00:00:00-04:00;74.01000213623047;75.728386
2021-05-11 00:00:00-04:00;72.63999938964844;74.791855
2021-05-12 00:00:00-04:00;70.7300033569336;74.06386
2021-05-13 00:00:00-04:00;71.29000091552734;72.83811
2021-05-14 00:00:00-04:00;71.01000213623047;72.2095
2021-05-17 00:00:00-04:00;70.63999938964844;71.81133
2021-05-18 00:00:00-04:00;70.97000122070312;71.3838
2021-05-19 00:00:00-04:00;70.73999786376953;71.17183
2021-05-20 00:00:00-04:00;71.30000305175781;70.91394
2021-05-21 00:00:00-04:00;71.23999786376953;70.92671
2021-05-24 00:00:00-04:00;71.0999984741211;70.90815
2021-05-25 00:00:00-04:00;71.0;70.775826
2021-05-26 00:00:00-04:00;71.0;70.60645
2021-05-27 00:00:00-04:00;71.12000274658203;70.506905
2021-05-28 00:00:00-04:00;71.55999755859375;70.530914
2021-06-01 00:00:00-04:00;71.19000244140625;70.76388
2021-06-02 00:00:00-04:00;71.29000091552734;70.76527
2021-06-03 00:00:00-04:00;70.80000305175781;70.74247
2021-06-04 00:00:00-04:00;71.5;70.52702
2021-06-07 00:00:00-04:00;71.30000305175781;70.69572
2021-06-08 00:00:00-04:00;71.44000244140625;70.81241
2021-06-09 00:00:00-04:00;71.25;70.91622
2021-06-10 00:00:00-04:00;71.16999816894531;70.87962
2021-06-11 00:00:00-04:00;71.25;70.799484
2021-06-14 00:00:00-04:00;70.79000091552734;70.80041
2021-06-15 00:00:00-04:00;70.3499984741211;70.64034
2021-06-16 00:00:00-04:00;70.01000213623047;70.34148
2021-06-17 00:00:00-04:00;69.16999816894531;70.02601
2021-06-18 00:00:00-04:00;68.31999969482422;69.522644
2021-06-21 00:00:00-04:00;69.62000274658203;68.872215
2021-06-22 00:00:00-04:00;69.52999877929688;69.06294
2021-06-23 00:00:00-04:00;69.11000061035156;69.32265
2021-06-24 00:00:00-04:00;69.81999969482422;69.22586
2021-06-25 00:00:00-04:00;70.48999786376953;69.32711
2021-06-28 00:00:00-04:00;70.1500015258789;69.692635
2021-06-29 00:00:00-04:00;70.41999816894531;69.77898
2021-06-30 00:00:00-04:00;69.26000213623047;69.84635
2021-07-01 00:00:00-04:00;69.83999633789062;69.38658
2021-07-02 00:00:00-04:00;69.61000061035156;69.296875
2021-07-06 00:00:00-04:00;68.7300033569336;69.28866
2021-07-07 00:00:00-04:00;68.93000030517578;68.943855
2021-07-08 00:00:00-04:00;68.37000274658203;68.765945
2021-07-09 00:00:00-04:00;69.13999938964844;68.489044
2021-07-12 00:00:00-04:00;69.25;68.64849
2021-07-13 00:00:00-04:00;68.69999694824219;68.873314
2021-07-14 00:00:00-04:00;69.2300033569336;68.73306
2021-07-15 00:00:00-04:00;68.83000183105469;68.76507
2021-07-16 00:00:00-04:00;68.23999786376953;68.65562
2021-07-19 00:00:00-04:00;66.45999908447266;68.318016
2021-07-20 00:00:00-04:00;67.61000061035156;67.352264
2021-07-21 00:00:00-04:00;67.75;67.209236
2021-07-22 00:00:00-04:00;68.11000061035156;67.43864
2021-07-23 00:00:00-04:00;69.29000091552734;67.770905
2021-07-26 00:00:00-04:00;69.43000030517578;68.395515
2021-07-27 00:00:00-04:00;69.12999725341797;68.78273
2021-07-28 00:00:00-04:00;69.79000091552734;68.74622
2021-07-29 00:00:00-04:00;73.91999816894531;68.904305
2021-07-30 00:00:00-04:00;73.52999877929688;70.85385
2021-08-02 00:00:00-04:00;73.66999816894531;72.10735
2021-08-03 00:00:00-04:00;74.9000015258789;72.52296
2021-08-04 00:00:00-04:00;73.55999755859375;73.059166
2021-08-05 00:00:00-04:00;73.4000015258789;72.872604
2021-08-06 00:00:00-04:00;73.0;72.65643
2021-08-09 00:00:00-04:00;72.52999877929688;72.497765
2021-08-10 00:00:00-04:00;73.06999969482422;72.32965
2021-08-11 00:00:00-04:00;75.05000305175781;72.52937
2021-08-12 00:00:00-04:00;76.5199966430664;73.595474
2021-08-13 00:00:00-04:00;77.62999725341797;74.940186
2021-08-16 00:00:00-04:00;77.18000030517578;76.05632
2021-08-17 00:00:00-04:00;77.01000213623047;76.259964
2021-08-18 00:00:00-04:00;76.66999816894531;76.079895
2021-08-19 00:00:00-04:00;75.79000091552734;75.86186
2021-08-20 00:00:00-04:00;76.69999694824219;75.49034
2021-08-23 00:00:00-04:00;77.36000061035156;75.76643
2021-08-24 00:00:00-04:00;78.01000213623047;76.39192
2021-08-25 00:00:00-04:00;77.48999786376953;77.03854
2021-08-26 00:00:00-04:00;76.9800033569336;77.06403
2021-08-27 00:00:00-04:00;77.23999786376953;76.6828
2021-08-30 00:00:00-04:00;76.8499984741211;76.56397
2021-08-31 00:00:00-04:00;76.30999755859375;76.463264
2021-09-01 00:00:00-04:00;76.83000183105469;76.21021
2021-09-02 00:00:00-04:00;77.30999755859375;76.28482
2021-09-03 00:00:00-04:00;76.55000305175781;76.60659
2021-09-07 00:00:00-04:00;76.20999908447266;76.45317
2021-09-08 00:00:00-04:00;76.66000366210938;76.08267
2021-09-09 00:00:00-04:00;76.4800033569336;76.05705
2021-09-10 00:00:00-04:00;76.26000213623047;76.067566
2021-09-13 00:00:00-04:00;76.4000015258789;75.97397
2021-09-14 00:00:00-04:00;75.68000030517578;75.94488
2021-09-15 00:00:00-04:00;76.4800033569336;75.61918
2021-09-16 00:00:00-04:00;76.76000213623047;75.73847
2021-09-17 00:00:00-04:00;75.4800033569336;76.0272
2021-09-20 00:00:00-04:00;75.05999755859375;75.6179
2021-09-21 00:00:00-04:00;74.51000213623047;75.048996
2021-09-22 00:00:00-04:00;75.38999938964844;74.52411
2021-09-23 00:00:00-04:00;77.1500015258789;74.70076
2021-09-24 00:00:00-04:00;77.62000274658203;75.7296
2021-09-27 00:00:00-04:00;78.02999877929688;76.56476
2021-09-28 00:00:00-04:00;76.36000061035156;76.98458
2021-09-29 00:00:00-04:00;75.58000183105469;76.297
2021-09-30 00:00:00-04:00;74.20999908447266;75.41775
2021-10-01 00:00:00-04:00;75.2699966430664;74.47696
2021-10-04 00:00:00-04:00;74.33999633789062;74.574066
2021-10-05 00:00:00-04:00;74.43000030517578;74.50289
2021-10-06 00:00:00-04:00;74.36000061035156;74.40942
2021-10-07 00:00:00-04:00;75.26000213623047;74.26425
2021-10-08 00:00:00-04:00;75.48999786376953;74.536
2021-10-11 00:00:00-04:00;75.38999938964844;74.838
2021-10-12 00:00:00-04:00;75.11000061035156;74.90165
2021-10-13 00:00:00-04:00;75.62999725341797;74.720856
2021-10-14 00:00:00-04:00;77.44999694824219;74.80838
2021-10-15 00:00:00-04:00;78.83000183105469;75.74114
2021-10-18 00:00:00-04:00;78.88999938964844;76.99707
2021-10-19 00:00:00-04:00;79.79000091552734;77.62818
2021-10-20 00:00:00-04:00;79.16000366210938;78.13054
2021-10-21 00:00:00-04:00;79.08000183105469;78.09128
2021-10-22 00:00:00-04:00;79.0;77.998924
2021-10-25 00:00:00-04:00;78.95999908447266;78.01803
2021-10-26 00:00:00-04:00;78.75;78.12566
2021-10-27 00:00:00-04:00;77.70999908447266;78.15171
2021-10-28 00:00:00-04:00;77.31999969482422;77.70523
2021-10-29 00:00:00-04:00;78.08999633789062;77.23586
2021-11-01 00:00:00-04:00;78.0;77.38836
2021-11-02 00:00:00-04:00;78.62000274658203;77.58379
2021-11-03 00:00:00-04:00;79.6500015258789;77.91903
2021-11-04 00:00:00-04:00;79.54000091552734;78.514175
2021-11-05 00:00:00-04:00;79.91000366210938;78.75695
2021-11-08 00:00:00-05:00;80.16999816894531;78.91907
2021-11-09 00:00:00-05:00;80.51000213623047;79.100334
2021-11-10 00:00:00-05:00;80.6500015258789;79.371704
2021-11-11 00:00:00-05:00;81.06999969482422;79.60692
2021-11-12 00:00:00-05:00;81.9800033569336;79.91292
2021-11-15 00:00:00-05:00;81.94999694824219;80.497154
2021-11-16 00:00:00-05:00;81.75;80.82579
2021-11-17 00:00:00-05:00;80.98999786376953;80.82916
2021-11-18 00:00:00-05:00;81.04000091552734;80.445145
2021-11-19 00:00:00-05:00;81.98999786376953;80.26716
2021-11-22 00:00:00-05:00;81.38999938964844;80.730354
2021-11-23 00:00:00-05:00;80.76000213623047;80.84334
2021-11-24 00:00:00-05:00;80.73999786376953;80.49987
2021-11-26 00:00:00-05:00;78.4000015258789;80.22405
2021-11-29 00:00:00-05:00;79.70999908447266;79.106384
2021-11-30 00:00:00-05:00;77.9800033569336;79.011154
2021-12-01 00:00:00-05:00;76.86000061035156;78.474655
2021-12-02 00:00:00-05:00;79.43000030517578;77.596245
2021-12-03 00:00:00-05:00;78.5199966430664;78.20297
2021-12-06 00:00:00-05:00;80.72000122070312;78.401115
2021-12-07 00:00:00-05:00;81.44999694824219;79.268364
2021-12-08 00:00:00-05:00;81.22000122070312;80.056854
2021-12-09 00:00:00-05:00;80.98999786376953;80.21638
2021-12-10 00:00:00-05:00;82.0999984741211;80.014175
2021-12-13 00:00:00-05:00;81.93000030517578;80.39465
2021-12-14 00:00:00-05:00;81.87999725341797;80.70709
2021-12-15 00:00:00-05:00;82.9000015258789;80.84183
2021-12-16 00:00:00-05:00;84.68000030517578;81.3422
2021-12-17 00:00:00-05:00;84.81999969482422;82.493484
2021-12-20 00:00:00-05:00;82.91000366210938;83.22133
2021-12-21 00:00:00-05:00;85.19999694824219;82.55028
2021-12-22 00:00:00-05:00;85.9000015258789;83.02372
2021-12-23 00:00:00-05:00;86.29000091552734;83.94719
2021-12-27 00:00:00-05:00;88.08999633789062;84.679474
2021-12-28 00:00:00-05:00;88.7300033569336;85.762405
2021-12-29 00:00:00-05:00;89.58999633789062;86.604065
2021-12-30 00:00:00-05:00;88.94000244140625;87.32493
2021-12-31 00:00:00-05:00;88.72000122070312;87.35061
2022-01-03 00:00:00-05:00;89.56999969482422;87.19732
2022-01-04 00:00:00-05:00;91.41999816894533;87.6176
2022-01-05 00:00:00-05:00;90.0199966430664;88.89955
2022-01-06 00:00:00-05:00;88.2300033569336;88.988525
2022-01-07 00:00:00-05:00;87.41999816894531;87.90317
2022-01-10 00:00:00-05:00;86.68000030517578;86.89412
2022-01-11 00:00:00-05:00;87.97000122070312;86.29736
2022-01-12 00:00:00-05:00;88.06999969482422;86.82129
2022-01-13 00:00:00-05:00;87.19999694824219;87.319496
2022-01-14 00:00:00-05:00;87.19999694824219;86.995
2022-01-18 00:00:00-05:00;86.19000244140625;86.574326
2022-01-19 00:00:00-05:00;86.04000091552734;85.90724
2022-01-20 00:00:00-05:00;85.69000244140625;85.52501
2022-01-21 00:00:00-05:00;84.26000213623047;85.27741
2022-01-24 00:00:00-05:00;85.0999984741211;84.52271
2022-01-25 00:00:00-05:00;82.25;84.417854
2022-01-26 00:00:00-05:00;81.83000183105469;83.19918
2022-01-27 00:00:00-05:00;81.79000091552734;82.178474
2022-01-28 00:00:00-05:00;84.44000244140625;81.74403
2022-01-31 00:00:00-05:00;85.41999816894531;82.864876
2022-02-01 00:00:00-05:00;86.41999816894531;84.06736
2022-02-02 00:00:00-05:00;88.23999786376953;84.87167
2022-02-03 00:00:00-05:00;86.05999755859375;85.82338
2022-02-04 00:00:00-05:00;86.81999969482422;85.22616
2022-02-07 00:00:00-05:00;87.73999786376953;85.02842
2022-02-08 00:00:00-05:00;89.16999816894531;85.60507
2022-02-09 00:00:00-05:00;91.69000244140624;86.80126
2022-02-10 00:00:00-05:00;90.25;88.62821
2022-02-11 00:00:00-05:00;87.33999633789062;88.78639
2022-02-14 00:00:00-05:00;86.23999786376953;87.11289
2022-02-15 00:00:00-05:00;89.05999755859375;85.66257
2022-02-16 00:00:00-05:00;89.41999816894531;86.64435
2022-02-17 00:00:00-05:00;85.91999816894531;87.92775
2022-02-18 00:00:00-05:00;86.36000061035156;86.791504
2022-02-22 00:00:00-05:00;85.2699966430664;85.8557
2022-02-23 00:00:00-05:00;84.6500015258789;85.073616
2022-02-24 00:00:00-05:00;86.08000183105469;84.57736
2022-02-25 00:00:00-05:00;88.04000091552734;85.08156
2022-02-28 00:00:00-05:00;86.12999725341797;86.36595
2022-03-01 00:00:00-05:00;85.80000305175781;86.05932
2022-03-02 00:00:00-05:00;88.19000244140625;85.285805
2022-03-03 00:00:00-05:00;87.93000030517578;85.968
2022-03-04 00:00:00-05:00;88.87999725341797;86.54421
2022-03-07 00:00:00-05:00;86.5999984741211;87.1686
2022-03-08 00:00:00-05:00;87.4800033569336;86.33321
2022-03-09 00:00:00-05:00;87.95999908447266;86.07263
2022-03-10 00:00:00-05:00;87.66000366210938;86.412964
2022-03-11 00:00:00-05:00;88.04000091552734;86.611786
2022-03-14 00:00:00-04:00;87.43000030517578;86.81356
2022-03-15 00:00:00-04:00;88.16999816894531;86.59392
2022-03-16 00:00:00-04:00;89.69999694824219;86.752884
2022-03-17 00:00:00-04:00;90.58000183105467;87.6451
2022-03-18 00:00:00-04:00;91.72000122070312;88.59248
2022-03-21 00:00:00-04:00;91.38999938964844;89.47738
2022-03-22 00:00:00-04:00;93.12000274658205;89.6345
2022-03-23 00:00:00-04:00;90.95999908447266;90.38224
2022-03-24 00:00:00-04:00;91.19000244140624;89.888016
2022-03-25 00:00:00-04:00;91.51000213623048;89.60631
2022-03-28 00:00:00-04:00;91.54000091552734;89.8077
2022-03-29 00:00:00-04:00;92.7300033569336;90.101105
2022-03-30 00:00:00-04:00;91.38999938964844;90.80909
2022-03-31 00:00:00-04:00;89.66999816894531;90.530655
2022-04-01 00:00:00-04:00;90.01000213623047;89.38233
2022-04-04 00:00:00-04:00;90.0199966430664;88.941216
2022-04-05 00:00:00-04:00;86.80000305175781;89.02295
2022-04-06 00:00:00-04:00;86.91000366210938;87.69545
2022-04-07 00:00:00-04:00;87.80999755859375;86.827614
2022-04-08 00:00:00-04:00;88.95999908447266;86.98169
2022-04-11 00:00:00-04:00;87.20999908447266;87.78529
2022-04-12 00:00:00-04:00;86.08999633789062;87.320755
2022-04-13 00:00:00-04:00;86.05999755859375;86.185745
2022-04-14 00:00:00-04:00;84.73999786376953;85.525986
2022-04-18 00:00:00-04:00;84.61000061035156;84.80181
2022-04-19 00:00:00-04:00;85.73999786376953;84.413956
2022-04-20 00:00:00-04:00;86.20999908447266;84.792114
2022-04-21 00:00:00-04:00;86.41999816894531;85.264824
2022-04-22 00:00:00-04:00;83.16000366210938;85.463165
2022-04-25 00:00:00-04:00;84.45999908447266;83.90394
2022-04-26 00:00:00-04:00;82.2699966430664;83.41808
2022-04-27 00:00:00-04:00;82.83999633789062;82.55265
2022-04-28 00:00:00-04:00;83.97000122070312;82.367874
2022-04-29 00:00:00-04:00;80.9000015258789;82.92698
2022-05-02 00:00:00-04:00;80.66999816894531;81.876274
2022-05-03 00:00:00-04:00;81.55000305175781;80.84097
2022-05-04 00:00:00-04:00;84.36000061035156;80.779625
2022-05-05 00:00:00-04:00;73.5999984741211;82.27577
2022-05-06 00:00:00-04:00;75.5199966430664;78.42171
2022-05-09 00:00:00-04:00;76.2699966430664;76.18926
2022-05-10 00:00:00-04:00;74.44000244140625;75.97667
2022-05-11 00:00:00-04:00;72.37999725341797;75.6407
2022-05-12 00:00:00-04:00;73.54000091552734;74.381966
2022-05-13 00:00:00-04:00;73.37999725341797;73.8732
2022-05-16 00:00:00-04:00;72.58000183105469;73.64826
2022-05-17 00:00:00-04:00;75.11000061035156;73.15977
2022-05-18 00:00:00-04:00;70.2300033569336;73.84328
2022-05-19 00:00:00-04:00;70.31999969482422;72.25986
2022-05-20 00:00:00-04:00;70.83000183105469;70.90078
2022-05-23 00:00:00-04:00;71.83999633789062;70.53692
2022-05-24 00:00:00-04:00;71.4000015258789;71.07413
2022-05-25 00:00:00-04:00;71.69000244140625;71.29914
2022-05-26 00:00:00-04:00;72.73999786376953;71.32579
2022-05-27 00:00:00-04:00;74.7300033569336;71.66836
2022-05-31 00:00:00-04:00;74.69999694824219;72.76243
2022-06-01 00:00:00-04:00;74.18000030517578;73.44324
2022-06-02 00:00:00-04:00;74.95999908447266;73.40288
2022-06-03 00:00:00-04:00;73.55999755859375;73.573166
2022-06-06 00:00:00-04:00;73.87999725341797;73.18936
2022-06-07 00:00:00-04:00;74.08999633789062;73.09407
2022-06-08 00:00:00-04:00;73.11000061035156;73.290634
2022-06-09 00:00:00-04:00;70.7699966430664;73.07378
2022-06-10 00:00:00-04:00;69.91000366210938;71.869225
2022-06-13 00:00:00-04:00;67.88999938964844;70.70571
2022-06-14 00:00:00-04:00;67.87000274658203;69.355774
2022-06-15 00:00:00-04:00;68.48999786376953;68.658676
2022-06-16 00:00:00-04:00;65.79000091552734;68.71593
2022-06-17 00:00:00-04:00;66.5;67.71273
2022-06-21 00:00:00-04:00;67.75;67.10666
2022-06-22 00:00:00-04:00;67.4800033569336;67.35857
2022-06-23 00:00:00-04:00;67.37999725341797;67.525536
2022-06-24 00:00:00-04:00;70.26000213623047;67.43342
2022-06-27 00:00:00-04:00;69.91000366210938;68.45936
2022-06-28 00:00:00-04:00;68.11000061035156;69.066216
2022-06-29 00:00:00-04:00;68.4800033569336;68.42988
2022-06-30 00:00:00-04:00;67.48999786376953;67.95609
2022-07-01 00:00:00-04:00;68.02999877929688;67.434326
2022-07-05 00:00:00-04:00;67.72000122070312;67.46351
2022-07-06 00:00:00-04:00;68.0199966430664;67.52126
2022-07-07 00:00:00-04:00;67.58000183105469;67.66654
2022-07-08 00:00:00-04:00;67.0199966430664;67.54788
2022-07-11 00:00:00-04:00;65.69999694824219;67.16785
2022-07-12 00:00:00-04:00;65.1500015258789;66.36511
2022-07-13 00:00:00-04:00;65.04000091552734;65.6463
2022-07-14 00:00:00-04:00;64.45999908447266;65.28479
2022-07-15 00:00:00-04:00;65.86000061035156;64.952736
2022-07-18 00:00:00-04:00;65.0999984741211;65.33069
2022-07-19 00:00:00-04:00;67.41999816894531;65.335625
2022-07-20 00:00:00-04:00;68.12000274658203;66.13434
2022-07-21 00:00:00-04:00;68.9800033569336;66.99226
2022-07-22 00:00:00-04:00;69.0999984741211;67.745125
2022-07-25 00:00:00-04:00;68.22000122070312;68.10993
2022-07-26 00:00:00-04:00;68.06999969482422;67.83623
2022-07-27 00:00:00-04:00;70.30000305175781;67.542305
2022-07-28 00:00:00-04:00;66.83000183105469;68.43488
2022-07-29 00:00:00-04:00;67.95999908447266;67.78278
2022-08-01 00:00:00-04:00;67.62000274658203;67.538925
2022-08-02 00:00:00-04:00;67.56999969482422;67.4317
2022-08-03 00:00:00-04:00;68.7300033569336;67.432045
2022-08-04 00:00:00-04:00;68.73999786376953;67.94775
2022-08-05 00:00:00-04:00;68.72000122070312;68.32018
2022-08-08 00:00:00-04:00;68.81999969482422;68.41717
2022-08-09 00:00:00-04:00;68.11000061035156;68.41767
2022-08-10 00:00:00-04:00;69.04000091552734;68.10893
2022-08-11 00:00:00-04:00;68.72000122070312;68.29782
2022-08-12 00:00:00-04:00;69.77999877929688;68.41405
2022-08-15 00:00:00-04:00;69.69999694824219;68.900055
2022-08-16 00:00:00-04:00;69.94000244140625;69.18795
2022-08-17 00:00:00-04:00;68.9000015258789;69.36287
2022-08-18 00:00:00-04:00;69.12999725341797;68.98051
2022-08-19 00:00:00-04:00;68.5999984741211;68.7752
2022-08-22 00:00:00-04:00;66.91000366210938;68.5437
2022-08-23 00:00:00-04:00;66.0199966430664;67.740395
2022-08-24 00:00:00-04:00;65.9800033569336;66.833755
2022-08-25 00:00:00-04:00;67.02999877929688;66.35532
2022-08-26 00:00:00-04:00;64.69999694824219;66.66752
2022-08-29 00:00:00-04:00;64.26000213623047;66.0091
2022-08-30 00:00:00-04:00;64.20999908447266;65.1556
2022-08-31 00:00:00-04:00;63.16999816894531;64.61691
2022-09-01 00:00:00-04:00;63.439998626708984;63.987343
2022-09-02 00:00:00-04:00;62.33000183105469;63.713062
2022-09-06 00:00:00-04:00;62.220001220703125;63.16154
2022-09-07 00:00:00-04:00;63.66999816894531;62.697388
2022-09-08 00:00:00-04:00;64.3499984741211;63.028843
2022-09-09 00:00:00-04:00;65.51000213623047;63.648846
2022-09-12 00:00:00-04:00;66.31999969482422;64.44648
2022-09-13 00:00:00-04:00;62.83000183105469;65.16287
2022-09-14 00:00:00-04:00;62.029998779296875;64.01491
2022-09-15 00:00:00-04:00;62.040000915527344;62.644444
2022-09-16 00:00:00-04:00;62.20000076293945;61.9977
2022-09-19 00:00:00-04:00;63.209999084472656;62.02205
2022-09-20 00:00:00-04:00;61.959999084472656;62.632816
2022-09-21 00:00:00-04:00;60.08000183105469;62.521446
2022-09-22 00:00:00-04:00;59.79999923706055;61.42381
2022-09-23 00:00:00-04:00;58.849998474121094;60.46175
2022-09-26 00:00:00-04:00;58.689998626708984;59.654087
2022-09-27 00:00:00-04:00;57.970001220703125;59.221302
2022-09-28 00:00:00-04:00;59.2599983215332;58.777916
2022-09-29 00:00:00-04:00;58.45000076293945;58.993546
2022-09-30 00:00:00-04:00;57.439998626708984;58.89679
2022-10-03 00:00:00-04:00;59.029998779296875;58.275227
2022-10-04 00:00:00-04:00;60.65999984741211;58.39016
2022-10-05 00:00:00-04:00;60.630001068115234;59.30915
2022-10-06 00:00:00-04:00;59.709999084472656;59.965023
2022-10-07 00:00:00-04:00;58.4900016784668;59.793816
2022-10-10 00:00:00-04:00;58.150001525878906;58.974773
2022-10-11 00:00:00-04:00;57.220001220703125;58.288586
2022-10-12 00:00:00-04:00;56.75;57.672493
2022-10-13 00:00:00-04:00;58.95000076293945;57.220253
2022-10-14 00:00:00-04:00;58.599998474121094;57.903633
2022-10-17 00:00:00-04:00;59.880001068115234;58.41597
2022-10-18 00:00:00-04:00;60.720001220703125;59.072086
2022-10-19 00:00:00-04:00;59.810001373291016;59.740906
2022-10-20 00:00:00-04:00;59.779998779296875;59.70218
2022-10-21 00:00:00-04:00;60.279998779296875;59.4864
2022-10-24 00:00:00-04:00;60.7599983215332;59.584595
2022-10-25 00:00:00-04:00;61.47999954223633;59.979935
2022-10-26 00:00:00-04:00;61.650001525878906;60.588997
2022-10-27 00:00:00-04:00;61.81999969482422;61.033703
2022-10-28 00:00:00-04:00;63.02000045776367;61.28502
2022-10-31 00:00:00-04:00;62.25;61.872753
2022-11-01 00:00:00-04:00;62.529998779296875;61.986755
2022-11-02 00:00:00-04:00;60.2599983215332;62.058254
2022-11-03 00:00:00-04:00;51.959999084472656;61.20528
2022-11-04 00:00:00-04:00;52.630001068115234;57.31065
2022-11-07 00:00:00-05:00;53.75;54.74309
2022-11-08 00:00:00-05:00;53.220001220703125;54.250626
2022-11-09 00:00:00-05:00;54.02000045776367;54.373394
2022-11-10 00:00:00-05:00;57.290000915527344;54.737698
2022-11-11 00:00:00-05:00;58.41999816894531;56.071404
2022-11-14 00:00:00-05:00;58.08000183105469;57.33287
2022-11-15 00:00:00-05:00;59.959999084472656;57.683002
2022-11-16 00:00:00-05:00;59.40999984741211;58.298923
2022-11-17 00:00:00-05:00;59.470001220703125;58.510075
2022-11-18 00:00:00-05:00;59.970001220703125;58.59259
2022-11-21 00:00:00-05:00;58.20000076293945;58.880196
2022-11-22 00:00:00-05:00;59.22999954223633;58.45585
2022-11-23 00:00:00-05:00;60.029998779296875;58.507782
2022-11-25 00:00:00-05:00;60.91999816894531;59.060265
2022-11-28 00:00:00-05:00;60.099998474121094;59.883003
2022-11-29 00:00:00-05:00;59.619998931884766;60.04249
2022-11-30 00:00:00-05:00;62.209999084472656;59.739468
2022-12-01 00:00:00-05:00;62.619998931884766;60.54309
2022-12-02 00:00:00-05:00;62.38999938964844;61.494522
2022-12-05 00:00:00-05:00;60.45000076293945;61.9247
2022-12-06 00:00:00-05:00;59.63999938964844;61.20248
2022-12-07 00:00:00-05:00;59.400001525878906;60.237892
2022-12-08 00:00:00-05:00;59.29999923706055;59.667366
2022-12-09 00:00:00-05:00;58.34000015258789;59.510056
2022-12-12 00:00:00-05:00;59.040000915527344;59.16217
2022-12-13 00:00:00-05:00;59.18000030517578;59.162395
2022-12-14 00:00:00-05:00;58.22999954223633;59.270157
2022-12-15 00:00:00-05:00;56.349998474121094;58.92154
2022-12-16 00:00:00-05:00;55.560001373291016;57.817657
2022-12-19 00:00:00-05:00;54.97999954223633;56.700294
2022-12-20 00:00:00-05:00;55.040000915527344;55.886753
2022-12-21 00:00:00-05:00;55.630001068115234;55.552387
2022-12-22 00:00:00-05:00;55.459999084472656;55.69157
2022-12-23 00:00:00-05:00;56.02000045776367;55.750443
2022-12-27 00:00:00-05:00;56.47999954223633;55.88582
2022-12-28 00:00:00-05:00;55.58000183105469;56.096832
2022-12-29 00:00:00-05:00;57.130001068115234;55.83585
2022-12-30 00:00:00-05:00;57.189998626708984;56.15706
2023-01-03 00:00:00-05:00;57.59000015258789;56.530518
2023-01-04 00:00:00-05:00;58.060001373291016;56.898483
2023-01-05 00:00:00-05:00;57.56999969482422;57.276157
2023-01-06 00:00:00-05:00;59.75;57.295063
2023-01-09 00:00:00-05:00;60.86000061035156;58.10414
2023-01-10 00:00:00-05:00;61.209999084472656;59.24572
2023-01-11 00:00:00-05:00;61.5;60.083504
2023-01-12 00:00:00-05:00;65.0999984741211;60.55269
2023-01-13 00:00:00-05:00;64.05999755859375;62.222046
2023-01-17 00:00:00-05:00;62.959999084472656;63.04468
2023-01-18 00:00:00-05:00;60.9900016784668;62.808914
2023-01-19 00:00:00-05:00;61.369998931884766;61.68866
2023-01-20 00:00:00-05:00;62.7400016784668;61.171875
2023-01-23 00:00:00-05:00;64.23999786376953;61.766083
2023-01-24 00:00:00-05:00;63.98500061035156;63.047867
