Date;DISH;close_predicted
2017-09-28 00:00:00-04:00;53.0099983215332;53.28551
2017-09-29 00:00:00-04:00;54.22999954223633;53.054005
2017-10-02 00:00:00-04:00;53.83000183105469;54.040085
2017-10-03 00:00:00-04:00;54.31999969482422;53.776386
2017-10-04 00:00:00-04:00;54.09000015258789;54.210636
2017-10-05 00:00:00-04:00;54.029998779296875;54.070587
2017-10-06 00:00:00-04:00;53.33000183105469;54.0145
2017-10-09 00:00:00-04:00;51.68000030517578;53.429783
2017-10-10 00:00:00-04:00;51.70000076293945;52.000744
2017-10-11 00:00:00-04:00;51.650001525878906;51.91986
2017-10-12 00:00:00-04:00;49.029998779296875;51.81882
2017-10-13 00:00:00-04:00;48.380001068115234;49.578285
2017-10-16 00:00:00-04:00;49.029998779296875;48.8651
2017-10-17 00:00:00-04:00;48.849998474121094;49.291397
2017-10-18 00:00:00-04:00;49.709999084472656;49.07872
2017-10-19 00:00:00-04:00;49.31999969482422;49.75671
2017-10-20 00:00:00-04:00;49.29999923706055;49.498985
2017-10-23 00:00:00-04:00;48.97999954223633;49.454876
2017-10-24 00:00:00-04:00;49.0;49.182297
2017-10-25 00:00:00-04:00;49.0;49.13653
2017-10-26 00:00:00-04:00;47.91999816894531;49.099133
2017-10-27 00:00:00-04:00;46.4900016784668;48.177868
2017-10-30 00:00:00-04:00;48.38999938964844;46.910885
2017-10-31 00:00:00-04:00;48.540000915527344;48.309074
2017-11-01 00:00:00-04:00;48.77000045776367;48.508625
2017-11-02 00:00:00-04:00;48.27000045776367;48.708054
2017-11-03 00:00:00-04:00;48.06999969482422;48.383213
2017-11-06 00:00:00-05:00;50.81999969482422;48.20436
2017-11-07 00:00:00-05:00;50.06999969482422;50.473656
2017-11-08 00:00:00-05:00;48.72999954223633;50.00132
2017-11-09 00:00:00-05:00;50.29999923706055;48.90449
2017-11-10 00:00:00-05:00;50.810001373291016;50.20004
2017-11-13 00:00:00-05:00;50.86000061035156;50.68324
2017-11-14 00:00:00-05:00;50.5099983215332;50.747402
2017-11-15 00:00:00-05:00;50.61000061035156;50.535892
2017-11-16 00:00:00-05:00;50.5;50.63852
2017-11-17 00:00:00-05:00;50.65999984741211;50.557835
2017-11-20 00:00:00-05:00;50.0099983215332;50.687145
2017-11-21 00:00:00-05:00;50.040000915527344;50.16648
2017-11-22 00:00:00-05:00;50.43000030517578;50.162464
2017-11-24 00:00:00-05:00;49.869998931884766;50.48976
2017-11-27 00:00:00-05:00;49.650001525878906;50.033382
2017-11-28 00:00:00-05:00;50.40999984741211;49.82767
2017-11-29 00:00:00-05:00;51.279998779296875;50.45101
2017-11-30 00:00:00-05:00;50.650001525878906;51.20436
2017-12-01 00:00:00-05:00;50.31999969482422;50.732235
2017-12-04 00:00:00-05:00;51.599998474121094;50.46496
2017-12-05 00:00:00-05:00;52.029998779296875;51.53451
2017-12-06 00:00:00-05:00;49.310001373291016;51.932198
2017-12-07 00:00:00-05:00;48.95000076293945;49.69696
2017-12-08 00:00:00-05:00;48.59000015258789;49.27616
2017-12-11 00:00:00-05:00;49.43000030517578;48.90372
2017-12-12 00:00:00-05:00;49.630001068115234;49.46706
2017-12-13 00:00:00-05:00;48.9900016784668;49.66411
2017-12-14 00:00:00-05:00;48.52000045776367;49.16432
2017-12-15 00:00:00-05:00;48.56999969482422;48.768085
2017-12-18 00:00:00-05:00;49.849998474121094;48.766747
2017-12-19 00:00:00-05:00;48.470001220703125;49.790634
2017-12-20 00:00:00-05:00;48.70000076293945;48.708763
2017-12-21 00:00:00-05:00;49.119998931884766;48.819656
2017-12-22 00:00:00-05:00;48.529998779296875;49.185596
2017-12-26 00:00:00-05:00;48.34000015258789;48.68199
2017-12-27 00:00:00-05:00;47.66999816894531;48.485447
2017-12-28 00:00:00-05:00;47.849998474121094;47.918125
2017-12-29 00:00:00-05:00;47.75;47.984314
2018-01-02 00:00:00-05:00;50.20000076293945;47.88819
2018-01-03 00:00:00-05:00;49.36000061035156;49.896297
2018-01-04 00:00:00-05:00;49.380001068115234;49.3689
2018-01-05 00:00:00-05:00;49.220001220703125;49.391212
2018-01-08 00:00:00-05:00;48.900001525878906;49.326313
2018-01-09 00:00:00-05:00;48.56999969482422;49.027237
2018-01-10 00:00:00-05:00;48.40999984741211;48.717987
2018-01-11 00:00:00-05:00;49.25;48.548206
2018-01-12 00:00:00-05:00;49.47999954223633;49.214397
2018-01-16 00:00:00-05:00;47.9900016784668;49.45678
2018-01-17 00:00:00-05:00;45.45000076293945;48.268703
2018-01-18 00:00:00-05:00;45.15999984741211;46.13402
2018-01-19 00:00:00-05:00;45.2599983215332;45.63954
2018-01-22 00:00:00-05:00;46.2599983215332;45.573296
2018-01-23 00:00:00-05:00;46.33000183105469;46.293762
2018-01-24 00:00:00-05:00;47.72999954223633;46.42684
2018-01-25 00:00:00-05:00;47.029998779296875;47.609455
2018-01-26 00:00:00-05:00;47.189998626708984;47.18563
2018-01-29 00:00:00-05:00;47.29999923706055;47.28747
2018-01-30 00:00:00-05:00;47.2599983215332;47.399544
2018-01-31 00:00:00-05:00;46.900001525878906;47.341846
2018-02-01 00:00:00-05:00;47.15999984741211;47.030888
2018-02-02 00:00:00-05:00;46.790000915527344;47.206234
2018-02-05 00:00:00-05:00;44.72999954223633;46.91459
2018-02-06 00:00:00-05:00;43.31999969482422;45.220043
2018-02-07 00:00:00-05:00;45.099998474121094;43.89577
2018-02-08 00:00:00-05:00;43.77000045776367;45.107384
2018-02-09 00:00:00-05:00;43.400001525878906;44.132397
2018-02-12 00:00:00-05:00;44.0;43.698612
2018-02-13 00:00:00-05:00;44.33000183105469;44.153233
2018-02-14 00:00:00-05:00;44.93000030517578;44.44256
2018-02-15 00:00:00-05:00;45.689998626708984;44.948452
2018-02-16 00:00:00-05:00;45.689998626708984;45.63737
2018-02-20 00:00:00-05:00;44.56999969482422;45.727413
2018-02-21 00:00:00-05:00;43.18000030517578;44.853657
2018-02-22 00:00:00-05:00;43.869998931884766;43.646557
2018-02-23 00:00:00-05:00;44.47999954223633;44.00156
2018-02-26 00:00:00-05:00;44.95000076293945;44.482742
2018-02-27 00:00:00-05:00;43.63999938964844;44.895603
2018-02-28 00:00:00-05:00;41.689998626708984;43.939228
2018-03-01 00:00:00-05:00;40.720001220703125;42.310417
2018-03-02 00:00:00-05:00;40.97999954223633;41.30731
2018-03-05 00:00:00-05:00;41.45000076293945;41.291958
2018-03-06 00:00:00-05:00;41.220001220703125;41.596813
2018-03-07 00:00:00-05:00;41.41999816894531;41.44546
2018-03-08 00:00:00-05:00;41.380001068115234;41.59114
2018-03-09 00:00:00-05:00;40.7599983215332;41.59208
2018-03-12 00:00:00-04:00;41.349998474121094;41.09797
2018-03-13 00:00:00-04:00;40.9900016784668;41.46665
2018-03-14 00:00:00-04:00;40.5;41.22421
2018-03-15 00:00:00-04:00;40.08000183105469;40.78148
2018-03-16 00:00:00-04:00;40.7599983215332;40.381527
2018-03-19 00:00:00-04:00;39.650001525878906;40.82318
2018-03-20 00:00:00-04:00;38.79999923706055;40.02023
2018-03-21 00:00:00-04:00;39.060001373291016;39.223618
2018-03-22 00:00:00-04:00;37.77000045776367;39.28472
2018-03-23 00:00:00-04:00;36.650001525878906;38.28727
2018-03-26 00:00:00-04:00;37.09000015258789;37.232433
2018-03-27 00:00:00-04:00;37.25;37.34885
2018-03-28 00:00:00-04:00;37.439998626708984;37.466213
2018-03-29 00:00:00-04:00;37.88999938964844;37.610565
2018-04-02 00:00:00-04:00;37.209999084472656;37.987003
2018-04-03 00:00:00-04:00;38.5;37.548603
2018-04-04 00:00:00-04:00;38.779998779296875;38.44045
2018-04-05 00:00:00-04:00;39.459999084472656;38.820377
2018-04-06 00:00:00-04:00;38.5099983215332;39.398598
2018-04-09 00:00:00-04:00;38.41999816894531;38.796497
2018-04-10 00:00:00-04:00;39.2400016784668;38.62664
2018-04-11 00:00:00-04:00;38.84000015258789;39.228424
2018-04-12 00:00:00-04:00;38.68000030517578;39.015263
2018-04-13 00:00:00-04:00;38.529998779296875;38.861626
2018-04-16 00:00:00-04:00;38.970001220703125;38.744637
2018-04-17 00:00:00-04:00;38.689998626708984;39.0632
2018-04-18 00:00:00-04:00;39.11000061035156;38.91227
2018-04-19 00:00:00-04:00;38.52000045776367;39.215107
2018-04-20 00:00:00-04:00;37.22999954223633;38.834614
2018-04-23 00:00:00-04:00;37.279998779296875;37.788677
2018-04-24 00:00:00-04:00;36.779998779296875;37.625935
2018-04-25 00:00:00-04:00;36.86000061035156;37.199615
2018-04-26 00:00:00-04:00;36.810001373291016;37.145645
2018-04-27 00:00:00-04:00;34.7400016784668;37.09355
2018-04-30 00:00:00-04:00;33.54999923706055;35.535107
2018-05-01 00:00:00-04:00;33.43000030517578;34.315407
2018-05-02 00:00:00-04:00;33.33000183105469;33.935223
2018-05-03 00:00:00-04:00;33.09000015258789;33.733154
2018-05-04 00:00:00-04:00;33.38999938964844;33.481163
2018-05-07 00:00:00-04:00;33.900001525878906;33.631813
2018-05-08 00:00:00-04:00;29.809999465942383;34.035824
2018-05-09 00:00:00-04:00;31.1200008392334;31.185951
2018-05-10 00:00:00-04:00;31.780000686645508;31.36061
2018-05-11 00:00:00-04:00;31.3799991607666;31.899088
2018-05-14 00:00:00-04:00;31.829999923706055;31.68691
2018-05-15 00:00:00-04:00;31.989999771118164;31.952688
2018-05-16 00:00:00-04:00;32.97999954223633;32.149834
2018-05-17 00:00:00-04:00;32.650001525878906;32.91006
2018-05-18 00:00:00-04:00;32.349998474121094;32.85708
2018-05-21 00:00:00-04:00;31.84000015258789;32.62358
2018-05-22 00:00:00-04:00;31.969999313354492;32.208897
2018-05-23 00:00:00-04:00;30.979999542236328;32.19491
2018-05-24 00:00:00-04:00;30.489999771118164;31.480238
2018-05-25 00:00:00-04:00;30.709999084472656;30.942907
2018-05-29 00:00:00-04:00;30.260000228881836;30.971693
2018-05-30 00:00:00-04:00;29.93000030517578;30.6631
2018-05-31 00:00:00-04:00;29.549999237060547;30.3475
2018-06-01 00:00:00-04:00;29.079999923706055;30.006163
2018-06-04 00:00:00-04:00;29.030000686645508;29.584555
2018-06-05 00:00:00-04:00;29.40999984741211;29.430582
2018-06-06 00:00:00-04:00;31.1200008392334;29.653078
2018-06-07 00:00:00-04:00;32.0;30.926067
2018-06-08 00:00:00-04:00;32.08000183105469;31.893745
2018-06-11 00:00:00-04:00;32.119998931884766;32.19257
2018-06-12 00:00:00-04:00;32.380001068115234;32.310593
2018-06-13 00:00:00-04:00;32.86000061035156;32.53571
2018-06-14 00:00:00-04:00;34.08000183105469;32.934372
2018-06-15 00:00:00-04:00;34.61000061035156;33.92068
2018-06-18 00:00:00-04:00;34.45000076293945;34.550365
2018-06-19 00:00:00-04:00;34.0099983215332;34.59389
2018-06-20 00:00:00-04:00;34.810001373291016;34.31295
2018-06-21 00:00:00-04:00;33.75;34.860603
2018-06-22 00:00:00-04:00;34.90999984741211;34.215137
2018-06-25 00:00:00-04:00;34.150001525878906;34.923935
2018-06-26 00:00:00-04:00;34.09000015258789;34.549362
2018-06-27 00:00:00-04:00;33.619998931884766;34.41689
2018-06-28 00:00:00-04:00;33.599998474121094;34.06593
2018-06-29 00:00:00-04:00;33.61000061035156;33.96615
2018-07-02 00:00:00-04:00;33.029998779296875;33.94921
2018-07-03 00:00:00-04:00;33.209999084472656;33.515476
2018-07-05 00:00:00-04:00;33.54999923706055;33.539013
2018-07-06 00:00:00-04:00;34.9900016784668;33.79088
2018-07-09 00:00:00-04:00;35.709999084472656;34.899105
2018-07-10 00:00:00-04:00;34.93000030517578;35.681545
2018-07-11 00:00:00-04:00;33.5099983215332;35.27549
2018-07-12 00:00:00-04:00;33.380001068115234;34.16049
2018-07-13 00:00:00-04:00;33.59000015258789;33.809128
2018-07-16 00:00:00-04:00;32.7599983215332;33.858505
2018-07-17 00:00:00-04:00;31.780000686645508;33.23744
2018-07-18 00:00:00-04:00;31.200000762939453;32.374996
2018-07-19 00:00:00-04:00;31.200000762939453;31.752665
2018-07-20 00:00:00-04:00;30.90999984741211;31.590717
2018-07-23 00:00:00-04:00;30.559999465942383;31.333729
2018-07-24 00:00:00-04:00;30.299999237060547;31.00992
2018-07-25 00:00:00-04:00;29.770000457763672;30.73929
2018-07-26 00:00:00-04:00;30.299999237060547;30.286345
2018-07-27 00:00:00-04:00;30.149999618530273;30.52828
2018-07-30 00:00:00-04:00;30.6299991607666;30.479458
2018-07-31 00:00:00-04:00;31.559999465942383;30.78951
2018-08-01 00:00:00-04:00;30.489999771118164;31.536785
2018-08-02 00:00:00-04:00;29.86000061035156;30.958082
2018-08-03 00:00:00-04:00;34.20000076293945;30.35088
2018-08-06 00:00:00-04:00;36.20000076293945;33.34686
2018-08-07 00:00:00-04:00;36.709999084472656;35.5567
2018-08-08 00:00:00-04:00;35.849998474121094;36.415554
2018-08-09 00:00:00-04:00;36.59000015258789;36.039474
2018-08-10 00:00:00-04:00;35.16999816894531;36.57236
2018-08-13 00:00:00-04:00;34.9900016784668;35.63856
2018-08-14 00:00:00-04:00;35.63999938964844;35.292534
2018-08-15 00:00:00-04:00;35.16999816894531;35.719917
2018-08-16 00:00:00-04:00;35.27000045776367;35.464966
2018-08-17 00:00:00-04:00;35.130001068115234;35.503555
2018-08-20 00:00:00-04:00;35.040000915527344;35.44511
2018-08-21 00:00:00-04:00;35.560001373291016;35.379467
2018-08-22 00:00:00-04:00;35.130001068115234;35.762783
2018-08-23 00:00:00-04:00;35.040000915527344;35.52977
2018-08-24 00:00:00-04:00;35.45000076293945;35.408882
2018-08-27 00:00:00-04:00;35.75;35.688282
2018-08-28 00:00:00-04:00;36.33000183105469;35.9579
2018-08-29 00:00:00-04:00;36.130001068115234;36.43773
2018-08-30 00:00:00-04:00;35.45000076293945;36.388077
2018-08-31 00:00:00-04:00;35.349998474121094;35.870327
2018-09-04 00:00:00-04:00;35.04999923706055;35.685406
2018-09-05 00:00:00-04:00;34.54999923706055;35.410786
2018-09-06 00:00:00-04:00;34.52000045776367;34.962166
2018-09-07 00:00:00-04:00;35.290000915527344;34.833206
2018-09-10 00:00:00-04:00;34.869998931884766;35.370808
2018-09-11 00:00:00-04:00;34.939998626708984;35.17323
2018-09-12 00:00:00-04:00;35.29999923706055;35.18253
2018-09-13 00:00:00-04:00;36.5099983215332;35.46464
2018-09-14 00:00:00-04:00;36.380001068115234;36.424572
2018-09-17 00:00:00-04:00;36.560001373291016;36.52698
2018-09-18 00:00:00-04:00;37.08000183105469;36.690987
2018-09-19 00:00:00-04:00;36.77000045776367;37.136063
2018-09-20 00:00:00-04:00;36.619998931884766;36.991573
2018-09-21 00:00:00-04:00;36.5099983215332;36.85169
2018-09-24 00:00:00-04:00;35.41999816894531;36.750324
2018-09-25 00:00:00-04:00;35.56999969482422;35.914936
2018-09-26 00:00:00-04:00;35.59000015258789;35.84764
2018-09-27 00:00:00-04:00;35.47999954223633;35.851112
2018-09-28 00:00:00-04:00;35.7599983215332;35.759686
2018-10-01 00:00:00-04:00;35.41999816894531;35.956345
2018-10-02 00:00:00-04:00;36.209999084472656;35.75309
2018-10-03 00:00:00-04:00;36.150001525878906;36.299507
2018-10-04 00:00:00-04:00;36.22999954223633;36.37295
2018-10-05 00:00:00-04:00;34.29999923706055;36.44085
2018-10-08 00:00:00-04:00;34.4900016784668;35.03235
2018-10-09 00:00:00-04:00;34.16999816894531;34.85039
2018-10-10 00:00:00-04:00;33.04999923706055;34.56607
2018-10-11 00:00:00-04:00;31.8700008392334;33.64697
2018-10-12 00:00:00-04:00;32.91999816894531;32.57066
2018-10-15 00:00:00-04:00;33.68000030517578;33.063816
2018-10-16 00:00:00-04:00;34.150001525878906;33.73097
2018-10-17 00:00:00-04:00;34.439998626708984;34.216064
2018-10-18 00:00:00-04:00;34.400001525878906;34.55507
2018-10-19 00:00:00-04:00;34.90999984741211;34.614414
2018-10-22 00:00:00-04:00;34.65999984741211;35.00416
2018-10-23 00:00:00-04:00;31.770000457763672;34.900345
2018-10-24 00:00:00-04:00;30.06999969482422;32.767033
2018-10-25 00:00:00-04:00;30.25;31.028477
2018-10-26 00:00:00-04:00;28.260000228881836;30.700222
2018-10-29 00:00:00-04:00;28.030000686645508;29.196323
2018-10-30 00:00:00-04:00;29.450000762939453;28.5922
2018-10-31 00:00:00-04:00;30.739999771118164;29.446491
2018-11-01 00:00:00-04:00;31.68000030517578;30.607508
2018-11-02 00:00:00-04:00;30.93000030517578;31.586563
2018-11-05 00:00:00-05:00;30.969999313354492;31.31046
2018-11-06 00:00:00-05:00;31.489999771118164;31.26946
2018-11-07 00:00:00-05:00;32.119998931884766;31.62896
2018-11-08 00:00:00-05:00;32.15999984741211;32.14806
2018-11-09 00:00:00-05:00;31.729999542236328;32.290733
2018-11-12 00:00:00-05:00;31.649999618530273;32.01717
2018-11-13 00:00:00-05:00;31.950000762939453;31.90183
2018-11-14 00:00:00-05:00;32.099998474121094;32.09859
2018-11-15 00:00:00-05:00;33.119998931884766;32.261692
2018-11-16 00:00:00-05:00;32.849998474121094;33.05331
2018-11-19 00:00:00-05:00;31.5;33.06936
2018-11-20 00:00:00-05:00;30.030000686645508;32.113018
2018-11-21 00:00:00-05:00;31.270000457763672;30.84574
2018-11-23 00:00:00-05:00;30.670000076293945;31.400291
2018-11-26 00:00:00-05:00;32.11000061035156;31.11449
2018-11-27 00:00:00-05:00;32.36000061035156;32.052547
2018-11-28 00:00:00-05:00;33.560001373291016;32.49616
2018-11-29 00:00:00-05:00;32.959999084472656;33.47843
2018-11-30 00:00:00-05:00;32.7599983215332;33.29413
2018-12-03 00:00:00-05:00;33.38999938964844;33.103626
2018-12-04 00:00:00-05:00;31.93000030517578;33.524685
2018-12-06 00:00:00-05:00;32.0;32.55405
2018-12-07 00:00:00-05:00;31.93000030517578;32.349297
2018-12-10 00:00:00-05:00;31.979999542236328;32.259277
2018-12-11 00:00:00-05:00;31.6200008392334;32.258392
2018-12-12 00:00:00-05:00;32.20000076293945;32.002495
2018-12-13 00:00:00-05:00;30.799999237060547;32.362396
2018-12-14 00:00:00-05:00;30.649999618530273;31.457308
2018-12-17 00:00:00-05:00;29.940000534057617;31.108328
2018-12-18 00:00:00-05:00;29.049999237060547;30.523474
2018-12-19 00:00:00-05:00;27.959999084472656;29.720425
2018-12-20 00:00:00-05:00;26.479999542236328;28.730719
2018-12-21 00:00:00-05:00;25.020000457763672;27.421137
2018-12-24 00:00:00-05:00;23.979999542236328;26.030636
2018-12-26 00:00:00-05:00;24.88999938964844;24.897087
2018-12-27 00:00:00-05:00;24.3799991607666;25.147882
2018-12-28 00:00:00-05:00;24.959999084472656;24.900806
2018-12-31 00:00:00-05:00;24.969999313354492;25.189804
2019-01-02 00:00:00-05:00;25.8799991607666;25.297672
2019-01-03 00:00:00-05:00;26.420000076293945;25.9321
2019-01-04 00:00:00-05:00;28.280000686645508;26.49115
2019-01-07 00:00:00-05:00;28.600000381469727;27.927078
2019-01-08 00:00:00-05:00;28.68000030517578;28.563606
2019-01-09 00:00:00-05:00;28.260000228881836;28.781012
2019-01-10 00:00:00-05:00;28.63999938964844;28.557629
2019-01-11 00:00:00-05:00;28.149999618530273;28.761889
2019-01-14 00:00:00-05:00;27.61000061035156;28.488312
2019-01-15 00:00:00-05:00;28.25;28.037542
2019-01-16 00:00:00-05:00;28.549999237060547;28.37316
2019-01-17 00:00:00-05:00;29.34000015258789;28.705976
2019-01-18 00:00:00-05:00;29.799999237060547;29.367538
2019-01-22 00:00:00-05:00;29.510000228881836;29.901531
2019-01-23 00:00:00-05:00;29.11000061035156;29.858301
2019-01-24 00:00:00-05:00;30.1200008392334;29.577173
2019-01-25 00:00:00-05:00;30.079999923706055;30.221657
2019-01-28 00:00:00-05:00;30.299999237060547;30.37067
2019-01-29 00:00:00-05:00;29.75;30.55378
2019-01-30 00:00:00-05:00;29.700000762939453;30.223314
2019-01-31 00:00:00-05:00;30.670000076293945;30.097042
2019-02-01 00:00:00-05:00;30.440000534057617;30.755762
2019-02-04 00:00:00-05:00;30.190000534057617;30.764612
2019-02-05 00:00:00-05:00;31.229999542236328;30.581715
2019-02-06 00:00:00-05:00;31.350000381469727;31.287209
2019-02-07 00:00:00-05:00;31.06999969482422;31.560848
2019-02-08 00:00:00-05:00;31.540000915527344;31.420906
2019-02-11 00:00:00-05:00;31.149999618530273;31.7304
2019-02-12 00:00:00-05:00;31.260000228881836;31.534319
2019-02-13 00:00:00-05:00;28.86000061035156;31.55339
2019-02-14 00:00:00-05:00;29.700000762939453;29.867142
2019-02-15 00:00:00-05:00;30.899999618530273;29.985252
2019-02-19 00:00:00-05:00;30.739999771118164;30.892511
2019-02-20 00:00:00-05:00;31.260000228881836;30.996563
2019-02-21 00:00:00-05:00;31.309999465942383;31.39766
2019-02-22 00:00:00-05:00;32.81999969482422;31.560009
2019-02-25 00:00:00-05:00;31.950000762939453;32.69133
2019-02-26 00:00:00-05:00;31.920000076293945;32.344322
2019-02-27 00:00:00-05:00;31.959999084472656;32.22577
2019-02-28 00:00:00-05:00;32.5099983215332;32.240707
2019-03-01 00:00:00-05:00;32.22999954223633;32.63006
2019-03-04 00:00:00-05:00;33.470001220703125;32.520172
2019-03-05 00:00:00-05:00;31.13999938964844;33.397823
2019-03-06 00:00:00-05:00;31.940000534057617;31.945501
2019-03-07 00:00:00-05:00;32.16999816894531;32.149933
2019-03-08 00:00:00-05:00;31.75;32.39782
2019-03-11 00:00:00-04:00;32.2400016784668;32.132214
2019-03-12 00:00:00-04:00;32.15999984741211;32.42544
2019-03-13 00:00:00-04:00;32.349998474121094;32.45377
2019-03-14 00:00:00-04:00;32.56999969482422;32.593784
2019-03-15 00:00:00-04:00;32.56999969482422;32.793026
2019-03-18 00:00:00-04:00;32.40999984741211;32.839947
2019-03-19 00:00:00-04:00;32.060001373291016;32.733562
2019-03-20 00:00:00-04:00;31.540000915527344;32.45352
2019-03-21 00:00:00-04:00;32.22999954223633;32.005817
2019-03-22 00:00:00-04:00;31.270000457763672;32.38493
2019-03-25 00:00:00-04:00;30.6299991607666;31.78711
2019-03-26 00:00:00-04:00;31.540000915527344;31.16605
2019-03-27 00:00:00-04:00;31.329999923706055;31.666767
2019-03-28 00:00:00-04:00;31.229999542236328;31.642157
2019-03-29 00:00:00-04:00;31.690000534057617;31.550125
2019-04-01 00:00:00-04:00;33.13999938964844;31.867403
2019-04-02 00:00:00-04:00;33.220001220703125;33.00045
2019-04-03 00:00:00-04:00;32.93000030517578;33.331425
2019-04-04 00:00:00-04:00;33.810001373291016;33.199963
2019-04-05 00:00:00-04:00;34.70000076293945;33.829117
2019-04-08 00:00:00-04:00;33.9900016784668;34.634922
2019-04-09 00:00:00-04:00;33.72999954223633;34.289413
2019-04-10 00:00:00-04:00;34.61000061035156;34.032784
2019-04-11 00:00:00-04:00;34.720001220703125;34.640915
2019-04-12 00:00:00-04:00;34.29999923706055;34.858826
2019-04-15 00:00:00-04:00;34.22999954223633;34.60096
2019-04-16 00:00:00-04:00;34.119998931884766;34.51464
2019-04-17 00:00:00-04:00;34.689998626708984;34.427666
2019-04-18 00:00:00-04:00;34.88999938964844;34.828312
2019-04-22 00:00:00-04:00;33.75;35.071342
2019-04-23 00:00:00-04:00;33.65999984741211;34.291622
2019-04-24 00:00:00-04:00;34.150001525878906;34.056183
2019-04-25 00:00:00-04:00;33.86000061035156;34.365433
2019-04-26 00:00:00-04:00;34.790000915527344;34.205338
2019-04-29 00:00:00-04:00;35.43000030517578;34.847084
2019-04-30 00:00:00-04:00;35.119998931884766;35.475258
2019-05-01 00:00:00-04:00;34.66999816894531;35.379856
2019-05-02 00:00:00-04:00;33.599998474121094;35.03735
2019-05-03 00:00:00-04:00;35.08000183105469;34.18132
2019-05-06 00:00:00-04:00;34.709999084472656;35.062267
2019-05-07 00:00:00-04:00;34.59000015258789;34.975266
2019-05-08 00:00:00-04:00;34.93000030517578;34.84985
2019-05-09 00:00:00-04:00;34.77000045776367;35.09722
2019-05-10 00:00:00-04:00;35.459999084472656;35.036045
2019-05-13 00:00:00-04:00;34.040000915527344;35.53207
2019-05-14 00:00:00-04:00;34.369998931884766;34.599617
2019-05-15 00:00:00-04:00;34.88999938964844;34.628136
2019-05-16 00:00:00-04:00;35.06999969482422;35.028545
2019-05-17 00:00:00-04:00;35.33000183105469;35.23142
2019-05-20 00:00:00-04:00;33.2400016784668;35.472595
2019-05-21 00:00:00-04:00;35.0;34.004013
2019-05-22 00:00:00-04:00;34.869998931884766;34.96146
2019-05-23 00:00:00-04:00;34.2599983215332;35.087177
2019-05-24 00:00:00-04:00;34.220001220703125;34.63331
2019-05-28 00:00:00-04:00;35.18000030517578;34.523388
2019-05-29 00:00:00-04:00;34.869998931884766;35.2128
2019-05-30 00:00:00-04:00;34.7599983215332;35.126232
2019-05-31 00:00:00-04:00;36.11000061035156;35.023476
2019-06-03 00:00:00-04:00;35.529998779296875;36.021526
2019-06-04 00:00:00-04:00;36.25;35.801563
2019-06-05 00:00:00-04:00;35.91999816894531;36.29088
2019-06-06 00:00:00-04:00;36.18000030517578;36.17015
2019-06-07 00:00:00-04:00;37.099998474121094;36.33408
2019-06-10 00:00:00-04:00;37.349998474121094;37.070614
2019-06-11 00:00:00-04:00;37.2400016784668;37.410007
2019-06-12 00:00:00-04:00;37.529998779296875;37.407326
2019-06-13 00:00:00-04:00;37.88999938964844;37.651512
2019-06-14 00:00:00-04:00;37.540000915527344;37.98468
2019-06-17 00:00:00-04:00;38.9900016784668;37.78841
2019-06-18 00:00:00-04:00;39.099998474121094;38.86829
2019-06-19 00:00:00-04:00;38.90999984741211;39.1675
2019-06-20 00:00:00-04:00;39.09000015258789;39.087147
2019-06-21 00:00:00-04:00;39.0099983215332;39.247086
2019-06-24 00:00:00-04:00;38.59000015258789;39.224445
2019-06-25 00:00:00-04:00;37.779998779296875;38.898182
2019-06-26 00:00:00-04:00;37.5099983215332;38.226994
2019-06-27 00:00:00-04:00;38.16999816894531;37.892456
2019-06-28 00:00:00-04:00;38.40999984741211;38.31825
2019-07-01 00:00:00-04:00;38.86000061035156;38.56907
2019-07-02 00:00:00-04:00;39.16999816894531;38.96186
2019-07-03 00:00:00-04:00;39.599998474121094;39.29048
2019-07-05 00:00:00-04:00;39.970001220703125;39.69005
2019-07-08 00:00:00-04:00;39.84000015258789;40.0533
2019-07-09 00:00:00-04:00;40.72999954223633;40.0198
2019-07-10 00:00:00-04:00;40.65999984741211;40.708958
2019-07-11 00:00:00-04:00;40.81999969482422;40.772934
2019-07-12 00:00:00-04:00;41.869998931884766;40.911
2019-07-15 00:00:00-04:00;41.79999923706055;41.77507
2019-07-16 00:00:00-04:00;41.2400016784668;41.863148
2019-07-17 00:00:00-04:00;40.849998474121094;41.459866
2019-07-18 00:00:00-04:00;40.83000183105469;41.124336
2019-07-19 00:00:00-04:00;40.88999938964844;41.05525
2019-07-22 00:00:00-04:00;41.849998474121094;41.078674
2019-07-23 00:00:00-04:00;43.2599983215332;41.83067
2019-07-24 00:00:00-04:00;41.560001373291016;43.072247
2019-07-25 00:00:00-04:00;39.16999816894531;41.94054
2019-07-26 00:00:00-04:00;39.5099983215332;39.965244
2019-07-29 00:00:00-04:00;38.279998779296875;39.90009
2019-07-30 00:00:00-04:00;34.95000076293945;38.887493
2019-07-31 00:00:00-04:00;33.86000061035156;36.147324
2019-08-01 00:00:00-04:00;32.95000076293945;34.755653
2019-08-02 00:00:00-04:00;32.18000030517578;33.750294
2019-08-05 00:00:00-04:00;31.719999313354492;32.89721
2019-08-06 00:00:00-04:00;31.739999771118164;32.332867
2019-08-07 00:00:00-04:00;31.510000228881836;32.190983
2019-08-08 00:00:00-04:00;32.86000061035156;31.969843
2019-08-09 00:00:00-04:00;32.38999938964844;32.865322
2019-08-12 00:00:00-04:00;32.11000061035156;32.722424
2019-08-13 00:00:00-04:00;32.2599983215332;32.44975
2019-08-14 00:00:00-04:00;31.709999084472656;32.479767
2019-08-15 00:00:00-04:00;31.8700008392334;32.06294
2019-08-16 00:00:00-04:00;31.959999084472656;32.046078
2019-08-19 00:00:00-04:00;32.59000015258789;32.099586
2019-08-20 00:00:00-04:00;32.13999938964844;32.560753
2019-08-21 00:00:00-04:00;31.8700008392334;32.356834
2019-08-22 00:00:00-04:00;31.719999313354492;32.12098
2019-08-23 00:00:00-04:00;31.040000915527344;31.974417
2019-08-26 00:00:00-04:00;32.2599983215332;31.457184
2019-08-27 00:00:00-04:00;32.369998931884766;32.207253
2019-08-28 00:00:00-04:00;33.439998626708984;32.490597
2019-08-29 00:00:00-04:00;33.72999954223633;33.340046
2019-08-30 00:00:00-04:00;33.560001373291016;33.78377
2019-09-03 00:00:00-04:00;32.849998474121094;33.776527
2019-09-04 00:00:00-04:00;34.16999816894531;33.276424
2019-09-05 00:00:00-04:00;34.849998474121094;34.1295
2019-09-06 00:00:00-04:00;35.70000076293945;34.831444
2019-09-09 00:00:00-04:00;36.29999923706055;35.614796
2019-09-10 00:00:00-04:00;37.150001525878906;36.262745
2019-09-11 00:00:00-04:00;36.630001068115234;37.0662
2019-09-12 00:00:00-04:00;35.88999938964844;36.864822
2019-09-13 00:00:00-04:00;35.2599983215332;36.291096
2019-09-16 00:00:00-04:00;36.08000183105469;35.71928
2019-09-17 00:00:00-04:00;35.29999923706055;36.20045
2019-09-18 00:00:00-04:00;35.56999969482422;35.714333
2019-09-19 00:00:00-04:00;35.439998626708984;35.80899
2019-09-20 00:00:00-04:00;34.540000915527344;35.756092
2019-09-23 00:00:00-04:00;34.470001220703125;35.076466
2019-09-24 00:00:00-04:00;34.630001068115234;34.87671
2019-09-25 00:00:00-04:00;35.02000045776367;34.946445
2019-09-26 00:00:00-04:00;34.0;35.231575
2019-09-27 00:00:00-04:00;34.0099983215332;34.534748
2019-09-30 00:00:00-04:00;34.06999969482422;34.37792
2019-10-01 00:00:00-04:00;33.70000076293945;34.38351
2019-10-02 00:00:00-04:00;32.93000030517578;34.08846
2019-10-03 00:00:00-04:00;32.97999954223633;33.445335
2019-10-04 00:00:00-04:00;33.09000015258789;33.32073
2019-10-07 00:00:00-04:00;33.150001525878906;33.360565
2019-10-08 00:00:00-04:00;32.08000183105469;33.396973
2019-10-09 00:00:00-04:00;32.689998626708984;32.625877
2019-10-10 00:00:00-04:00;33.150001525878906;32.87479
2019-10-11 00:00:00-04:00;34.060001373291016;33.272476
2019-10-14 00:00:00-04:00;33.63999938964844;34.01686
2019-10-15 00:00:00-04:00;34.380001068115234;33.887768
2019-10-16 00:00:00-04:00;34.75;34.408592
2019-10-17 00:00:00-04:00;34.880001068115234;34.815117
2019-10-18 00:00:00-04:00;34.77000045776367;34.996666
2019-10-21 00:00:00-04:00;34.61000061035156;34.96565
2019-10-22 00:00:00-04:00;35.119998931884766;34.850338
2019-10-23 00:00:00-04:00;34.93000030517578;35.208015
2019-10-24 00:00:00-04:00;34.150001525878906;35.151615
2019-10-25 00:00:00-04:00;34.7599983215332;34.5702
2019-10-28 00:00:00-04:00;34.93000030517578;34.904232
2019-10-29 00:00:00-04:00;34.33000183105469;35.11319
2019-10-30 00:00:00-04:00;34.369998931884766;34.712517
2019-10-31 00:00:00-04:00;34.380001068115234;34.665253
2019-11-01 00:00:00-04:00;34.86000061035156;34.670837
2019-11-04 00:00:00-05:00;34.959999084472656;35.01878
2019-11-05 00:00:00-05:00;34.63999938964844;35.17017
2019-11-06 00:00:00-05:00;33.52000045776367;34.967678
2019-11-07 00:00:00-05:00;34.689998626708984;34.105415
2019-11-08 00:00:00-05:00;35.31999969482422;34.763226
2019-11-11 00:00:00-05:00;35.970001220703125;35.371994
2019-11-12 00:00:00-05:00;36.0099983215332;35.971264
2019-11-13 00:00:00-05:00;35.66999816894531;36.14815
2019-11-14 00:00:00-05:00;35.65999984741211;35.94891
2019-11-15 00:00:00-05:00;35.95000076293945;35.90845
2019-11-18 00:00:00-05:00;36.790000915527344;36.11308
2019-11-19 00:00:00-05:00;35.83000183105469;36.77847
2019-11-20 00:00:00-05:00;35.47999954223633;36.20019
2019-11-21 00:00:00-05:00;35.90999984741211;35.829514
2019-11-22 00:00:00-05:00;36.29999923706055;36.088093
2019-11-25 00:00:00-05:00;35.47999954223633;36.42415
2019-11-26 00:00:00-05:00;34.86000061035156;35.88038
2019-11-27 00:00:00-05:00;34.7400016784668;35.31657
2019-11-29 00:00:00-05:00;34.16999816894531;35.112396
2019-12-02 00:00:00-05:00;33.65999984741211;34.633343
2019-12-03 00:00:00-05:00;33.380001068115234;34.13605
2019-12-04 00:00:00-05:00;33.470001220703125;33.81127
2019-12-05 00:00:00-05:00;33.599998474121094;33.790806
2019-12-06 00:00:00-05:00;33.59000015258789;33.87054
2019-12-09 00:00:00-05:00;33.5099983215332;33.873634
2019-12-10 00:00:00-05:00;33.529998779296875;33.811512
2019-12-11 00:00:00-05:00;33.88999938964844;33.806374
2019-12-12 00:00:00-05:00;34.22999954223633;34.060238
2019-12-13 00:00:00-05:00;34.130001068115234;34.359547
2019-12-16 00:00:00-05:00;34.470001220703125;34.34792
2019-12-17 00:00:00-05:00;34.470001220703125;34.595955
2019-12-18 00:00:00-05:00;35.61000061035156;34.65575
2019-12-19 00:00:00-05:00;35.79999923706055;35.51303
2019-12-20 00:00:00-05:00;36.060001373291016;35.84983
2019-12-23 00:00:00-05:00;35.75;36.123913
2019-12-24 00:00:00-05:00;35.81999969482422;35.97659
2019-12-26 00:00:00-05:00;36.130001068115234;36.00941
2019-12-27 00:00:00-05:00;35.95000076293945;36.256798
2019-12-30 00:00:00-05:00;35.38999938964844;36.176716
2019-12-31 00:00:00-05:00;35.470001220703125;35.752205
2020-01-02 00:00:00-05:00;35.7400016784668;35.733765
2020-01-03 00:00:00-05:00;35.880001068115234;35.935738
2020-01-06 00:00:00-05:00;35.63999938964844;36.08091
2020-01-07 00:00:00-05:00;35.540000915527344;35.93995
2020-01-08 00:00:00-05:00;35.4900016784668;35.84472
2020-01-09 00:00:00-05:00;35.58000183105469;35.790154
2020-01-10 00:00:00-05:00;35.36000061035156;35.838894
2020-01-13 00:00:00-05:00;36.060001373291016;35.67988
2020-01-14 00:00:00-05:00;36.59000015258789;36.163
2020-01-15 00:00:00-05:00;36.65999984741211;36.661747
2020-01-16 00:00:00-05:00;36.81999969482422;36.814106
2020-01-17 00:00:00-05:00;36.790000915527344;36.977207
2020-01-21 00:00:00-05:00;36.75;36.997005
2020-01-22 00:00:00-05:00;36.75;36.969955
2020-01-23 00:00:00-05:00;36.88999938964844;36.964012
2020-01-24 00:00:00-05:00;36.7400016784668;37.067028
2020-01-27 00:00:00-05:00;36.75;36.9762
2020-01-28 00:00:00-05:00;36.75;36.96932
2020-01-29 00:00:00-05:00;36.75;36.974644
2020-01-30 00:00:00-05:00;37.099998474121094;36.97778
2020-01-31 00:00:00-05:00;36.7599983215332;37.245567
2020-02-03 00:00:00-05:00;36.75;37.04715
2020-02-04 00:00:00-05:00;36.779998779296875;37.002182
2020-02-05 00:00:00-05:00;37.939998626708984;37.02108
2020-02-06 00:00:00-05:00;36.900001525878906;37.896805
2020-02-07 00:00:00-05:00;36.779998779296875;37.282475
2020-02-10 00:00:00-05:00;36.849998474121094;37.07437
2020-02-11 00:00:00-05:00;39.47999954223633;37.101204
2020-02-12 00:00:00-05:00;40.11000061035156;39.095177
2020-02-13 00:00:00-05:00;40.18000030517578;39.94604
2020-02-14 00:00:00-05:00;39.970001220703125;40.174755
2020-02-18 00:00:00-05:00;41.290000915527344;40.12017
2020-02-19 00:00:00-05:00;41.25;41.159058
2020-02-20 00:00:00-05:00;41.0;41.29609
2020-02-21 00:00:00-05:00;40.72999954223633;41.13338
2020-02-24 00:00:00-05:00;38.36000061035156;40.93476
2020-02-25 00:00:00-05:00;37.619998931884766;39.09375
2020-02-26 00:00:00-05:00;36.31999969482422;38.194935
2020-02-27 00:00:00-05:00;33.47999954223633;37.03231
2020-02-28 00:00:00-05:00;33.52000045776367;34.65751
2020-03-02 00:00:00-05:00;34.33000183105469;34.131264
2020-03-03 00:00:00-05:00;32.81999969482422;34.59447
2020-03-04 00:00:00-05:00;33.869998931884766;33.560486
2020-03-05 00:00:00-05:00;31.43000030517578;34.074017
2020-03-06 00:00:00-05:00;29.209999084472656;32.436558
2020-03-09 00:00:00-04:00;24.93000030517578;30.407593
2020-03-10 00:00:00-04:00;26.34000015258789;26.90917
2020-03-11 00:00:00-04:00;23.579999923706055;26.757097
2020-03-12 00:00:00-04:00;19.850000381469727;24.877535
2020-03-13 00:00:00-04:00;21.59000015258789;21.77292
2020-03-16 00:00:00-04:00;18.790000915527344;21.818327
2020-03-17 00:00:00-04:00;20.8799991607666;20.138634
2020-03-18 00:00:00-04:00;18.739999771118164;20.804745
2020-03-19 00:00:00-04:00;21.8700008392334;19.752771
2020-03-20 00:00:00-04:00;19.969999313354492;21.322226
2020-03-23 00:00:00-04:00;18.149999618530273;20.709953
2020-03-24 00:00:00-04:00;20.739999771118164;19.241196
2020-03-25 00:00:00-04:00;20.63999938964844;20.343718
2020-03-26 00:00:00-04:00;22.31999969482422;20.745796
2020-03-27 00:00:00-04:00;20.979999542236328;21.929485
2020-03-30 00:00:00-04:00;20.729999542236328;21.481728
2020-03-31 00:00:00-04:00;19.989999771118164;21.127214
2020-04-01 00:00:00-04:00;18.700000762939453;20.555601
2020-04-02 00:00:00-04:00;18.959999084472656;19.538567
2020-04-03 00:00:00-04:00;18.979999542236328;19.340822
2020-04-06 00:00:00-04:00;21.11000061035156;19.335835
2020-04-07 00:00:00-04:00;20.770000457763672;20.729353
2020-04-08 00:00:00-04:00;21.780000686645508;21.058325
2020-04-09 00:00:00-04:00;23.06999969482422;21.806093
2020-04-13 00:00:00-04:00;22.0;22.94335
2020-04-14 00:00:00-04:00;22.309999465942383;22.623106
2020-04-15 00:00:00-04:00;21.09000015258789;22.682436
2020-04-16 00:00:00-04:00;21.34000015258789;21.92605
2020-04-17 00:00:00-04:00;22.520000457763672;21.80445
2020-04-20 00:00:00-04:00;22.209999084472656;22.561642
2020-04-21 00:00:00-04:00;21.56999969482422;22.632492
2020-04-22 00:00:00-04:00;22.3799991607666;22.22232
2020-04-23 00:00:00-04:00;22.8799991607666;22.620129
2020-04-24 00:00:00-04:00;23.399999618530273;23.112646
2020-04-27 00:00:00-04:00;24.3700008392334;23.615482
2020-04-28 00:00:00-04:00;24.530000686645508;24.427814
2020-04-29 00:00:00-04:00;25.549999237060547;24.799631
2020-04-30 00:00:00-04:00;25.020000457763672;25.59463
2020-05-01 00:00:00-04:00;23.989999771118164;25.489471
2020-05-04 00:00:00-04:00;23.600000381469727;24.74429
2020-05-05 00:00:00-04:00;24.309999465942383;24.242882
2020-05-06 00:00:00-04:00;22.899999618530273;24.563498
2020-05-07 00:00:00-04:00;23.350000381469727;23.74005
2020-05-08 00:00:00-04:00;25.729999542236328;23.745855
2020-05-11 00:00:00-04:00;25.93000030517578;25.389524
2020-05-12 00:00:00-04:00;25.15999984741211;26.063244
2020-05-13 00:00:00-04:00;23.719999313354492;25.72261
2020-05-14 00:00:00-04:00;24.6200008392334;24.653255
2020-05-15 00:00:00-04:00;24.709999084472656;24.908154
2020-05-18 00:00:00-04:00;26.739999771118164;25.066109
2020-05-19 00:00:00-04:00;26.760000228881836;26.475716
2020-05-20 00:00:00-04:00;28.34000015258789;26.933792
2020-05-21 00:00:00-04:00;28.559999465942383;28.149582
2020-05-22 00:00:00-04:00;29.559999465942383;28.67755
2020-05-26 00:00:00-04:00;30.8799991607666;29.520203
2020-05-27 00:00:00-04:00;31.079999923706055;30.703028
2020-05-28 00:00:00-04:00;31.190000534057617;31.161041
2020-05-29 00:00:00-04:00;31.649999618530273;31.364841
2020-06-01 00:00:00-04:00;32.630001068115234;31.768784
2020-06-02 00:00:00-04:00;32.45000076293945;32.59307
2020-06-03 00:00:00-04:00;33.93000030517578;32.678516
2020-06-04 00:00:00-04:00;34.7400016784668;33.79687
2020-06-05 00:00:00-04:00;35.81999969482422;34.69035
2020-06-08 00:00:00-04:00;37.31999969482422;35.710934
2020-06-09 00:00:00-04:00;35.279998779296875;37.09785
2020-06-10 00:00:00-04:00;33.33000183105469;35.890743
2020-06-11 00:00:00-04:00;31.459999084472656;34.23044
2020-06-12 00:00:00-04:00;32.70000076293945;32.517483
2020-06-15 00:00:00-04:00;34.040000915527344;32.95619
2020-06-16 00:00:00-04:00;35.2400016784668;34.02538
2020-06-17 00:00:00-04:00;35.290000915527344;35.14735
2020-06-18 00:00:00-04:00;36.88999938964844;35.465904
2020-06-19 00:00:00-04:00;35.45000076293945;36.770542
2020-06-22 00:00:00-04:00;35.2599983215332;35.985134
2020-06-23 00:00:00-04:00;35.15999984741211;35.666637
2020-06-24 00:00:00-04:00;34.40999984741211;35.525696
2020-06-25 00:00:00-04:00;33.869998931884766;34.900684
2020-06-26 00:00:00-04:00;32.54999923706055;34.34222
2020-06-29 00:00:00-04:00;33.04999923706055;33.246296
2020-06-30 00:00:00-04:00;34.5099983215332;33.333923
2020-07-01 00:00:00-04:00;34.630001068115234;34.425945
2020-07-02 00:00:00-04:00;33.060001373291016;34.754364
2020-07-06 00:00:00-04:00;33.5;33.689247
2020-07-07 00:00:00-04:00;32.68000030517578;33.781506
2020-07-08 00:00:00-04:00;31.969999313354492;33.20643
2020-07-09 00:00:00-04:00;30.829999923706055;32.5168
2020-07-10 00:00:00-04:00;31.8700008392334;31.520893
2020-07-13 00:00:00-04:00;32.04999923706055;31.996227
2020-07-14 00:00:00-04:00;32.4900016784668;32.24177
2020-07-15 00:00:00-04:00;33.779998779296875;32.603683
2020-07-16 00:00:00-04:00;33.22999954223633;33.647713
2020-07-17 00:00:00-04:00;32.7400016784668;33.50027
2020-07-20 00:00:00-04:00;32.5;33.1086
2020-07-21 00:00:00-04:00;33.54999923706055;32.85167
2020-07-22 00:00:00-04:00;33.54999923706055;33.542084
2020-07-23 00:00:00-04:00;33.400001525878906;33.695915
2020-07-24 00:00:00-04:00;33.36000061035156;33.618973
2020-07-27 00:00:00-04:00;33.380001068115234;33.592747
2020-07-28 00:00:00-04:00;33.130001068115234;33.61109
2020-07-29 00:00:00-04:00;33.41999816894531;33.436478
2020-07-30 00:00:00-04:00;32.84000015258789;33.61079
2020-07-31 00:00:00-04:00;32.11000061035156;33.237164
2020-08-03 00:00:00-04:00;33.959999084472656;32.619225
2020-08-04 00:00:00-04:00;33.7400016784668;33.82468
2020-08-05 00:00:00-04:00;34.06999969482422;33.950596
2020-08-06 00:00:00-04:00;34.29999923706055;34.21218
2020-08-07 00:00:00-04:00;34.16999816894531;34.471115
2020-08-10 00:00:00-04:00;35.369998931884766;34.43647
2020-08-11 00:00:00-04:00;35.22999954223633;35.316742
2020-08-12 00:00:00-04:00;34.43000030517578;35.40995
2020-08-13 00:00:00-04:00;35.08000183105469;34.837826
2020-08-14 00:00:00-04:00;34.66999816894531;35.208275
2020-08-17 00:00:00-04:00;35.0;34.989315
2020-08-18 00:00:00-04:00;34.36000061035156;35.172695
2020-08-19 00:00:00-04:00;34.04999923706055;34.754307
2020-08-20 00:00:00-04:00;33.88999938964844;34.432453
2020-08-21 00:00:00-04:00;33.529998779296875;34.249012
2020-08-24 00:00:00-04:00;34.58000183105469;33.93714
2020-08-25 00:00:00-04:00;34.20000076293945;34.63203
2020-08-26 00:00:00-04:00;34.560001373291016;34.51172
2020-08-27 00:00:00-04:00;34.709999084472656;34.74444
2020-08-28 00:00:00-04:00;34.81999969482422;34.922256
2020-08-31 00:00:00-04:00;35.52000045776367;35.036327
2020-09-01 00:00:00-04:00;34.56999969482422;35.579624
2020-09-02 00:00:00-04:00;35.5;34.99374
2020-09-03 00:00:00-04:00;34.040000915527344;35.55023
2020-09-04 00:00:00-04:00;33.779998779296875;34.603416
2020-09-08 00:00:00-04:00;33.029998779296875;34.181168
2020-09-09 00:00:00-04:00;33.16999816894531;33.547123
2020-09-10 00:00:00-04:00;32.09000015258789;33.479546
2020-09-11 00:00:00-04:00;32.099998474121094;32.67812
2020-09-14 00:00:00-04:00;32.65999984741211;32.479763
2020-09-15 00:00:00-04:00;32.7400016784668;32.843903
2020-09-16 00:00:00-04:00;33.2400016784668;32.98118
2020-09-17 00:00:00-04:00;32.040000915527344;33.374416
2020-09-18 00:00:00-04:00;31.059999465942383;32.604576
2020-09-21 00:00:00-04:00;30.0;31.702631
2020-09-22 00:00:00-04:00;30.1299991607666;30.715008
2020-09-23 00:00:00-04:00;28.600000381469727;30.522234
2020-09-24 00:00:00-04:00;28.579999923706055;29.381678
2020-09-25 00:00:00-04:00;28.549999237060547;29.02988
2020-09-28 00:00:00-04:00;29.8799991607666;28.923882
2020-09-29 00:00:00-04:00;29.649999618530273;29.821598
2020-09-30 00:00:00-04:00;29.030000686645508;29.90889
2020-10-01 00:00:00-04:00;28.780000686645508;29.485565
2020-10-02 00:00:00-04:00;28.549999237060547;29.19981
2020-10-05 00:00:00-04:00;28.40999984741211;28.953651
2020-10-06 00:00:00-04:00;27.43000030517578;28.770397
2020-10-07 00:00:00-04:00;27.5;28.02922
2020-10-08 00:00:00-04:00;27.579999923706055;27.854622
2020-10-09 00:00:00-04:00;27.329999923706055;27.869522
2020-10-12 00:00:00-04:00;28.38999938964844;27.69771
2020-10-13 00:00:00-04:00;28.489999771118164;28.38638
2020-10-14 00:00:00-04:00;28.059999465942383;28.66859
2020-10-15 00:00:00-04:00;27.63999938964844;28.44245
2020-10-16 00:00:00-04:00;27.65999984741211;28.092443
2020-10-19 00:00:00-04:00;26.559999465942383;28.008286
2020-10-20 00:00:00-04:00;27.059999465942383;27.224873
2020-10-21 00:00:00-04:00;26.829999923706055;27.324102
2020-10-22 00:00:00-04:00;26.950000762939453;27.212526
2020-10-23 00:00:00-04:00;27.239999771118164;27.253235
2020-10-26 00:00:00-04:00;26.25;27.475561
2020-10-27 00:00:00-04:00;26.0;26.86698
2020-10-28 00:00:00-04:00;24.809999465942383;26.506094
2020-10-29 00:00:00-04:00;25.399999618530273;25.601208
2020-10-30 00:00:00-04:00;25.489999771118164;25.70461
2020-11-02 00:00:00-05:00;25.81999969482422;25.81486
2020-11-03 00:00:00-05:00;26.290000915527344;26.062347
2020-11-04 00:00:00-05:00;26.510000228881836;26.463764
2020-11-05 00:00:00-05:00;27.38999938964844;26.738441
2020-11-06 00:00:00-05:00;27.709999084472656;27.42366
2020-11-09 00:00:00-05:00;28.049999237060547;27.849813
2020-11-10 00:00:00-05:00;28.8799991607666;28.200516
2020-11-11 00:00:00-05:00;30.350000381469727;28.883045
2020-11-12 00:00:00-05:00;30.1299991607666;30.117819
2020-11-13 00:00:00-05:00;31.540000915527344;30.29965
2020-11-16 00:00:00-05:00;32.939998626708984;31.36007
2020-11-17 00:00:00-05:00;34.04999923706055;32.67767
2020-11-18 00:00:00-05:00;33.5;33.821655
2020-11-19 00:00:00-05:00;33.959999084472656;33.71636
2020-11-20 00:00:00-05:00;33.9900016784668;34.064156
2020-11-23 00:00:00-05:00;35.130001068115234;34.199333
2020-11-24 00:00:00-05:00;36.43000030517578;35.077522
2020-11-25 00:00:00-05:00;36.15999984741211;36.264965
2020-11-27 00:00:00-05:00;35.90999984741211;36.337715
2020-11-30 00:00:00-05:00;35.869998931884766;36.20748
2020-12-01 00:00:00-05:00;36.13999938964844;36.188263
2020-12-02 00:00:00-05:00;36.97999954223633;36.3902
2020-12-03 00:00:00-05:00;37.16999816894531;37.062347
2020-12-04 00:00:00-05:00;36.439998626708984;37.348206
2020-12-07 00:00:00-05:00;36.70000076293945;36.87054
2020-12-08 00:00:00-05:00;36.349998474121094;36.98657
2020-12-09 00:00:00-05:00;36.130001068115234;36.748882
2020-12-10 00:00:00-05:00;36.209999084472656;36.51705
2020-12-11 00:00:00-05:00;36.0099983215332;36.52449
2020-12-14 00:00:00-05:00;35.029998779296875;36.36617
2020-12-15 00:00:00-05:00;35.68000030517578;35.594566
2020-12-16 00:00:00-05:00;31.510000228881836;35.903904
2020-12-17 00:00:00-05:00;31.40999984741211;32.92536
2020-12-18 00:00:00-05:00;30.489999771118164;32.097214
2020-12-21 00:00:00-05:00;29.770000457763672;31.242603
2020-12-22 00:00:00-05:00;28.8799991607666;30.450731
2020-12-23 00:00:00-05:00;30.969999313354492;29.600214
2020-12-24 00:00:00-05:00;31.059999465942383;30.842106
2020-12-28 00:00:00-05:00;31.93000030517578;31.237616
2020-12-29 00:00:00-05:00;31.700000762939453;31.936123
2020-12-30 00:00:00-05:00;31.520000457763672;31.957085
2020-12-31 00:00:00-05:00;32.34000015258789;31.81644
2021-01-04 00:00:00-05:00;31.530000686645508;32.36041
2021-01-05 00:00:00-05:00;31.469999313354492;31.894659
2021-01-06 00:00:00-05:00;31.81999969482422;31.714003
2021-01-07 00:00:00-05:00;32.41999816894531;31.929363
2021-01-08 00:00:00-05:00;33.15999984741211;32.415257
2021-01-11 00:00:00-05:00;32.72999954223633;33.081696
2021-01-12 00:00:00-05:00;33.040000915527344;32.950054
2021-01-13 00:00:00-05:00;32.380001068115234;33.165844
2021-01-14 00:00:00-05:00;33.529998779296875;32.764534
2021-01-15 00:00:00-05:00;33.119998931884766;33.50678
2021-01-19 00:00:00-05:00;32.689998626708984;33.39955
2021-01-20 00:00:00-05:00;32.40999984741211;33.05935
2021-01-21 00:00:00-05:00;31.920000076293945;32.796288
2021-01-22 00:00:00-05:00;30.719999313354492;32.381863
2021-01-25 00:00:00-05:00;30.700000762939453;31.4154
2021-01-26 00:00:00-05:00;31.559999465942383;31.147982
2021-01-27 00:00:00-05:00;30.15999984741211;31.697062
2021-01-28 00:00:00-05:00;29.93000030517578;30.830967
2021-01-29 00:00:00-05:00;29.020000457763672;30.429676
2021-02-01 00:00:00-05:00;29.450000762939453;29.696507
2021-02-02 00:00:00-05:00;30.06999969482422;29.77696
2021-02-03 00:00:00-05:00;30.729999542236328;30.23262
2021-02-04 00:00:00-05:00;31.5;30.809074
2021-02-05 00:00:00-05:00;31.209999084472656;31.507961
2021-02-08 00:00:00-05:00;31.520000457763672;31.480349
2021-02-09 00:00:00-05:00;32.279998779296875;31.692186
2021-02-10 00:00:00-05:00;32.290000915527344;32.297123
2021-02-11 00:00:00-05:00;31.690000534057617;32.44588
2021-02-12 00:00:00-05:00;31.36000061035156;32.047127
2021-02-16 00:00:00-05:00;32.2599983215332;31.720009
2021-02-17 00:00:00-05:00;32.5;32.292873
2021-02-18 00:00:00-05:00;33.849998474121094;32.613335
2021-02-19 00:00:00-05:00;33.66999816894531;33.68144
2021-02-22 00:00:00-05:00;32.2599983215332;33.829556
2021-02-23 00:00:00-05:00;30.950000762939453;32.856636
2021-02-24 00:00:00-05:00;31.399999618530273;31.7024
2021-02-25 00:00:00-05:00;31.549999237060547;31.732203
2021-02-26 00:00:00-05:00;31.510000228881836;31.836824
2021-03-01 00:00:00-05:00;32.84000015258789;31.818699
2021-03-02 00:00:00-05:00;33.09000015258789;32.78732
2021-03-03 00:00:00-05:00;33.63999938964844;33.22189
2021-03-04 00:00:00-05:00;32.779998779296875;33.72862
2021-03-05 00:00:00-05:00;33.810001373291016;33.237736
2021-03-08 00:00:00-05:00;34.83000183105469;33.86962
2021-03-09 00:00:00-05:00;34.43000030517578;34.771225
2021-03-10 00:00:00-05:00;35.779998779296875;34.662407
2021-03-11 00:00:00-05:00;35.90999984741211;35.651585
2021-03-12 00:00:00-05:00;37.27000045776367;35.986023
2021-03-15 00:00:00-04:00;38.779998779296875;37.081978
2021-03-16 00:00:00-04:00;38.72999954223633;38.48293
2021-03-17 00:00:00-04:00;38.970001220703125;38.732773
2021-03-18 00:00:00-04:00;37.63999938964844;39.009556
2021-03-19 00:00:00-04:00;37.279998779296875;38.09362
2021-03-22 00:00:00-04:00;37.540000915527344;37.655052
2021-03-23 00:00:00-04:00;35.939998626708984;37.769028
2021-03-24 00:00:00-04:00;35.52000045776367;36.575825
2021-03-25 00:00:00-04:00;36.25;36.01796
2021-03-26 00:00:00-04:00;36.119998931884766;36.458572
2021-03-29 00:00:00-04:00;35.41999816894531;36.438816
2021-03-30 00:00:00-04:00;35.869998931884766;35.910385
2021-03-31 00:00:00-04:00;36.20000076293945;36.145447
2021-04-01 00:00:00-04:00;36.79999923706055;36.435173
2021-04-05 00:00:00-04:00;37.689998626708984;36.92282
2021-04-06 00:00:00-04:00;37.43000030517578;37.689003
2021-04-07 00:00:00-04:00;37.7400016784668;37.6401
2021-04-08 00:00:00-04:00;37.849998474121094;37.867367
2021-04-09 00:00:00-04:00;37.560001373291016;37.99941
2021-04-12 00:00:00-04:00;37.95000076293945;37.79295
2021-04-13 00:00:00-04:00;37.4900016784668;38.047333
2021-04-14 00:00:00-04:00;37.68000030517578;37.749607
2021-04-15 00:00:00-04:00;37.70000076293945;37.835205
2021-04-16 00:00:00-04:00;38.0099983215332;37.879074
2021-04-19 00:00:00-04:00;37.0;38.124958
2021-04-20 00:00:00-04:00;36.88999938964844;37.420708
2021-04-21 00:00:00-04:00;40.939998626708984;37.20673
2021-04-22 00:00:00-04:00;41.959999084472656;40.28748
2021-04-23 00:00:00-04:00;42.47999954223633;41.610573
2021-04-26 00:00:00-04:00;43.08000183105469;42.270382
2021-04-27 00:00:00-04:00;42.459999084472656;42.961773
2021-04-28 00:00:00-04:00;41.59000015258789;42.61698
2021-04-29 00:00:00-04:00;45.04999923706055;41.89873
2021-04-30 00:00:00-04:00;44.790000915527344;44.550293
2021-05-03 00:00:00-04:00;44.45000076293945;44.67895
2021-05-04 00:00:00-04:00;45.970001220703125;44.466896
2021-05-05 00:00:00-04:00;45.81999969482422;45.78248
2021-05-06 00:00:00-04:00;45.93000030517578;45.838306
2021-05-07 00:00:00-04:00;46.529998779296875;45.962883
2021-05-10 00:00:00-04:00;46.459999084472656;46.524567
2021-05-11 00:00:00-04:00;46.22999954223633;46.54676
2021-05-12 00:00:00-04:00;44.459999084472656;46.386875
2021-05-13 00:00:00-04:00;44.619998931884766;44.97524
2021-05-14 00:00:00-04:00;45.81999969482422;44.928925
2021-05-17 00:00:00-04:00;45.20000076293945;45.863422
2021-05-18 00:00:00-04:00;44.349998474121094;45.4339
2021-05-19 00:00:00-04:00;43.150001525878906;44.725063
2021-05-20 00:00:00-04:00;44.04999923706055;43.708057
2021-05-21 00:00:00-04:00;44.04999923706055;44.249763
2021-05-24 00:00:00-04:00;44.41999816894531;44.271656
2021-05-25 00:00:00-04:00;43.349998474121094;44.538048
2021-05-26 00:00:00-04:00;43.9900016784668;43.73418
2021-05-27 00:00:00-04:00;44.540000915527344;44.12902
2021-05-28 00:00:00-04:00;43.52000045776367;44.60299
2021-06-01 00:00:00-04:00;43.86000061035156;43.819027
2021-06-02 00:00:00-04:00;45.47999954223633;43.99292
2021-06-03 00:00:00-04:00;44.88999938964844;45.312115
2021-06-04 00:00:00-04:00;45.11000061035156;44.972935
2021-06-07 00:00:00-04:00;45.029998779296875;45.135525
2021-06-08 00:00:00-04:00;43.58000183105469;45.130463
2021-06-09 00:00:00-04:00;40.439998626708984;43.96191
2021-06-10 00:00:00-04:00;40.060001373291016;41.349537
2021-06-11 00:00:00-04:00;40.06999969482422;40.61771
2021-06-14 00:00:00-04:00;40.029998779296875;40.43933
2021-06-15 00:00:00-04:00;40.15999984741211;40.307365
2021-06-16 00:00:00-04:00;41.22999954223633;40.382694
2021-06-17 00:00:00-04:00;41.15999984741211;41.240154
2021-06-18 00:00:00-04:00;40.040000915527344;41.327892
2021-06-21 00:00:00-04:00;40.97999954223633;40.477474
2021-06-22 00:00:00-04:00;40.7599983215332;41.070435
2021-06-23 00:00:00-04:00;40.45000076293945;40.965675
2021-06-24 00:00:00-04:00;41.189998626708984;40.66817
2021-06-25 00:00:00-04:00;42.40999984741211;41.196648
2021-06-28 00:00:00-04:00;41.75;42.227608
2021-06-29 00:00:00-04:00;41.72999954223633;41.864918
2021-06-30 00:00:00-04:00;41.79999923706055;41.826954
2021-07-01 00:00:00-04:00;42.439998626708984;41.90535
2021-07-02 00:00:00-04:00;42.58000183105469;42.410618
2021-07-06 00:00:00-04:00;41.72999954223633;42.60163
2021-07-07 00:00:00-04:00;40.90999984741211;41.982758
2021-07-08 00:00:00-04:00;40.45000076293945;41.276054
2021-07-09 00:00:00-04:00;41.5;40.809082
2021-07-12 00:00:00-04:00;41.29999923706055;41.528667
2021-07-13 00:00:00-04:00;40.25;41.471622
2021-07-14 00:00:00-04:00;40.38999938964844;40.655025
2021-07-15 00:00:00-04:00;39.90999984741211;40.655613
2021-07-16 00:00:00-04:00;39.45000076293945;40.27466
2021-07-19 00:00:00-04:00;39.040000915527344;39.826397
2021-07-20 00:00:00-04:00;40.869998931884766;39.423683
2021-07-21 00:00:00-04:00;41.83000183105469;40.74922
2021-07-22 00:00:00-04:00;41.91999816894531;41.704487
2021-07-23 00:00:00-04:00;41.68000030517578;41.930115
2021-07-26 00:00:00-04:00;42.70000076293945;41.82676
2021-07-27 00:00:00-04:00;42.869998931884766;42.63563
2021-07-28 00:00:00-04:00;42.38999938964844;42.88139
2021-07-29 00:00:00-04:00;42.209999084472656;42.537785
2021-07-30 00:00:00-04:00;41.88999938964844;42.371655
2021-08-02 00:00:00-04:00;41.689998626708984;42.10042
2021-08-03 00:00:00-04:00;42.0;41.89446
2021-08-04 00:00:00-04:00;41.5099983215332;42.1072
2021-08-05 00:00:00-04:00;41.84000015258789;41.75999
2021-08-06 00:00:00-04:00;41.970001220703125;41.97463
2021-08-09 00:00:00-04:00;42.25;42.123035
2021-08-10 00:00:00-04:00;43.150001525878906;42.3651
2021-08-11 00:00:00-04:00;43.58000183105469;43.12424
2021-08-12 00:00:00-04:00;43.11000061035156;43.583553
2021-08-13 00:00:00-04:00;42.7400016784668;43.291565
2021-08-16 00:00:00-04:00;43.130001068115234;42.983135
2021-08-17 00:00:00-04:00;43.119998931884766;43.24822
2021-08-18 00:00:00-04:00;42.70000076293945;43.25677
2021-08-19 00:00:00-04:00;42.02000045776367;42.918694
2021-08-20 00:00:00-04:00;42.880001068115234;42.346714
2021-08-23 00:00:00-04:00;43.189998626708984;42.938328
2021-08-24 00:00:00-04:00;43.209999084472656;43.25656
2021-08-25 00:00:00-04:00;43.70000076293945;43.31511
2021-08-26 00:00:00-04:00;42.849998474121094;43.742596
2021-08-27 00:00:00-04:00;43.150001525878906;43.141914
2021-08-30 00:00:00-04:00;43.29999923706055;43.297993
2021-08-31 00:00:00-04:00;43.59000015258789;43.43791
2021-09-01 00:00:00-04:00;44.31999969482422;43.667305
2021-09-02 00:00:00-04:00;45.56999969482422;44.288074
2021-09-03 00:00:00-04:00;45.43000030517578;45.387146
2021-09-07 00:00:00-04:00;45.400001525878906;45.430794
2021-09-08 00:00:00-04:00;45.29999923706055;45.45518
2021-09-09 00:00:00-04:00;43.88999938964844;45.41434
2021-09-10 00:00:00-04:00;42.75;44.27963
2021-09-13 00:00:00-04:00;44.2599983215332;43.223186
2021-09-14 00:00:00-04:00;42.0;44.256695
2021-09-15 00:00:00-04:00;42.9900016784668;42.57007
2021-09-16 00:00:00-04:00;42.7400016784668;43.098663
2021-09-17 00:00:00-04:00;42.47999954223633;43.00182
2021-09-20 00:00:00-04:00;42.029998779296875;42.746628
2021-09-21 00:00:00-04:00;41.459999084472656;42.370872
2021-09-22 00:00:00-04:00;42.349998474121094;41.8572
2021-09-23 00:00:00-04:00;42.86000061035156;42.452065
2021-09-24 00:00:00-04:00;43.310001373291016;42.91535
2021-09-27 00:00:00-04:00;44.7400016784668;43.323788
2021-09-28 00:00:00-04:00;43.790000915527344;44.54308
2021-09-29 00:00:00-04:00;44.13999938964844;43.95902
2021-09-30 00:00:00-04:00;43.459999084472656;44.18348
2021-10-01 00:00:00-04:00;45.15999984741211;43.691826
2021-10-04 00:00:00-04:00;45.43000030517578;44.96155
2021-10-05 00:00:00-04:00;45.16999816894531;45.338894
2021-10-06 00:00:00-04:00;44.689998626708984;45.19236
2021-10-07 00:00:00-04:00;45.31999969482422;44.852493
2021-10-08 00:00:00-04:00;44.5099983215332;45.33598
2021-10-11 00:00:00-04:00;43.2400016784668;44.741062
2021-10-12 00:00:00-04:00;42.869998931884766;43.65991
2021-10-13 00:00:00-04:00;42.31999969482422;43.232594
2021-10-14 00:00:00-04:00;43.52000045776367;42.70963
2021-10-15 00:00:00-04:00;43.279998779296875;43.549606
2021-10-18 00:00:00-04:00;43.380001068115234;43.468216
2021-10-19 00:00:00-04:00;44.189998626708984;43.542492
2021-10-20 00:00:00-04:00;44.47999954223633;44.22622
2021-10-21 00:00:00-04:00;43.880001068115234;44.541615
2021-10-22 00:00:00-04:00;43.31999969482422;44.104885
2021-10-25 00:00:00-04:00;43.59000015258789;43.615086
2021-10-26 00:00:00-04:00;43.029998779296875;43.749653
2021-10-27 00:00:00-04:00;41.41999816894531;43.290634
2021-10-28 00:00:00-04:00;41.209999084472656;41.943233
2021-10-29 00:00:00-04:00;41.06999969482422;41.56899
2021-11-01 00:00:00-04:00;42.34000015258789;41.371883
2021-11-02 00:00:00-04:00;42.869998931884766;42.296963
2021-11-03 00:00:00-04:00;43.09000015258789;42.852978
2021-11-04 00:00:00-04:00;37.08000183105469;43.12558
2021-11-05 00:00:00-04:00;37.86000061035156;38.594563
2021-11-08 00:00:00-05:00;37.7599983215332;38.354633
2021-11-09 00:00:00-05:00;36.86000061035156;38.192196
2021-11-10 00:00:00-05:00;36.47999954223633;37.35485
2021-11-11 00:00:00-05:00;36.290000915527344;36.899193
2021-11-12 00:00:00-05:00;36.540000915527344;36.66802
2021-11-15 00:00:00-05:00;36.189998626708984;36.78818
2021-11-16 00:00:00-05:00;35.7599983215332;36.5334
2021-11-17 00:00:00-05:00;35.459999084472656;36.142994
2021-11-18 00:00:00-05:00;34.310001373291016;35.822987
2021-11-19 00:00:00-05:00;33.58000183105469;34.87905
2021-11-22 00:00:00-05:00;33.58000183105469;34.10419
2021-11-23 00:00:00-05:00;33.130001068115234;33.903835
2021-11-24 00:00:00-05:00;33.75;33.502968
2021-11-26 00:00:00-05:00;33.34000015258789;33.84392
2021-11-29 00:00:00-05:00;33.130001068115234;33.62576
2021-11-30 00:00:00-05:00;31.25;33.41517
2021-12-01 00:00:00-05:00;30.549999237060547;32.016914
2021-12-02 00:00:00-05:00;31.190000534057617;31.153841
2021-12-03 00:00:00-05:00;31.229999542236328;31.38408
2021-12-06 00:00:00-05:00;32.22999954223633;31.45451
2021-12-07 00:00:00-05:00;32.130001068115234;32.180965
2021-12-08 00:00:00-05:00;32.290000915527344;32.305683
2021-12-09 00:00:00-05:00;32.15999984741211;32.455276
2021-12-10 00:00:00-05:00;32.130001068115234;32.410778
2021-12-13 00:00:00-05:00;32.45000076293945;32.373882
2021-12-14 00:00:00-05:00;32.220001220703125;32.59291
2021-12-15 00:00:00-05:00;32.20000076293945;32.477844
2021-12-16 00:00:00-05:00;32.29999923706055;32.43428
2021-12-17 00:00:00-05:00;33.25;32.505314
2021-12-20 00:00:00-05:00;31.350000381469727;33.21866
2021-12-21 00:00:00-05:00;32.040000915527344;32.028816
2021-12-22 00:00:00-05:00;32.27000045776367;32.22913
2021-12-23 00:00:00-05:00;32.869998931884766;32.4732
2021-12-27 00:00:00-05:00;32.880001068115234;32.95083
2021-12-28 00:00:00-05:00;32.849998474121094;33.084515
2021-12-29 00:00:00-05:00;32.459999084472656;33.105274
2021-12-30 00:00:00-05:00;32.849998474121094;32.838943
2021-12-31 00:00:00-05:00;32.439998626708984;33.05718
2022-01-03 00:00:00-05:00;33.290000915527344;32.812077
2022-01-04 00:00:00-05:00;33.7599983215332;33.362484
2022-01-05 00:00:00-05:00;33.02000045776367;33.846203
2022-01-06 00:00:00-05:00;32.959999084472656;33.4172
2022-01-07 00:00:00-05:00;34.380001068115234;33.282124
2022-01-10 00:00:00-05:00;33.95000076293945;34.301678
2022-01-11 00:00:00-05:00;35.380001068115234;34.21394
2022-01-12 00:00:00-05:00;36.369998931884766;35.248928
2022-01-13 00:00:00-05:00;36.29999923706055;36.24471
2022-01-14 00:00:00-05:00;36.189998626708984;36.40665
2022-01-18 00:00:00-05:00;35.95000076293945;36.386444
2022-01-19 00:00:00-05:00;34.04999923706055;36.225353
2022-01-20 00:00:00-05:00;33.2400016784668;34.78733
2022-01-21 00:00:00-05:00;31.760000228881836;33.865833
2022-01-24 00:00:00-05:00;30.829999923706055;32.57688
2022-01-25 00:00:00-05:00;31.100000381469727;31.568205
2022-01-26 00:00:00-05:00;30.670000076293945;31.499502
2022-01-27 00:00:00-05:00;30.270000457763672;31.173302
2022-01-28 00:00:00-05:00;30.989999771118164;30.795784
2022-01-31 00:00:00-05:00;31.399999618530273;31.21429
2022-02-01 00:00:00-05:00;31.729999542236328;31.612358
2022-02-02 00:00:00-05:00;31.239999771118164;31.930414
2022-02-03 00:00:00-05:00;30.829999923706055;31.647806
2022-02-04 00:00:00-05:00;30.649999618530273;31.26622
2022-02-07 00:00:00-05:00;30.3700008392334;31.02382
2022-02-08 00:00:00-05:00;30.729999542236328;30.740385
2022-02-09 00:00:00-05:00;32.18000030517578;30.905586
2022-02-10 00:00:00-05:00;31.93000030517578;31.989126
2022-02-11 00:00:00-05:00;31.280000686645508;32.085434
2022-02-14 00:00:00-05:00;30.969999313354492;31.647799
2022-02-15 00:00:00-05:00;31.88999938964844;31.338434
2022-02-16 00:00:00-05:00;31.59000015258789;31.924652
2022-02-17 00:00:00-05:00;29.8799991607666;31.85519
2022-02-18 00:00:00-05:00;28.959999084472656;30.616302
2022-02-22 00:00:00-05:00;28.540000915527344;29.652893
2022-02-23 00:00:00-05:00;27.56999969482422;29.105404
2022-02-24 00:00:00-05:00;29.459999084472656;28.270338
2022-02-25 00:00:00-05:00;32.79999923706055;29.347239
2022-02-28 00:00:00-05:00;31.959999084472656;32.070637
2022-03-01 00:00:00-05:00;31.25;32.15016
2022-03-02 00:00:00-05:00;30.979999542236328;31.67276
2022-03-03 00:00:00-05:00;30.979999542236328;31.401096
2022-03-04 00:00:00-05:00;30.15999984741211;31.314892
2022-03-07 00:00:00-05:00;29.469999313354492;30.682178
2022-03-08 00:00:00-05:00;30.979999542236328;30.011665
2022-03-09 00:00:00-05:00;30.940000534057617;30.907663
2022-03-10 00:00:00-05:00;30.510000228881836;31.125874
2022-03-11 00:00:00-05:00;30.049999237060547;30.870867
2022-03-14 00:00:00-04:00;29.450000762939453;30.502356
2022-03-15 00:00:00-04:00;29.450000762939453;29.990059
2022-03-16 00:00:00-04:00;30.780000686645508;29.846182
2022-03-17 00:00:00-04:00;31.440000534057617;30.748737
2022-03-18 00:00:00-04:00;31.649999618530273;31.459051
2022-03-21 00:00:00-04:00;31.25;31.788725
2022-03-22 00:00:00-04:00;31.61000061035156;31.599842
2022-03-23 00:00:00-04:00;31.229999542236328;31.816391
2022-03-24 00:00:00-04:00;30.899999618530273;31.598927
2022-03-25 00:00:00-04:00;30.90999984741211;31.294123
2022-03-28 00:00:00-04:00;31.350000381469727;31.223663
2022-03-29 00:00:00-04:00;31.690000534057617;31.520224
2022-03-30 00:00:00-04:00;31.8799991607666;31.842056
2022-03-31 00:00:00-04:00;31.649999618530273;32.06591
2022-04-01 00:00:00-04:00;32.20000076293945;31.967974
2022-04-04 00:00:00-04:00;32.20000076293945;32.347954
2022-04-05 00:00:00-04:00;31.719999313354492;32.449036
2022-04-06 00:00:00-04:00;31.18000030517578;32.123344
2022-04-07 00:00:00-04:00;30.38999938964844;31.65827
2022-04-08 00:00:00-04:00;32.34000015258789;30.976496
2022-04-11 00:00:00-04:00;32.18000030517578;32.193085
2022-04-12 00:00:00-04:00;31.780000686645508;32.387707
2022-04-13 00:00:00-04:00;32.130001068115234;32.13437
2022-04-14 00:00:00-04:00;33.189998626708984;32.349632
2022-04-18 00:00:00-04:00;32.97999954223633;33.178997
2022-04-19 00:00:00-04:00;33.5;33.21831
2022-04-20 00:00:00-04:00;32.95000076293945;33.60572
2022-04-21 00:00:00-04:00;31.31999969482422;33.31221
2022-04-22 00:00:00-04:00;30.6299991607666;32.06254
2022-04-25 00:00:00-04:00;31.489999771118164;31.255808
2022-04-26 00:00:00-04:00;31.06999969482422;31.659883
2022-04-27 00:00:00-04:00;30.559999465942383;31.451498
2022-04-28 00:00:00-04:00;30.520000457763672;31.024277
2022-04-29 00:00:00-04:00;28.510000228881836;30.90131
2022-05-02 00:00:00-04:00;27.729999542236328;29.458698
2022-05-03 00:00:00-04:00;28.09000015258789;28.499378
2022-05-04 00:00:00-04:00;29.38999938964844;28.480629
2022-05-05 00:00:00-04:00;27.479999542236328;29.375248
2022-05-06 00:00:00-04:00;22.219999313354492;28.282986
2022-05-09 00:00:00-04:00;21.299999237060547;24.420671
2022-05-10 00:00:00-04:00;21.75;22.549765
2022-05-11 00:00:00-04:00;17.459999084472656;22.267109
2022-05-12 00:00:00-04:00;20.010000228881836;19.455967
2022-05-13 00:00:00-04:00;20.86000061035156;19.970396
2022-05-16 00:00:00-04:00;20.489999771118164;20.85299
2022-05-17 00:00:00-04:00;21.5;20.908388
2022-05-18 00:00:00-04:00;20.88999938964844;21.553234
2022-05-19 00:00:00-04:00;20.510000228881836;21.389679
2022-05-20 00:00:00-04:00;20.780000686645508;21.041264
2022-05-23 00:00:00-04:00;20.65999984741211;21.075542
2022-05-24 00:00:00-04:00;20.709999084472656;21.004873
2022-05-25 00:00:00-04:00;21.959999084472656;20.996508
2022-05-26 00:00:00-04:00;22.0;21.810995
2022-05-27 00:00:00-04:00;22.299999237060547;22.141937
2022-05-31 00:00:00-04:00;22.829999923706055;22.442383
2022-06-01 00:00:00-04:00;22.18000030517578;22.91052
2022-06-02 00:00:00-04:00;22.36000061035156;22.655016
2022-06-03 00:00:00-04:00;21.5;22.682413
2022-06-06 00:00:00-04:00;21.520000457763672;22.153923
2022-06-07 00:00:00-04:00;21.280000686645508;21.983303
2022-06-08 00:00:00-04:00;20.799999237060547;21.79486
2022-06-09 00:00:00-04:00;19.90999984741211;21.427319
2022-06-10 00:00:00-04:00;20.079999923706055;20.734262
2022-06-13 00:00:00-04:00;18.290000915527344;20.602545
2022-06-14 00:00:00-04:00;17.6299991607666;19.445509
2022-06-15 00:00:00-04:00;18.18000030517578;18.578882
2022-06-16 00:00:00-04:00;16.729999542236328;18.627739
2022-06-17 00:00:00-04:00;17.110000610351562;17.775286
2022-06-21 00:00:00-04:00;16.520000457763672;17.64973
2022-06-22 00:00:00-04:00;16.549999237060547;17.27249
2022-06-23 00:00:00-04:00;16.889999389648438;17.129702
2022-06-24 00:00:00-04:00;18.850000381469727;17.292423
2022-06-27 00:00:00-04:00;18.84000015258789;18.5914
2022-06-28 00:00:00-04:00;18.1299991607666;19.090189
2022-06-29 00:00:00-04:00;17.920000076293945;18.772917
2022-06-30 00:00:00-04:00;17.93000030517578;18.493984
2022-07-01 00:00:00-04:00;18.3700008392334;18.399046
2022-07-05 00:00:00-04:00;18.459999084472656;18.643152
2022-07-06 00:00:00-04:00;18.1200008392334;18.800394
2022-07-07 00:00:00-04:00;18.059999465942383;18.643116
2022-07-08 00:00:00-04:00;18.34000015258789;18.546436
2022-07-11 00:00:00-04:00;17.06999969482422;18.702501
2022-07-12 00:00:00-04:00;17.420000076293945;17.982735
2022-07-13 00:00:00-04:00;17.559999465942383;17.906183
2022-07-14 00:00:00-04:00;17.139999389648438;18.006086
2022-07-15 00:00:00-04:00;17.75;17.789614
2022-07-18 00:00:00-04:00;17.760000228881836;18.080822
2022-07-19 00:00:00-04:00;18.219999313354492;18.221092
2022-07-20 00:00:00-04:00;19.25;18.5529
2022-07-21 00:00:00-04:00;18.90999984741211;19.334146
2022-07-22 00:00:00-04:00;18.700000762939453;19.40895
2022-07-25 00:00:00-04:00;18.399999618530273;19.26946
2022-07-26 00:00:00-04:00;18.020000457763672;19.023092
2022-07-27 00:00:00-04:00;18.479999542236328;18.68852
2022-07-28 00:00:00-04:00;18.049999237060547;18.851818
2022-07-29 00:00:00-04:00;17.3700008392334;18.660673
2022-08-01 00:00:00-04:00;17.25;18.151594
2022-08-02 00:00:00-04:00;17.1299991607666;17.884283
2022-08-03 00:00:00-04:00;18.219999313354492;17.727915
2022-08-04 00:00:00-04:00;19.15999984741211;18.360153
2022-08-05 00:00:00-04:00;19.200000762939453;19.220877
2022-08-08 00:00:00-04:00;19.190000534057617;19.557196
2022-08-09 00:00:00-04:00;18.709999084472656;19.648258
2022-08-10 00:00:00-04:00;19.350000381469727;19.367203
2022-08-11 00:00:00-04:00;19.3700008392334;19.655512
2022-08-12 00:00:00-04:00;20.11000061035156;19.7872
2022-08-15 00:00:00-04:00;20.219999313354492;20.294565
2022-08-16 00:00:00-04:00;19.469999313354492;20.556984
2022-08-17 00:00:00-04:00;18.329999923706055;20.160067
2022-08-18 00:00:00-04:00;18.450000762939453;19.281843
2022-08-19 00:00:00-04:00;18.38999938964844;19.032625
2022-08-22 00:00:00-04:00;17.459999084472656;18.934689
2022-08-23 00:00:00-04:00;17.399999618530273;18.320545
2022-08-24 00:00:00-04:00;17.5;18.04185
2022-08-25 00:00:00-04:00;18.559999465942383;18.024971
2022-08-26 00:00:00-04:00;17.610000610351562;18.698221
2022-08-29 00:00:00-04:00;17.31999969482422;18.370361
2022-08-30 00:00:00-04:00;17.149999618530273;18.022617
2022-08-31 00:00:00-04:00;17.350000381469727;17.790115
2022-09-01 00:00:00-04:00;17.809999465942383;17.827345
2022-09-02 00:00:00-04:00;17.010000228881836;18.13271
2022-09-06 00:00:00-04:00;16.65999984741211;17.749603
2022-09-07 00:00:00-04:00;17.68000030517578;17.357414
2022-09-08 00:00:00-04:00;17.799999237060547;17.850409
2022-09-09 00:00:00-04:00;19.329999923706055;18.14508
2022-09-12 00:00:00-04:00;19.61000061035156;19.207176
2022-09-13 00:00:00-04:00;18.329999923706055;19.796484
2022-09-14 00:00:00-04:00;17.18000030517578;19.170616
2022-09-15 00:00:00-04:00;17.290000915527344;18.186222
2022-09-16 00:00:00-04:00;17.290000915527344;17.88629
2022-09-19 00:00:00-04:00;17.030000686645508;17.806847
2022-09-20 00:00:00-04:00;16.15999984741211;17.623873
2022-09-21 00:00:00-04:00;16.010000228881836;17.020014
2022-09-22 00:00:00-04:00;15.670000076293944;16.692297
2022-09-23 00:00:00-04:00;15.199999809265137;16.38321
2022-09-26 00:00:00-04:00;14.270000457763672;15.982279
2022-09-27 00:00:00-04:00;14.130000114440918;15.262306
2022-09-28 00:00:00-04:00;14.81999969482422;14.882195
2022-09-29 00:00:00-04:00;14.140000343322754;15.171072
2022-09-30 00:00:00-04:00;13.829999923706056;14.905108
2022-10-03 00:00:00-04:00;14.789999961853027;14.577478
2022-10-04 00:00:00-04:00;15.399999618530272;15.024902
2022-10-05 00:00:00-04:00;15.039999961853027;15.609921
2022-10-06 00:00:00-04:00;14.890000343322754;15.611326
2022-10-07 00:00:00-04:00;14.0600004196167;15.484
2022-10-10 00:00:00-04:00;14.119999885559082;14.926093
2022-10-11 00:00:00-04:00;13.510000228881836;14.719014
2022-10-12 00:00:00-04:00;13.31999969482422;14.293549
2022-10-13 00:00:00-04:00;13.4399995803833;14.000673
2022-10-14 00:00:00-04:00;12.960000038146973;13.971097
2022-10-17 00:00:00-04:00;13.90999984741211;13.696552
2022-10-18 00:00:00-04:00;14.149999618530272;14.146785
2022-10-19 00:00:00-04:00;13.75;14.519756
2022-10-20 00:00:00-04:00;13.93000030517578;14.420543
2022-10-21 00:00:00-04:00;14.100000381469728;14.463772
2022-10-24 00:00:00-04:00;14.06999969482422;14.593174
2022-10-25 00:00:00-04:00;14.949999809265137;14.6279125
2022-10-26 00:00:00-04:00;15.09000015258789;15.166375
2022-10-27 00:00:00-04:00;15.1899995803833;15.487378
2022-10-28 00:00:00-04:00;15.399999618530272;15.65724
2022-10-31 00:00:00-04:00;14.90999984741211;15.844437
2022-11-01 00:00:00-04:00;15.0600004196167;15.620436
2022-11-02 00:00:00-04:00;14.550000190734863;15.605107
2022-11-03 00:00:00-04:00;13.720000267028809;15.305072
2022-11-04 00:00:00-04:00;13.350000381469728;14.676132
2022-11-07 00:00:00-05:00;14.670000076293944;14.195321
2022-11-08 00:00:00-05:00;15.34000015258789;14.815887
2022-11-09 00:00:00-05:00;14.149999618530272;15.534091
2022-11-10 00:00:00-05:00;16.059999465942383;15.090899
2022-11-11 00:00:00-05:00;17.0;16.023352
2022-11-14 00:00:00-05:00;16.489999771118164;17.038378
2022-11-15 00:00:00-05:00;16.040000915527344;17.08955
2022-11-16 00:00:00-05:00;15.720000267028809;16.779305
2022-11-17 00:00:00-05:00;15.390000343322754;16.449608
2022-11-18 00:00:00-05:00;15.229999542236328;16.118845
2022-11-21 00:00:00-05:00;14.850000381469728;15.892261
2022-11-22 00:00:00-05:00;15.479999542236328;15.581443
2022-11-23 00:00:00-05:00;15.890000343322754;15.846249
2022-11-25 00:00:00-05:00;16.0;16.236395
2022-11-28 00:00:00-05:00;15.579999923706056;16.460407
2022-11-29 00:00:00-05:00;15.68000030517578;16.28113
2022-11-30 00:00:00-05:00;16.049999237060547;16.255419
2022-12-01 00:00:00-05:00;15.59000015258789;16.480083
2022-12-02 00:00:00-05:00;15.5600004196167;16.28959
2022-12-05 00:00:00-05:00;14.470000267028809;16.172691
2022-12-06 00:00:00-05:00;14.449999809265137;15.46932
2022-12-07 00:00:00-05:00;14.449999809265137;15.153009
2022-12-08 00:00:00-05:00;14.619999885559082;15.0541935
2022-12-09 00:00:00-05:00;14.739999771118164;15.129888
2022-12-12 00:00:00-05:00;15.399999618530272;15.242036
2022-12-13 00:00:00-05:00;16.149999618530273;15.69037
2022-12-14 00:00:00-05:00;15.739999771118164;16.34049
2022-12-15 00:00:00-05:00;14.859999656677246;16.339846
2022-12-16 00:00:00-05:00;14.40999984741211;15.765814
2022-12-19 00:00:00-05:00;13.869999885559082;15.243264
2022-12-20 00:00:00-05:00;13.81999969482422;14.717636
2022-12-21 00:00:00-05:00;13.920000076293944;14.479612
2022-12-22 00:00:00-05:00;14.140000343322754;14.464802
2022-12-23 00:00:00-05:00;14.460000038146973;14.608024
2022-12-27 00:00:00-05:00;14.199999809265137;14.870833
2022-12-28 00:00:00-05:00;13.5;14.826122
2022-12-29 00:00:00-05:00;14.119999885559082;14.372206
2022-12-30 00:00:00-05:00;14.039999961853027;14.542983
2023-01-03 00:00:00-05:00;14.100000381469728;14.597955
2023-01-04 00:00:00-05:00;14.81999969482422;14.64297
2023-01-05 00:00:00-05:00;15.020000457763672;15.0943
2023-01-06 00:00:00-05:00;15.640000343322754;15.412631
2023-01-09 00:00:00-05:00;15.81999969482422;15.9035015
2023-01-10 00:00:00-05:00;14.829999923706056;16.209494
2023-01-11 00:00:00-05:00;15.050000190734863;15.710425
2023-01-12 00:00:00-05:00;15.0600004196167;15.611828
2023-01-13 00:00:00-05:00;14.489999771118164;15.606063
2023-01-17 00:00:00-05:00;14.5;15.262731
2023-01-18 00:00:00-05:00;13.9399995803833;15.120718
2023-01-19 00:00:00-05:00;13.210000038146973;14.74675
2023-01-20 00:00:00-05:00;13.899999618530272;14.155482
2023-01-23 00:00:00-05:00;14.5600004196167;14.327775
2023-01-24 00:00:00-05:00;14.3100004196167;14.844591
