Date;FCX;close_predicted
2017-09-29 00:00:00-04:00;14.039999961853027;14.347519
2017-10-02 00:00:00-04:00;14.34000015258789;14.172561
2017-10-03 00:00:00-04:00;14.640000343322754;14.275056
2017-10-04 00:00:00-04:00;14.529999732971191;14.559622
2017-10-05 00:00:00-04:00;14.75;14.561177
2017-10-06 00:00:00-04:00;14.329999923706056;14.676823
2017-10-09 00:00:00-04:00;14.31999969482422;14.406018
2017-10-10 00:00:00-04:00;14.40999984741211;14.281535
2017-10-11 00:00:00-04:00;14.43000030517578;14.349226
2017-10-12 00:00:00-04:00;14.510000228881836;14.413964
2017-10-13 00:00:00-04:00;14.75;14.492149
2017-10-16 00:00:00-04:00;15.270000457763672;14.693793
2017-10-17 00:00:00-04:00;14.93000030517578;15.14525
2017-10-18 00:00:00-04:00;14.829999923706056;15.022643
2017-10-19 00:00:00-04:00;14.8100004196167;14.833236
2017-10-20 00:00:00-04:00;14.829999923706056;14.770039
2017-10-23 00:00:00-04:00;14.8100004196167;14.794091
2017-10-24 00:00:00-04:00;15.229999542236328;14.802379
2017-10-25 00:00:00-04:00;14.699999809265137;15.119853
2017-10-26 00:00:00-04:00;14.6899995803833;14.843244
2017-10-27 00:00:00-04:00;14.130000114440918;14.689745
2017-10-30 00:00:00-04:00;13.9399995803833;14.267971
2017-10-31 00:00:00-04:00;13.979999542236328;14.001741
2017-11-01 00:00:00-04:00;14.380000114440918;14.006767
2017-11-02 00:00:00-04:00;14.229999542236328;14.353628
2017-11-03 00:00:00-04:00;14.149999618530272;14.372597
2017-11-06 00:00:00-05:00;14.640000343322754;14.263492
2017-11-07 00:00:00-05:00;14.550000190734863;14.578489
2017-11-08 00:00:00-05:00;14.859999656677246;14.636261
2017-11-09 00:00:00-05:00;14.720000267028809;14.8279085
2017-11-10 00:00:00-05:00;14.40999984741211;14.775157
2017-11-13 00:00:00-05:00;14.43000030517578;14.487836
2017-11-14 00:00:00-05:00;13.800000190734863;14.400996
2017-11-15 00:00:00-05:00;13.630000114440918;13.948831
2017-11-16 00:00:00-05:00;13.619999885559082;13.672166
2017-11-17 00:00:00-05:00;13.859999656677246;13.640345
2017-11-20 00:00:00-05:00;13.949999809265137;13.856811
2017-11-21 00:00:00-05:00;14.149999618530272;14.013892
2017-11-22 00:00:00-05:00;14.239999771118164;14.185298
2017-11-24 00:00:00-05:00;14.350000381469728;14.285811
2017-11-27 00:00:00-05:00;14.09000015258789;14.369243
2017-11-28 00:00:00-05:00;14.210000038146973;14.183306
2017-11-29 00:00:00-05:00;14.010000228881836;14.18285
2017-11-30 00:00:00-05:00;13.920000076293944;14.060247
2017-12-01 00:00:00-05:00;14.109999656677246;13.946421
2017-12-04 00:00:00-05:00;14.300000190734863;14.064786
2017-12-05 00:00:00-05:00;14.109999656677246;14.268957
2017-12-06 00:00:00-05:00;14.350000381469728;14.185557
2017-12-07 00:00:00-05:00;14.84000015258789;14.299866
2017-12-08 00:00:00-05:00;14.970000267028809;14.718665
2017-12-11 00:00:00-05:00;15.020000457763672;14.94697
2017-12-12 00:00:00-05:00;15.710000038146973;14.997188
2017-12-13 00:00:00-05:00;16.31999969482422;15.492242
2017-12-14 00:00:00-05:00;16.190000534057617;16.115238
2017-12-15 00:00:00-05:00;16.979999542236328;16.154137
2017-12-18 00:00:00-05:00;17.350000381469727;16.668287
2017-12-19 00:00:00-05:00;17.329999923706055;17.119743
2017-12-20 00:00:00-05:00;17.65999984741211;17.182678
2017-12-21 00:00:00-05:00;18.18000030517578;17.396282
2017-12-22 00:00:00-05:00;18.100000381469727;17.867085
2017-12-26 00:00:00-05:00;18.670000076293945;17.944107
2017-12-27 00:00:00-05:00;18.690000534057617;18.355562
2017-12-28 00:00:00-05:00;19.270000457763672;18.512903
2017-12-29 00:00:00-05:00;18.959999084472656;18.970903
2018-01-02 00:00:00-05:00;19.770000457763672;18.876652
2018-01-03 00:00:00-05:00;19.469999313354492;19.428009
2018-01-04 00:00:00-05:00;19.739999771118164;19.40283
2018-01-05 00:00:00-05:00;19.899999618530273;19.546259
2018-01-08 00:00:00-05:00;19.809999465942383;19.738333
2018-01-09 00:00:00-05:00;18.920000076293945;19.726273
2018-01-10 00:00:00-05:00;19.510000228881836;19.030344
2018-01-11 00:00:00-05:00;19.8799991607666;19.283451
2018-01-12 00:00:00-05:00;19.75;19.762163
2018-01-16 00:00:00-05:00;19.31999969482422;19.78584
2018-01-17 00:00:00-05:00;19.770000457763672;19.40637
2018-01-18 00:00:00-05:00;19.399999618530273;19.638521
2018-01-19 00:00:00-05:00;19.959999084472656;19.481184
2018-01-22 00:00:00-05:00;19.989999771118164;19.832787
2018-01-23 00:00:00-05:00;19.549999237060547;19.986649
2018-01-24 00:00:00-05:00;19.600000381469727;19.643803
2018-01-25 00:00:00-05:00;19.81999969482422;19.553274
2018-01-26 00:00:00-05:00;19.540000915527344;19.740004
2018-01-29 00:00:00-05:00;19.6299991607666;19.591366
2018-01-30 00:00:00-05:00;19.1299991607666;19.587082
2018-01-31 00:00:00-05:00;19.5;19.220947
2018-02-01 00:00:00-05:00;19.450000762939453;19.389544
2018-02-02 00:00:00-05:00;17.969999313354492;19.453743
2018-02-05 00:00:00-05:00;17.649999618530273;18.3187
2018-02-06 00:00:00-05:00;18.739999771118164;17.699203
2018-02-07 00:00:00-05:00;17.860000610351562;18.490831
2018-02-08 00:00:00-05:00;17.15999984741211;18.164545
2018-02-09 00:00:00-05:00;17.56999969482422;17.411495
2018-02-12 00:00:00-05:00;17.56999969482422;17.51423
2018-02-13 00:00:00-05:00;17.799999237060547;17.651215
2018-02-14 00:00:00-05:00;19.1200008392334;17.845144
2018-02-15 00:00:00-05:00;19.1200008392334;18.888641
2018-02-16 00:00:00-05:00;18.729999542236328;19.176079
2018-02-20 00:00:00-05:00;18.43000030517578;18.800442
2018-02-21 00:00:00-05:00;18.729999542236328;18.39586
2018-02-22 00:00:00-05:00;19.15999984741211;18.536152
2018-02-23 00:00:00-05:00;19.549999237060547;18.962978
2018-02-26 00:00:00-05:00;19.530000686645508;19.377851
2018-02-27 00:00:00-05:00;19.09000015258789;19.43485
2018-02-28 00:00:00-05:00;18.600000381469727;19.061775
2018-03-01 00:00:00-05:00;18.540000915527344;18.568296
2018-03-02 00:00:00-05:00;18.31999969482422;18.425734
2018-03-05 00:00:00-05:00;18.190000534057617;18.293259
2018-03-06 00:00:00-05:00;18.700000762939453;18.1843
2018-03-07 00:00:00-05:00;18.1200008392334;18.570583
2018-03-08 00:00:00-05:00;17.8700008392334;18.276733
2018-03-09 00:00:00-05:00;18.43000030517578;17.94079
2018-03-12 00:00:00-04:00;18.559999465942383;18.302797
2018-03-13 00:00:00-04:00;18.479999542236328;18.567131
2018-03-14 00:00:00-04:00;18.65999984741211;18.534708
2018-03-15 00:00:00-04:00;18.40999984741211;18.619326
2018-03-16 00:00:00-04:00;18.36000061035156;18.453426
2018-03-19 00:00:00-04:00;18.049999237060547;18.343035
2018-03-20 00:00:00-04:00;18.489999771118164;18.090149
2018-03-21 00:00:00-04:00;19.18000030517578;18.356615
2018-03-22 00:00:00-04:00;18.049999237060547;19.007929
2018-03-23 00:00:00-04:00;17.520000457763672;18.310751
2018-03-26 00:00:00-04:00;17.75;17.590347
2018-03-27 00:00:00-04:00;17.239999771118164;17.627207
2018-03-28 00:00:00-04:00;16.75;17.358917
2018-03-29 00:00:00-04:00;17.56999969482422;16.89668
2018-04-02 00:00:00-04:00;17.139999389648438;17.404734
2018-04-03 00:00:00-04:00;17.3799991607666;17.318918
2018-04-04 00:00:00-04:00;17.34000015258789;17.39292
2018-04-05 00:00:00-04:00;18.11000061035156;17.394188
2018-04-06 00:00:00-04:00;17.329999923706055;17.95991
2018-04-09 00:00:00-04:00;17.43000030517578;17.541979
2018-04-10 00:00:00-04:00;18.200000762939453;17.385677
2018-04-11 00:00:00-04:00;17.979999542236328;17.973526
2018-04-12 00:00:00-04:00;17.860000610351562;18.013521
2018-04-13 00:00:00-04:00;17.8700008392334;17.844542
2018-04-16 00:00:00-04:00;18.15999984741211;17.788794
2018-04-17 00:00:00-04:00;18.299999237060547;18.015
2018-04-18 00:00:00-04:00;19.18000030517578;18.204811
2018-04-19 00:00:00-04:00;19.56999969482422;18.911655
2018-04-20 00:00:00-04:00;19.36000061035156;19.411827
2018-04-23 00:00:00-04:00;18.809999465942383;19.307796
2018-04-24 00:00:00-04:00;16.079999923706055;18.787905
2018-04-25 00:00:00-04:00;15.369999885559082;16.58813
2018-04-26 00:00:00-04:00;15.630000114440918;15.394642
2018-04-27 00:00:00-04:00;15.31999969482422;15.514943
2018-04-30 00:00:00-04:00;15.210000038146973;15.535893
2018-05-01 00:00:00-04:00;14.949999809265137;15.4641285
2018-05-02 00:00:00-04:00;15.109999656677246;15.253113
2018-05-03 00:00:00-04:00;15.210000038146973;15.30436
2018-05-04 00:00:00-04:00;15.420000076293944;15.416146
2018-05-07 00:00:00-04:00;15.260000228881836;15.582299
2018-05-08 00:00:00-04:00;15.300000190734863;15.477304
2018-05-09 00:00:00-04:00;15.68000030517578;15.414611
2018-05-10 00:00:00-04:00;16.219999313354492;15.664306
2018-05-11 00:00:00-04:00;16.270000457763672;16.141253
2018-05-14 00:00:00-04:00;16.200000762939453;16.282045
2018-05-15 00:00:00-04:00;15.960000038146973;16.184748
2018-05-16 00:00:00-04:00;16.639999389648438;15.934156
2018-05-17 00:00:00-04:00;16.780000686645508;16.363604
2018-05-18 00:00:00-04:00;16.8700008392334;16.651495
2018-05-21 00:00:00-04:00;16.690000534057617;16.752583
2018-05-22 00:00:00-04:00;17.170000076293945;16.612024
2018-05-23 00:00:00-04:00;17.350000381469727;16.918251
2018-05-24 00:00:00-04:00;17.3799991607666;17.187796
2018-05-25 00:00:00-04:00;17.079999923706055;17.26498
2018-05-29 00:00:00-04:00;16.649999618530273;17.035603
2018-05-30 00:00:00-04:00;17.1200008392334;16.6355
2018-05-31 00:00:00-04:00;16.899999618530273;16.902494
2018-06-01 00:00:00-04:00;17.1200008392334;16.901659
2018-06-04 00:00:00-04:00;17.209999084472656;17.041721
2018-06-05 00:00:00-04:00;17.649999618530273;17.169928
2018-06-06 00:00:00-04:00;18.200000762939453;17.534676
2018-06-07 00:00:00-04:00;17.93000030517578;18.061354
2018-06-08 00:00:00-04:00;18.030000686645508;17.975615
2018-06-11 00:00:00-04:00;18.190000534057617;17.94776
2018-06-12 00:00:00-04:00;17.860000610351562;18.073828
2018-06-13 00:00:00-04:00;17.809999465942383;17.868994
2018-06-14 00:00:00-04:00;17.579999923706055;17.749624
2018-06-15 00:00:00-04:00;16.889999389648438;17.572021
2018-06-18 00:00:00-04:00;16.799999237060547;17.016544
2018-06-19 00:00:00-04:00;16.260000228881836;16.796097
2018-06-20 00:00:00-04:00;16.299999237060547;16.406937
2018-06-21 00:00:00-04:00;16.360000610351562;16.34359
2018-06-22 00:00:00-04:00;16.440000534057617;16.432049
2018-06-25 00:00:00-04:00;15.739999771118164;16.53376
2018-06-26 00:00:00-04:00;16.25;16.02741
2018-06-27 00:00:00-04:00;16.899999618530273;16.209963
2018-06-28 00:00:00-04:00;16.790000915527344;16.8313
2018-06-29 00:00:00-04:00;17.260000228881836;16.917692
2018-07-02 00:00:00-04:00;17.15999984741211;17.19342
2018-07-03 00:00:00-04:00;17.06999969482422;17.181063
2018-07-05 00:00:00-04:00;16.969999313354492;17.0521
2018-07-06 00:00:00-04:00;17.510000228881836;16.923765
2018-07-09 00:00:00-04:00;18.11000061035156;17.30244
2018-07-10 00:00:00-04:00;18.11000061035156;17.903095
2018-07-11 00:00:00-04:00;17.40999984741211;18.043678
2018-07-12 00:00:00-04:00;17.290000915527344;17.472618
2018-07-13 00:00:00-04:00;16.799999237060547;17.17649
2018-07-16 00:00:00-04:00;16.770000457763672;16.798212
2018-07-17 00:00:00-04:00;16.770000457763672;16.701572
2018-07-18 00:00:00-04:00;17.079999923706055;16.739388
2018-07-19 00:00:00-04:00;15.800000190734863;17.014477
2018-07-20 00:00:00-04:00;15.75;16.151564
2018-07-23 00:00:00-04:00;15.829999923706056;15.780386
2018-07-24 00:00:00-04:00;16.06999969482422;15.8467865
2018-07-25 00:00:00-04:00;15.859999656677246;16.10937
2018-07-26 00:00:00-04:00;15.970000267028809;16.03289
2018-07-27 00:00:00-04:00;15.989999771118164;16.043455
2018-07-30 00:00:00-04:00;16.079999923706055;16.064781
2018-07-31 00:00:00-04:00;16.5;16.125914
2018-08-01 00:00:00-04:00;15.579999923706056;16.44701
2018-08-02 00:00:00-04:00;15.43000030517578;15.8464365
2018-08-03 00:00:00-04:00;15.710000038146973;15.464453
2018-08-06 00:00:00-04:00;15.399999618530272;15.623652
2018-08-07 00:00:00-04:00;15.359999656677246;15.502741
2018-08-08 00:00:00-04:00;15.390000343322754;15.402911
2018-08-09 00:00:00-04:00;15.3100004196167;15.407257
2018-08-10 00:00:00-04:00;15.109999656677246;15.362076
2018-08-13 00:00:00-04:00;14.920000076293944;15.193229
2018-08-14 00:00:00-04:00;14.800000190734863;14.995411
2018-08-15 00:00:00-04:00;13.65999984741211;14.858628
2018-08-16 00:00:00-04:00;13.770000457763672;13.997964
2018-08-17 00:00:00-04:00;13.970000267028809;13.781131
2018-08-20 00:00:00-04:00;14.119999885559082;13.989117
2018-08-21 00:00:00-04:00;14.31999969482422;14.213205
2018-08-22 00:00:00-04:00;14.529999732971191;14.407648
2018-08-23 00:00:00-04:00;14.18000030517578;14.590211
2018-08-24 00:00:00-04:00;14.470000267028809;14.353578
2018-08-27 00:00:00-04:00;14.729999542236328;14.437488
2018-08-28 00:00:00-04:00;14.65999984741211;14.685666
2018-08-29 00:00:00-04:00;14.670000076293944;14.698495
2018-08-30 00:00:00-04:00;14.149999618530272;14.662054
2018-08-31 00:00:00-04:00;14.050000190734863;14.256047
2018-09-04 00:00:00-04:00;13.479999542236328;14.0361805
2018-09-05 00:00:00-04:00;13.670000076293944;13.602791
2018-09-06 00:00:00-04:00;13.56999969482422;13.621135
2018-09-07 00:00:00-04:00;13.18000030517578;13.633479
2018-09-10 00:00:00-04:00;13.199999809265137;13.356067
2018-09-11 00:00:00-04:00;13.039999961853027;13.269056
2018-09-12 00:00:00-04:00;13.630000114440918;13.167151
2018-09-13 00:00:00-04:00;13.579999923706056;13.575798
2018-09-14 00:00:00-04:00;13.6899995803833;13.70624
2018-09-17 00:00:00-04:00;13.720000267028809;13.761334
2018-09-18 00:00:00-04:00;14.010000228881836;13.77275
2018-09-19 00:00:00-04:00;14.300000190734863;13.970602
2018-09-20 00:00:00-04:00;14.390000343322754;14.246111
2018-09-21 00:00:00-04:00;14.609999656677246;14.372752
2018-09-24 00:00:00-04:00;14.239999771118164;14.530384
2018-09-25 00:00:00-04:00;14.489999771118164;14.288439
2018-09-26 00:00:00-04:00;14.0;14.357646
2018-09-27 00:00:00-04:00;13.869999885559082;14.062004
2018-09-28 00:00:00-04:00;13.920000076293944;13.851817
2018-10-01 00:00:00-04:00;13.699999809265137;13.868152
2018-10-02 00:00:00-04:00;13.890000343322754;13.757332
2018-10-03 00:00:00-04:00;13.949999809265137;13.864231
2018-10-04 00:00:00-04:00;13.630000114440918;13.975447
2018-10-05 00:00:00-04:00;13.270000457763672;13.769422
2018-10-08 00:00:00-04:00;13.289999961853027;13.413727
2018-10-09 00:00:00-04:00;13.18000030517578;13.33002
2018-10-10 00:00:00-04:00;12.770000457763672;13.278149
2018-10-11 00:00:00-04:00;13.229999542236328;12.97425
2018-10-12 00:00:00-04:00;12.739999771118164;13.204257
2018-10-15 00:00:00-04:00;12.829999923706056;12.982969
2018-10-16 00:00:00-04:00;12.68000030517578;12.922042
2018-10-17 00:00:00-04:00;12.399999618530272;12.821262
2018-10-18 00:00:00-04:00;12.140000343322754;12.58224
2018-10-19 00:00:00-04:00;12.020000457763672;12.311714
2018-10-22 00:00:00-04:00;12.0;12.154148
2018-10-23 00:00:00-04:00;11.609999656677246;12.119294
2018-10-24 00:00:00-04:00;10.699999809265137;11.846004
2018-10-25 00:00:00-04:00;11.25;11.086325
2018-10-26 00:00:00-04:00;11.5;11.21913
2018-10-29 00:00:00-04:00;11.09000015258789;11.583716
2018-10-30 00:00:00-04:00;11.40999984741211;11.404979
2018-10-31 00:00:00-04:00;11.649999618530272;11.492565
2018-11-01 00:00:00-04:00;12.279999732971191;11.7195215
2018-11-02 00:00:00-04:00;12.239999771118164;12.23599
2018-11-05 00:00:00-05:00;12.220000267028809;12.35188
2018-11-06 00:00:00-05:00;12.199999809265137;12.276358
2018-11-07 00:00:00-05:00;12.329999923706056;12.1969595
2018-11-08 00:00:00-05:00;11.93000030517578;12.261944
2018-11-09 00:00:00-05:00;11.350000381469728;12.005164
2018-11-12 00:00:00-05:00;11.15999984741211;11.476098
2018-11-13 00:00:00-05:00;11.25;11.180132
2018-11-14 00:00:00-05:00;11.539999961853027;11.229847
2018-11-15 00:00:00-05:00;11.960000038146973;11.525107
2018-11-16 00:00:00-05:00;11.960000038146973;11.950535
2018-11-19 00:00:00-05:00;11.510000228881836;12.072584
2018-11-20 00:00:00-05:00;10.880000114440918;11.721474
2018-11-21 00:00:00-05:00;11.40999984741211;11.105715
2018-11-23 00:00:00-05:00;10.770000457763672;11.298668
2018-11-26 00:00:00-05:00;11.09000015258789;11.025296
2018-11-27 00:00:00-05:00;11.239999771118164;11.115119
2018-11-28 00:00:00-05:00;11.970000267028809;11.31144
2018-11-29 00:00:00-05:00;11.81999969482422;11.90284
2018-11-30 00:00:00-05:00;11.9399995803833;11.988007
2018-12-03 00:00:00-05:00;12.09000015258789;11.99722
2018-12-04 00:00:00-05:00;11.5;12.083921
2018-12-06 00:00:00-05:00;11.149999618530272;11.679425
2018-12-07 00:00:00-05:00;10.920000076293944;11.247662
2018-12-10 00:00:00-05:00;10.6899995803833;10.98067
2018-12-11 00:00:00-05:00;10.760000228881836;10.790093
2018-12-12 00:00:00-05:00;11.06999969482422;10.820575
2018-12-13 00:00:00-05:00;10.920000076293944;11.100276
2018-12-14 00:00:00-05:00;10.56999969482422;11.106411
2018-12-17 00:00:00-05:00;10.59000015258789;10.810423
2018-12-18 00:00:00-05:00;10.600000381469728;10.701386
2018-12-19 00:00:00-05:00;10.18000030517578;10.712807
2018-12-20 00:00:00-05:00;10.239999771118164;10.433141
2018-12-21 00:00:00-05:00;10.050000190734863;10.356475
2018-12-24 00:00:00-05:00;9.779999732971191;10.236816
2018-12-26 00:00:00-05:00;10.399999618530272;10.006274
2018-12-27 00:00:00-05:00;10.670000076293944;10.372114
2018-12-28 00:00:00-05:00;10.470000267028809;10.753195
2018-12-31 00:00:00-05:00;10.3100004196167;10.691115
2019-01-02 00:00:00-05:00;10.359999656677246;10.473034
2019-01-03 00:00:00-05:00;10.06999969482422;10.4189
2019-01-04 00:00:00-05:00;10.81999969482422;10.219522
2019-01-07 00:00:00-05:00;11.0;10.67946
2019-01-08 00:00:00-05:00;11.199999809265137;11.028978
2019-01-09 00:00:00-05:00;11.510000228881836;11.228088
2019-01-10 00:00:00-05:00;11.510000228881836;11.464394
2019-01-11 00:00:00-05:00;11.600000381469728;11.516277
2019-01-14 00:00:00-05:00;11.550000190734863;11.555166
2019-01-15 00:00:00-05:00;11.56999969482422;11.523238
2019-01-16 00:00:00-05:00;11.890000343322754;11.520295
2019-01-17 00:00:00-05:00;12.130000114440918;11.762526
2019-01-18 00:00:00-05:00;12.5600004196167;12.041287
2019-01-22 00:00:00-05:00;12.380000114440918;12.430698
2019-01-23 00:00:00-05:00;12.3100004196167;12.410125
2019-01-24 00:00:00-05:00;10.699999809265137;12.291921
2019-01-25 00:00:00-05:00;11.239999771118164;11.099191
2019-01-28 00:00:00-05:00;10.279999732971191;11.04113
2019-01-29 00:00:00-05:00;10.449999809265137;10.557367
2019-01-30 00:00:00-05:00;11.270000457763672;10.512849
2019-01-31 00:00:00-05:00;11.640000343322754;11.192984
2019-02-01 00:00:00-05:00;11.510000228881836;11.755614
2019-02-04 00:00:00-05:00;11.859999656677246;11.766686
2019-02-05 00:00:00-05:00;11.869999885559082;11.917859
2019-02-06 00:00:00-05:00;11.90999984741211;11.966895
2019-02-07 00:00:00-05:00;11.859999656677246;11.972528
2019-02-08 00:00:00-05:00;11.609999656677246;11.916751
2019-02-11 00:00:00-05:00;11.529999732971191;11.703752
2019-02-12 00:00:00-05:00;11.489999771118164;11.566906
2019-02-13 00:00:00-05:00;12.289999961853027;11.520498
2019-02-14 00:00:00-05:00;12.15999984741211;12.109641
2019-02-15 00:00:00-05:00;12.279999732971191;12.256661
2019-02-19 00:00:00-05:00;13.09000015258789;12.301034
2019-02-20 00:00:00-05:00;13.350000381469728;12.883886
2019-02-21 00:00:00-05:00;13.020000457763672;13.2858515
2019-02-22 00:00:00-05:00;13.220000267028809;13.093774
2019-02-25 00:00:00-05:00;13.260000228881836;13.0983925
2019-02-26 00:00:00-05:00;13.18000030517578;13.161772
2019-02-27 00:00:00-05:00;13.15999984741211;13.1310835
2019-02-28 00:00:00-05:00;12.899999618530272;13.103772
2019-03-01 00:00:00-05:00;12.869999885559082;12.920517
2019-03-04 00:00:00-05:00;12.779999732971191;12.846905
2019-03-05 00:00:00-05:00;12.84000015258789;12.798062
2019-03-06 00:00:00-05:00;12.539999961853027;12.849399
2019-03-07 00:00:00-05:00;12.3100004196167;12.670772
2019-03-08 00:00:00-05:00;12.09000015258789;12.4359455
2019-03-11 00:00:00-04:00;12.359999656677246;12.223106
2019-03-12 00:00:00-04:00;12.649999618530272;12.382177
2019-03-13 00:00:00-04:00;12.65999984741211;12.695748
2019-03-14 00:00:00-04:00;12.31999969482422;12.796752
2019-03-15 00:00:00-04:00;12.350000381469728;12.53067
2019-03-18 00:00:00-04:00;12.619999885559082;12.425104
2019-03-19 00:00:00-04:00;12.68000030517578;12.61802
2019-03-20 00:00:00-04:00;12.81999969482422;12.746948
2019-03-21 00:00:00-04:00;12.920000076293944;12.859656
2019-03-22 00:00:00-04:00;12.18000030517578;12.947418
2019-03-25 00:00:00-04:00;12.380000114440918;12.4167185
2019-03-26 00:00:00-04:00;12.699999809265137;12.337264
2019-03-27 00:00:00-04:00;12.710000038146973;12.628493
2019-03-28 00:00:00-04:00;12.729999542236328;12.762155
2019-03-29 00:00:00-04:00;12.890000343322754;12.780172
2019-04-01 00:00:00-04:00;13.100000381469728;12.881232
2019-04-02 00:00:00-04:00;13.119999885559082;13.068671
2019-04-03 00:00:00-04:00;13.15999984741211;13.135327
2019-04-04 00:00:00-04:00;13.5600004196167;13.156757
2019-04-05 00:00:00-04:00;13.329999923706056;13.446425
2019-04-08 00:00:00-04:00;13.739999771118164;13.382471
2019-04-09 00:00:00-04:00;13.380000114440918;13.612884
2019-04-10 00:00:00-04:00;13.489999771118164;13.447201
2019-04-11 00:00:00-04:00;13.40999984741211;13.431179
2019-04-12 00:00:00-04:00;13.699999809265137;13.399207
2019-04-15 00:00:00-04:00;13.6899995803833;13.609761
2019-04-16 00:00:00-04:00;14.15999984741211;13.693961
2019-04-17 00:00:00-04:00;14.199999809265137;14.044226
2019-04-18 00:00:00-04:00;14.0;14.194191
2019-04-22 00:00:00-04:00;13.649999618530272;14.047506
2019-04-23 00:00:00-04:00;13.460000038146973;13.71412
2019-04-24 00:00:00-04:00;13.579999923706056;13.47798
2019-04-25 00:00:00-04:00;12.210000038146973;13.538612
2019-04-26 00:00:00-04:00;12.5;12.610887
2019-04-29 00:00:00-04:00;12.43000030517578;12.464771
2019-04-30 00:00:00-04:00;12.3100004196167;12.525362
2019-05-01 00:00:00-04:00;11.710000038146973;12.4955015
2019-05-02 00:00:00-04:00;11.510000228881836;12.045323
2019-05-03 00:00:00-04:00;11.949999809265137;11.730105
2019-05-06 00:00:00-04:00;11.720000267028809;11.998151
2019-05-07 00:00:00-04:00;11.4399995803833;11.985491
2019-05-08 00:00:00-04:00;11.369999885559082;11.722681
2019-05-09 00:00:00-04:00;11.279999732971191;11.557806
2019-05-10 00:00:00-04:00;11.369999885559082;11.458526
2019-05-13 00:00:00-04:00;10.710000038146973;11.4986105
2019-05-14 00:00:00-04:00;10.859999656677246;11.045092
2019-05-15 00:00:00-04:00;10.850000381469728;10.951218
2019-05-16 00:00:00-04:00;10.65999984741211;10.97599
2019-05-17 00:00:00-04:00;10.369999885559082;10.85729
2019-05-20 00:00:00-04:00;10.199999809265137;10.589515
2019-05-21 00:00:00-04:00;10.350000381469728;10.372307
2019-05-22 00:00:00-04:00;10.0600004196167;10.431312
2019-05-23 00:00:00-04:00;9.949999809265137;10.28178
2019-05-24 00:00:00-04:00;10.079999923706056;10.126039
2019-05-28 00:00:00-04:00;10.029999732971191;10.1758175
2019-05-29 00:00:00-04:00;9.989999771118164;10.1827135
2019-05-30 00:00:00-04:00;9.81999969482422;10.141584
2019-05-31 00:00:00-04:00;9.710000038146973;9.995465
2019-06-03 00:00:00-04:00;9.920000076293944;9.857251
2019-06-04 00:00:00-04:00;10.31999969482422;9.969839
2019-06-05 00:00:00-04:00;10.100000381469728;10.322415
2019-06-06 00:00:00-04:00;10.1899995803833;10.284275
2019-06-07 00:00:00-04:00;10.350000381469728;10.262923
2019-06-10 00:00:00-04:00;10.609999656677246;10.368212
2019-06-11 00:00:00-04:00;10.619999885559082;10.594988
2019-06-12 00:00:00-04:00;10.59000015258789;10.670895
2019-06-13 00:00:00-04:00;10.829999923706056;10.636399
2019-06-14 00:00:00-04:00;10.649999618530272;10.77905
2019-06-17 00:00:00-04:00;10.739999771118164;10.713514
2019-06-18 00:00:00-04:00;11.130000114440918;10.728322
2019-06-19 00:00:00-04:00;11.1899995803833;11.03074
2019-06-20 00:00:00-04:00;11.380000114440918;11.197799
2019-06-21 00:00:00-04:00;11.34000015258789;11.35321
2019-06-24 00:00:00-04:00;11.34000015258789;11.360891
2019-06-25 00:00:00-04:00;11.34000015258789;11.340328
2019-06-26 00:00:00-04:00;11.489999771118164;11.335389
2019-06-27 00:00:00-04:00;11.5600004196167;11.451509
2019-06-28 00:00:00-04:00;11.609999656677246;11.556572
2019-07-01 00:00:00-04:00;11.449999809265137;11.6217985
2019-07-02 00:00:00-04:00;11.449999809265137;11.520922
2019-07-03 00:00:00-04:00;11.3100004196167;11.476171
2019-07-05 00:00:00-04:00;11.289999961853027;11.381616
2019-07-08 00:00:00-04:00;11.220000267028809;11.344317
2019-07-09 00:00:00-04:00;10.869999885559082;11.30281
2019-07-10 00:00:00-04:00;10.949999809265137;11.047866
2019-07-11 00:00:00-04:00;11.100000381469728;11.015949
2019-07-12 00:00:00-04:00;11.020000457763672;11.160913
2019-07-15 00:00:00-04:00;11.140000343322754;11.1703615
2019-07-16 00:00:00-04:00;11.119999885559082;11.235687
2019-07-17 00:00:00-04:00;11.0600004196167;11.243395
2019-07-18 00:00:00-04:00;11.149999618530272;11.187173
2019-07-19 00:00:00-04:00;11.489999771118164;11.222647
2019-07-22 00:00:00-04:00;11.489999771118164;11.486566
2019-07-23 00:00:00-04:00;11.649999618530272;11.579587
2019-07-24 00:00:00-04:00;11.9399995803833;11.680011
2019-07-25 00:00:00-04:00;11.420000076293944;11.907289
2019-07-26 00:00:00-04:00;11.5600004196167;11.597169
2019-07-29 00:00:00-04:00;11.609999656677246;11.532517
2019-07-30 00:00:00-04:00;11.470000267028809;11.596129
2019-07-31 00:00:00-04:00;11.0600004196167;11.533659
2019-08-01 00:00:00-04:00;10.699999809265137;11.207668
2019-08-02 00:00:00-04:00;10.300000190734863;10.836236
2019-08-05 00:00:00-04:00;10.06999969482422;10.465225
2019-08-06 00:00:00-04:00;10.140000343322754;10.225281
2019-08-07 00:00:00-04:00;10.079999923706056;10.253864
2019-08-08 00:00:00-04:00;10.119999885559082;10.275617
2019-08-09 00:00:00-04:00;9.75;10.313065
2019-08-12 00:00:00-04:00;9.520000457763672;10.060687
2019-08-13 00:00:00-04:00;9.890000343322754;9.780897
2019-08-14 00:00:00-04:00;9.359999656677246;9.965394
2019-08-15 00:00:00-04:00;8.989999771118164;9.708454
2019-08-16 00:00:00-04:00;9.100000381469728;9.297654
2019-08-19 00:00:00-04:00;9.25;9.2405
2019-08-20 00:00:00-04:00;9.1899995803833;9.390492
2019-08-21 00:00:00-04:00;9.140000343322754;9.414414
2019-08-22 00:00:00-04:00;9.130000114440918;9.352732
2019-08-23 00:00:00-04:00;8.829999923706055;9.304248
2019-08-26 00:00:00-04:00;8.84000015258789;9.071715
2019-08-27 00:00:00-04:00;8.710000038146973;8.9786625
2019-08-28 00:00:00-04:00;8.949999809265137;8.882716
2019-08-29 00:00:00-04:00;9.119999885559082;9.022601
2019-08-30 00:00:00-04:00;9.1899995803833;9.215411
2019-09-03 00:00:00-04:00;9.06999969482422;9.31478
2019-09-04 00:00:00-04:00;9.289999961853027;9.229111
2019-09-05 00:00:00-04:00;9.529999732971191;9.322507
2019-09-06 00:00:00-04:00;9.420000076293944;9.540941
2019-09-09 00:00:00-04:00;9.699999809265137;9.531662
2019-09-10 00:00:00-04:00;10.119999885559082;9.682696
2019-09-11 00:00:00-04:00;10.079999923706056;10.04379
2019-09-12 00:00:00-04:00;10.369999885559082;10.134309
2019-09-13 00:00:00-04:00;10.760000228881836;10.312002
2019-09-16 00:00:00-04:00;10.470000267028809;10.647271
2019-09-17 00:00:00-04:00;10.40999984741211;10.543788
2019-09-18 00:00:00-04:00;10.359999656677246;10.401953
2019-09-19 00:00:00-04:00;10.449999809265137;10.332702
2019-09-20 00:00:00-04:00;10.470000267028809;10.403719
2019-09-23 00:00:00-04:00;10.329999923706056;10.472394
2019-09-24 00:00:00-04:00;10.010000228881836;10.40149
2019-09-25 00:00:00-04:00;10.06999969482422;10.14523
2019-09-26 00:00:00-04:00;9.800000190734863;10.107406
2019-09-27 00:00:00-04:00;9.649999618530272;9.9575405
2019-09-30 00:00:00-04:00;9.56999969482422;9.806762
2019-10-01 00:00:00-04:00;9.170000076293944;9.724223
2019-10-02 00:00:00-04:00;8.869999885559082;9.441726
2019-10-03 00:00:00-04:00;8.859999656677246;9.132044
2019-10-04 00:00:00-04:00;8.829999923706055;9.049725
2019-10-07 00:00:00-04:00;8.760000228881836;9.053534
2019-10-08 00:00:00-04:00;8.510000228881836;9.021232
2019-10-09 00:00:00-04:00;8.550000190734863;8.827494
2019-10-10 00:00:00-04:00;8.960000038146973;8.771617
2019-10-11 00:00:00-04:00;9.550000190734863;9.063463
2019-10-14 00:00:00-04:00;9.5;9.604422
2019-10-15 00:00:00-04:00;9.520000457763672;9.725669
2019-10-16 00:00:00-04:00;9.5;9.671983
2019-10-17 00:00:00-04:00;9.4399995803833;9.5929985
2019-10-18 00:00:00-04:00;9.579999923706056;9.5102
2019-10-21 00:00:00-04:00;9.81999969482422;9.578565
2019-10-22 00:00:00-04:00;9.93000030517578;9.788135
2019-10-23 00:00:00-04:00;10.130000114440918;9.9399185
2019-10-24 00:00:00-04:00;9.59000015258789;10.10771
2019-10-25 00:00:00-04:00;10.140000343322754;9.766511
2019-10-28 00:00:00-04:00;10.239999771118164;9.988872
2019-10-29 00:00:00-04:00;10.229999542236328;10.219143
2019-10-30 00:00:00-04:00;10.130000114440918;10.272609
2019-10-31 00:00:00-04:00;9.81999969482422;10.188728
2019-11-01 00:00:00-04:00;10.520000457763672;9.930452
2019-11-04 00:00:00-05:00;10.800000190734863;10.346268
2019-11-05 00:00:00-05:00;10.90999984741211;10.772705
2019-11-06 00:00:00-05:00;10.640000343322754;10.956427
2019-11-07 00:00:00-05:00;11.270000457763672;10.764803
2019-11-08 00:00:00-05:00;11.520000457763672;11.109237
2019-11-11 00:00:00-05:00;11.09000015258789;11.462927
2019-11-12 00:00:00-05:00;11.039999961853027;11.234741
2019-11-13 00:00:00-05:00;10.84000015258789;11.049465
2019-11-14 00:00:00-05:00;10.8100004196167;10.87644
2019-11-15 00:00:00-05:00;11.15999984741211;10.825921
2019-11-18 00:00:00-05:00;11.010000228881836;11.099437
2019-11-19 00:00:00-05:00;11.279999732971191;11.121874
2019-11-20 00:00:00-05:00;11.029999732971191;11.28633
2019-11-21 00:00:00-05:00;11.010000228881836;11.173868
2019-11-22 00:00:00-05:00;11.350000381469728;11.088483
2019-11-25 00:00:00-05:00;11.65999984741211;11.321009
2019-11-26 00:00:00-05:00;11.710000038146973;11.654308
2019-11-27 00:00:00-05:00;11.609999656677246;11.781561
2019-11-29 00:00:00-05:00;11.380000114440918;11.69948
2019-12-02 00:00:00-05:00;11.449999809265137;11.475963
2019-12-03 00:00:00-05:00;10.920000076293944;11.450102
2019-12-04 00:00:00-05:00;11.109999656677246;11.098786
2019-12-05 00:00:00-05:00;11.329999923706056;11.103481
2019-12-06 00:00:00-05:00;11.640000343322754;11.332513
2019-12-09 00:00:00-05:00;12.100000381469728;11.653194
2019-12-10 00:00:00-05:00;12.279999732971191;12.076827
2019-12-11 00:00:00-05:00;12.84000015258789;12.315606
2019-12-12 00:00:00-05:00;13.0600004196167;12.737785
2019-12-13 00:00:00-05:00;12.869999885559082;13.011073
2019-12-16 00:00:00-05:00;12.949999809265137;12.89615
2019-12-17 00:00:00-05:00;12.960000038146973;12.859753
2019-12-18 00:00:00-05:00;12.979999542236328;12.871722
2019-12-19 00:00:00-05:00;13.0;12.901836
2019-12-20 00:00:00-05:00;12.710000038146973;12.93561
2019-12-23 00:00:00-05:00;12.850000381469728;12.743942
2019-12-24 00:00:00-05:00;12.989999771118164;12.780632
2019-12-26 00:00:00-05:00;13.170000076293944;12.943106
2019-12-27 00:00:00-05:00;13.029999732971191;13.143362
2019-12-30 00:00:00-05:00;13.010000228881836;13.100011
2019-12-31 00:00:00-05:00;13.119999885559082;13.0430155
2020-01-02 00:00:00-05:00;13.199999809265137;13.114415
2020-01-03 00:00:00-05:00;12.800000190734863;13.213722
2020-01-06 00:00:00-05:00;12.850000381469728;12.950488
2020-01-07 00:00:00-05:00;13.050000190734863;12.873218
2020-01-08 00:00:00-05:00;13.18000030517578;13.037141
2020-01-09 00:00:00-05:00;12.960000038146973;13.210241
2020-01-10 00:00:00-05:00;12.899999618530272;13.088892
2020-01-13 00:00:00-05:00;13.529999732971191;12.969882
2020-01-14 00:00:00-05:00;13.210000038146973;13.405685
2020-01-15 00:00:00-05:00;12.979999542236328;13.35268
2020-01-16 00:00:00-05:00;12.850000381469728;13.089592
2020-01-17 00:00:00-05:00;12.869999885559082;12.901347
2020-01-21 00:00:00-05:00;12.270000457763672;12.886718
2020-01-22 00:00:00-05:00;12.31999969482422;12.477152
2020-01-23 00:00:00-05:00;11.970000267028809;12.36077
2020-01-24 00:00:00-05:00;11.84000015258789;12.135361
2020-01-27 00:00:00-05:00;10.899999618530272;11.976921
2020-01-28 00:00:00-05:00;11.300000190734863;11.280691
2020-01-29 00:00:00-05:00;11.289999961853027;11.319661
2020-01-30 00:00:00-05:00;11.31999969482422;11.452258
2020-01-31 00:00:00-05:00;11.100000381469728;11.518943
2020-02-03 00:00:00-05:00;11.4399995803833;11.3589
2020-02-04 00:00:00-05:00;12.039999961853027;11.517952
2020-02-05 00:00:00-05:00;12.40999984741211;12.030271
2020-02-06 00:00:00-05:00;12.31999969482422;12.455925
2020-02-07 00:00:00-05:00;11.800000190734863;12.447839
2020-02-10 00:00:00-05:00;12.170000076293944;11.975951
2020-02-11 00:00:00-05:00;12.399999618530272;12.044815
2020-02-12 00:00:00-05:00;12.670000076293944;12.310341
2020-02-13 00:00:00-05:00;12.609999656677246;12.5948715
2020-02-14 00:00:00-05:00;12.239999771118164;12.615531
2020-02-18 00:00:00-05:00;12.020000457763672;12.307617
2020-02-19 00:00:00-05:00;12.100000381469728;12.028447
2020-02-20 00:00:00-05:00;12.079999923706056;12.036441
2020-02-21 00:00:00-05:00;11.9399995803833;12.083138
2020-02-24 00:00:00-05:00;11.239999771118164;12.01043
2020-02-25 00:00:00-05:00;10.729999542236328;11.4803
2020-02-26 00:00:00-05:00;10.460000038146973;10.926423
2020-02-27 00:00:00-05:00;9.800000190734863;10.612412
2020-02-28 00:00:00-05:00;9.960000038146973;10.12396
2020-03-02 00:00:00-05:00;10.5;10.10375
2020-03-03 00:00:00-05:00;10.06999969482422;10.57929
2020-03-04 00:00:00-05:00;10.449999809265137;10.472712
2020-03-05 00:00:00-05:00;9.989999771118164;10.608759
2020-03-06 00:00:00-05:00;9.43000030517578;10.340823
2020-03-09 00:00:00-04:00;8.229999542236328;9.790835
2020-03-10 00:00:00-04:00;9.0;8.750936
2020-03-11 00:00:00-04:00;8.119999885559082;8.936726
2020-03-12 00:00:00-04:00;7.170000076293945;8.588638
2020-03-13 00:00:00-04:00;7.53000020980835;7.742692
2020-03-16 00:00:00-04:00;6.239999771118164;7.6855755
2020-03-17 00:00:00-04:00;6.480000019073486;6.930701
2020-03-18 00:00:00-04:00;5.309999942779541;6.76503
2020-03-19 00:00:00-04:00;5.739999771118164;6.0364394
2020-03-20 00:00:00-04:00;5.519999980926514;6.0223203
2020-03-23 00:00:00-04:00;5.389999866485596;6.0057464
2020-03-24 00:00:00-04:00;6.989999771118164;5.9006257
2020-03-25 00:00:00-04:00;7.25;6.9414883
2020-03-26 00:00:00-04:00;6.989999771118164;7.583853
2020-03-27 00:00:00-04:00;6.199999809265137;7.4439297
2020-03-30 00:00:00-04:00;6.239999771118164;6.6701913
2020-03-31 00:00:00-04:00;6.75;6.3360744
2020-04-01 00:00:00-04:00;6.309999942779541;6.6617484
2020-04-02 00:00:00-04:00;6.389999866485596;6.5584397
2020-04-03 00:00:00-04:00;6.320000171661377;6.4992476
2020-04-06 00:00:00-04:00;7.190000057220459;6.4443417
2020-04-07 00:00:00-04:00;7.590000152587891;7.034556
2020-04-08 00:00:00-04:00;8.029999732971191;7.5887356
2020-04-09 00:00:00-04:00;8.1899995803833;8.022999
2020-04-13 00:00:00-04:00;8.300000190734863;8.210712
2020-04-14 00:00:00-04:00;8.319999694824219;8.27726
2020-04-15 00:00:00-04:00;7.670000076293945;8.277844
2020-04-16 00:00:00-04:00;7.579999923706055;7.8111577
2020-04-17 00:00:00-04:00;8.34000015258789;7.553221
2020-04-20 00:00:00-04:00;8.020000457763672;8.078015
2020-04-21 00:00:00-04:00;7.409999847412109;8.152486
2020-04-22 00:00:00-04:00;7.639999866485596;7.6821218
2020-04-23 00:00:00-04:00;7.809999942779541;7.6410537
2020-04-24 00:00:00-04:00;8.479999542236328;7.8488083
2020-04-27 00:00:00-04:00;8.850000381469727;8.433568
2020-04-28 00:00:00-04:00;8.920000076293945;8.918387
2020-04-29 00:00:00-04:00;9.260000228881836;9.066812
2020-04-30 00:00:00-04:00;8.829999923706055;9.275355
2020-05-01 00:00:00-04:00;8.460000038146973;9.024058
2020-05-04 00:00:00-04:00;8.699999809265137;8.613333
2020-05-05 00:00:00-04:00;8.800000190734863;8.652904
2020-05-06 00:00:00-04:00;8.59000015258789;8.823448
2020-05-07 00:00:00-04:00;8.970000267028809;8.751049
2020-05-08 00:00:00-04:00;9.210000038146973;8.966618
2020-05-11 00:00:00-04:00;8.979999542236328;9.2491665
2020-05-12 00:00:00-04:00;8.670000076293945;9.169885
2020-05-13 00:00:00-04:00;8.399999618530273;8.867772
2020-05-14 00:00:00-04:00;8.289999961853027;8.565505
2020-05-15 00:00:00-04:00;8.479999542236328;8.418341
2020-05-18 00:00:00-04:00;9.18000030517578;8.551951
2020-05-19 00:00:00-04:00;9.140000343322754;9.139459
2020-05-20 00:00:00-04:00;9.119999885559082;9.339156
2020-05-21 00:00:00-04:00;8.899999618530273;9.297908
2020-05-22 00:00:00-04:00;8.739999771118164;9.0812845
2020-05-26 00:00:00-04:00;9.260000228881836;8.87649
2020-05-27 00:00:00-04:00;9.289999961853027;9.192474
2020-05-28 00:00:00-04:00;9.09000015258789;9.384485
2020-05-29 00:00:00-04:00;9.06999969482422;9.265355
2020-06-01 00:00:00-04:00;9.34000015258789;9.165391
2020-06-02 00:00:00-04:00;9.75;9.335518
2020-06-03 00:00:00-04:00;10.140000343322754;9.717249
2020-06-04 00:00:00-04:00;10.199999809265137;10.123447
2020-06-05 00:00:00-04:00;10.859999656677246;10.262039
2020-06-08 00:00:00-04:00;11.25;10.714443
2020-06-09 00:00:00-04:00;11.270000457763672;11.1479845
2020-06-10 00:00:00-04:00;11.470000267028809;11.250049
2020-06-11 00:00:00-04:00;9.90999984741211;11.355846
2020-06-12 00:00:00-04:00;10.489999771118164;10.266054
2020-06-15 00:00:00-04:00;10.470000267028809;10.223922
2020-06-16 00:00:00-04:00;10.779999732971191;10.404542
2020-06-17 00:00:00-04:00;10.699999809265137;10.73041
2020-06-18 00:00:00-04:00;10.5600004196167;10.795477
2020-06-19 00:00:00-04:00;10.5;10.679998
2020-06-22 00:00:00-04:00;10.789999961853027;10.58921
2020-06-23 00:00:00-04:00;11.079999923706056;10.78794
2020-06-24 00:00:00-04:00;10.56999969482422;11.098617
2020-06-25 00:00:00-04:00;11.079999923706056;10.825312
2020-06-26 00:00:00-04:00;10.789999961853027;11.026934
2020-06-29 00:00:00-04:00;11.039999961853027;10.947098
2020-06-30 00:00:00-04:00;11.56999969482422;11.057444
2020-07-01 00:00:00-04:00;11.489999771118164;11.497673
2020-07-02 00:00:00-04:00;11.5;11.592968
2020-07-06 00:00:00-04:00;12.75;11.557743
2020-07-07 00:00:00-04:00;12.729999542236328;12.433152
2020-07-08 00:00:00-04:00;12.81999969482422;12.757737
2020-07-09 00:00:00-04:00;12.890000343322754;12.793221
2020-07-10 00:00:00-04:00;12.970000267028809;12.798802
2020-07-13 00:00:00-04:00;13.020000457763672;12.851368
2020-07-14 00:00:00-04:00;13.5;12.910493
2020-07-15 00:00:00-04:00;13.529999732971191;13.285382
2020-07-16 00:00:00-04:00;13.470000267028809;13.450651
2020-07-17 00:00:00-04:00;13.579999923706056;13.419282
2020-07-20 00:00:00-04:00;13.43000030517578;13.474394
2020-07-21 00:00:00-04:00;13.380000114440918;13.403382
2020-07-22 00:00:00-04:00;13.619999885559082;13.345127
2020-07-23 00:00:00-04:00;13.31999969482422;13.5263405
2020-07-24 00:00:00-04:00;13.119999885559082;13.398038
2020-07-27 00:00:00-04:00;13.5600004196167;13.1865635
2020-07-28 00:00:00-04:00;13.229999542236328;13.462462
2020-07-29 00:00:00-04:00;13.300000190734863;13.36864
2020-07-30 00:00:00-04:00;12.9399995803833;13.346036
2020-07-31 00:00:00-04:00;12.920000076293944;13.09462
2020-08-03 00:00:00-04:00;13.100000381469728;12.990891
2020-08-04 00:00:00-04:00;12.949999809265137;13.127188
2020-08-05 00:00:00-04:00;13.970000267028809;13.087528
2020-08-06 00:00:00-04:00;14.5600004196167;13.799364
2020-08-07 00:00:00-04:00;13.960000038146973;14.503966
2020-08-10 00:00:00-04:00;14.380000114440918;14.191053
2020-08-11 00:00:00-04:00;13.960000038146973;14.261387
2020-08-12 00:00:00-04:00;13.970000267028809;14.016675
2020-08-13 00:00:00-04:00;13.789999961853027;13.915784
2020-08-14 00:00:00-04:00;13.779999732971191;13.786019
2020-08-17 00:00:00-04:00;14.100000381469728;13.751872
2020-08-18 00:00:00-04:00;14.40999984741211;14.004582
2020-08-19 00:00:00-04:00;14.9399995803833;14.341237
2020-08-20 00:00:00-04:00;14.699999809265137;14.823148
2020-08-21 00:00:00-04:00;14.359999656677246;14.766984
2020-08-24 00:00:00-04:00;14.5600004196167;14.418471
2020-08-25 00:00:00-04:00;14.460000038146973;14.448914
2020-08-26 00:00:00-04:00;15.010000228881836;14.444551
2020-08-27 00:00:00-04:00;14.899999618530272;14.852269
2020-08-28 00:00:00-04:00;15.649999618530272;14.924924
2020-08-31 00:00:00-04:00;15.609999656677246;15.451391
2020-09-01 00:00:00-04:00;16.18000030517578;15.599533
2020-09-02 00:00:00-04:00;16.270000457763672;15.997839
2020-09-03 00:00:00-04:00;15.5600004196167;16.181684
2020-09-04 00:00:00-04:00;16.020000457763672;15.653798
2020-09-08 00:00:00-04:00;15.720000267028809;15.789339
2020-09-09 00:00:00-04:00;16.139999389648438;15.701756
2020-09-10 00:00:00-04:00;15.770000457763672;15.975552
2020-09-11 00:00:00-04:00;16.270000457763672;15.820181
2020-09-14 00:00:00-04:00;16.360000610351562;16.110592
2020-09-15 00:00:00-04:00;16.40999984741211;16.31342
2020-09-16 00:00:00-04:00;16.780000686645508;16.383663
2020-09-17 00:00:00-04:00;17.030000686645508;16.661734
2020-09-18 00:00:00-04:00;17.0;16.938627
2020-09-21 00:00:00-04:00;15.649999618530272;16.969936
2020-09-22 00:00:00-04:00;15.68000030517578;15.930201
2020-09-23 00:00:00-04:00;14.770000457763672;15.590645
2020-09-24 00:00:00-04:00;15.380000114440918;14.962269
2020-09-25 00:00:00-04:00;15.300000190734863;15.253954
2020-09-28 00:00:00-04:00;15.899999618530272;15.411203
2020-09-29 00:00:00-04:00;15.31999969482422;15.877937
2020-09-30 00:00:00-04:00;15.640000343322754;15.584939
2020-10-01 00:00:00-04:00;15.550000190734863;15.641414
2020-10-02 00:00:00-04:00;15.9399995803833;15.629603
2020-10-05 00:00:00-04:00;16.31999969482422;15.8966465
2020-10-06 00:00:00-04:00;15.720000267028809;16.266407
2020-10-07 00:00:00-04:00;16.8799991607666;15.892319
2020-10-08 00:00:00-04:00;16.799999237060547;16.56891
2020-10-09 00:00:00-04:00;17.229999542236328;16.789257
2020-10-12 00:00:00-04:00;16.809999465942383;17.079113
2020-10-13 00:00:00-04:00;16.81999969482422;16.822178
2020-10-14 00:00:00-04:00;16.940000534057617;16.697891
2020-10-15 00:00:00-04:00;17.209999084472656;16.787725
2020-10-16 00:00:00-04:00;17.149999618530273;17.047775
2020-10-19 00:00:00-04:00;17.139999389648438;17.086063
2020-10-20 00:00:00-04:00;17.610000610351562;17.063368
2020-10-21 00:00:00-04:00;17.719999313354492;17.417324
2020-10-22 00:00:00-04:00;18.350000381469727;17.631596
2020-10-23 00:00:00-04:00;18.36000061035156;18.13911
2020-10-26 00:00:00-04:00;17.360000610351562;18.28761
2020-10-27 00:00:00-04:00;17.719999313354492;17.509205
2020-10-28 00:00:00-04:00;16.8700008392334;17.511
2020-10-29 00:00:00-04:00;17.479999542236328;16.992304
2020-10-30 00:00:00-04:00;17.34000015258789;17.289608
2020-11-02 00:00:00-05:00;18.239999771118164;17.373825
2020-11-03 00:00:00-05:00;18.770000457763672;18.053272
2020-11-04 00:00:00-05:00;18.0;18.675222
2020-11-05 00:00:00-05:00;18.81999969482422;18.187773
2020-11-06 00:00:00-05:00;19.1200008392334;18.565615
2020-11-09 00:00:00-05:00;19.790000915527344;18.984343
2020-11-10 00:00:00-05:00;19.81999969482422;19.575636
2020-11-11 00:00:00-05:00;19.530000686645508;19.722616
2020-11-12 00:00:00-05:00;19.520000457763672;19.46402
2020-11-13 00:00:00-05:00;20.13999938964844;19.360882
2020-11-16 00:00:00-05:00;21.0;19.851925
2020-11-17 00:00:00-05:00;21.030000686645508;20.696701
2020-11-18 00:00:00-05:00;20.709999084472656;20.916277
2020-11-19 00:00:00-05:00;21.11000061035156;20.63242
2020-11-20 00:00:00-05:00;21.25;20.844723
2020-11-23 00:00:00-05:00;21.90999984741211;21.068264
2020-11-24 00:00:00-05:00;23.11000061035156;21.636478
2020-11-25 00:00:00-05:00;23.540000915527344;22.734299
2020-11-27 00:00:00-05:00;23.520000457763672;23.320105
2020-11-30 00:00:00-05:00;23.38999938964844;23.339664
2020-12-01 00:00:00-05:00;23.63999938964844;23.188322
2020-12-02 00:00:00-05:00;24.079999923706055;23.362066
2020-12-03 00:00:00-05:00;24.38999938964844;23.79698
2020-12-04 00:00:00-05:00;25.059999465942383;24.159533
2020-12-07 00:00:00-05:00;24.579999923706055;24.761835
2020-12-08 00:00:00-05:00;24.469999313354492;24.513123
2020-12-09 00:00:00-05:00;24.459999084472656;24.314247
2020-12-10 00:00:00-05:00;24.86000061035156;24.307325
2020-12-11 00:00:00-05:00;24.61000061035156;24.66733
2020-12-14 00:00:00-05:00;23.799999237060547;24.577839
2020-12-15 00:00:00-05:00;24.299999237060547;23.884562
2020-12-16 00:00:00-05:00;24.38999938964844;24.124365
2020-12-17 00:00:00-05:00;24.719999313354492;24.352245
2020-12-18 00:00:00-05:00;24.6299991607666;24.649725
2020-12-21 00:00:00-05:00;24.86000061035156;24.631264
2020-12-22 00:00:00-05:00;24.25;24.776197
2020-12-23 00:00:00-05:00;24.86000061035156;24.328106
2020-12-24 00:00:00-05:00;24.790000915527344;24.678387
2020-12-28 00:00:00-05:00;24.6299991607666;24.762857
2020-12-29 00:00:00-05:00;24.739999771118164;24.610258
2020-12-30 00:00:00-05:00;26.530000686645508;24.64797
2020-12-31 00:00:00-05:00;26.020000457763672;26.118717
2021-01-04 00:00:00-05:00;27.13999938964844;26.05616
2021-01-05 00:00:00-05:00;28.3700008392334;26.781559
2021-01-06 00:00:00-05:00;30.15999984741211;27.972591
2021-01-07 00:00:00-05:00;31.170000076293945;29.63977
2021-01-08 00:00:00-05:00;31.149999618530273;30.70891
2021-01-11 00:00:00-05:00;30.31999969482422;30.76042
2021-01-12 00:00:00-05:00;30.989999771118164;30.025646
2021-01-13 00:00:00-05:00;30.559999465942383;30.478651
2021-01-14 00:00:00-05:00;31.989999771118164;30.321835
2021-01-15 00:00:00-05:00;30.350000381469727;31.478716
2021-01-19 00:00:00-05:00;31.709999084472656;30.397003
2021-01-20 00:00:00-05:00;30.969999313354492;31.253794
2021-01-21 00:00:00-05:00;30.040000915527344;30.949438
2021-01-22 00:00:00-05:00;30.489999771118164;30.06639
2021-01-25 00:00:00-05:00;28.979999542236328;30.321468
2021-01-26 00:00:00-05:00;27.010000228881836;29.231472
2021-01-27 00:00:00-05:00;25.790000915527344;27.382607
2021-01-28 00:00:00-05:00;27.790000915527344;26.089216
2021-01-29 00:00:00-05:00;26.90999984741211;27.582712
2021-02-01 00:00:00-05:00;28.229999542236328;27.333508
2021-02-02 00:00:00-05:00;28.13999938964844;28.159536
2021-02-03 00:00:00-05:00;29.200000762939453;28.276443
2021-02-04 00:00:00-05:00;29.799999237060547;29.050144
2021-02-05 00:00:00-05:00;31.729999542236328;29.666992
2021-02-08 00:00:00-05:00;32.119998931884766;31.292894
2021-02-09 00:00:00-05:00;32.02000045776367;31.847347
2021-02-10 00:00:00-05:00;31.239999771118164;31.708452
2021-02-11 00:00:00-05:00;30.989999771118164;31.003216
2021-02-12 00:00:00-05:00;31.229999542236328;30.695526
2021-02-16 00:00:00-05:00;32.900001525878906;30.91991
2021-02-17 00:00:00-05:00;34.150001525878906;32.410988
2021-02-18 00:00:00-05:00;34.13999938964844;33.735638
2021-02-19 00:00:00-05:00;37.4900016784668;33.8442
2021-02-22 00:00:00-05:00;38.08000183105469;36.679142
2021-02-23 00:00:00-05:00;37.849998474121094;37.613766
2021-02-24 00:00:00-05:00;37.88999938964844;37.36718
2021-02-25 00:00:00-05:00;35.68000030517578;37.40177
2021-02-26 00:00:00-05:00;33.90999984741211;35.61272
2021-03-01 00:00:00-05:00;34.900001525878906;33.91306
2021-03-02 00:00:00-05:00;35.18000030517578;34.6541
2021-03-03 00:00:00-05:00;35.0;35.15423
2021-03-04 00:00:00-05:00;32.70000076293945;35.01624
2021-03-05 00:00:00-05:00;35.02000045776367;33.04728
2021-03-08 00:00:00-05:00;34.43000030517578;34.700306
2021-03-09 00:00:00-05:00;33.86000061035156;34.617466
2021-03-10 00:00:00-05:00;34.459999084472656;33.951683
2021-03-11 00:00:00-05:00;37.470001220703125;34.357655
2021-03-12 00:00:00-05:00;37.41999816894531;37.04311
2021-03-15 00:00:00-04:00;36.959999084472656;37.29647
2021-03-16 00:00:00-04:00;34.9900016784668;36.73039
2021-03-17 00:00:00-04:00;36.11000061035156;35.00389
2021-03-18 00:00:00-04:00;35.41999816894531;35.75644
2021-03-19 00:00:00-04:00;34.9900016784668;35.404243
2021-03-22 00:00:00-04:00;35.0099983215332;34.910686
2021-03-23 00:00:00-04:00;32.20000076293945;34.892002
2021-03-24 00:00:00-04:00;31.61000061035156;32.57586
2021-03-25 00:00:00-04:00;31.11000061035156;31.675097
2021-03-26 00:00:00-04:00;32.959999084472656;31.280193
2021-03-29 00:00:00-04:00;32.099998474121094;32.797623
2021-03-30 00:00:00-04:00;32.68000030517578;32.349525
2021-03-31 00:00:00-04:00;32.93000030517578;32.591423
2021-04-01 00:00:00-04:00;33.7599983215332;32.870975
2021-04-05 00:00:00-04:00;35.36000061035156;33.56733
2021-04-06 00:00:00-04:00;35.0099983215332;34.995365
2021-04-07 00:00:00-04:00;33.97999954223633;34.840668
2021-04-08 00:00:00-04:00;34.369998931884766;33.836163
2021-04-09 00:00:00-04:00;34.040000915527344;34.038097
2021-04-12 00:00:00-04:00;33.66999816894531;33.879524
2021-04-13 00:00:00-04:00;33.72999954223633;33.523357
2021-04-14 00:00:00-04:00;36.310001373291016;33.54171
2021-04-15 00:00:00-04:00;37.83000183105469;35.789036
2021-04-16 00:00:00-04:00;38.13999938964844;37.429844
2021-04-19 00:00:00-04:00;37.33000183105469;37.747215
2021-04-20 00:00:00-04:00;35.880001068115234;37.03078
2021-04-21 00:00:00-04:00;35.900001525878906;35.7401
2021-04-22 00:00:00-04:00;34.7400016784668;35.662178
2021-04-23 00:00:00-04:00;36.540000915527344;34.776524
2021-04-26 00:00:00-04:00;39.04999923706055;36.18672
2021-04-27 00:00:00-04:00;38.689998626708984;38.640278
2021-04-28 00:00:00-04:00;39.349998474121094;38.510487
2021-04-29 00:00:00-04:00;38.400001525878906;38.940475
2021-04-30 00:00:00-04:00;37.709999084472656;38.238274
2021-05-03 00:00:00-04:00;38.709999084472656;37.5594
2021-05-04 00:00:00-04:00;39.220001220703125;38.410095
2021-05-05 00:00:00-04:00;41.540000915527344;39.002407
2021-05-06 00:00:00-04:00;42.06999969482422;41.044514
2021-05-07 00:00:00-04:00;43.970001220703125;41.687756
2021-05-10 00:00:00-04:00;42.7400016784668;43.339844
2021-05-11 00:00:00-04:00;44.79999923706055;42.404274
2021-05-12 00:00:00-04:00;42.75;44.143578
2021-05-13 00:00:00-04:00;41.970001220703125;42.566555
2021-05-14 00:00:00-04:00;42.290000915527344;41.716156
2021-05-17 00:00:00-04:00;44.18000030517578;42.078876
2021-05-18 00:00:00-04:00;43.630001068115234;43.829205
2021-05-19 00:00:00-04:00;40.720001220703125;43.435326
2021-05-20 00:00:00-04:00;41.220001220703125;40.81094
2021-05-21 00:00:00-04:00;40.869998931884766;41.09026
2021-05-24 00:00:00-04:00;41.56999969482422;40.955883
2021-05-25 00:00:00-04:00;40.68000030517578;41.479996
2021-05-26 00:00:00-04:00;41.31999969482422;40.7395
2021-05-27 00:00:00-04:00;42.59000015258789;41.182533
2021-05-28 00:00:00-04:00;42.720001220703125;42.372463
2021-06-01 00:00:00-04:00;44.209999084472656;42.522175
2021-06-02 00:00:00-04:00;43.34000015258789;43.781178
2021-06-03 00:00:00-04:00;41.869998931884766;43.103817
2021-06-04 00:00:00-04:00;41.72999954223633;41.71779
2021-06-07 00:00:00-04:00;41.2599983215332;41.550823
2021-06-08 00:00:00-04:00;41.380001068115234;41.192146
2021-06-09 00:00:00-04:00;40.70000076293945;41.24414
2021-06-10 00:00:00-04:00;40.13999938964844;40.66465
2021-06-11 00:00:00-04:00;40.849998474121094;40.107925
2021-06-14 00:00:00-04:00;39.47999954223633;40.697243
2021-06-15 00:00:00-04:00;37.599998474121094;39.574223
2021-06-16 00:00:00-04:00;37.060001373291016;37.780045
2021-06-17 00:00:00-04:00;35.150001525878906;37.15662
2021-06-18 00:00:00-04:00;34.959999084472656;35.529453
2021-06-21 00:00:00-04:00;35.779998779296875;35.111423
2021-06-22 00:00:00-04:00;36.4900016784668;35.816948
2021-06-23 00:00:00-04:00;37.18000030517578;36.493183
2021-06-24 00:00:00-04:00;37.52000045776367;37.071423
2021-06-25 00:00:00-04:00;37.2400016784668;37.357773
2021-06-28 00:00:00-04:00;36.7400016784668;37.090134
2021-06-29 00:00:00-04:00;37.27000045776367;36.592434
2021-06-30 00:00:00-04:00;37.11000061035156;36.98788
2021-07-01 00:00:00-04:00;37.09000015258789;36.923428
2021-07-02 00:00:00-04:00;37.13999938964844;36.8579
2021-07-06 00:00:00-04:00;36.0;36.903515
2021-07-07 00:00:00-04:00;36.209999084472656;35.946747
2021-07-08 00:00:00-04:00;34.689998626708984;35.99547
2021-07-09 00:00:00-04:00;36.5;34.789795
2021-07-12 00:00:00-04:00;36.529998779296875;36.139584
2021-07-13 00:00:00-04:00;35.72999954223633;36.448277
2021-07-14 00:00:00-04:00;34.52000045776367;35.690582
2021-07-15 00:00:00-04:00;34.38999938964844;34.55148
2021-07-16 00:00:00-04:00;33.20000076293945;34.326466
2021-07-19 00:00:00-04:00;32.400001525878906;33.36332
2021-07-20 00:00:00-04:00;32.95000076293945;32.52446
2021-07-21 00:00:00-04:00;34.650001525878906;32.89927
2021-07-22 00:00:00-04:00;34.79999923706055;34.447678
2021-07-23 00:00:00-04:00;35.189998626708984;34.75701
2021-07-26 00:00:00-04:00;36.650001525878906;34.99279
2021-07-27 00:00:00-04:00;36.349998474121094;36.25698
2021-07-28 00:00:00-04:00;36.68000030517578;36.152393
2021-07-29 00:00:00-04:00;38.470001220703125;36.327805
2021-07-30 00:00:00-04:00;38.099998474121094;37.929462
2021-08-02 00:00:00-04:00;36.619998931884766;37.806335
2021-08-03 00:00:00-04:00;36.63999938964844;36.44067
2021-08-04 00:00:00-04:00;35.650001525878906;36.338894
2021-08-05 00:00:00-04:00;35.849998474121094;35.607056
2021-08-06 00:00:00-04:00;36.86000061035156;35.682938
2021-08-09 00:00:00-04:00;36.459999084472656;36.627968
2021-08-10 00:00:00-04:00;38.220001220703125;36.41163
2021-08-11 00:00:00-04:00;38.72999954223633;37.84019
2021-08-12 00:00:00-04:00;38.38999938964844;38.49416
2021-08-13 00:00:00-04:00;38.099998474121094;38.183807
2021-08-16 00:00:00-04:00;36.84000015258789;37.88711
2021-08-17 00:00:00-04:00;34.709999084472656;36.816956
2021-08-18 00:00:00-04:00;33.880001068115234;34.896835
2021-08-19 00:00:00-04:00;32.41999816894531;33.981636
2021-08-20 00:00:00-04:00;32.79999923706055;32.73956
2021-08-23 00:00:00-04:00;34.20000076293945;32.877567
2021-08-24 00:00:00-04:00;35.209999084472656;34.157642
2021-08-25 00:00:00-04:00;35.11000061035156;35.169712
2021-08-26 00:00:00-04:00;34.540000915527344;35.100292
2021-08-27 00:00:00-04:00;36.56999969482422;34.51389
2021-08-30 00:00:00-04:00;36.63999938964844;36.152435
2021-08-31 00:00:00-04:00;36.38999938964844;36.466747
2021-09-01 00:00:00-04:00;35.88999938964844;36.150482
2021-09-02 00:00:00-04:00;36.27000045776367;35.676907
2021-09-03 00:00:00-04:00;36.13999938964844;35.969986
2021-09-07 00:00:00-04:00;36.36000061035156;35.94044
2021-09-08 00:00:00-04:00;34.369998931884766;36.10733
2021-09-09 00:00:00-04:00;34.810001373291016;34.464985
2021-09-10 00:00:00-04:00;35.47999954223633;34.58632
2021-09-13 00:00:00-04:00;35.290000915527344;35.315662
2021-09-14 00:00:00-04:00;34.790000915527344;35.23778
2021-09-15 00:00:00-04:00;36.7400016784668;34.74738
2021-09-16 00:00:00-04:00;34.29999923706055;36.35778
2021-09-17 00:00:00-04:00;33.04999923706055;34.55213
2021-09-20 00:00:00-04:00;31.170000076293945;33.098015
2021-09-21 00:00:00-04:00;30.479999542236328;31.44342
2021-09-22 00:00:00-04:00;31.559999465942383;30.65614
2021-09-23 00:00:00-04:00;32.11000061035156;31.515602
2021-09-24 00:00:00-04:00;32.2400016784668;32.173714
2021-09-27 00:00:00-04:00;33.90999984741211;32.287704
2021-09-28 00:00:00-04:00;33.56999969482422;33.636032
2021-09-29 00:00:00-04:00;33.11000061035156;33.541595
2021-09-30 00:00:00-04:00;32.529998779296875;33.002995
2021-10-01 00:00:00-04:00;32.84000015258789;32.43037
2021-10-04 00:00:00-04:00;32.709999084472656;32.623962
2021-10-05 00:00:00-04:00;32.20000076293945;32.585194
2021-10-06 00:00:00-04:00;31.709999084472656;32.126034
2021-10-07 00:00:00-04:00;34.31999969482422;31.641228
2021-10-08 00:00:00-04:00;34.130001068115234;33.79929
2021-10-11 00:00:00-04:00;35.22999954223633;34.035557
2021-10-12 00:00:00-04:00;34.61000061035156;34.824715
2021-10-13 00:00:00-04:00;35.81999969482422;34.433002
2021-10-14 00:00:00-04:00;37.130001068115234;35.360817
2021-10-15 00:00:00-04:00;38.63999938964844;36.678383
2021-10-18 00:00:00-04:00;38.540000915527344;38.104874
2021-10-19 00:00:00-04:00;38.849998474121094;38.13295
2021-10-20 00:00:00-04:00;38.93000030517578;38.36872
2021-10-21 00:00:00-04:00;38.41999816894531;38.532387
2021-10-22 00:00:00-04:00;37.66999816894531;38.14344
2021-10-25 00:00:00-04:00;39.34000015258789;37.489353
2021-10-26 00:00:00-04:00;38.849998474121094;38.924828
2021-10-27 00:00:00-04:00;37.0;38.73489
2021-10-28 00:00:00-04:00;38.099998474121094;37.05189
2021-10-29 00:00:00-04:00;37.720001220703125;37.84262
2021-11-01 00:00:00-04:00;38.33000183105469;37.744293
2021-11-02 00:00:00-04:00;38.54999923706055;38.183758
2021-11-03 00:00:00-04:00;38.22999954223633;38.442505
2021-11-04 00:00:00-04:00;37.0;38.165745
2021-11-05 00:00:00-04:00;37.040000915527344;37.06444
2021-11-08 00:00:00-05:00;39.43000030517578;36.973976
2021-11-09 00:00:00-05:00;39.20000076293945;39.09743
2021-11-10 00:00:00-05:00;37.52000045776367;39.11378
2021-11-11 00:00:00-05:00;40.900001525878906;37.520947
2021-11-12 00:00:00-05:00;41.22999954223633;40.30763
2021-11-15 00:00:00-05:00;40.86000061035156;40.98656
2021-11-16 00:00:00-05:00;39.599998474121094;40.52826
2021-11-17 00:00:00-05:00;38.869998931884766;39.414
2021-11-18 00:00:00-05:00;38.790000915527344;38.731743
2021-11-19 00:00:00-05:00;38.279998779296875;38.66237
2021-11-22 00:00:00-05:00;37.7400016784668;38.24706
2021-11-23 00:00:00-05:00;38.68000030517578;37.729195
2021-11-24 00:00:00-05:00;38.650001525878906;38.50345
2021-11-26 00:00:00-05:00;37.2400016784668;38.592796
2021-11-29 00:00:00-05:00;37.97999954223633;37.32535
2021-11-30 00:00:00-05:00;37.08000183105469;37.79956
2021-12-01 00:00:00-05:00;36.22999954223633;37.16372
2021-12-02 00:00:00-05:00;37.099998474121094;36.28954
2021-12-03 00:00:00-05:00;36.560001373291016;36.9473
2021-12-06 00:00:00-05:00;37.369998931884766;36.609463
2021-12-07 00:00:00-05:00;38.77000045776367;37.179447
2021-12-08 00:00:00-05:00;38.720001220703125;38.478252
2021-12-09 00:00:00-05:00;38.470001220703125;38.52823
2021-12-10 00:00:00-05:00;38.369998931884766;38.232094
2021-12-13 00:00:00-05:00;37.630001068115234;38.12964
2021-12-14 00:00:00-05:00;37.959999084472656;37.507378
2021-12-15 00:00:00-05:00;37.25;37.721767
2021-12-16 00:00:00-05:00;38.279998779296875;37.18428
2021-12-17 00:00:00-05:00;38.0;37.98552
2021-12-20 00:00:00-05:00;37.41999816894531;37.886013
2021-12-21 00:00:00-05:00;39.18000030517578;37.31879
2021-12-22 00:00:00-05:00;40.13999938964844;38.794594
2021-12-23 00:00:00-05:00;41.130001068115234;39.841175
2021-12-27 00:00:00-05:00;41.9900016784668;40.71235
2021-12-28 00:00:00-05:00;41.9900016784668;41.519627
2021-12-29 00:00:00-05:00;41.97999954223633;41.580128
2021-12-30 00:00:00-05:00;41.619998931884766;41.579163
2021-12-31 00:00:00-05:00;41.72999954223633;41.310413
2022-01-03 00:00:00-05:00;41.47999954223633;41.420105
2022-01-04 00:00:00-05:00;42.150001525878906;41.256096
2022-01-05 00:00:00-05:00;41.68000030517578;41.84666
2022-01-06 00:00:00-05:00;40.529998779296875;41.517647
2022-01-07 00:00:00-05:00;41.880001068115234;40.47289
2022-01-10 00:00:00-05:00;41.619998931884766;41.602962
2022-01-11 00:00:00-05:00;42.9900016784668;41.53597
2022-01-12 00:00:00-05:00;45.150001525878906;42.656277
2022-01-13 00:00:00-05:00;44.33000183105469;44.686504
2022-01-14 00:00:00-05:00;44.08000183105469;44.020996
2022-01-18 00:00:00-05:00;44.290000915527344;43.70762
2022-01-19 00:00:00-05:00;44.08000183105469;43.97575
2022-01-20 00:00:00-05:00;43.189998626708984;43.83196
2022-01-21 00:00:00-05:00;40.9900016784668;43.03317
2022-01-24 00:00:00-05:00;39.959999084472656;41.08288
2022-01-25 00:00:00-05:00;39.630001068115234;40.061752
2022-01-26 00:00:00-05:00;38.43000030517578;39.75913
2022-01-27 00:00:00-05:00;37.099998474121094;38.697323
2022-01-28 00:00:00-05:00;36.040000915527344;37.40385
2022-01-31 00:00:00-05:00;37.220001220703125;36.359962
2022-02-01 00:00:00-05:00;39.02000045776367;37.25437
2022-02-02 00:00:00-05:00;39.38999938964844;38.932865
2022-02-03 00:00:00-05:00;38.20000076293945;39.309956
2022-02-04 00:00:00-05:00;38.41999816894531;38.17955
2022-02-07 00:00:00-05:00;38.900001525878906;38.20895
2022-02-08 00:00:00-05:00;40.630001068115234;38.683453
2022-02-09 00:00:00-05:00;43.560001373291016;40.2038
2022-02-10 00:00:00-05:00;43.90999984741211;42.89595
2022-02-11 00:00:00-05:00;42.79999923706055;43.31802
2022-02-14 00:00:00-05:00;42.45000076293945;42.28149
2022-02-15 00:00:00-05:00;43.66999816894531;41.9817
2022-02-16 00:00:00-05:00;44.25;43.152218
2022-02-17 00:00:00-05:00;43.209999084472656;43.784454
2022-02-18 00:00:00-05:00;43.02000045776367;42.88123
2022-02-22 00:00:00-05:00;42.36000061035156;42.693584
2022-02-23 00:00:00-05:00;42.459999084472656;42.20361
2022-02-24 00:00:00-05:00;43.720001220703125;42.27803
2022-02-25 00:00:00-05:00;46.34000015258789;43.437927
2022-02-28 00:00:00-05:00;46.95000076293945;45.85632
2022-03-01 00:00:00-05:00;47.90999984741211;46.464172
2022-03-02 00:00:00-05:00;48.15999984741211;47.29239
2022-03-03 00:00:00-05:00;49.09000015258789;47.612507
2022-03-04 00:00:00-05:00;50.11000061035156;48.493057
2022-03-07 00:00:00-05:00;47.150001525878906;49.485004
2022-03-08 00:00:00-05:00;46.66999816894531;46.867374
2022-03-09 00:00:00-05:00;46.9900016784668;46.415043
2022-03-10 00:00:00-05:00;47.709999084472656;46.843483
2022-03-11 00:00:00-05:00;46.93000030517578;47.4771
2022-03-14 00:00:00-04:00;44.52000045776367;46.76611
2022-03-15 00:00:00-04:00;44.279998779296875;44.599655
2022-03-16 00:00:00-04:00;46.41999816894531;44.31849
2022-03-17 00:00:00-04:00;48.59000015258789;46.276955
2022-03-18 00:00:00-04:00;48.08000183105469;48.243904
2022-03-21 00:00:00-04:00;49.5099983215332;47.701508
2022-03-22 00:00:00-04:00;49.86000061035156;48.954075
2022-03-23 00:00:00-04:00;49.810001373291016;49.36761
2022-03-24 00:00:00-04:00;51.45000076293945;49.286945
2022-03-25 00:00:00-04:00;51.93000030517578;50.81955
2022-03-28 00:00:00-04:00;50.27000045776367;51.290215
2022-03-29 00:00:00-04:00;50.09000015258789;49.77102
2022-03-30 00:00:00-04:00;50.779998779296875;49.6883
2022-03-31 00:00:00-04:00;49.7400016784668;50.412792
2022-04-01 00:00:00-04:00;50.959999084472656;49.454117
2022-04-04 00:00:00-04:00;50.900001525878906;50.547813
2022-04-05 00:00:00-04:00;49.09000015258789;50.55208
2022-04-06 00:00:00-04:00;48.060001373291016;48.8755
2022-04-07 00:00:00-04:00;48.47999954223633;47.972885
2022-04-08 00:00:00-04:00;48.970001220703125;48.386826
2022-04-11 00:00:00-04:00;47.720001220703125;48.80442
2022-04-12 00:00:00-04:00;48.0;47.62009
2022-04-13 00:00:00-04:00;49.43000030517578;47.818214
2022-04-14 00:00:00-04:00;49.189998626708984;49.146843
2022-04-18 00:00:00-04:00;50.77000045776367;48.883472
2022-04-19 00:00:00-04:00;50.63999938964844;50.25464
2022-04-20 00:00:00-04:00;49.900001525878906;50.17366
2022-04-21 00:00:00-04:00;44.95000076293945;49.465263
2022-04-22 00:00:00-04:00;41.90999984741211;45.121845
2022-04-25 00:00:00-04:00;41.650001525878906;42.296734
2022-04-26 00:00:00-04:00;40.18000030517578;41.983047
2022-04-27 00:00:00-04:00;41.689998626708984;40.680656
2022-04-28 00:00:00-04:00;41.84000015258789;41.76297
2022-04-29 00:00:00-04:00;40.54999923706055;41.98304
2022-05-02 00:00:00-04:00;40.18000030517578;40.724022
2022-05-03 00:00:00-04:00;40.150001525878906;40.227715
2022-05-04 00:00:00-04:00;41.29999923706055;40.170727
2022-05-05 00:00:00-04:00;39.63999938964844;41.11865
2022-05-06 00:00:00-04:00;37.880001068115234;39.701527
2022-05-09 00:00:00-04:00;35.52000045776367;37.94501
2022-05-10 00:00:00-04:00;36.06999969482422;35.79395
2022-05-11 00:00:00-04:00;35.90999984741211;36.018063
2022-05-12 00:00:00-04:00;34.34000015258789;36.00573
2022-05-13 00:00:00-04:00;35.040000915527344;34.588776
2022-05-16 00:00:00-04:00;35.150001525878906;34.926956
2022-05-17 00:00:00-04:00;37.63999938964844;35.14756
2022-05-18 00:00:00-04:00;35.34000015258789;37.238903
2022-05-19 00:00:00-04:00;36.720001220703125;35.50545
2022-05-20 00:00:00-04:00;36.310001373291016;36.268665
2022-05-23 00:00:00-04:00;38.349998474121094;36.164524
2022-05-24 00:00:00-04:00;37.47999954223633;37.823147
2022-05-25 00:00:00-04:00;37.83000183105469;37.290306
2022-05-26 00:00:00-04:00;38.4900016784668;37.41903
2022-05-27 00:00:00-04:00;39.650001525878906;38.083107
2022-05-31 00:00:00-04:00;39.08000183105469;39.17659
2022-06-01 00:00:00-04:00;39.63999938964844;38.78218
2022-06-02 00:00:00-04:00;41.720001220703125;39.198215
2022-06-03 00:00:00-04:00;41.33000183105469;41.14589
2022-06-06 00:00:00-04:00;42.779998779296875;40.98348
2022-06-07 00:00:00-04:00;43.38999938964844;42.180428
2022-06-08 00:00:00-04:00;42.20000076293945;42.903763
2022-06-09 00:00:00-04:00;40.52000045776367;41.89371
2022-06-10 00:00:00-04:00;40.209999084472656;40.38471
2022-06-13 00:00:00-04:00;37.16999816894531;40.08478
2022-06-14 00:00:00-04:00;36.81999969482422;37.54132
2022-06-15 00:00:00-04:00;36.900001525878906;36.927002
2022-06-16 00:00:00-04:00;34.869998931884766;37.072086
2022-06-17 00:00:00-04:00;33.81999969482422;35.358242
2022-06-21 00:00:00-04:00;34.029998779296875;34.16638
2022-06-22 00:00:00-04:00;31.31999969482422;34.24298
2022-06-23 00:00:00-04:00;29.56999969482422;32.025967
2022-06-24 00:00:00-04:00;30.989999771118164;30.1026
2022-06-27 00:00:00-04:00;31.020000457763672;31.021803
2022-06-28 00:00:00-04:00;30.780000686645508;31.326166
2022-06-29 00:00:00-04:00;30.290000915527344;31.010777
2022-06-30 00:00:00-04:00;29.260000228881836;30.456926
2022-07-01 00:00:00-04:00;29.200000762939453;29.471773
2022-07-05 00:00:00-04:00;27.260000228881836;29.21141
2022-07-06 00:00:00-04:00;27.3799991607666;27.620659
2022-07-07 00:00:00-04:00;29.219999313354492;27.333181
2022-07-08 00:00:00-04:00;28.0;28.904955
2022-07-11 00:00:00-04:00;26.90999984741211;28.233583
2022-07-12 00:00:00-04:00;26.299999237060547;27.011824
2022-07-13 00:00:00-04:00;26.440000534057617;26.29289
2022-07-14 00:00:00-04:00;25.09000015258789;26.340536
2022-07-15 00:00:00-04:00;25.81999969482422;25.323265
2022-07-18 00:00:00-04:00;27.420000076293945;25.630623
2022-07-19 00:00:00-04:00;28.5;27.109646
2022-07-20 00:00:00-04:00;28.56999969482422;28.283165
2022-07-21 00:00:00-04:00;28.90999984741211;28.423866
2022-07-22 00:00:00-04:00;27.760000228881836;28.609972
2022-07-25 00:00:00-04:00;28.290000915527344;27.700603
2022-07-26 00:00:00-04:00;27.93000030517578;27.91477
2022-07-27 00:00:00-04:00;29.290000915527344;27.772512
2022-07-28 00:00:00-04:00;29.829999923706055;28.843134
2022-07-29 00:00:00-04:00;31.549999237060547;29.550919
2022-08-01 00:00:00-04:00;29.979999542236328;31.038631
2022-08-02 00:00:00-04:00;29.329999923706055;29.98357
2022-08-03 00:00:00-04:00;28.690000534057617;29.13185
2022-08-04 00:00:00-04:00;28.760000228881836;28.56745
2022-08-05 00:00:00-04:00;30.270000457763672;28.602976
2022-08-08 00:00:00-04:00;30.6200008392334;29.92964
2022-08-09 00:00:00-04:00;30.049999237060547;30.500628
2022-08-10 00:00:00-04:00;31.399999618530273;30.027794
2022-08-11 00:00:00-04:00;31.670000076293945;31.025154
2022-08-12 00:00:00-04:00;31.6200008392334;31.502048
2022-08-15 00:00:00-04:00;30.5;31.460314
2022-08-16 00:00:00-04:00;31.38999938964844;30.499502
2022-08-17 00:00:00-04:00;30.25;31.072748
2022-08-18 00:00:00-04:00;31.229999542236328;30.338985
2022-08-19 00:00:00-04:00;30.450000762939453;30.955952
2022-08-22 00:00:00-04:00;29.86000061035156;30.5109
2022-08-23 00:00:00-04:00;31.790000915527344;29.880316
2022-08-24 00:00:00-04:00;31.31999969482422;31.411196
2022-08-25 00:00:00-04:00;33.22999954223633;31.367855
2022-08-26 00:00:00-04:00;32.189998626708984;32.8146
2022-08-29 00:00:00-04:00;31.5;32.212383
2022-08-30 00:00:00-04:00;29.760000228881836;31.408552
2022-08-31 00:00:00-04:00;29.600000381469727;29.893887
2022-09-01 00:00:00-04:00;28.09000015258789;29.528545
2022-09-02 00:00:00-04:00;28.299999237060547;28.35795
2022-09-06 00:00:00-04:00;28.1200008392334;28.294931
2022-09-07 00:00:00-04:00;28.3799991607666;28.245857
2022-09-08 00:00:00-04:00;30.6200008392334;28.435377
2022-09-09 00:00:00-04:00;32.16999816894531;30.317478
2022-09-12 00:00:00-04:00;32.16999816894531;31.949144
2022-09-13 00:00:00-04:00;31.049999237060547;32.04204
2022-09-14 00:00:00-04:00;30.030000686645508;30.97994
2022-09-15 00:00:00-04:00;29.780000686645508;29.936823
2022-09-16 00:00:00-04:00;29.329999923706055;29.618061
2022-09-19 00:00:00-04:00;30.489999771118164;29.274632
2022-09-20 00:00:00-04:00;29.719999313354492;30.189875
2022-09-21 00:00:00-04:00;28.100000381469727;29.77672
2022-09-22 00:00:00-04:00;28.350000381469727;28.285534
2022-09-23 00:00:00-04:00;26.68000030517578;28.215866
2022-09-26 00:00:00-04:00;26.5;26.997032
2022-09-27 00:00:00-04:00;26.8700008392334;26.5596
2022-09-28 00:00:00-04:00;27.86000061035156;26.87703
2022-09-29 00:00:00-04:00;28.170000076293945;27.786676
2022-09-30 00:00:00-04:00;27.329999923706055;28.19012
2022-10-03 00:00:00-04:00;29.34000015258789;27.480219
2022-10-04 00:00:00-04:00;30.780000686645508;28.910177
2022-10-05 00:00:00-04:00;30.510000228881836;30.46721
2022-10-06 00:00:00-04:00;29.81999969482422;30.381994
2022-10-07 00:00:00-04:00;28.950000762939453;29.649698
2022-10-10 00:00:00-04:00;29.260000228881836;28.810495
2022-10-11 00:00:00-04:00;29.18000030517578;28.96631
2022-10-12 00:00:00-04:00;28.84000015258789;29.023743
2022-10-13 00:00:00-04:00;29.36000061035156;28.750042
2022-10-14 00:00:00-04:00;27.63999938964844;29.130781
2022-10-17 00:00:00-04:00;28.81999969482422;27.851818
2022-10-18 00:00:00-04:00;28.489999771118164;28.503864
2022-10-19 00:00:00-04:00;28.36000061035156;28.518774
2022-10-20 00:00:00-04:00;29.1200008392334;28.34331
2022-10-21 00:00:00-04:00;32.029998779296875;28.931562
2022-10-24 00:00:00-04:00;31.049999237060547;31.500992
2022-10-25 00:00:00-04:00;31.670000076293945;31.104153
2022-10-26 00:00:00-04:00;33.34000015258789;31.311607
2022-10-27 00:00:00-04:00;32.7400016784668;32.820328
2022-10-28 00:00:00-04:00;32.20000076293945;32.56605
2022-10-31 00:00:00-04:00;31.690000534057617;31.958132
2022-11-01 00:00:00-04:00;32.900001525878906;31.485064
2022-11-02 00:00:00-04:00;31.010000228881836;32.49159
2022-11-03 00:00:00-04:00;31.559999465942383;31.158863
2022-11-04 00:00:00-04:00;35.189998626708984;31.297062
2022-11-07 00:00:00-05:00;34.45000076293945;34.55673
2022-11-08 00:00:00-05:00;35.459999084472656;34.43918
2022-11-09 00:00:00-05:00;34.029998779296875;35.029106
2022-11-10 00:00:00-05:00;36.75;33.976604
2022-11-11 00:00:00-05:00;38.040000915527344;36.1153
2022-11-14 00:00:00-05:00;37.88999938964844;37.640507
2022-11-15 00:00:00-05:00;38.09000015258789;37.550365
2022-11-16 00:00:00-05:00;37.380001068115234;37.669117
2022-11-17 00:00:00-05:00;36.36000061035156;37.145267
2022-11-18 00:00:00-05:00;36.34000015258789;36.23795
2022-11-21 00:00:00-05:00;36.130001068115234;36.168102
2022-11-22 00:00:00-05:00;37.86000061035156;36.064667
2022-11-23 00:00:00-05:00;38.040000915527344;37.55115
2022-11-25 00:00:00-05:00;37.150001525878906;37.915085
2022-11-28 00:00:00-05:00;36.189998626708984;37.101746
2022-11-29 00:00:00-05:00;37.5099983215332;36.18533
2022-11-30 00:00:00-05:00;39.79999923706055;37.263203
2022-12-01 00:00:00-05:00;39.56999969482422;39.4476
2022-12-02 00:00:00-05:00;40.220001220703125;39.39046
2022-12-05 00:00:00-05:00;38.86000061035156;39.830524
2022-12-06 00:00:00-05:00;38.459999084472656;38.752644
2022-12-07 00:00:00-05:00;38.54999923706055;38.28027
2022-12-08 00:00:00-05:00;39.86000061035156;38.390472
2022-12-09 00:00:00-05:00;38.59000015258789;39.56536
2022-12-12 00:00:00-05:00;38.880001068115234;38.582752
2022-12-13 00:00:00-05:00;39.2599983215332;38.658848
2022-12-14 00:00:00-05:00;39.43000030517578;39.087486
2022-12-15 00:00:00-05:00;38.150001525878906;39.26795
2022-12-16 00:00:00-05:00;38.36000061035156;38.157406
2022-12-19 00:00:00-05:00;37.36000061035156;38.20593
2022-12-20 00:00:00-05:00;37.79999923706055;37.42769
2022-12-21 00:00:00-05:00;38.45000076293945;37.68209
2022-12-22 00:00:00-05:00;37.66999816894531;38.317486
2022-12-23 00:00:00-05:00;38.099998474121094;37.681583
2022-12-27 00:00:00-05:00;38.880001068115234;37.92342
2022-12-28 00:00:00-05:00;37.880001068115234;38.670998
2022-12-29 00:00:00-05:00;38.310001373291016;37.860405
2022-12-30 00:00:00-05:00;38.0;38.079765
2023-01-03 00:00:00-05:00;37.91999816894531;37.899788
2023-01-04 00:00:00-05:00;39.0;37.77878
2023-01-05 00:00:00-05:00;39.84000015258789;38.7089
2023-01-06 00:00:00-05:00;42.279998779296875;39.54875
2023-01-09 00:00:00-05:00;42.83000183105469;41.718597
2023-01-10 00:00:00-05:00;44.709999084472656;42.357082
2023-01-11 00:00:00-05:00;45.31999969482422;43.991486
2023-01-12 00:00:00-05:00;45.099998474121094;44.67869
2023-01-13 00:00:00-05:00;45.04999923706055;44.507378
2023-01-17 00:00:00-05:00;44.150001525878906;44.52002
2023-01-18 00:00:00-05:00;43.91999816894531;43.811428
2023-01-19 00:00:00-05:00;44.13999938964844;43.61869
2023-01-20 00:00:00-05:00;45.40999984741211;43.880478
2023-01-23 00:00:00-05:00;44.95000076293945;45.0577
