Date;IDXX;close_predicted
2016-12-07 00:00:00-05:00;118.0199966430664;117.34018
2016-12-08 00:00:00-05:00;118.79000091552734;118.030945
2016-12-09 00:00:00-05:00;118.23999786376952;119.056145
2016-12-12 00:00:00-05:00;120.29000091552734;119.74716
2016-12-13 00:00:00-05:00;120.83000183105467;120.58012
2016-12-14 00:00:00-05:00;119.7699966430664;121.37979
2016-12-15 00:00:00-05:00;119.91000366210938;121.69943
2016-12-16 00:00:00-05:00;119.43000030517578;121.78758
2016-12-19 00:00:00-05:00;119.02999877929688;121.67139
2016-12-20 00:00:00-05:00;118.4000015258789;121.43491
2016-12-21 00:00:00-05:00;119.55999755859376;121.08139
2016-12-22 00:00:00-05:00;119.08999633789062;121.07528
2016-12-23 00:00:00-05:00;119.87999725341795;121.10675
2016-12-27 00:00:00-05:00;119.75;121.331406
2016-12-28 00:00:00-05:00;117.75;121.5346
2016-12-29 00:00:00-05:00;118.08000183105467;121.16971
2016-12-30 00:00:00-05:00;117.2699966430664;120.741104
2017-01-03 00:00:00-05:00;117.5999984741211;120.210266
2017-01-04 00:00:00-05:00;115.9499969482422;119.86399
2017-01-05 00:00:00-05:00;115.95999908447266;119.27763
2017-01-06 00:00:00-05:00;118.36000061035156;118.736565
2017-01-09 00:00:00-05:00;119.0199966430664;118.94196
2017-01-10 00:00:00-05:00;120.70999908447266;119.55408
2017-01-11 00:00:00-05:00;121.12000274658205;120.56029
2017-01-12 00:00:00-05:00;120.63999938964844;121.53811
2017-01-13 00:00:00-05:00;120.8000030517578;122.11014
2017-01-17 00:00:00-05:00;120.01000213623048;122.406586
2017-01-18 00:00:00-05:00;118.9000015258789;122.34253
2017-01-19 00:00:00-05:00;120.27999877929688;121.90566
2017-01-20 00:00:00-05:00;118.87999725341795;121.8043
2017-01-23 00:00:00-05:00;117.73999786376952;121.55252
2017-01-24 00:00:00-05:00;118.51000213623048;121.0279
2017-01-25 00:00:00-05:00;121.4000015258789;120.71921
2017-01-26 00:00:00-05:00;119.61000061035156;121.297356
2017-01-27 00:00:00-05:00;121.66000366210938;121.63771
2017-01-30 00:00:00-05:00;120.5;122.26318
2017-01-31 00:00:00-05:00;122.33000183105467;122.54339
2017-02-01 00:00:00-05:00;122.8000030517578;123.050964
2017-02-02 00:00:00-05:00;139.07000732421875;123.645584
2017-02-03 00:00:00-05:00;142.02000427246094;128.15047
2017-02-06 00:00:00-05:00;142.00999450683594;133.81123
2017-02-07 00:00:00-05:00;143.1300048828125;138.36353
2017-02-08 00:00:00-05:00;141.11000061035156;141.49637
2017-02-09 00:00:00-05:00;142.11000061035156;142.7956
2017-02-10 00:00:00-05:00;141.8300018310547;143.39178
2017-02-13 00:00:00-05:00;141.6999969482422;143.65143
2017-02-14 00:00:00-05:00;141.60000610351562;143.81949
2017-02-15 00:00:00-05:00;141.74000549316406;143.98044
2017-02-16 00:00:00-05:00;141.9499969482422;144.18573
2017-02-17 00:00:00-05:00;142.22999572753906;144.42949
2017-02-21 00:00:00-05:00;142.39999389648438;144.69508
2017-02-22 00:00:00-05:00;142.25;144.9318
2017-02-23 00:00:00-05:00;143.02000427246094;145.04366
2017-02-24 00:00:00-05:00;143.05999755859375;145.2514
2017-02-27 00:00:00-05:00;143.61000061035156;145.44476
2017-02-28 00:00:00-05:00;144.94000244140625;145.70583
2017-03-01 00:00:00-05:00;147.00999450683594;146.24419
2017-03-02 00:00:00-05:00;146.10000610351562;147.2548
2017-03-03 00:00:00-05:00;147.1300048828125;147.95685
2017-03-06 00:00:00-05:00;147.0800018310547;148.58716
2017-03-07 00:00:00-05:00;147.02999877929688;149.01724
2017-03-08 00:00:00-05:00;146.8800048828125;149.25682
2017-03-09 00:00:00-05:00;149.41000366210938;149.34163
2017-03-10 00:00:00-05:00;150.27999877929688;149.98613
2017-03-13 00:00:00-04:00;151.60000610351562;150.92242
2017-03-14 00:00:00-04:00;151.2100067138672;152.0535
2017-03-15 00:00:00-04:00;153.67999267578125;152.86446
2017-03-16 00:00:00-04:00;151.6199951171875;153.938
2017-03-17 00:00:00-04:00;151.9499969482422;154.34875
2017-03-20 00:00:00-04:00;151.5399932861328;154.48056
2017-03-21 00:00:00-04:00;150.11000061035156;154.40034
2017-03-22 00:00:00-04:00;152.8800048828125;153.94147
2017-03-23 00:00:00-04:00;152.88999938964844;154.15714
2017-03-24 00:00:00-04:00;153.74000549316406;154.61478
2017-03-27 00:00:00-04:00;153.9600067138672;155.24913
2017-03-28 00:00:00-04:00;153.80999755859375;155.82489
2017-03-29 00:00:00-04:00;154.72000122070312;156.17516
2017-03-30 00:00:00-04:00;154.52000427246094;156.563
2017-03-31 00:00:00-04:00;154.61000061035156;156.82532
2017-04-03 00:00:00-04:00;155.27999877929688;157.00023
2017-04-04 00:00:00-04:00;155.1199951171875;157.2707
2017-04-05 00:00:00-04:00;154.72000122070312;157.48209
2017-04-06 00:00:00-04:00;154.55999755859375;157.52289
2017-04-07 00:00:00-04:00;155.47999572753906;157.45172
2017-04-10 00:00:00-04:00;154.5800018310547;157.58917
2017-04-11 00:00:00-04:00;154.69000244140625;157.56308
2017-04-12 00:00:00-04:00;154.1999969482422;157.50348
2017-04-13 00:00:00-04:00;153.60000610351562;157.32797
2017-04-17 00:00:00-04:00;155.27999877929688;157.00642
2017-04-18 00:00:00-04:00;155.67999267578125;157.12402
2017-04-19 00:00:00-04:00;157.0800018310547;157.48819
2017-04-20 00:00:00-04:00;159.52000427246094;158.18561
2017-04-21 00:00:00-04:00;159.1199951171875;159.41478
2017-04-24 00:00:00-04:00;161.8699951171875;160.42012
2017-04-25 00:00:00-04:00;162.42999267578125;161.72734
2017-04-26 00:00:00-04:00;162.82000732421875;162.9556
2017-04-27 00:00:00-04:00;162.75999450683594;163.93561
2017-04-28 00:00:00-04:00;167.72999572753906;164.56682
2017-05-01 00:00:00-04:00;163.72999572753906;166.14316
2017-05-02 00:00:00-04:00;163.72999572753906;166.74872
2017-05-03 00:00:00-04:00;160.27999877929688;166.8187
2017-05-04 00:00:00-04:00;160.4600067138672;165.85538
2017-05-05 00:00:00-04:00;162.47000122070312;164.82585
2017-05-08 00:00:00-04:00;161.66000366210938;164.58975
2017-05-09 00:00:00-04:00;162.05999755859375;164.56514
2017-05-10 00:00:00-04:00;163.00999450683594;164.71013
2017-05-11 00:00:00-04:00;163.1699981689453;165.08609
2017-05-12 00:00:00-04:00;163.22000122070312;165.46556
2017-05-15 00:00:00-04:00;164.47999572753906;165.73311
2017-05-16 00:00:00-04:00;164.72000122070312;166.179
2017-05-17 00:00:00-04:00;161.0399932861328;166.63579
2017-05-18 00:00:00-04:00;161.58999633789062;166.07678
2017-05-19 00:00:00-04:00;161.6300048828125;165.39565
2017-05-22 00:00:00-04:00;162.97000122070312;164.88757
2017-05-23 00:00:00-04:00;164.1999969482422;164.93393
2017-05-24 00:00:00-04:00;164.60000610351562;165.4932
2017-05-25 00:00:00-04:00;167.39999389648438;166.18701
2017-05-26 00:00:00-04:00;167.55999755859375;167.40546
2017-05-30 00:00:00-04:00;167.92999267578125;168.53178
2017-05-31 00:00:00-04:00;168.38999938964844;169.39723
2017-06-01 00:00:00-04:00;168.25;170.04614
2017-06-02 00:00:00-04:00;169.86000061035156;170.42763
2017-06-05 00:00:00-04:00;169.99000549316406;171.02837
2017-06-06 00:00:00-04:00;170.8800048828125;171.62706
2017-06-07 00:00:00-04:00;171.94000244140625;172.30737
2017-06-08 00:00:00-04:00;171.33999633789062;173.11746
2017-06-09 00:00:00-04:00;164.55999755859375;173.63362
2017-06-12 00:00:00-04:00;158.22000122070312;172.25636
2017-06-13 00:00:00-04:00;161.3000030517578;168.96292
2017-06-14 00:00:00-04:00;160.6300048828125;166.58238
2017-06-15 00:00:00-04:00;160.57000732421875;165.11273
2017-06-16 00:00:00-04:00;160.7100067138672;164.37805
2017-06-19 00:00:00-04:00;164.3800048828125;164.09978
2017-06-20 00:00:00-04:00;166.02000427246094;164.88657
2017-06-21 00:00:00-04:00;166.61000061035156;166.21106
2017-06-22 00:00:00-04:00;166.52000427246094;167.4618
2017-06-23 00:00:00-04:00;167.35000610351562;168.2708
2017-06-26 00:00:00-04:00;165.97000122070312;168.87433
2017-06-27 00:00:00-04:00;162.44000244140625;168.92096
2017-06-28 00:00:00-04:00;164.64999389648438;167.90828
2017-06-29 00:00:00-04:00;160.5399932861328;167.32686
2017-06-30 00:00:00-04:00;161.4199981689453;166.13184
2017-07-03 00:00:00-04:00;159.32000732421875;165.24448
2017-07-05 00:00:00-04:00;161.3800048828125;164.21974
2017-07-06 00:00:00-04:00;159.25999450683594;163.90439
2017-07-07 00:00:00-04:00;161.42999267578125;163.42154
2017-07-10 00:00:00-04:00;161.50999450683594;163.48763
2017-07-11 00:00:00-04:00;161.72000122070312;163.74504
2017-07-12 00:00:00-04:00;164.6300048828125;164.02551
2017-07-13 00:00:00-04:00;163.58999633789062;164.92345
2017-07-14 00:00:00-04:00;166.5;165.56297
2017-07-17 00:00:00-04:00;166.02999877929688;166.6231
2017-07-18 00:00:00-04:00;165.52999877929688;167.4612
2017-07-19 00:00:00-04:00;167.77999877929688;167.87196
2017-07-20 00:00:00-04:00;167.2899932861328;168.57333
2017-07-21 00:00:00-04:00;166.6199951171875;169.12311
2017-07-24 00:00:00-04:00;170.17999267578125;169.3283
2017-07-25 00:00:00-04:00;166.5500030517578;170.23552
2017-07-26 00:00:00-04:00;166.8300018310547;170.32901
2017-07-27 00:00:00-04:00;164.39999389648438;170.1464
2017-07-28 00:00:00-04:00;167.52000427246094;169.33612
2017-07-31 00:00:00-04:00;166.4600067138672;169.27814
2017-08-01 00:00:00-04:00;154.67999267578125;169.30844
2017-08-02 00:00:00-04:00;151.2100067138672;166.48601
2017-08-03 00:00:00-04:00;154.08999633789062;162.39725
2017-08-04 00:00:00-04:00;152.60000610351562;159.62866
2017-08-07 00:00:00-04:00;155.49000549316406;157.80354
2017-08-08 00:00:00-04:00;154.77000427246094;157.49796
2017-08-09 00:00:00-04:00;154.50999450683594;157.6084
2017-08-10 00:00:00-04:00;151.05999755859375;157.66287
2017-08-11 00:00:00-04:00;153.02000427246094;156.73186
2017-08-14 00:00:00-04:00;155.32000732421875;156.0686
2017-08-15 00:00:00-04:00;154.6699981689453;156.24698
2017-08-16 00:00:00-04:00;155.2100067138672;156.55211
2017-08-17 00:00:00-04:00;151.89999389648438;156.93233
2017-08-18 00:00:00-04:00;150.44000244140625;156.41429
2017-08-21 00:00:00-04:00;150.41000366210938;155.30855
2017-08-22 00:00:00-04:00;152.82000732421875;154.27753
2017-08-23 00:00:00-04:00;153.61000061035156;154.1746
2017-08-24 00:00:00-04:00;152.57000732421875;154.6814
2017-08-25 00:00:00-04:00;151.0800018310547;155.02011
2017-08-28 00:00:00-04:00;150.44000244140625;154.7995
2017-08-29 00:00:00-04:00;150.32000732421875;154.23932
2017-08-30 00:00:00-04:00;152.7100067138672;153.6718
2017-08-31 00:00:00-04:00;155.42999267578125;153.85545
2017-09-01 00:00:00-04:00;154.97999572753906;154.97029
2017-09-05 00:00:00-04:00;155.80999755859375;156.038
2017-09-06 00:00:00-04:00;156.8699951171875;156.97224
2017-09-07 00:00:00-04:00;157.9499969482422;157.8536
2017-09-08 00:00:00-04:00;157.49000549316406;158.75682
2017-09-11 00:00:00-04:00;160.22999572753906;159.34042
2017-09-12 00:00:00-04:00;158.97999572753906;160.33804
2017-09-13 00:00:00-04:00;159.0;160.96823
2017-09-14 00:00:00-04:00;158.8000030517578;161.30986
2017-09-15 00:00:00-04:00;158.97000122070312;161.42621
2017-09-18 00:00:00-04:00;162.10000610351562;161.49669
2017-09-19 00:00:00-04:00;160.52999877929688;162.32599
2017-09-20 00:00:00-04:00;158.47999572753906;162.8772
2017-09-21 00:00:00-04:00;155.75999450683594;162.66156
2017-09-22 00:00:00-04:00;157.5;161.53293
2017-09-25 00:00:00-04:00;154.52000427246094;160.78572
2017-09-26 00:00:00-04:00;153.24000549316406;159.69887
2017-09-27 00:00:00-04:00;156.4499969482422;158.45183
2017-09-28 00:00:00-04:00;154.3699951171875;158.24898
2017-09-29 00:00:00-04:00;155.49000549316406;157.99805
2017-10-02 00:00:00-04:00;157.1699981689453;158.01732
2017-10-03 00:00:00-04:00;154.39999389648438;158.5106
2017-10-04 00:00:00-04:00;157.41000366210938;158.35197
2017-10-05 00:00:00-04:00;158.11000061035156;158.67618
2017-10-06 00:00:00-04:00;158.97000122070312;159.28131
2017-10-09 00:00:00-04:00;158.2899932861328;160.04436
2017-10-10 00:00:00-04:00;157.3300018310547;160.49565
2017-10-11 00:00:00-04:00;158.0800018310547;160.46696
2017-10-12 00:00:00-04:00;161.75999450683594;160.45383
2017-10-13 00:00:00-04:00;159.60000610351562;161.38301
2017-10-16 00:00:00-04:00;158.5500030517578;161.94075
2017-10-17 00:00:00-04:00;160.0;161.9364
2017-10-18 00:00:00-04:00;163.0500030517578;162.06958
2017-10-19 00:00:00-04:00;161.5800018310547;162.9966
2017-10-20 00:00:00-04:00;164.7100067138672;163.65526
2017-10-23 00:00:00-04:00;164.42999267578125;164.7881
2017-10-24 00:00:00-04:00;162.6999969482422;165.7485
2017-10-25 00:00:00-04:00;162.0399932861328;165.96402
2017-10-26 00:00:00-04:00;164.25;165.67703
2017-10-27 00:00:00-04:00;168.3699951171875;165.843
2017-10-30 00:00:00-04:00;164.41000366210938;167.19687
2017-10-31 00:00:00-04:00;166.1699981689453;167.715
2017-11-01 00:00:00-04:00;159.24000549316406;168.16667
2017-11-02 00:00:00-04:00;151.8300018310547;166.79208
2017-11-03 00:00:00-04:00;155.49000549316406;163.25859
2017-11-06 00:00:00-05:00;151.49000549316406;160.73648
2017-11-07 00:00:00-05:00;150.0800018310547;158.39009
2017-11-08 00:00:00-05:00;150.07000732421875;156.379
2017-11-09 00:00:00-05:00;150.19000244140625;154.97607
2017-11-10 00:00:00-05:00;147.67999267578125;154.14085
2017-11-13 00:00:00-05:00;147.7899932861328;153.04771
2017-11-14 00:00:00-05:00;149.5399932861328;152.07243
2017-11-15 00:00:00-05:00;151.39999389648438;151.76862
2017-11-16 00:00:00-05:00;154.0800018310547;152.22527
2017-11-17 00:00:00-05:00;154.8800048828125;153.47475
2017-11-20 00:00:00-05:00;155.39999389648438;154.85954
2017-11-21 00:00:00-05:00;155.58999633789062;156.01822
2017-11-22 00:00:00-05:00;154.05999755859375;156.81517
2017-11-24 00:00:00-05:00;154.80999755859375;156.9039
2017-11-27 00:00:00-05:00;155.42999267578125;156.91263
2017-11-28 00:00:00-05:00;155.02000427246094;157.10114
2017-11-29 00:00:00-05:00;154.0;157.26132
2017-11-30 00:00:00-05:00;156.41000366210938;157.14537
2017-12-01 00:00:00-05:00;155.0;157.5565
2017-12-04 00:00:00-05:00;159.3000030517578;157.7448
2017-12-05 00:00:00-05:00;159.77999877929688;158.8438
2017-12-06 00:00:00-05:00;159.99000549316406;160.14021
2017-12-07 00:00:00-05:00;159.77999877929688;161.20703
2017-12-08 00:00:00-05:00;160.57000732421875;161.83853
2017-12-11 00:00:00-05:00;159.6999969482422;162.33493
2017-12-12 00:00:00-05:00;159.27000427246094;162.46645
2017-12-13 00:00:00-05:00;158.1999969482422;162.3453
2017-12-14 00:00:00-05:00;155.25;161.92809
2017-12-15 00:00:00-05:00;156.60000610351562;160.81023
2017-12-18 00:00:00-05:00;157.3000030517578;160.05713
2017-12-19 00:00:00-05:00;157.38999938964844;159.84499
2017-12-20 00:00:00-05:00;158.67999267578125;159.9222
2017-12-21 00:00:00-05:00;157.27999877929688;160.37852
2017-12-22 00:00:00-05:00;157.64999389648438;160.48804
2017-12-26 00:00:00-05:00;157.07000732421875;160.48544
2017-12-27 00:00:00-05:00;156.69000244140625;160.28665
2017-12-28 00:00:00-05:00;158.7899932861328;159.96944
2017-12-29 00:00:00-05:00;156.3800048828125;160.20923
2018-01-02 00:00:00-05:00;157.80999755859375;160.02731
2018-01-03 00:00:00-05:00;162.0500030517578;160.06158
2018-01-04 00:00:00-05:00;163.9600067138672;161.21414
2018-01-05 00:00:00-05:00;166.60000610351562;162.97707
2018-01-08 00:00:00-05:00;165.0800018310547;165.13531
2018-01-09 00:00:00-05:00;165.72999572753906;166.48325
2018-01-10 00:00:00-05:00;166.13999938964844;167.30208
2018-01-11 00:00:00-05:00;171.50999450683594;167.83366
2018-01-12 00:00:00-05:00;173.24000549316406;169.48325
2018-01-16 00:00:00-05:00;176.10000610351562;171.62494
2018-01-17 00:00:00-05:00;179.36000061035156;174.10945
2018-01-18 00:00:00-05:00;179.0;176.87286
2018-01-19 00:00:00-05:00;180.6300048828125;178.94069
2018-01-22 00:00:00-05:00;180.9499969482422;180.60744
2018-01-23 00:00:00-05:00;182.22999572753903;181.81303
2018-01-24 00:00:00-05:00;184.0800018310547;182.90302
2018-01-25 00:00:00-05:00;185.72999572753903;184.18501
2018-01-26 00:00:00-05:00;187.02999877929688;185.667
2018-01-29 00:00:00-05:00;186.77999877929688;187.19208
2018-01-30 00:00:00-05:00;186.58999633789065;188.29604
2018-01-31 00:00:00-05:00;187.0399932861328;188.91977
2018-02-01 00:00:00-05:00;193.9499969482422;189.33476
2018-02-02 00:00:00-05:00;186.36000061035156;191.27757
2018-02-05 00:00:00-05:00;180.36000061035156;191.50594
2018-02-06 00:00:00-05:00;180.0500030517578;189.53409
2018-02-07 00:00:00-05:00;176.8300018310547;187.17801
2018-02-08 00:00:00-05:00;169.27999877929688;184.60262
2018-02-09 00:00:00-05:00;172.9499969482422;180.84398
2018-02-12 00:00:00-05:00;175.05999755859375;178.50179
2018-02-13 00:00:00-05:00;175.38999938964844;177.85077
2018-02-14 00:00:00-05:00;178.25999450683594;178.04356
2018-02-15 00:00:00-05:00;181.4499969482422;179.08101
2018-02-16 00:00:00-05:00;182.47999572753903;180.82422
2018-02-20 00:00:00-05:00;183.16000366210935;182.52985
2018-02-21 00:00:00-05:00;183.94000244140625;183.86105
2018-02-22 00:00:00-05:00;183.86000061035156;184.85892
2018-02-23 00:00:00-05:00;187.61000061035156;185.4657
2018-02-26 00:00:00-05:00;186.08999633789065;186.71747
2018-02-27 00:00:00-05:00;187.97999572753903;187.5842
2018-02-28 00:00:00-05:00;187.22999572753903;188.56349
2018-03-01 00:00:00-05:00;182.5099945068359;189.18855
2018-03-02 00:00:00-05:00;185.77000427246097;188.40247
2018-03-05 00:00:00-05:00;191.13999938964844;188.09966
2018-03-06 00:00:00-05:00;190.58999633789065;189.44041
2018-03-07 00:00:00-05:00;194.4199981689453;190.97087
2018-03-08 00:00:00-05:00;197.4499969482422;193.0636
2018-03-09 00:00:00-05:00;203.1699981689453;195.52571
2018-03-12 00:00:00-04:00;204.3500061035156;198.84189
2018-03-13 00:00:00-04:00;204.52999877929688;201.88858
2018-03-14 00:00:00-04:00;203.5800018310547;204.06151
2018-03-15 00:00:00-04:00;203.3699951171875;205.1239
2018-03-16 00:00:00-04:00;204.72999572753903;205.504
2018-03-19 00:00:00-04:00;199.05999755859375;205.9576
2018-03-20 00:00:00-04:00;200.72000122070312;205.06319
2018-03-21 00:00:00-04:00;200.22999572753903;204.35219
2018-03-22 00:00:00-04:00;193.8800048828125;203.86101
2018-03-23 00:00:00-04:00;190.30999755859375;202.09494
2018-03-26 00:00:00-04:00;197.3000030517578;199.43767
2018-03-27 00:00:00-04:00;190.8999938964844;198.8367
2018-03-28 00:00:00-04:00;188.7899932861328;197.67245
2018-03-29 00:00:00-04:00;191.38999938964844;196.01378
2018-04-02 00:00:00-04:00;186.6199951171875;195.16536
2018-04-03 00:00:00-04:00;188.7100067138672;193.66737
2018-04-04 00:00:00-04:00;190.8300018310547;192.75377
2018-04-05 00:00:00-04:00;190.8800048828125;192.78537
2018-04-06 00:00:00-04:00;185.55999755859375;193.14171
2018-04-09 00:00:00-04:00;187.1300048828125;192.17433
2018-04-10 00:00:00-04:00;193.2599945068359;191.266
2018-04-11 00:00:00-04:00;192.41000366210935;192.11066
2018-04-12 00:00:00-04:00;194.2100067138672;193.22072
2018-04-13 00:00:00-04:00;191.77999877929688;194.52856
2018-04-16 00:00:00-04:00;195.6199951171875;194.9407
2018-04-17 00:00:00-04:00;199.6199951171875;195.80714
2018-04-18 00:00:00-04:00;200.83999633789065;197.6212
2018-04-19 00:00:00-04:00;197.82000732421875;199.64348
2018-04-20 00:00:00-04:00;196.75;200.48041
2018-04-23 00:00:00-04:00;197.6300048828125;200.38368
2018-04-24 00:00:00-04:00;193.8500061035156;200.21954
2018-04-25 00:00:00-04:00;194.61000061035156;199.24348
2018-04-26 00:00:00-04:00;199.05999755859375;198.45192
2018-04-27 00:00:00-04:00;197.19000244140625;199.07185
2018-04-30 00:00:00-04:00;194.4900054931641;199.64937
2018-05-01 00:00:00-04:00;195.05999755859375;199.36697
2018-05-02 00:00:00-04:00;193.1699981689453;198.92795
2018-05-03 00:00:00-04:00;195.77999877929688;198.0933
2018-05-04 00:00:00-04:00;212.1999969482422;197.96558
2018-05-07 00:00:00-04:00;207.52999877929688;202.12967
2018-05-08 00:00:00-04:00;204.9600067138672;205.70612
2018-05-09 00:00:00-04:00;206.6199951171875;207.34935
2018-05-10 00:00:00-04:00;209.1000061035156;208.14493
2018-05-11 00:00:00-04:00;211.3800048828125;209.05743
2018-05-14 00:00:00-04:00;210.8800048828125;210.42209
2018-05-15 00:00:00-04:00;208.9199981689453;211.5581
2018-05-16 00:00:00-04:00;199.4199981689453;211.8797
2018-05-17 00:00:00-04:00;195.58999633789065;209.56546
2018-05-18 00:00:00-04:00;200.7599945068359;205.98149
2018-05-21 00:00:00-04:00;201.19000244140625;204.20763
2018-05-22 00:00:00-04:00;199.9900054931641;203.813
2018-05-23 00:00:00-04:00;204.16000366210935;203.74971
2018-05-24 00:00:00-04:00;202.3699951171875;204.74129
2018-05-25 00:00:00-04:00;203.6999969482422;205.35492
2018-05-29 00:00:00-04:00;205.25;205.88536
2018-05-30 00:00:00-04:00;209.0800018310547;206.56772
2018-05-31 00:00:00-04:00;208.2100067138672;208.03435
2018-06-01 00:00:00-04:00;215.36000061035156;209.20154
2018-06-04 00:00:00-04:00;218.80999755859375;211.648
2018-06-05 00:00:00-04:00;217.4499969482422;214.77579
2018-06-06 00:00:00-04:00;219.5099945068359;216.99535
2018-06-07 00:00:00-04:00;218.0399932861328;218.7602
2018-06-08 00:00:00-04:00;219.72000122070312;219.5774
2018-06-11 00:00:00-04:00;221.07000732421875;220.29356
2018-06-12 00:00:00-04:00;222.33999633789065;221.203
2018-06-13 00:00:00-04:00;222.5800018310547;222.33112
2018-06-14 00:00:00-04:00;226.0800018310547;223.35257
2018-06-15 00:00:00-04:00;227.8999938964844;224.92749
2018-06-18 00:00:00-04:00;226.25;226.75497
2018-06-19 00:00:00-04:00;225.3800048828125;227.80634
2018-06-20 00:00:00-04:00;224.97999572753903;228.07936
2018-06-21 00:00:00-04:00;221.91000366210935;227.9249
2018-06-22 00:00:00-04:00;222.8999938964844;226.9783
2018-06-25 00:00:00-04:00;217.4900054931641;226.27505
2018-06-26 00:00:00-04:00;217.33999633789065;224.61937
2018-06-27 00:00:00-04:00;212.7400054931641;223.02493
2018-06-28 00:00:00-04:00;217.47000122070312;220.8029
2018-06-29 00:00:00-04:00;217.94000244140625;220.05914
2018-07-02 00:00:00-04:00;221.27999877929688;220.1873
2018-07-03 00:00:00-04:00;218.82000732421875;221.34814
2018-07-05 00:00:00-04:00;221.83999633789065;221.91374
2018-07-06 00:00:00-04:00;225.52999877929688;222.72626
2018-07-09 00:00:00-04:00;229.5099945068359;224.25679
2018-07-10 00:00:00-04:00;234.1000061035156;226.58589
2018-07-11 00:00:00-04:00;234.16000366210935;229.67067
2018-07-12 00:00:00-04:00;237.4600067138672;232.20795
2018-07-13 00:00:00-04:00;238.1499938964844;234.6277
2018-07-16 00:00:00-04:00;237.9199981689453;236.55194
2018-07-17 00:00:00-04:00;239.7899932861328;237.77939
2018-07-18 00:00:00-04:00;239.1000061035156;238.93965
2018-07-19 00:00:00-04:00;242.82000732421875;239.69826
2018-07-20 00:00:00-04:00;248.13999938964844;241.06712
2018-07-23 00:00:00-04:00;248.5500030517578;243.63333
2018-07-24 00:00:00-04:00;248.07000732421875;246.09572
2018-07-25 00:00:00-04:00;251.1300048828125;247.73724
2018-07-26 00:00:00-04:00;247.97999572753903;249.35776
2018-07-27 00:00:00-04:00;241.27000427246097;249.84229
2018-07-30 00:00:00-04:00;237.7599945068359;248.2468
2018-07-31 00:00:00-04:00;244.92999267578125;245.54959
2018-08-01 00:00:00-04:00;236.1499938964844;244.97453
2018-08-02 00:00:00-04:00;240.8000030517578;243.39485
2018-08-03 00:00:00-04:00;242.63999938964844;242.94797
2018-08-06 00:00:00-04:00;242.91000366210935;243.46695
2018-08-07 00:00:00-04:00;245.52000427246097;244.21973
2018-08-08 00:00:00-04:00;246.22000122070312;245.38992
2018-08-09 00:00:00-04:00;244.6300048828125;246.49754
2018-08-10 00:00:00-04:00;243.52000427246097;246.85611
2018-08-13 00:00:00-04:00;240.57000732421875;246.55113
2018-08-14 00:00:00-04:00;243.3699951171875;245.40195
2018-08-15 00:00:00-04:00;241.57000732421875;244.94957
2018-08-16 00:00:00-04:00;243.2599945068359;244.51552
2018-08-17 00:00:00-04:00;243.5;244.62083
2018-08-20 00:00:00-04:00;242.47999572753903;244.95432
2018-08-21 00:00:00-04:00;242.52000427246097;245.01982
2018-08-22 00:00:00-04:00;245.88999938964844;244.94843
2018-08-23 00:00:00-04:00;245.97000122070312;245.63072
2018-08-24 00:00:00-04:00;249.5;246.43388
2018-08-27 00:00:00-04:00;251.33999633789065;247.88141
2018-08-28 00:00:00-04:00;251.6999969482422;249.59897
2018-08-29 00:00:00-04:00;254.4600067138672;251.01935
2018-08-30 00:00:00-04:00;253.47999572753903;252.58363
2018-08-31 00:00:00-04:00;254.0399932861328;253.5663
2018-09-04 00:00:00-04:00;251.0;254.22508
2018-09-05 00:00:00-04:00;245.6499938964844;253.92041
2018-09-06 00:00:00-04:00;244.2599945068359;252.13843
2018-09-07 00:00:00-04:00;242.5500030517578;250.0275
2018-09-10 00:00:00-04:00;246.11000061035156;248.05151
2018-09-11 00:00:00-04:00;242.42999267578125;247.56206
2018-09-12 00:00:00-04:00;245.6499938964844;246.9118
2018-09-13 00:00:00-04:00;249.2899932861328;247.0758
2018-09-14 00:00:00-04:00;247.94000244140625;248.2994
2018-09-17 00:00:00-04:00;242.94000244140625;249.20236
2018-09-18 00:00:00-04:00;245.22000122070312;248.4798
2018-09-19 00:00:00-04:00;240.8999938964844;247.83286
2018-09-20 00:00:00-04:00;242.02000427246097;246.40073
2018-09-21 00:00:00-04:00;241.1300048828125;245.35327
2018-09-24 00:00:00-04:00;242.7100067138672;244.55827
2018-09-25 00:00:00-04:00;245.83999633789065;244.45256
2018-09-26 00:00:00-04:00;244.38999938964844;245.35687
2018-09-27 00:00:00-04:00;248.67999267578125;246.01321
2018-09-28 00:00:00-04:00;249.66000366210935;247.34813
2018-10-01 00:00:00-04:00;248.9199981689453;248.77379
2018-10-02 00:00:00-04:00;242.3800048828125;249.645
2018-10-03 00:00:00-04:00;239.36000061035156;248.51997
2018-10-04 00:00:00-04:00;231.11000061035156;246.2573
2018-10-05 00:00:00-04:00;229.2400054931641;242.31183
2018-10-08 00:00:00-04:00;224.2899932861328;238.43803
2018-10-09 00:00:00-04:00;223.8999938964844;234.54828
2018-10-10 00:00:00-04:00;217.2100067138672;231.62709
2018-10-11 00:00:00-04:00;214.11000061035156;228.23329
2018-10-12 00:00:00-04:00;222.4199981689453;224.72505
2018-10-15 00:00:00-04:00;216.8999938964844;223.99042
2018-10-16 00:00:00-04:00;225.7899932861328;223.10178
2018-10-17 00:00:00-04:00;228.4900054931641;224.34103
2018-10-18 00:00:00-04:00;224.3300018310547;226.5662
2018-10-19 00:00:00-04:00;218.3999938964844;227.42802
2018-10-22 00:00:00-04:00;219.77999877929688;226.00241
2018-10-23 00:00:00-04:00;218.1199951171875;224.3919
2018-10-24 00:00:00-04:00;206.9499969482422;222.82805
2018-10-25 00:00:00-04:00;210.77999877929688;219.10736
2018-10-26 00:00:00-04:00;203.4499969482422;216.49376
2018-10-29 00:00:00-04:00;203.91000366210935;213.31107
2018-10-30 00:00:00-04:00;210.22000122070312;210.85263
2018-10-31 00:00:00-04:00;212.1199951171875;210.81078
2018-11-01 00:00:00-04:00;205.05999755859375;212.10173
2018-11-02 00:00:00-04:00;204.91000366210935;211.72328
2018-11-05 00:00:00-05:00;201.4499969482422;210.61423
2018-11-06 00:00:00-05:00;202.27000427246097;208.64032
2018-11-07 00:00:00-05:00;209.7899932861328;207.06047
2018-11-08 00:00:00-05:00;209.6699981689453;207.89398
2018-11-09 00:00:00-05:00;207.1699981689453;209.41437
2018-11-12 00:00:00-05:00;198.82000732421875;210.11388
2018-11-13 00:00:00-05:00;198.83999633789065;208.22461
2018-11-14 00:00:00-05:00;196.69000244140625;205.82191
2018-11-15 00:00:00-05:00;200.57000732421875;203.41843
2018-11-16 00:00:00-05:00;201.3699951171875;202.65775
2018-11-19 00:00:00-05:00;193.52000427246097;202.95766
2018-11-20 00:00:00-05:00;192.16000366210935;201.64369
2018-11-21 00:00:00-05:00;193.4900054931641;199.63214
2018-11-23 00:00:00-05:00;192.6499938964844;198.18094
2018-11-26 00:00:00-05:00;196.6999969482422;197.1378
2018-11-27 00:00:00-05:00;194.3999938964844;197.48479
2018-11-28 00:00:00-05:00;202.41000366210935;197.68172
2018-11-29 00:00:00-05:00;201.1199951171875;199.62502
2018-11-30 00:00:00-05:00;203.7599945068359;201.37033
2018-12-03 00:00:00-05:00;206.36000061035156;203.14221
2018-12-04 00:00:00-05:00;196.8000030517578;205.05316
2018-12-06 00:00:00-05:00;199.69000244140625;204.21806
2018-12-07 00:00:00-05:00;190.0099945068359;203.2604
2018-12-10 00:00:00-05:00;196.0;200.29227
2018-12-11 00:00:00-05:00;196.47000122070312;198.85999
2018-12-12 00:00:00-05:00;199.72999572753903;198.62341
2018-12-13 00:00:00-05:00;194.97000122070312;199.70923
2018-12-14 00:00:00-05:00;190.27000427246097;199.8103
2018-12-17 00:00:00-05:00;183.7899932861328;198.27373
2018-12-18 00:00:00-05:00;187.57000732421875;194.90437
2018-12-19 00:00:00-05:00;183.8999938964844;192.64694
2018-12-20 00:00:00-05:00;185.0399932861328;190.59908
2018-12-21 00:00:00-05:00;184.94000244140625;189.43745
2018-12-24 00:00:00-05:00;176.17999267578125;188.856
2018-12-26 00:00:00-05:00;185.6000061035156;186.45123
2018-12-27 00:00:00-05:00;187.9499969482422;186.15681
2018-12-28 00:00:00-05:00;185.8800048828125;187.32643
2018-12-31 00:00:00-05:00;186.02000427246097;188.18596
2019-01-02 00:00:00-05:00;182.4600067138672;188.62883
2019-01-03 00:00:00-05:00;178.02000427246094;187.87933
2019-01-04 00:00:00-05:00;187.42999267578125;185.7821
2019-01-07 00:00:00-05:00;186.88999938964844;186.0352
2019-01-08 00:00:00-05:00;189.2899932861328;187.08975
2019-01-09 00:00:00-05:00;192.22000122070312;188.73761
2019-01-10 00:00:00-05:00;192.72000122070312;190.8411
2019-01-11 00:00:00-05:00;192.91000366210935;192.64642
2019-01-14 00:00:00-05:00;189.7899932861328;193.88225
2019-01-15 00:00:00-05:00;196.0099945068359;193.83206
2019-01-16 00:00:00-05:00;197.2400054931641;194.84944
2019-01-17 00:00:00-05:00;196.8999938964844;196.40167
2019-01-18 00:00:00-05:00;200.8699951171875;197.70796
2019-01-22 00:00:00-05:00;201.30999755859375;199.54199
2019-01-23 00:00:00-05:00;201.63999938964844;201.22481
2019-01-24 00:00:00-05:00;206.16000366210935;202.49725
2019-01-25 00:00:00-05:00;208.8500061035156;204.3893
2019-01-28 00:00:00-05:00;205.6999969482422;206.71289
2019-01-29 00:00:00-05:00;204.2899932861328;207.8551
2019-01-30 00:00:00-05:00;207.67999267578125;207.91528
2019-01-31 00:00:00-05:00;212.77999877929688;208.41646
2019-02-01 00:00:00-05:00;205.3800048828125;210.2701
2019-02-04 00:00:00-05:00;203.16000366210935;210.42622
2019-02-05 00:00:00-05:00;207.97999572753903;209.34274
2019-02-06 00:00:00-05:00;208.8300018310547;209.26582
2019-02-07 00:00:00-05:00;206.80999755859375;209.8766
2019-02-08 00:00:00-05:00;207.7400054931641;210.11958
2019-02-11 00:00:00-05:00;206.63999938964844;210.35309
2019-02-12 00:00:00-05:00;209.5;210.24492
2019-02-13 00:00:00-05:00;210.38999938964844;210.71564
2019-02-14 00:00:00-05:00;206.94000244140625;211.5052
2019-02-15 00:00:00-05:00;210.2599945068359;211.36795
2019-02-19 00:00:00-05:00;211.32000732421875;211.68791
2019-02-20 00:00:00-05:00;211.44000244140625;212.37215
2019-02-21 00:00:00-05:00;205.9900054931641;213.04985
2019-02-22 00:00:00-05:00;209.17999267578125;212.22954
2019-02-25 00:00:00-05:00;210.1000061035156;211.81186
2019-02-26 00:00:00-05:00;207.7400054931641;211.9281
2019-02-27 00:00:00-05:00;208.97000122070312;211.67676
2019-02-28 00:00:00-05:00;211.02999877929688;211.63594
2019-03-01 00:00:00-05:00;215.92999267578125;212.18034
2019-03-04 00:00:00-05:00;213.41000366210935;213.97574
2019-03-05 00:00:00-05:00;210.8000030517578;215.14673
2019-03-06 00:00:00-05:00;207.80999755859375;215.09119
2019-03-07 00:00:00-05:00;203.88999938964844;213.85449
2019-03-08 00:00:00-05:00;201.7400054931641;211.59848
2019-03-11 00:00:00-04:00;204.72000122070312;209.10358
2019-03-12 00:00:00-04:00;205.97000122070312;207.96399
2019-03-13 00:00:00-04:00;209.88999938964844;207.98753
2019-03-14 00:00:00-04:00;210.8699951171875;209.35484
2019-03-15 00:00:00-04:00;216.2100067138672;211.02542
2019-03-18 00:00:00-04:00;215.7400054931641;213.54654
2019-03-19 00:00:00-04:00;218.3000030517578;215.53836
2019-03-20 00:00:00-04:00;219.27000427246097;217.35965
2019-03-21 00:00:00-04:00;225.69000244140625;218.86858
2019-03-22 00:00:00-04:00;219.42999267578125;221.43295
2019-03-25 00:00:00-04:00;219.2400054931641;222.2798
2019-03-26 00:00:00-04:00;220.0;222.22952
2019-03-27 00:00:00-04:00;218.83999633789065;222.11482
2019-03-28 00:00:00-04:00;220.55999755859375;221.83362
2019-03-29 00:00:00-04:00;223.6000061035156;222.04936
2019-04-01 00:00:00-04:00;225.1199951171875;223.17235
2019-04-02 00:00:00-04:00;224.9199981689453;224.71635
2019-04-03 00:00:00-04:00;227.5800018310547;225.9347
2019-04-04 00:00:00-04:00;225.92999267578125;227.30763
2019-04-05 00:00:00-04:00;227.77000427246097;227.97809
2019-04-08 00:00:00-04:00;227.75;228.64961
2019-04-09 00:00:00-04:00;224.77999877929688;229.17465
2019-04-10 00:00:00-04:00;224.52000427246097;228.83344
2019-04-11 00:00:00-04:00;223.7599945068359;228.22371
2019-04-12 00:00:00-04:00;225.32000732421875;227.54243
2019-04-15 00:00:00-04:00;225.22000122070312;227.42879
2019-04-16 00:00:00-04:00;222.1699981689453;227.55994
2019-04-17 00:00:00-04:00;215.52999877929688;227.01013
2019-04-18 00:00:00-04:00;218.4900054931641;224.73793
2019-04-22 00:00:00-04:00;221.58999633789065;223.11247
2019-04-23 00:00:00-04:00;224.4499969482422;222.95251
2019-04-24 00:00:00-04:00;224.5800018310547;224.08286
2019-04-25 00:00:00-04:00;227.6699981689453;225.37086
2019-04-26 00:00:00-04:00;232.47000122070312;227.01697
2019-04-29 00:00:00-04:00;230.67999267578125;229.43794
2019-04-30 00:00:00-04:00;232.0;231.0412
2019-05-01 00:00:00-04:00;234.05999755859375;232.19106
2019-05-02 00:00:00-04:00;242.33999633789065;233.37735
2019-05-03 00:00:00-04:00;250.47000122070312;236.28732
2019-05-06 00:00:00-04:00;251.8800048828125;241.05412
2019-05-07 00:00:00-04:00;245.4499969482422;245.56865
2019-05-08 00:00:00-04:00;245.7899932861328;247.21344
2019-05-09 00:00:00-04:00;246.22000122070312;247.42986
2019-05-10 00:00:00-04:00;247.8300018310547;247.28885
2019-05-13 00:00:00-04:00;242.6199951171875;247.60962
2019-05-14 00:00:00-04:00;246.17999267578125;246.93163
2019-05-15 00:00:00-04:00;249.5500030517578;246.97495
2019-05-16 00:00:00-04:00;251.97000122070312;248.14035
2019-05-17 00:00:00-04:00;249.55999755859375;250.00371
2019-05-20 00:00:00-04:00;248.5399932861328;251.02437
2019-05-21 00:00:00-04:00;249.3300018310547;251.16481
2019-05-22 00:00:00-04:00;250.3800048828125;251.1207
2019-05-23 00:00:00-04:00;253.57000732421875;251.30692
2019-05-24 00:00:00-04:00;256.1099853515625;252.3215
2019-05-28 00:00:00-04:00;246.8500061035156;253.99005
2019-05-29 00:00:00-04:00;247.4499969482422;253.26317
2019-05-30 00:00:00-04:00;249.6999969482422;251.9461
2019-05-31 00:00:00-04:00;249.77000427246097;251.34561
2019-06-03 00:00:00-04:00;245.58999633789065;251.26434
2019-06-04 00:00:00-04:00;252.8800048828125;250.43422
2019-06-05 00:00:00-04:00;256.6000061035156;251.2421
2019-06-06 00:00:00-04:00;259.67999267578125;253.31989
2019-06-07 00:00:00-04:00;264.9200134277344;255.98607
2019-06-10 00:00:00-04:00;268.4700012207031;259.30048
2019-06-11 00:00:00-04:00;263.92999267578125;262.72607
2019-06-12 00:00:00-04:00;265.04998779296875;264.16513
2019-06-13 00:00:00-04:00;267.1600036621094;264.74188
2019-06-14 00:00:00-04:00;267.739990234375;265.42886
2019-06-17 00:00:00-04:00;268.25;266.23386
2019-06-18 00:00:00-04:00;269.7200012207031;267.0815
2019-06-19 00:00:00-04:00;274.2799987792969;268.1224
2019-06-20 00:00:00-04:00;272.8800048828125;270.0589
2019-06-21 00:00:00-04:00;273.92999267578125;271.5012
2019-06-24 00:00:00-04:00;275.010009765625;272.61008
2019-06-25 00:00:00-04:00;271.30999755859375;273.56158
2019-06-26 00:00:00-04:00;269.8900146484375;273.37534
2019-06-27 00:00:00-04:00;272.04998779296875;272.53256
2019-06-28 00:00:00-04:00;275.3299865722656;272.24646
2019-07-01 00:00:00-04:00;280.1600036621094;273.07986
2019-07-02 00:00:00-04:00;277.010009765625;275.25055
2019-07-03 00:00:00-04:00;278.8699951171875;276.5636
2019-07-05 00:00:00-04:00;278.489990234375;277.56967
2019-07-08 00:00:00-04:00;276.75;278.0832
2019-07-09 00:00:00-04:00;279.54998779296875;277.89386
2019-07-10 00:00:00-04:00;282.5299987792969;278.18765
2019-07-11 00:00:00-04:00;285.4599914550781;279.32755
2019-07-12 00:00:00-04:00;284.239990234375;281.1762
2019-07-15 00:00:00-04:00;284.0799865722656;282.489
2019-07-16 00:00:00-04:00;283.6600036621094;283.18298
2019-07-17 00:00:00-04:00;284.7300109863281;283.36865
2019-07-18 00:00:00-04:00;289.8500061035156;283.60464
2019-07-19 00:00:00-04:00;284.69000244140625;285.03152
2019-07-22 00:00:00-04:00;287.07000732421875;285.35773
2019-07-23 00:00:00-04:00;286.82000732421875;285.7365
2019-07-24 00:00:00-04:00;285.3999938964844;285.99716
2019-07-25 00:00:00-04:00;283.55999755859375;285.84738
2019-07-26 00:00:00-04:00;283.94000244140625;285.19006
2019-07-29 00:00:00-04:00;284.9100036621094;284.6446
2019-07-30 00:00:00-04:00;286.04998779296875;284.5494
2019-07-31 00:00:00-04:00;282.04998779296875;284.92734
2019-08-01 00:00:00-04:00;268.29998779296875;284.4439
2019-08-02 00:00:00-04:00;268.7099914550781;280.57733
2019-08-05 00:00:00-04:00;260.07000732421875;276.60483
2019-08-06 00:00:00-04:00;270.3800048828125;271.76343
2019-08-07 00:00:00-04:00;267.8699951171875;270.37534
2019-08-08 00:00:00-04:00;275.57000732421875;270.08957
2019-08-09 00:00:00-04:00;278.8599853515625;271.95963
2019-08-12 00:00:00-04:00;275.7799987792969;274.70453
2019-08-13 00:00:00-04:00;280.9100036621094;276.11197
2019-08-14 00:00:00-04:00;269.80999755859375;277.67453
2019-08-15 00:00:00-04:00;273.07000732421875;276.25064
2019-08-16 00:00:00-04:00;275.4100036621094;274.87363
2019-08-19 00:00:00-04:00;279.5299987792969;274.53928
2019-08-20 00:00:00-04:00;281.4100036621094;275.73846
2019-08-21 00:00:00-04:00;280.9599914550781;277.6371
2019-08-22 00:00:00-04:00;279.8800048828125;279.12738
2019-08-23 00:00:00-04:00;270.44000244140625;279.7552
2019-08-26 00:00:00-04:00;277.1300048828125;277.697
2019-08-27 00:00:00-04:00;284.7699890136719;276.79297
2019-08-28 00:00:00-04:00;285.55999755859375;278.45013
2019-08-29 00:00:00-04:00;289.2900085449219;280.83963
2019-08-30 00:00:00-04:00;289.739990234375;283.64804
2019-09-03 00:00:00-04:00;286.0799865722656;285.86502
2019-09-04 00:00:00-04:00;288.8999938964844;286.36566
2019-09-05 00:00:00-04:00;289.92999267578125;286.75845
2019-09-06 00:00:00-04:00;288.4700012207031;287.32578
2019-09-09 00:00:00-04:00;267.20001220703125;287.5552
2019-09-10 00:00:00-04:00;267.6300048828125;282.76584
2019-09-11 00:00:00-04:00;270.989990234375;277.5732
2019-09-12 00:00:00-04:00;271.04998779296875;274.5909
2019-09-13 00:00:00-04:00;265.4700012207031;273.39438
2019-09-16 00:00:00-04:00;265.6400146484375;271.86475
2019-09-17 00:00:00-04:00;271.8599853515625;270.5308
2019-09-18 00:00:00-04:00;272.7300109863281;270.9549
2019-09-19 00:00:00-04:00;273.7900085449219;272.01376
2019-09-20 00:00:00-04:00;274.1700134277344;273.13174
2019-09-23 00:00:00-04:00;275.7900085449219;273.93304
2019-09-24 00:00:00-04:00;272.1300048828125;274.6999
2019-09-25 00:00:00-04:00;274.79998779296875;274.37106
2019-09-26 00:00:00-04:00;275.05999755859375;274.35062
2019-09-27 00:00:00-04:00;272.4800109863281;274.5566
2019-09-30 00:00:00-04:00;271.92999267578125;274.2292
2019-10-01 00:00:00-04:00;268.9800109863281;273.68347
2019-10-02 00:00:00-04:00;268.7099914550781;272.54706
2019-10-03 00:00:00-04:00;270.0299987792969;271.4655
2019-10-04 00:00:00-04:00;276.6000061035156;271.03665
2019-10-07 00:00:00-04:00;272.04998779296875;272.50916
2019-10-08 00:00:00-04:00;267.7200012207031;273.20346
2019-10-09 00:00:00-04:00;271.9100036621094;272.33514
2019-10-10 00:00:00-04:00;272.239990234375;272.05637
2019-10-11 00:00:00-04:00;276.79998779296875;272.18185
2019-10-14 00:00:00-04:00;275.67999267578125;273.50174
2019-10-15 00:00:00-04:00;282.260009765625;274.63416
2019-10-16 00:00:00-04:00;279.57000732421875;276.87357
2019-10-17 00:00:00-04:00;282.1300048828125;278.26022
2019-10-18 00:00:00-04:00;282.8299865722656;279.51654
2019-10-21 00:00:00-04:00;278.8800048828125;280.55643
2019-10-22 00:00:00-04:00;270.8399963378906;280.35962
2019-10-23 00:00:00-04:00;267.92999267578125;277.9519
2019-10-24 00:00:00-04:00;268.3299865722656;274.78802
2019-10-25 00:00:00-04:00;268.2900085449219;272.42206
2019-10-28 00:00:00-04:00;266.4200134277344;271.09222
2019-10-29 00:00:00-04:00;270.8699951171875;270.09354
2019-10-30 00:00:00-04:00;273.8500061035156;270.46805
2019-10-31 00:00:00-04:00;285.010009765625;271.8629
2019-11-01 00:00:00-04:00;276.8699951171875;275.7399
2019-11-04 00:00:00-05:00;278.6600036621094;277.464
2019-11-05 00:00:00-05:00;264.1499938964844;278.2003
2019-11-06 00:00:00-05:00;261.45001220703125;274.98926
2019-11-07 00:00:00-05:00;263.1400146484375;270.62283
2019-11-08 00:00:00-05:00;254.7400054931641;267.5748
2019-11-11 00:00:00-05:00;252.67999267578125;264.05258
2019-11-12 00:00:00-05:00;257.510009765625;260.86197
2019-11-13 00:00:00-05:00;259.30999755859375;259.77045
2019-11-14 00:00:00-05:00;257.3599853515625;260.12326
2019-11-15 00:00:00-05:00;259.7799987792969;260.3237
2019-11-18 00:00:00-05:00;260.5299987792969;260.80838
2019-11-19 00:00:00-05:00;264.6000061035156;261.32117
2019-11-20 00:00:00-05:00;260.5;262.5779
2019-11-21 00:00:00-05:00;260.69000244140625;262.76572
2019-11-22 00:00:00-05:00;257.0199890136719;262.5103
2019-11-25 00:00:00-05:00;251.8699951171875;261.3145
2019-11-26 00:00:00-05:00;252.8500061035156;258.92752
2019-11-27 00:00:00-05:00;250.6999969482422;257.0276
2019-11-29 00:00:00-05:00;251.5800018310547;255.3913
2019-12-02 00:00:00-05:00;251.3000030517578;254.52551
2019-12-03 00:00:00-05:00;248.66000366210935;254.09726
2019-12-04 00:00:00-05:00;251.86000061035156;253.27151
2019-12-05 00:00:00-05:00;251.86000061035156;253.20268
2019-12-06 00:00:00-05:00;251.3699951171875;253.39243
2019-12-09 00:00:00-05:00;249.02000427246097;253.46062
2019-12-10 00:00:00-05:00;252.83999633789065;252.86356
2019-12-11 00:00:00-05:00;250.4499969482422;253.04941
2019-12-12 00:00:00-05:00;251.8800048828125;252.923
2019-12-13 00:00:00-05:00;252.8999938964844;253.03735
2019-12-16 00:00:00-05:00;255.47000122070312;253.44672
2019-12-17 00:00:00-05:00;257.1700134277344;254.45576
2019-12-18 00:00:00-05:00;253.08999633789065;255.8054
2019-12-19 00:00:00-05:00;256.19000244140625;255.93883
2019-12-20 00:00:00-05:00;261.54998779296875;256.29156
2019-12-23 00:00:00-05:00;263.9800109863281;257.92325
2019-12-24 00:00:00-05:00;263.260009765625;260.19418
2019-12-26 00:00:00-05:00;261.42999267578125;261.9078
2019-12-27 00:00:00-05:00;263.9800109863281;262.49905
2019-12-30 00:00:00-05:00;261.6000061035156;263.1258
2019-12-31 00:00:00-05:00;261.1300048828125;263.1073
2020-01-02 00:00:00-05:00;265.0199890136719;262.80795
2020-01-03 00:00:00-05:00;264.7699890136719;263.4595
2020-01-06 00:00:00-05:00;266.92999267578125;264.2862
2020-01-07 00:00:00-05:00;266.1199951171875;265.46637
2020-01-08 00:00:00-05:00;271.67999267578125;266.26035
2020-01-09 00:00:00-05:00;277.94000244140625;267.98114
2020-01-10 00:00:00-05:00;281.6400146484375;271.04395
2020-01-13 00:00:00-05:00;282.2900085449219;274.61734
2020-01-14 00:00:00-05:00;284.0199890136719;277.51364
2020-01-15 00:00:00-05:00;288.489990234375;279.74414
2020-01-16 00:00:00-05:00;289.9200134277344;282.18503
2020-01-17 00:00:00-05:00;285.79998779296875;284.4419
2020-01-21 00:00:00-05:00;284.8399963378906;285.1412
2020-01-22 00:00:00-05:00;287.6199951171875;284.93613
2020-01-23 00:00:00-05:00;285.8999938964844;285.21408
2020-01-24 00:00:00-05:00;280.7699890136719;285.3254
2020-01-27 00:00:00-05:00;277.30999755859375;284.2415
2020-01-28 00:00:00-05:00;278.6400146484375;282.26337
2020-01-29 00:00:00-05:00;280.79998779296875;280.86267
2020-01-30 00:00:00-05:00;283.7300109863281;280.61957
2020-01-31 00:00:00-05:00;271.010009765625;281.55774
2020-02-03 00:00:00-05:00;275.7699890136719;279.68207
2020-02-04 00:00:00-05:00;279.1199951171875;278.28986
2020-02-05 00:00:00-05:00;274.3999938964844;278.2375
2020-02-06 00:00:00-05:00;280.6700134277344;277.60837
2020-02-07 00:00:00-05:00;278.3999938964844;278.33722
2020-02-10 00:00:00-05:00;279.1499938964844;278.80194
2020-02-11 00:00:00-05:00;283.3800048828125;279.15417
2020-02-12 00:00:00-05:00;283.2799987792969;280.304
2020-02-13 00:00:00-05:00;285.04998779296875;281.3933
2020-02-14 00:00:00-05:00;288.7799987792969;282.54666
2020-02-18 00:00:00-05:00;286.75;284.2575
2020-02-19 00:00:00-05:00;290.9700012207031;285.24026
2020-02-20 00:00:00-05:00;281.45001220703125;286.66116
2020-02-21 00:00:00-05:00;278.1099853515625;285.69406
2020-02-24 00:00:00-05:00;269.80999755859375;283.37827
2020-02-25 00:00:00-05:00;256.7099914550781;279.37723
2020-02-26 00:00:00-05:00;259.45001220703125;272.92892
2020-02-27 00:00:00-05:00;250.1499938964844;268.06134
2020-02-28 00:00:00-05:00;254.5099945068359;263.04944
2020-03-02 00:00:00-05:00;261.989990234375;260.34045
2020-03-03 00:00:00-05:00;251.25;260.89172
2020-03-04 00:00:00-05:00;263.0299987792969;259.814
2020-03-05 00:00:00-05:00;255.16000366210935;260.90762
2020-03-06 00:00:00-05:00;249.88999938964844;260.50095
2020-03-09 00:00:00-04:00;242.8300018310547;258.25226
2020-03-10 00:00:00-04:00;255.36000061035156;254.19212
2020-03-11 00:00:00-04:00;245.5800018310547;253.51224
2020-03-12 00:00:00-04:00;241.0;252.05986
2020-03-13 00:00:00-04:00;254.1699981689453;249.56926
2020-03-16 00:00:00-04:00;223.8300018310547;250.39738
2020-03-17 00:00:00-04:00;215.8800048828125;245.08896
2020-03-18 00:00:00-04:00;205.1300048828125;236.87936
2020-03-19 00:00:00-04:00;193.17999267578125;227.24435
2020-03-20 00:00:00-04:00;183.2899932861328;216.87842
2020-03-23 00:00:00-04:00;182.94000244140625;206.63213
2020-03-24 00:00:00-04:00;204.9900054931641;198.97194
2020-03-25 00:00:00-04:00;214.22999572753903;199.50179
2020-03-26 00:00:00-04:00;230.3800048828125;205.0267
2020-03-27 00:00:00-04:00;231.75;214.37912
2020-03-30 00:00:00-04:00;241.02000427246097;222.47318
2020-03-31 00:00:00-04:00;242.2400054931641;229.71683
2020-04-01 00:00:00-04:00;230.66000366210935;234.8369
2020-04-02 00:00:00-04:00;239.6999969482422;235.0918
2020-04-03 00:00:00-04:00;234.5500030517578;235.79463
2020-04-06 00:00:00-04:00;254.42999267578125;235.6275
2020-04-07 00:00:00-04:00;251.7400054931641;240.1897
2020-04-08 00:00:00-04:00;254.72999572753903;244.8865
2020-04-09 00:00:00-04:00;258.5799865722656;249.08415
2020-04-13 00:00:00-04:00;254.38999938964844;252.85771
2020-04-14 00:00:00-04:00;263.010009765625;254.51433
2020-04-15 00:00:00-04:00;257.82000732421875;257.04233
2020-04-16 00:00:00-04:00;261.1199951171875;258.1461
2020-04-17 00:00:00-04:00;265.1600036621094;259.30447
2020-04-20 00:00:00-04:00;267.3399963378906;261.23495
2020-04-21 00:00:00-04:00;259.2300109863281;263.53467
2020-04-22 00:00:00-04:00;268.1199951171875;263.49628
2020-04-23 00:00:00-04:00;268.4100036621094;264.69415
2020-04-24 00:00:00-04:00;271.79998779296875;266.18106
2020-04-27 00:00:00-04:00;275.8500061035156;268.2062
2020-04-28 00:00:00-04:00;264.25;270.83313
2020-04-29 00:00:00-04:00;272.739990234375;270.26605
2020-04-30 00:00:00-04:00;277.6000061035156;270.63577
2020-05-01 00:00:00-04:00;270.75;272.47864
2020-05-04 00:00:00-04:00;273.760009765625;272.8412
2020-05-05 00:00:00-04:00;282.0799865722656;273.2507
2020-05-06 00:00:00-04:00;283.5899963378906;275.5293
2020-05-07 00:00:00-04:00;294.260009765625;278.26132
2020-05-08 00:00:00-04:00;287.8999938964844;282.85382
2020-05-11 00:00:00-04:00;299.45001220703125;285.36002
2020-05-12 00:00:00-04:00;289.1499938964844;289.0222
2020-05-13 00:00:00-04:00;285.989990234375;289.77103
2020-05-14 00:00:00-04:00;294.989990234375;288.57776
2020-05-15 00:00:00-04:00;294.3800048828125;289.20374
2020-05-18 00:00:00-04:00;295.92999267578125;290.37274
2020-05-19 00:00:00-04:00;294.8399963378906;291.86282
2020-05-20 00:00:00-04:00;295.5400085449219;292.82913
2020-05-21 00:00:00-04:00;292.6600036621094;293.50125
2020-05-22 00:00:00-04:00;294.7200012207031;293.24265
2020-05-26 00:00:00-04:00;290.8399963378906;293.223
2020-05-27 00:00:00-04:00;300.9200134277344;292.46317
2020-05-28 00:00:00-04:00;306.1300048828125;293.9911
2020-05-29 00:00:00-04:00;308.8800048828125;297.1598
2020-06-01 00:00:00-04:00;312.19000244140625;300.63373
2020-06-02 00:00:00-04:00;316.4800109863281;303.91592
2020-06-03 00:00:00-04:00;318.0299987792969;307.12732
2020-06-04 00:00:00-04:00;310.0799865722656;309.7622
2020-06-05 00:00:00-04:00;311.7099914550781;309.6922
2020-06-08 00:00:00-04:00;309.6700134277344;309.11066
2020-06-09 00:00:00-04:00;303.0;308.2028
2020-06-10 00:00:00-04:00;321.8900146484375;306.07874
2020-06-11 00:00:00-04:00;298.80999755859375;308.50522
2020-06-12 00:00:00-04:00;302.8299865722656;306.7705
2020-06-15 00:00:00-04:00;309.2200012207031;304.8604
2020-06-16 00:00:00-04:00;312.489990234375;304.88535
2020-06-17 00:00:00-04:00;316.2099914550781;306.4034
2020-06-18 00:00:00-04:00;313.0199890136719;308.84668
2020-06-19 00:00:00-04:00;314.6700134277344;310.12317
2020-06-22 00:00:00-04:00;325.2900085449219;310.89914
2020-06-23 00:00:00-04:00;327.69000244140625;313.65335
2020-06-24 00:00:00-04:00;319.3800048828125;316.91263
2020-06-25 00:00:00-04:00;327.3900146484375;317.55273
2020-06-26 00:00:00-04:00;324.8599853515625;318.85245
2020-06-29 00:00:00-04:00;327.8999938964844;319.53308
2020-06-30 00:00:00-04:00;330.1600036621094;320.5684
2020-07-01 00:00:00-04:00;334.5400085449219;322.0233
2020-07-02 00:00:00-04:00;334.760009765625;324.25726
2020-07-06 00:00:00-04:00;339.4700012207031;326.2186
2020-07-07 00:00:00-04:00;337.29998779296875;328.58606
2020-07-08 00:00:00-04:00;336.1199951171875;329.96326
2020-07-09 00:00:00-04:00;341.1700134277344;330.36188
2020-07-10 00:00:00-04:00;338.25;331.4811
2020-07-13 00:00:00-04:00;335.1400146484375;331.98407
2020-07-14 00:00:00-04:00;338.4700012207031;331.49918
2020-07-15 00:00:00-04:00;340.739990234375;331.59674
2020-07-16 00:00:00-04:00;339.20001220703125;332.45413
2020-07-17 00:00:00-04:00;349.8500061035156;333.0419
2020-07-20 00:00:00-04:00;361.0;335.7284
2020-07-21 00:00:00-04:00;363.3200073242187;340.8513
2020-07-22 00:00:00-04:00;365.2300109863281;345.81778
2020-07-23 00:00:00-04:00;360.8399963378906;349.61343
2020-07-24 00:00:00-04:00;359.2300109863281;350.88953
2020-07-27 00:00:00-04:00;366.6700134277344;350.6062
2020-07-28 00:00:00-04:00;361.6499938964844;351.63092
2020-07-29 00:00:00-04:00;366.9100036621094;351.92593
2020-07-30 00:00:00-04:00;374.1000061035156;353.158
2020-07-31 00:00:00-04:00;397.75;356.01868
2020-08-03 00:00:00-04:00;391.989990234375;363.785
2020-08-04 00:00:00-04:00;390.25;369.70023
2020-08-05 00:00:00-04:00;395.7099914550781;372.73926
2020-08-06 00:00:00-04:00;389.7799987792969;374.99426
2020-08-07 00:00:00-04:00;381.760009765625;375.1635
2020-08-10 00:00:00-04:00;377.19000244140625;373.03366
2020-08-11 00:00:00-04:00;374.0299987792969;369.96198
2020-08-12 00:00:00-04:00;384.8299865722656;367.0221
2020-08-13 00:00:00-04:00;385.25;367.51703
2020-08-14 00:00:00-04:00;379.3999938964844;369.27975
2020-08-17 00:00:00-04:00;384.3900146484375;369.68097
2020-08-18 00:00:00-04:00;386.6499938964844;370.4408
2020-08-19 00:00:00-04:00;381.5;371.51987
2020-08-20 00:00:00-04:00;383.3299865722656;371.2643
2020-08-21 00:00:00-04:00;383.4599914550781;370.9845
2020-08-24 00:00:00-04:00;380.6199951171875;370.82217
2020-08-25 00:00:00-04:00;383.9299926757813;370.17578
2020-08-26 00:00:00-04:00;386.0199890136719;370.27863
2020-08-27 00:00:00-04:00;386.2799987792969;371.07986
2020-08-28 00:00:00-04:00;383.9800109863281;371.94302
2020-08-31 00:00:00-04:00;391.05999755859375;372.05237
2020-09-01 00:00:00-04:00;398.489990234375;373.3513
2020-09-02 00:00:00-04:00;406.30999755859375;376.2657
2020-09-03 00:00:00-04:00;381.2799987792969;380.52283
2020-09-04 00:00:00-04:00;370.6600036621094;378.62903
2020-09-08 00:00:00-04:00;364.19000244140625;372.83124
2020-09-09 00:00:00-04:00;374.1600036621094;366.06927
2020-09-10 00:00:00-04:00;367.760009765625;363.34488
2020-09-11 00:00:00-04:00;364.8200073242187;361.68637
2020-09-14 00:00:00-04:00;365.55999755859375;360.2617
2020-09-15 00:00:00-04:00;369.239990234375;359.36606
2020-09-16 00:00:00-04:00;362.3599853515625;359.57404
2020-09-17 00:00:00-04:00;354.20001220703125;358.486
2020-09-18 00:00:00-04:00;354.760009765625;355.34848
2020-09-21 00:00:00-04:00;364.7000122070313;352.42822
2020-09-22 00:00:00-04:00;368.3200073242187;352.5981
2020-09-23 00:00:00-04:00;363.8699951171875;354.6
2020-09-24 00:00:00-04:00;365.4700012207031;355.59317
2020-09-25 00:00:00-04:00;377.8299865722656;356.12665
2020-09-28 00:00:00-04:00;386.3699951171875;358.92352
2020-09-29 00:00:00-04:00;385.05999755859375;363.50824
2020-09-30 00:00:00-04:00;393.1099853515625;367.02887
2020-10-01 00:00:00-04:00;394.7799987792969;370.78534
2020-10-02 00:00:00-04:00;383.8500061035156;373.8507
2020-10-05 00:00:00-04:00;392.3699951171875;373.48303
2020-10-06 00:00:00-04:00;384.30999755859375;373.92972
2020-10-07 00:00:00-04:00;386.2300109863281;372.98834
2020-10-08 00:00:00-04:00;393.510009765625;372.42178
2020-10-09 00:00:00-04:00;400.6499938964844;373.84613
2020-10-12 00:00:00-04:00;419.3900146484375;377.162
2020-10-13 00:00:00-04:00;421.4200134277344;384.11877
2020-10-14 00:00:00-04:00;420.510009765625;390.58542
2020-10-15 00:00:00-04:00;422.7200012207031;394.61896
2020-10-16 00:00:00-04:00;423.75;396.98456
2020-10-19 00:00:00-04:00;419.2699890136719;398.343
2020-10-20 00:00:00-04:00;420.0899963378906;398.1861
2020-10-21 00:00:00-04:00;419.7300109863281;397.9256
2020-10-22 00:00:00-04:00;423.5899963378906;397.83896
2020-10-23 00:00:00-04:00;429.6600036621094;398.8137
2020-10-26 00:00:00-04:00;428.9599914550781;401.22824
2020-10-27 00:00:00-04:00;443.1600036621094;403.30597
2020-10-28 00:00:00-04:00;422.8900146484375;407.5446
2020-10-29 00:00:00-04:00;441.7999877929687;407.05475
2020-10-30 00:00:00-04:00;424.8200073242187;408.95367
2020-11-02 00:00:00-05:00;431.0499877929687;407.67508
2020-11-03 00:00:00-05:00;444.1000061035156;407.07233
2020-11-04 00:00:00-05:00;469.3599853515625;409.65515
2020-11-05 00:00:00-05:00;467.9700012207031;417.765
2020-11-06 00:00:00-05:00;478.1000061035156;424.89722
2020-11-09 00:00:00-05:00;436.4500122070313;431.34424
2020-11-10 00:00:00-05:00;441.2300109863281;427.13602
2020-11-11 00:00:00-05:00;455.05999755859375;421.55743
2020-11-12 00:00:00-05:00;449.2200012207031;420.28238
2020-11-13 00:00:00-05:00;453.6400146484375;420.1158
2020-11-16 00:00:00-05:00;455.3699951171875;421.47403
2020-11-17 00:00:00-05:00;455.8500061035156;423.29016
2020-11-18 00:00:00-05:00;444.05999755859375;424.74274
2020-11-19 00:00:00-05:00;457.19000244140625;423.18692
2020-11-20 00:00:00-05:00;464.2900085449219;423.68787
2020-11-23 00:00:00-05:00;459.7900085449219;426.19427
2020-11-24 00:00:00-05:00;446.8299865722656;427.73984
2020-11-25 00:00:00-05:00;446.4800109863281;425.85052
2020-11-27 00:00:00-05:00;454.2300109863281;423.27344
2020-11-30 00:00:00-05:00;460.9800109863281;422.8871
2020-12-01 00:00:00-05:00;467.8599853515625;424.84146
2020-12-02 00:00:00-05:00;462.5899963378906;428.3895
2020-12-03 00:00:00-05:00;460.0700073242187;430.2465
2020-12-04 00:00:00-05:00;457.1499938964844;430.34518
2020-12-07 00:00:00-05:00;459.3599853515625;429.18405
2020-12-08 00:00:00-05:00;460.69000244140625;428.44504
2020-12-09 00:00:00-05:00;449.8800048828125;428.44266
2020-12-10 00:00:00-05:00;454.2699890136719;426.61533
2020-12-11 00:00:00-05:00;456.2300109863281;425.64575
2020-12-14 00:00:00-05:00;458.1700134277344;425.69748
2020-12-15 00:00:00-05:00;464.9599914550781;426.4999
2020-12-16 00:00:00-05:00;467.5799865722656;428.6376
2020-12-17 00:00:00-05:00;477.7999877929687;431.02158
2020-12-18 00:00:00-05:00;485.5199890136719;434.6922
2020-12-21 00:00:00-05:00;489.6799926757813;439.08575
2020-12-22 00:00:00-05:00;499.1499938964844;443.08676
2020-12-23 00:00:00-05:00;493.6799926757813;447.48322
2020-12-24 00:00:00-05:00;497.1400146484375;449.54556
2020-12-28 00:00:00-05:00;494.7000122070313;450.8849
2020-12-29 00:00:00-05:00;494.0700073242187;451.18042
2020-12-30 00:00:00-05:00;496.9599914550781;451.06714
2020-12-31 00:00:00-05:00;499.8699951171875;451.5701
2021-01-04 00:00:00-05:00;491.7699890136719;452.82626
2021-01-05 00:00:00-05:00;497.260009765625;452.4777
2021-01-06 00:00:00-05:00;483.6000061035156;452.8152
2021-01-07 00:00:00-05:00;495.19000244140625;450.69287
2021-01-08 00:00:00-05:00;513.2000122070312;450.7213
2021-01-11 00:00:00-05:00;506.5499877929687;454.98938
2021-01-12 00:00:00-05:00;496.7300109863281;458.0567
2021-01-13 00:00:00-05:00;497.5799865722656;457.7922
2021-01-14 00:00:00-05:00;488.8999938964844;456.562
2021-01-15 00:00:00-05:00;489.4599914550781;453.76132
2021-01-19 00:00:00-05:00;484.9299926757813;451.54712
2021-01-20 00:00:00-05:00;495.0400085449219;449.4826
2021-01-21 00:00:00-05:00;496.44000244140625;450.17624
2021-01-22 00:00:00-05:00;492.8599853515625;451.8692
2021-01-25 00:00:00-05:00;489.2099914550781;452.61856
2021-01-26 00:00:00-05:00;478.1000061035156;452.0021
2021-01-27 00:00:00-05:00;465.1799926757813;448.9009
2021-01-28 00:00:00-05:00;482.2699890136719;443.42157
2021-01-29 00:00:00-05:00;478.6799926757813;442.2682
2021-02-01 00:00:00-05:00;492.4200134277344;442.3556
2021-02-02 00:00:00-05:00;506.6499938964844;445.53412
2021-02-03 00:00:00-05:00;485.3599853515625;451.35895
2021-02-04 00:00:00-05:00;494.0;451.92358
2021-02-05 00:00:00-05:00;502.6400146484375;452.02573
2021-02-08 00:00:00-05:00;495.760009765625;453.52313
2021-02-09 00:00:00-05:00;505.0499877929687;453.76144
2021-02-10 00:00:00-05:00;516.5399780273438;455.34467
2021-02-11 00:00:00-05:00;528.469970703125;459.09995
2021-02-12 00:00:00-05:00;544.0800170898438;464.65253
2021-02-16 00:00:00-05:00;538.1599731445312;471.8809
2021-02-17 00:00:00-05:00;540.3499755859375;476.11407
2021-02-18 00:00:00-05:00;551.7899780273438;478.3295
2021-02-19 00:00:00-05:00;544.1300048828125;481.27353
2021-02-22 00:00:00-05:00;536.9099731445312;482.21542
2021-02-23 00:00:00-05:00;525.219970703125;481.03177
2021-02-24 00:00:00-05:00;532.8800048828125;477.5307
2021-02-25 00:00:00-05:00;518.280029296875;476.0224
2021-02-26 00:00:00-05:00;520.1699829101562;473.17697
2021-03-01 00:00:00-05:00;538.1699829101562;471.3335
2021-03-02 00:00:00-05:00;529.469970703125;473.8564
2021-03-03 00:00:00-05:00;498.0199890136719;475.41238
2021-03-04 00:00:00-05:00;485.8500061035156;470.21814
2021-03-05 00:00:00-05:00;499.7000122070313;461.99512
2021-03-08 00:00:00-05:00;482.6000061035156;458.044
2021-03-09 00:00:00-05:00;493.5700073242187;453.72577
2021-03-10 00:00:00-05:00;488.7799987792969;452.86185
2021-03-11 00:00:00-05:00;502.94000244140625;452.4387
2021-03-12 00:00:00-05:00;497.75;454.8789
2021-03-15 00:00:00-04:00;512.760009765625;456.28384
2021-03-16 00:00:00-04:00;506.9200134277344;459.55133
2021-03-17 00:00:00-04:00;504.8999938964844;461.08017
2021-03-18 00:00:00-04:00;484.4700012207031;461.0353
2021-03-19 00:00:00-04:00;484.8800048828125;456.5062
2021-03-22 00:00:00-04:00;491.3699951171875;452.0125
2021-03-23 00:00:00-04:00;487.6600036621094;450.34595
2021-03-24 00:00:00-04:00;472.9700012207031;449.6136
2021-03-25 00:00:00-04:00;472.1099853515625;446.62292
2021-03-26 00:00:00-04:00;480.2200012207031;443.57938
2021-03-29 00:00:00-04:00;479.1799926757813;443.01678
2021-03-30 00:00:00-04:00;475.9500122070313;443.25372
2021-03-31 00:00:00-04:00;489.30999755859375;442.9792
2021-04-01 00:00:00-04:00;486.3599853515625;445.0962
2021-04-05 00:00:00-04:00;491.30999755859375;446.65668
2021-04-06 00:00:00-04:00;492.8999938964844;448.39175
2021-04-07 00:00:00-04:00;489.2699890136719;449.837
2021-04-08 00:00:00-04:00;499.6600036621094;449.97437
2021-04-09 00:00:00-04:00;502.8800048828125;451.6229
2021-04-12 00:00:00-04:00;506.4299926757813;453.8939
2021-04-13 00:00:00-04:00;516.9400024414062;456.35516
2021-04-14 00:00:00-04:00;514.1599731445312;460.08633
2021-04-15 00:00:00-04:00;528.4600219726562;462.49744
2021-04-16 00:00:00-04:00;535.0;466.3931
2021-04-19 00:00:00-04:00;528.5800170898438;470.74518
2021-04-20 00:00:00-04:00;532.27001953125;472.66882
2021-04-21 00:00:00-04:00;541.0800170898438;473.8806
2021-04-22 00:00:00-04:00;546.260009765625;476.17032
2021-04-23 00:00:00-04:00;559.0999755859375;479.15268
2021-04-26 00:00:00-04:00;558.4199829101562;483.84424
2021-04-27 00:00:00-04:00;557.5399780273438;487.4683
2021-04-28 00:00:00-04:00;557.8099975585938;489.41428
2021-04-29 00:00:00-04:00;552.6300048828125;490.243
2021-04-30 00:00:00-04:00;548.989990234375;489.58536
2021-05-03 00:00:00-04:00;549.8800048828125;488.1371
2021-05-04 00:00:00-04:00;526.8800048828125;487.22632
2021-05-05 00:00:00-04:00;529.9199829101562;482.75336
2021-05-06 00:00:00-04:00;533.1799926757812;479.24072
2021-05-07 00:00:00-04:00;544.260009765625;477.913
2021-05-10 00:00:00-04:00;525.260009765625;479.91135
2021-05-11 00:00:00-04:00;528.1900024414062;478.85034
2021-05-12 00:00:00-04:00;512.3099975585938;477.56198
2021-05-13 00:00:00-04:00;518.0700073242188;473.55627
2021-05-14 00:00:00-04:00;530.0700073242188;471.00653
2021-05-17 00:00:00-04:00;523.6199951171875;472.03802
2021-05-18 00:00:00-04:00;524.8599853515625;472.74298
2021-05-19 00:00:00-04:00;528.1400146484375;473.261
2021-05-20 00:00:00-04:00;539.239990234375;474.0205
2021-05-21 00:00:00-04:00;539.3400268554688;476.5832
2021-05-24 00:00:00-04:00;549.7100219726562;478.85095
2021-05-25 00:00:00-04:00;555.1900024414062;482.1182
2021-05-26 00:00:00-04:00;557.3300170898438;485.56107
2021-05-27 00:00:00-04:00;554.0399780273438;488.2709
2021-05-28 00:00:00-04:00;558.1099853515625;489.2208
2021-06-01 00:00:00-04:00;550.5900268554688;490.03284
2021-06-02 00:00:00-04:00;547.5599975585938;489.23987
2021-06-03 00:00:00-04:00;550.2999877929688;487.74402
2021-06-04 00:00:00-04:00;558.3599853515625;487.1233
2021-06-07 00:00:00-04:00;560.3499755859375;488.5871
2021-06-08 00:00:00-04:00;561.3099975585938;490.69104
2021-06-09 00:00:00-04:00;566.6599731445312;492.48566
2021-06-10 00:00:00-04:00;580.530029296875;494.49738
2021-06-11 00:00:00-04:00;584.469970703125;498.3485
2021-06-14 00:00:00-04:00;592.3599853515625;502.17975
2021-06-15 00:00:00-04:00;592.260009765625;506.0801
2021-06-16 00:00:00-04:00;593.52001953125;508.62842
2021-06-17 00:00:00-04:00;604.2000122070312;510.10098
2021-06-18 00:00:00-04:00;601.0499877929688;512.6233
2021-06-21 00:00:00-04:00;606.6300048828125;514.1693
2021-06-22 00:00:00-04:00;611.6400146484375;515.9383
2021-06-23 00:00:00-04:00;615.8800048828125;518.10486
2021-06-24 00:00:00-04:00;614.9299926757812;520.465
2021-06-25 00:00:00-04:00;620.6400146484375;521.9789
2021-06-28 00:00:00-04:00;631.9000244140625;523.7192
2021-06-29 00:00:00-04:00;637.0800170898438;526.8806
2021-06-30 00:00:00-04:00;631.5499877929688;530.3266
2021-07-01 00:00:00-04:00;638.9500122070312;531.7857
2021-07-02 00:00:00-04:00;648.2000122070312;533.34674
2021-07-06 00:00:00-04:00;658.989990234375;535.9559
2021-07-07 00:00:00-04:00;665.3099975585938;539.8357
2021-07-08 00:00:00-04:00;659.9400024414062;543.83563
2021-07-09 00:00:00-04:00;667.030029296875;545.6185
2021-07-12 00:00:00-04:00;659.5399780273438;547.22064
2021-07-13 00:00:00-04:00;662.5800170898438;547.0242
2021-07-14 00:00:00-04:00;659.8499755859375;546.91565
2021-07-15 00:00:00-04:00;657.4199829101562;546.5328
2021-07-16 00:00:00-04:00;667.760009765625;545.9332
2021-07-19 00:00:00-04:00;669.4000244140625;547.23804
2021-07-20 00:00:00-04:00;669.3900146484375;549.02014
2021-07-21 00:00:00-04:00;670.510009765625;550.3668
2021-07-22 00:00:00-04:00;683.030029296875;551.26
2021-07-23 00:00:00-04:00;693.739990234375;553.6626
2021-07-26 00:00:00-04:00;685.6699829101562;557.36926
2021-07-27 00:00:00-04:00;686.9500122070312;558.9062
2021-07-28 00:00:00-04:00;695.5800170898438;559.39087
2021-07-29 00:00:00-04:00;704.1599731445312;560.68634
2021-07-30 00:00:00-04:00;678.530029296875;563.15295
2021-08-02 00:00:00-04:00;678.719970703125;561.1972
2021-08-03 00:00:00-04:00;695.6699829101562;558.599
2021-08-04 00:00:00-04:00;698.47998046875;559.40045
2021-08-05 00:00:00-04:00;705.760009765625;561.56085
2021-08-06 00:00:00-04:00;685.2000122070312;564.59357
2021-08-09 00:00:00-04:00;686.4099731445312;563.6083
2021-08-10 00:00:00-04:00;671.530029296875;561.8363
2021-08-11 00:00:00-04:00;665.3200073242188;558.07153
2021-08-12 00:00:00-04:00;675.6699829101562;554.111
2021-08-13 00:00:00-04:00;672.0999755859375;553.2363
2021-08-16 00:00:00-04:00;675.47998046875;553.2081
2021-08-17 00:00:00-04:00;678.1199951171875;554.0536
2021-08-18 00:00:00-04:00;676.9400024414062;555.2308
2021-08-19 00:00:00-04:00;681.7100219726562;555.8272
2021-08-20 00:00:00-04:00;682.1400146484375;556.693
2021-08-23 00:00:00-04:00;671.1099853515625;557.334
2021-08-24 00:00:00-04:00;672.5399780273438;555.90826
2021-08-25 00:00:00-04:00;676.4199829101562;554.53406
2021-08-26 00:00:00-04:00;673.3599853515625;554.282
2021-08-27 00:00:00-04:00;668.27001953125;554.04944
2021-08-30 00:00:00-04:00;686.969970703125;553.13196
2021-08-31 00:00:00-04:00;673.760009765625;555.2744
2021-09-01 00:00:00-04:00;676.9000244140625;555.52155
2021-09-02 00:00:00-04:00;685.4400024414062;555.5745
2021-09-03 00:00:00-04:00;688.3300170898438;556.8159
2021-09-07 00:00:00-04:00;681.6699829101562;558.438
2021-09-08 00:00:00-04:00;687.7000122070312;558.5587
2021-09-09 00:00:00-04:00;676.5700073242188;559.0795
2021-09-10 00:00:00-04:00;681.6099853515625;557.7761
2021-09-13 00:00:00-04:00;655.0499877929688;557.18256
2021-09-14 00:00:00-04:00;661.3900146484375;552.8479
2021-09-15 00:00:00-04:00;661.6500244140625;549.9178
2021-09-16 00:00:00-04:00;663.4500122070312;548.5635
2021-09-17 00:00:00-04:00;661.7100219726562;548.5989
2021-09-20 00:00:00-04:00;659.780029296875;548.80756
2021-09-21 00:00:00-04:00;666.8699951171875;548.6403
2021-09-22 00:00:00-04:00;671.469970703125;549.4669
2021-09-23 00:00:00-04:00;682.5800170898438;550.98114
2021-09-24 00:00:00-04:00;679.6400146484375;553.8896
2021-09-27 00:00:00-04:00;650.02001953125;555.66864
2021-09-28 00:00:00-04:00;626.8499755859375;551.7006
2021-09-29 00:00:00-04:00;629.5499877929688;543.451
2021-09-30 00:00:00-04:00;621.9000244140625;537.12634
2021-10-01 00:00:00-04:00;623.97998046875;532.57623
2021-10-04 00:00:00-04:00;614.1900024414062;530.7697
2021-10-05 00:00:00-04:00;614.7999877929688;528.9118
2021-10-06 00:00:00-04:00;617.1699829101562;527.7284
2021-10-07 00:00:00-04:00;623.010009765625;527.43097
2021-10-08 00:00:00-04:00;617.02001953125;528.3747
2021-10-11 00:00:00-04:00;612.77001953125;528.25214
2021-10-12 00:00:00-04:00;615.9099731445312;526.9789
2021-10-13 00:00:00-04:00;623.1199951171875;526.1794
2021-10-14 00:00:00-04:00;629.719970703125;526.9702
2021-10-15 00:00:00-04:00;635.1500244140625;529.08545
2021-10-18 00:00:00-04:00;638.2899780273438;531.7502
2021-10-19 00:00:00-04:00;640.989990234375;534.10126
2021-10-20 00:00:00-04:00;642.2000122070312;535.8908
2021-10-21 00:00:00-04:00;645.239990234375;537.0138
2021-10-22 00:00:00-04:00;651.8499755859375;538.01337
2021-10-25 00:00:00-04:00;652.52001953125;539.7258
2021-10-26 00:00:00-04:00;651.9600219726562;541.2136
2021-10-27 00:00:00-04:00;640.5;542.0548
2021-10-28 00:00:00-04:00;653.02001953125;540.54614
2021-10-29 00:00:00-04:00;666.1400146484375;540.8969
2021-11-01 00:00:00-04:00;666.47998046875;543.9101
2021-11-02 00:00:00-04:00;627.3499755859375;546.84186
2021-11-03 00:00:00-04:00;625.6599731445312;542.39374
2021-11-04 00:00:00-04:00;639.9600219726562;536.76263
2021-11-05 00:00:00-04:00;637.4000244140625;535.09143
2021-11-08 00:00:00-05:00;634.2100219726562;535.0773
2021-11-09 00:00:00-05:00;629.260009765625;535.2149
2021-11-10 00:00:00-05:00;622.4299926757812;534.5049
2021-11-11 00:00:00-05:00;615.0499877929688;532.5579
2021-11-12 00:00:00-05:00;628.1799926757812;529.5927
2021-11-15 00:00:00-05:00;618.9600219726562;529.508
2021-11-16 00:00:00-05:00;633.219970703125;528.8536
2021-11-17 00:00:00-05:00;627.989990234375;530.6342
2021-11-18 00:00:00-05:00;634.0;531.6227
2021-11-19 00:00:00-05:00;647.27001953125;532.95044
2021-11-22 00:00:00-05:00;634.6799926757812;536.016
2021-11-23 00:00:00-05:00;619.97998046875;536.43225
2021-11-24 00:00:00-05:00;622.4500122070312;533.37573
2021-11-26 00:00:00-05:00;607.52001953125;530.61584
2021-11-29 00:00:00-05:00;631.2999877929688;526.46594
2021-11-30 00:00:00-05:00;608.0700073242188;527.4458
2021-12-01 00:00:00-05:00;599.4500122070312;525.9173
2021-12-02 00:00:00-05:00;599.010009765625;522.686
2021-12-03 00:00:00-05:00;586.5399780273438;519.83984
2021-12-06 00:00:00-05:00;592.2100219726562;515.9541
2021-12-07 00:00:00-05:00;611.4299926757812;514.0586
2021-12-08 00:00:00-05:00;618.5499877929688;516.77094
2021-12-09 00:00:00-05:00;607.5800170898438;521.2151
2021-12-10 00:00:00-05:00;607.9000244140625;522.6912
2021-12-13 00:00:00-05:00;605.3400268554688;522.55115
2021-12-14 00:00:00-05:00;596.3499755859375;521.34235
2021-12-15 00:00:00-05:00;611.5599975585938;518.65137
2021-12-16 00:00:00-05:00;607.5599975585938;519.0584
2021-12-17 00:00:00-05:00;616.8800048828125;519.7156
2021-12-20 00:00:00-05:00;604.1099853515625;521.87177
2021-12-21 00:00:00-05:00;624.0599975585938;521.55035
2021-12-22 00:00:00-05:00;640.030029296875;523.8846
2021-12-23 00:00:00-05:00;645.02001953125;528.8901
2021-12-27 00:00:00-05:00;654.8400268554688;533.8226
2021-12-28 00:00:00-05:00;651.280029296875;538.55066
2021-12-29 00:00:00-05:00;655.6900024414062;540.87695
2021-12-30 00:00:00-05:00;661.3200073242188;542.3106
2021-12-31 00:00:00-05:00;658.4600219726562;543.8909
2022-01-03 00:00:00-05:00;631.010009765625;544.601
2022-01-04 00:00:00-05:00;605.4199829101562;540.4322
2022-01-05 00:00:00-05:00;583.4600219726562;531.9822
2022-01-06 00:00:00-05:00;576.3599853515625;521.4254
2022-01-07 00:00:00-05:00;550.2999877929688;512.79193
2022-01-10 00:00:00-05:00;558.6500244140625;503.4609
2022-01-11 00:00:00-05:00;555.0599975585938;498.70706
2022-01-12 00:00:00-05:00;554.6300048828125;496.46872
2022-01-13 00:00:00-05:00;534.2000122070312;495.6465
2022-01-14 00:00:00-05:00;529.3499755859375;491.6316
2022-01-18 00:00:00-05:00;518.1699829101562;486.69318
2022-01-19 00:00:00-05:00;519.1300048828125;480.77502
2022-01-20 00:00:00-05:00;511.1499938964844;476.52164
2022-01-21 00:00:00-05:00;501.9599914550781;472.64215
2022-01-24 00:00:00-05:00;511.6499938964844;468.31882
2022-01-25 00:00:00-05:00;478.19000244140625;466.90607
2022-01-26 00:00:00-05:00;466.5199890136719;460.43594
2022-01-27 00:00:00-05:00;471.0799865722656;451.8868
2022-01-28 00:00:00-05:00;489.0499877929687;446.06317
2022-01-31 00:00:00-05:00;507.2999877929687;446.50403
2022-02-01 00:00:00-05:00;513.510009765625;452.35156
2022-02-02 00:00:00-05:00;534.22998046875;458.9982
2022-02-03 00:00:00-05:00;538.9500122070312;467.23993
2022-02-04 00:00:00-05:00;526.4400024414062;473.77997
2022-02-07 00:00:00-05:00;517.760009765625;475.03665
2022-02-08 00:00:00-05:00;521.6099853515625;472.39822
2022-02-09 00:00:00-05:00;531.8099975585938;470.11377
2022-02-10 00:00:00-05:00;526.2000122070312;470.8595
2022-02-11 00:00:00-05:00;515.0499877929688;471.58212
2022-02-14 00:00:00-05:00;505.5299987792969;470.11063
2022-02-15 00:00:00-05:00;510.8699951171875;466.62607
2022-02-16 00:00:00-05:00;508.010009765625;464.65445
2022-02-17 00:00:00-05:00;493.3500061035156;463.3919
2022-02-18 00:00:00-05:00;489.4500122070313;460.06827
2022-02-22 00:00:00-05:00;488.6400146484375;456.36334
2022-02-23 00:00:00-05:00;474.6799926757813;453.54968
2022-02-24 00:00:00-05:00;509.7699890136719;449.2586
2022-02-25 00:00:00-05:00;522.4500122070312;452.5939
2022-02-28 00:00:00-05:00;532.3499755859375;459.7499
2022-03-01 00:00:00-05:00;535.1400146484375;467.52893
2022-03-02 00:00:00-05:00;539.969970703125;473.16843
2022-03-03 00:00:00-05:00;538.52001953125;476.89355
2022-03-04 00:00:00-05:00;535.7100219726562;478.38547
2022-03-07 00:00:00-05:00;517.280029296875;478.17807
2022-03-08 00:00:00-05:00;507.7799987792969;474.20276
2022-03-09 00:00:00-05:00;529.9199829101562;468.6842
2022-03-10 00:00:00-05:00;524.4400024414062;468.84714
2022-03-11 00:00:00-05:00;498.0799865722656;470.08075
2022-03-14 00:00:00-04:00;486.3299865722656;466.4321
2022-03-15 00:00:00-04:00;502.9299926757813;460.01434
2022-03-16 00:00:00-04:00;520.1900024414062;457.87033
2022-03-17 00:00:00-04:00;527.0900268554688;461.25598
2022-03-18 00:00:00-04:00;542.4600219726562;466.6941
2022-03-21 00:00:00-04:00;539.5900268554688;473.71246
2022-03-22 00:00:00-04:00;552.4600219726562;478.133
2022-03-23 00:00:00-04:00;536.0599975585938;482.40295
2022-03-24 00:00:00-04:00;540.3900146484375;482.0953
2022-03-25 00:00:00-04:00;538.9299926757812;481.2088
2022-03-28 00:00:00-04:00;539.5399780273438;480.27094
2022-03-29 00:00:00-04:00;551.760009765625;479.95108
2022-03-30 00:00:00-04:00;548.6799926757812;482.35593
2022-03-31 00:00:00-04:00;547.0599975585938;484.39868
2022-04-01 00:00:00-04:00;553.4400024414062;485.37933
2022-04-04 00:00:00-04:00;548.0800170898438;486.82108
2022-04-05 00:00:00-04:00;545.0399780273438;486.97165
2022-04-06 00:00:00-04:00;534.9199829101562;486.13394
2022-04-07 00:00:00-04:00;551.260009765625;483.44107
2022-04-08 00:00:00-04:00;547.1199951171875;484.09454
2022-04-11 00:00:00-04:00;514.47998046875;484.97153
2022-04-12 00:00:00-04:00;497.239990234375;479.71082
2022-04-13 00:00:00-04:00;508.6099853515625;470.85593
2022-04-14 00:00:00-04:00;496.7799987792969;465.8245
2022-04-18 00:00:00-04:00;486.80999755859375;461.67676
2022-04-19 00:00:00-04:00;500.8500061035156;457.3764
2022-04-20 00:00:00-04:00;513.3900146484375;457.0186
2022-04-21 00:00:00-04:00;492.5199890136719;460.36554
2022-04-22 00:00:00-04:00;473.6400146484375;459.70483
2022-04-25 00:00:00-04:00;472.2699890136719;454.02
2022-04-26 00:00:00-04:00;455.55999755859375;447.94843
2022-04-27 00:00:00-04:00;447.1799926757813;440.40717
2022-04-28 00:00:00-04:00;448.3500061035156;433.1577
2022-04-29 00:00:00-04:00;430.4800109863281;428.5483
2022-05-02 00:00:00-04:00;432.4599914550781;422.69528
2022-05-03 00:00:00-04:00;435.9599914550781;418.48538
2022-05-04 00:00:00-04:00;411.30999755859375;416.6619
2022-05-05 00:00:00-04:00;385.1099853515625;411.00992
2022-05-06 00:00:00-04:00;366.6400146484375;400.09128
2022-05-09 00:00:00-04:00;345.0199890136719;386.51443
2022-05-10 00:00:00-04:00;340.17999267578125;371.3775
2022-05-11 00:00:00-04:00;333.8999938964844;359.06125
2022-05-12 00:00:00-04:00;347.95001220703125;349.9135
2022-05-13 00:00:00-04:00;362.1799926757813;347.37198
2022-05-16 00:00:00-04:00;360.20001220703125;350.59073
2022-05-17 00:00:00-04:00;366.3599853515625;353.82938
2022-05-18 00:00:00-04:00;357.3299865722656;356.7456
2022-05-19 00:00:00-04:00;364.8299865722656;356.16446
2022-05-20 00:00:00-04:00;372.2300109863281;355.8048
2022-05-23 00:00:00-04:00;368.3299865722656;357.125
2022-05-24 00:00:00-04:00;362.1600036621094;357.7966
2022-05-25 00:00:00-04:00;367.8599853515625;356.67392
2022-05-26 00:00:00-04:00;384.9200134277344;356.47144
2022-05-27 00:00:00-04:00;398.6099853515625;360.41266
2022-05-31 00:00:00-04:00;391.6199951171875;367.63635
2022-06-01 00:00:00-04:00;369.6300048828125;372.2804
2022-06-02 00:00:00-04:00;386.3399963378906;369.81528
2022-06-03 00:00:00-04:00;372.6300048828125;369.13364
2022-06-06 00:00:00-04:00;372.2200012207031;366.56683
2022-06-07 00:00:00-04:00;376.7900085449219;364.23776
2022-06-08 00:00:00-04:00;371.9700012207031;363.82846
2022-06-09 00:00:00-04:00;359.70001220703125;363.29443
2022-06-10 00:00:00-04:00;345.8900146484375;360.23315
2022-06-13 00:00:00-04:00;336.20001220703125;354.13574
2022-06-14 00:00:00-04:00;328.989990234375;346.61407
2022-06-15 00:00:00-04:00;333.94000244140625;339.23663
2022-06-16 00:00:00-04:00;327.3699951171875;335.18698
2022-06-17 00:00:00-04:00;328.04998779296875;332.0237
2022-06-21 00:00:00-04:00;332.0299987792969;330.05145
2022-06-22 00:00:00-04:00;333.1099853515625;329.7001
2022-06-23 00:00:00-04:00;355.6199951171875;330.01147
2022-06-24 00:00:00-04:00;361.4800109863281;335.21802
2022-06-27 00:00:00-04:00;359.0299987792969;341.72708
2022-06-28 00:00:00-04:00;349.2099914550781;346.00137
2022-06-29 00:00:00-04:00;358.2200012207031;345.87192
2022-06-30 00:00:00-04:00;350.7300109863281;346.14874
2022-07-01 00:00:00-04:00;358.44000244140625;345.00775
2022-07-05 00:00:00-04:00;366.8699951171875;345.574
2022-07-06 00:00:00-04:00;375.2200012207031;348.5952
2022-07-07 00:00:00-04:00;382.5199890136719;353.51392
2022-07-08 00:00:00-04:00;378.4500122070313;359.22253
2022-07-11 00:00:00-04:00;369.6600036621094;362.5808
2022-07-12 00:00:00-04:00;362.4599914550781;362.19272
2022-07-13 00:00:00-04:00;363.3299865722656;359.11053
2022-07-14 00:00:00-04:00;366.05999755859375;356.36484
2022-07-15 00:00:00-04:00;370.1400146484375;355.39923
2022-07-18 00:00:00-04:00;360.6000061035156;356.42648
2022-07-19 00:00:00-04:00;377.1000061035156;355.84183
2022-07-20 00:00:00-04:00;383.80999755859375;358.38596
2022-07-21 00:00:00-04:00;398.3500061035156;362.69586
2022-07-22 00:00:00-04:00;393.510009765625;369.39893
2022-07-25 00:00:00-04:00;375.55999755859375;373.7785
2022-07-26 00:00:00-04:00;377.0;372.1081
2022-07-27 00:00:00-04:00;385.9599914550781;369.10956
2022-07-28 00:00:00-04:00;398.55999755859375;368.6577
2022-07-29 00:00:00-04:00;399.1799926757813;372.208
2022-08-01 00:00:00-04:00;398.1300048828125;376.3572
2022-08-02 00:00:00-04:00;398.9299926757813;379.208
2022-08-03 00:00:00-04:00;406.8699951171875;380.8419
2022-08-04 00:00:00-04:00;405.0199890136719;383.23682
2022-08-05 00:00:00-04:00;407.7799987792969;384.85898
2022-08-08 00:00:00-04:00;407.0;386.38522
2022-08-09 00:00:00-04:00;388.6000061035156;387.33493
2022-08-10 00:00:00-04:00;400.2900085449219;384.02084
2022-08-11 00:00:00-04:00;396.6799926757813;382.76288
2022-08-12 00:00:00-04:00;396.4299926757813;382.00406
2022-08-15 00:00:00-04:00;390.8500061035156;381.71832
2022-08-16 00:00:00-04:00;382.239990234375;380.52432
2022-08-17 00:00:00-04:00;374.010009765625;377.5263
2022-08-18 00:00:00-04:00;374.75;373.01917
2022-08-19 00:00:00-04:00;373.739990234375;369.4949
2022-08-22 00:00:00-04:00;358.3999938964844;367.1916
2022-08-23 00:00:00-04:00;356.9100036621094;362.6912
2022-08-24 00:00:00-04:00;360.5499877929687;358.31015
2022-08-25 00:00:00-04:00;371.2099914550781;355.9663
2022-08-26 00:00:00-04:00;349.8999938964844;357.2816
2022-08-29 00:00:00-04:00;349.04998779296875;354.73795
2022-08-30 00:00:00-04:00;348.8399963378906;351.13654
2022-08-31 00:00:00-04:00;347.6199951171875;348.01434
2022-09-01 00:00:00-04:00;349.92999267578125;345.66772
2022-09-02 00:00:00-04:00;343.8299865722656;344.7347
2022-09-06 00:00:00-04:00;341.7300109863281;343.14362
2022-09-07 00:00:00-04:00;354.67999267578125;341.1813
2022-09-08 00:00:00-04:00;364.9500122070313;342.3946
2022-09-09 00:00:00-04:00;374.1300048828125;346.5713
2022-09-12 00:00:00-04:00;376.5899963378906;352.4502
2022-09-13 00:00:00-04:00;350.42999267578125;357.5424
2022-09-14 00:00:00-04:00;350.4700012207031;355.02435
2022-09-15 00:00:00-04:00;349.8399963378906;350.48822
2022-09-16 00:00:00-04:00;342.55999755859375;346.60016
2022-09-19 00:00:00-04:00;339.6700134277344;342.76834
2022-09-20 00:00:00-04:00;338.0;339.60712
2022-09-21 00:00:00-04:00;333.4800109863281;337.29575
2022-09-22 00:00:00-04:00;326.0799865722656;334.93594
2022-09-23 00:00:00-04:00;334.20001220703125;331.5078
2022-09-26 00:00:00-04:00;331.2200012207031;330.37314
2022-09-27 00:00:00-04:00;329.7300109863281;329.6479
2022-09-28 00:00:00-04:00;334.0299987792969;328.81674
2022-09-29 00:00:00-04:00;331.80999755859375;328.9937
2022-09-30 00:00:00-04:00;325.79998779296875;328.87317
2022-10-03 00:00:00-04:00;336.67999267578125;327.23444
2022-10-04 00:00:00-04:00;348.5899963378906;327.86618
2022-10-05 00:00:00-04:00;350.1199951171875;331.77582
2022-10-06 00:00:00-04:00;346.0199890136719;336.01862
2022-10-07 00:00:00-04:00;333.239990234375;338.11676
2022-10-10 00:00:00-04:00;324.7200012207031;335.9201
2022-10-11 00:00:00-04:00;325.7099914550781;330.9432
2022-10-12 00:00:00-04:00;328.1199951171875;326.77078
2022-10-13 00:00:00-04:00;335.2200012207031;324.85175
2022-10-14 00:00:00-04:00;324.6400146484375;326.01794
2022-10-17 00:00:00-04:00;339.489990234375;325.57748
2022-10-18 00:00:00-04:00;342.1600036621094;327.85092
2022-10-19 00:00:00-04:00;335.489990234375;330.93213
2022-10-20 00:00:00-04:00;331.20001220703125;331.81903
2022-10-21 00:00:00-04:00;337.6499938964844;330.59888
2022-10-24 00:00:00-04:00;344.94000244140625;330.39844
2022-10-25 00:00:00-04:00;352.3500061035156;332.33627
2022-10-26 00:00:00-04:00;358.29998779296875;336.19052
2022-10-27 00:00:00-04:00;356.1400146484375;340.9053
2022-10-28 00:00:00-04:00;364.2799987792969;344.01102
2022-10-31 00:00:00-04:00;359.67999267578125;347.3763
2022-11-01 00:00:00-04:00;394.9299926757813;348.88116
2022-11-02 00:00:00-04:00;372.6400146484375;357.06097
2022-11-03 00:00:00-04:00;369.19000244140625;360.45462
2022-11-04 00:00:00-04:00;371.7900085449219;360.43472
2022-11-07 00:00:00-05:00;385.2000122070313;359.84763
2022-11-08 00:00:00-05:00;382.8999938964844;362.37036
2022-11-09 00:00:00-05:00;379.8800048828125;364.9834
2022-11-10 00:00:00-05:00;416.05999755859375;366.31052
2022-11-11 00:00:00-05:00;441.2699890136719;374.57907
2022-11-14 00:00:00-05:00;428.0299987792969;388.12646
2022-11-15 00:00:00-05:00;434.3800048828125;396.48795
2022-11-16 00:00:00-05:00;426.0799865722656;401.67795
2022-11-17 00:00:00-05:00;410.44000244140625;402.4883
2022-11-18 00:00:00-05:00;413.8900146484375;398.55832
2022-11-21 00:00:00-05:00;412.8900146484375;395.2547
2022-11-22 00:00:00-05:00;412.1300048828125;393.41174
2022-11-23 00:00:00-05:00;416.5299987792969;392.84012
2022-11-25 00:00:00-05:00;411.3599853515625;393.97552
2022-11-28 00:00:00-05:00;400.1000061035156;394.31955
2022-11-29 00:00:00-05:00;408.9599914550781;391.89142
2022-11-30 00:00:00-05:00;425.8699951171875;391.03033
2022-12-01 00:00:00-05:00;439.1700134277344;394.53247
2022-12-02 00:00:00-05:00;435.2999877929687;401.23608
2022-12-05 00:00:00-05:00;422.2999877929687;406.05594
2022-12-06 00:00:00-05:00;415.3900146484375;405.90134
2022-12-07 00:00:00-05:00;420.1000061035156;402.56418
2022-12-08 00:00:00-05:00;428.5400085449219;400.21652
2022-12-09 00:00:00-05:00;420.6300048828125;400.91388
2022-12-12 00:00:00-05:00;423.1099853515625;401.0032
2022-12-13 00:00:00-05:00;435.3500061035156;401.4039
2022-12-14 00:00:00-05:00;430.0299987792969;404.28943
2022-12-15 00:00:00-05:00;415.3800048828125;406.03094
2022-12-16 00:00:00-05:00;407.7099914550781;403.7793
2022-12-19 00:00:00-05:00;402.1700134277344;399.20178
2022-12-20 00:00:00-05:00;405.7099914550781;394.12488
2022-12-21 00:00:00-05:00;418.05999755859375;391.30432
2022-12-22 00:00:00-05:00;412.9599914550781;392.83136
2022-12-23 00:00:00-05:00;410.5799865722656;394.3365
2022-12-27 00:00:00-05:00;404.7999877929687;394.72305
2022-12-28 00:00:00-05:00;399.9299926757813;393.21216
2022-12-29 00:00:00-05:00;410.3800048828125;390.37906
2022-12-30 00:00:00-05:00;407.9599914550781;390.11807
2023-01-03 00:00:00-05:00;406.010009765625;390.36685
2023-01-04 00:00:00-05:00;422.4299926757813;390.29144
2023-01-05 00:00:00-05:00;419.2000122070313;393.484
2023-01-06 00:00:00-05:00;447.7699890136719;396.10022
2023-01-09 00:00:00-05:00;448.0799865722656;403.54443
2023-01-10 00:00:00-05:00;469.1099853515625;410.29486
2023-01-11 00:00:00-05:00;463.0199890136719;418.87982
2023-01-12 00:00:00-05:00;469.7099914550781;424.07782
2023-01-13 00:00:00-05:00;479.0799865722656;427.84787
2023-01-17 00:00:00-05:00;480.19000244140625;431.91473
2023-01-18 00:00:00-05:00;481.3200073242187;435.23236
2023-01-19 00:00:00-05:00;475.1300048828125;437.69333
2023-01-20 00:00:00-05:00;488.8800048828125;438.0728
2023-01-23 00:00:00-05:00;496.1400146484375;440.5369
2023-01-24 00:00:00-05:00;487.75;444.54648
