Date;JKHY;close_predicted
2015-10-26 00:00:00-04:00;76.33000183105469;72.886086
2015-10-27 00:00:00-04:00;75.41000366210938;73.383224
2015-10-28 00:00:00-04:00;77.45999908447266;73.417076
2015-10-29 00:00:00-04:00;77.70999908447266;73.88388
2015-10-30 00:00:00-04:00;77.33999633789062;74.385254
2015-11-02 00:00:00-05:00;77.55000305175781;74.63587
2015-11-03 00:00:00-05:00;77.12999725341797;74.81043
2015-11-04 00:00:00-05:00;77.58999633789062;74.82892
2015-11-05 00:00:00-05:00;77.19000244140625;74.96607
2015-11-06 00:00:00-05:00;77.87000274658203;75.01562
2015-11-09 00:00:00-05:00;78.5;75.23132
2015-11-10 00:00:00-05:00;78.38999938964844;75.590996
2015-11-11 00:00:00-05:00;78.0;75.830826
2015-11-12 00:00:00-05:00;77.30999755859375;75.85369
2015-11-13 00:00:00-05:00;76.88999938964844;75.64917
2015-11-16 00:00:00-05:00;78.56999969482422;75.38299
2015-11-17 00:00:00-05:00;78.7699966430664;75.67084
2015-11-18 00:00:00-05:00;79.56999969482422;76.053955
2015-11-19 00:00:00-05:00;79.0999984741211;76.51098
2015-11-20 00:00:00-05:00;79.16999816894531;76.672516
2015-11-23 00:00:00-05:00;78.83999633789062;76.715225
2015-11-24 00:00:00-05:00;78.63999938964844;76.64521
2015-11-25 00:00:00-05:00;78.69999694824219;76.55182
2015-11-27 00:00:00-05:00;78.77999877929688;76.53237
2015-11-30 00:00:00-05:00;79.37999725341797;76.579895
2015-12-01 00:00:00-05:00;79.58000183105469;76.79037
2015-12-02 00:00:00-05:00;79.13999938964844;77.01203
2015-12-03 00:00:00-05:00;78.94000244140625;77.03219
2015-12-04 00:00:00-05:00;79.0;76.942276
2015-12-07 00:00:00-05:00;78.87000274658203;76.88614
2015-12-08 00:00:00-05:00;78.22000122070312;76.84179
2015-12-09 00:00:00-05:00;77.68000030517578;76.65879
2015-12-10 00:00:00-05:00;77.93000030517578;76.37586
2015-12-11 00:00:00-05:00;77.4000015258789;76.24545
2015-12-14 00:00:00-05:00;77.83000183105469;76.0659
2015-12-15 00:00:00-05:00;78.12999725341797;76.044136
2015-12-16 00:00:00-05:00;77.73999786376953;76.13149
2015-12-17 00:00:00-05:00;77.22000122070312;76.08952
2015-12-18 00:00:00-05:00;77.52999877929688;75.87434
2015-12-21 00:00:00-05:00;77.51000213623047;75.767784
2015-12-22 00:00:00-05:00;77.76000213623047;75.721344
2015-12-23 00:00:00-05:00;77.91999816894531;75.766136
2015-12-24 00:00:00-05:00;78.13999938964844;75.84601
2015-12-28 00:00:00-05:00;78.41999816894531;75.947945
2015-12-29 00:00:00-05:00;79.25;76.078575
2015-12-30 00:00:00-05:00;78.98999786376953;76.37647
2015-12-31 00:00:00-05:00;78.05999755859375;76.53166
2016-01-04 00:00:00-05:00;76.52999877929688;76.35104
2016-01-05 00:00:00-05:00;77.6500015258789;75.771
2016-01-06 00:00:00-05:00;77.70999908447266;75.63266
2016-01-07 00:00:00-05:00;76.87999725341797;75.70227
2016-01-08 00:00:00-05:00;76.44999694824219;75.58034
2016-01-11 00:00:00-05:00;76.7300033569336;75.325066
2016-01-12 00:00:00-05:00;77.9000015258789;75.19363
2016-01-13 00:00:00-05:00;75.77999877929688;75.441284
2016-01-14 00:00:00-05:00;77.12000274658203;75.118034
2016-01-15 00:00:00-05:00;74.52999877929688;75.1024
2016-01-19 00:00:00-05:00;75.62000274658203;74.48437
2016-01-20 00:00:00-05:00;75.13999938964844;74.231705
2016-01-21 00:00:00-05:00;76.55000305175781;74.04133
2016-01-22 00:00:00-05:00;78.31999969482422;74.29613
2016-01-25 00:00:00-05:00;77.37999725341797;74.99837
2016-01-26 00:00:00-05:00;77.9800033569336;75.25249
2016-01-27 00:00:00-05:00;77.91999816894531;75.41632
2016-01-28 00:00:00-05:00;78.1500015258789;75.47573
2016-01-29 00:00:00-05:00;81.18000030517578;75.568306
2016-02-01 00:00:00-05:00;81.33999633789062;76.45205
2016-02-02 00:00:00-05:00;80.70999908447266;77.2508
2016-02-03 00:00:00-05:00;79.87999725341797;77.55815
2016-02-04 00:00:00-05:00;79.75;77.42823
2016-02-05 00:00:00-05:00;78.61000061035156;77.26044
2016-02-08 00:00:00-05:00;76.56999969482422;76.92434
2016-02-09 00:00:00-05:00;76.5999984741211;76.20652
2016-02-10 00:00:00-05:00;77.30000305175781;75.717155
2016-02-11 00:00:00-05:00;77.01000213623047;75.68137
2016-02-12 00:00:00-05:00;79.29000091552734;75.68979
2016-02-16 00:00:00-05:00;80.97000122070312;76.2583
2016-02-17 00:00:00-05:00;80.0199966430664;77.13247
2016-02-18 00:00:00-05:00;82.11000061035156;77.44477
2016-02-19 00:00:00-05:00;83.01000213623047;78.00257
2016-02-22 00:00:00-05:00;84.30000305175781;78.64367
2016-02-23 00:00:00-05:00;83.56999969482422;79.41353
2016-02-24 00:00:00-05:00;83.91000366210938;79.76033
2016-02-25 00:00:00-05:00;84.41000366210938;79.99998
2016-02-26 00:00:00-05:00;83.23999786376953;80.31207
2016-02-29 00:00:00-05:00;82.23999786376953;80.29492
2016-03-01 00:00:00-05:00;82.75;80.01203
2016-03-02 00:00:00-05:00;82.0999984741211;79.962685
2016-03-03 00:00:00-05:00;82.12000274658203;79.87755
2016-03-04 00:00:00-05:00;82.19999694824219;79.8487
2016-03-07 00:00:00-05:00;81.94000244140625;79.87332
2016-03-08 00:00:00-05:00;80.98999786376953;79.833916
2016-03-09 00:00:00-05:00;81.0199966430664;79.5446
2016-03-10 00:00:00-05:00;81.08999633789062;79.30696
2016-03-11 00:00:00-05:00;81.37999725341797;79.19087
2016-03-14 00:00:00-04:00;81.2300033569336;79.21668
2016-03-15 00:00:00-04:00;81.19999694824219;79.21038
2016-03-16 00:00:00-04:00;82.06999969482422;79.16676
2016-03-17 00:00:00-04:00;82.86000061035156;79.333275
2016-03-18 00:00:00-04:00;82.83000183105469;79.67466
2016-03-21 00:00:00-04:00;82.7699966430664;79.9035
2016-03-22 00:00:00-04:00;82.91999816894531;79.987976
2016-03-23 00:00:00-04:00;82.97000122070312;80.04464
2016-03-24 00:00:00-04:00;82.98999786376953;80.10203
2016-03-28 00:00:00-04:00;83.0199966430664;80.16302
2016-03-29 00:00:00-04:00;84.45999908447266;80.22721
2016-03-30 00:00:00-04:00;85.95999908447266;80.647865
2016-03-31 00:00:00-04:00;84.56999969482422;81.38164
2016-04-01 00:00:00-04:00;85.12999725341797;81.55406
2016-04-04 00:00:00-04:00;84.0999984741211;81.66499
2016-04-05 00:00:00-04:00;83.5;81.48746
2016-04-06 00:00:00-04:00;84.41000366210938;81.20214
2016-04-07 00:00:00-04:00;83.73999786376953;81.27497
2016-04-08 00:00:00-04:00;83.48999786376953;81.27186
2016-04-11 00:00:00-04:00;82.66000366210938;81.196915
2016-04-12 00:00:00-04:00;82.16999816894531;80.92306
2016-04-13 00:00:00-04:00;82.55000305175781;80.584175
2016-04-14 00:00:00-04:00;82.25;80.45973
2016-04-15 00:00:00-04:00;82.41000366210938;80.357285
2016-04-18 00:00:00-04:00;82.47000122070312;80.32248
2016-04-19 00:00:00-04:00;83.33000183105469;80.30816
2016-04-20 00:00:00-04:00;83.08999633789062;80.49819
2016-04-21 00:00:00-04:00;82.0999984741211;80.58144
2016-04-22 00:00:00-04:00;81.87999725341797;80.33525
2016-04-25 00:00:00-04:00;81.88999938964844;80.03905
2016-04-26 00:00:00-04:00;82.2300033569336;79.85555
2016-04-27 00:00:00-04:00;82.12999725341797;79.864944
2016-04-28 00:00:00-04:00;81.94000244140625;79.88675
2016-04-29 00:00:00-04:00;81.02999877929688;79.83743
2016-05-02 00:00:00-04:00;82.3499984741211;79.54103
2016-05-03 00:00:00-04:00;81.44999694824219;79.6255
2016-05-04 00:00:00-04:00;83.08000183105469;79.53906
2016-05-05 00:00:00-04:00;82.80999755859375;79.8471
2016-05-06 00:00:00-04:00;83.5999984741211;80.04971
2016-05-09 00:00:00-04:00;84.0999984741211;80.332924
2016-05-10 00:00:00-04:00;84.75;80.64386
2016-05-11 00:00:00-04:00;83.58999633789062;81.00763
2016-05-12 00:00:00-04:00;84.43000030517578;80.959045
2016-05-13 00:00:00-04:00;83.69000244140625;81.060074
2016-05-16 00:00:00-04:00;84.70999908447266;81.00508
2016-05-17 00:00:00-04:00;83.81999969482422;81.22266
2016-05-18 00:00:00-04:00;83.56999969482422;81.221695
2016-05-19 00:00:00-04:00;82.8499984741211;81.11911
2016-05-20 00:00:00-04:00;83.05999755859375;80.864235
2016-05-23 00:00:00-04:00;82.20999908447266;80.74179
2016-05-24 00:00:00-04:00;84.01000213623047;80.49775
2016-05-25 00:00:00-04:00;83.62999725341797;80.77542
2016-05-26 00:00:00-04:00;83.48999786376953;80.96827
2016-05-27 00:00:00-04:00;84.33999633789062;81.006935
2016-05-31 00:00:00-04:00;84.43000030517578;81.1881
2016-06-01 00:00:00-04:00;84.55000305175781;81.35321
2016-06-02 00:00:00-04:00;85.2699966430664;81.48103
2016-06-03 00:00:00-04:00;84.80999755859375;81.73537
2016-06-06 00:00:00-04:00;84.98999786376953;81.81549
2016-06-07 00:00:00-04:00;85.01000213623047;81.87854
2016-06-08 00:00:00-04:00;85.44000244140625;81.93544
2016-06-09 00:00:00-04:00;85.77999877929688;82.097305
2016-06-10 00:00:00-04:00;84.5199966430664;82.32377
2016-06-13 00:00:00-04:00;83.7699966430664;82.173355
2016-06-14 00:00:00-04:00;84.69999694824219;81.81246
2016-06-15 00:00:00-04:00;83.91999816894531;81.79591
2016-06-16 00:00:00-04:00;83.83000183105469;81.69717
2016-06-17 00:00:00-04:00;82.48999786376953;81.596176
2016-06-20 00:00:00-04:00;83.6500015258789;81.18886
2016-06-21 00:00:00-04:00;83.4800033569336;81.14991
2016-06-22 00:00:00-04:00;83.37999725341797;81.168755
2016-06-23 00:00:00-04:00;84.37000274658203;81.150986
2016-06-24 00:00:00-04:00;83.22000122070312;81.35491
2016-06-27 00:00:00-04:00;82.05000305175781;81.223564
2016-06-28 00:00:00-04:00;84.4800033569336;80.74912
2016-06-29 00:00:00-04:00;85.38999938964844;80.98674
2016-06-30 00:00:00-04:00;87.2699966430664;81.54368
2016-07-01 00:00:00-04:00;87.2300033569336;82.4159
2016-07-05 00:00:00-04:00;87.25;82.98058
2016-07-06 00:00:00-04:00;87.31999969482422;83.23849
2016-07-07 00:00:00-04:00;86.80000305175781;83.35696
2016-07-08 00:00:00-04:00;87.79000091552734;83.31556
2016-07-11 00:00:00-04:00;88.37999725341797;83.55664
2016-07-12 00:00:00-04:00;88.19000244140625;83.97121
2016-07-13 00:00:00-04:00;88.43000030517578;84.2519
2016-07-14 00:00:00-04:00;88.11000061035156;84.4702
2016-07-15 00:00:00-04:00;87.80000305175781;84.53414
2016-07-18 00:00:00-04:00;87.4800033569336;84.49111
2016-07-19 00:00:00-04:00;87.7300033569336;84.394516
2016-07-20 00:00:00-04:00;88.05000305175781;84.41694
2016-07-21 00:00:00-04:00;87.44000244140625;84.562164
2016-07-22 00:00:00-04:00;88.08999633789062;84.53986
2016-07-25 00:00:00-04:00;88.52999877929688;84.6472
2016-07-26 00:00:00-04:00;89.37000274658203;84.855415
2016-07-27 00:00:00-04:00;89.58000183105469;85.21444
2016-07-28 00:00:00-04:00;89.12999725341797;85.517044
2016-07-29 00:00:00-04:00;89.25;85.57522
2016-08-01 00:00:00-04:00;89.4000015258789;85.59021
2016-08-02 00:00:00-04:00;88.68000030517578;85.64953
2016-08-03 00:00:00-04:00;88.02999877929688;85.54693
2016-08-04 00:00:00-04:00;88.33000183105469;85.307396
2016-08-05 00:00:00-04:00;88.9800033569336;85.22207
2016-08-08 00:00:00-04:00;88.08000183105469;85.38383
2016-08-09 00:00:00-04:00;88.33999633789062;85.322784
2016-08-10 00:00:00-04:00;88.94000244140625;85.28443
2016-08-11 00:00:00-04:00;88.73999786376953;85.40752
2016-08-12 00:00:00-04:00;88.33000183105469;85.46952
2016-08-15 00:00:00-04:00;88.86000061035156;85.38449
2016-08-16 00:00:00-04:00;88.4000015258789;85.42357
2016-08-17 00:00:00-04:00;85.94000244140625;85.368004
2016-08-18 00:00:00-04:00;87.12999725341797;84.70918
2016-08-19 00:00:00-04:00;87.69999694824219;84.45821
2016-08-22 00:00:00-04:00;88.33000183105469;84.56017
2016-08-23 00:00:00-04:00;88.7300033569336;84.85728
2016-08-24 00:00:00-04:00;87.81999969482422;85.149765
2016-08-25 00:00:00-04:00;88.05000305175781;85.06715
2016-08-26 00:00:00-04:00;87.5999984741211;84.9638
2016-08-29 00:00:00-04:00;87.52999877929688;84.79004
2016-08-30 00:00:00-04:00;87.6500015258789;84.66344
2016-08-31 00:00:00-04:00;87.2699966430664;84.63666
2016-09-01 00:00:00-04:00;88.19999694824219;84.55277
2016-09-02 00:00:00-04:00;88.94000244140625;84.711296
2016-09-06 00:00:00-04:00;88.66000366210938;85.04015
2016-09-07 00:00:00-04:00;88.55999755859375;85.198296
2016-09-08 00:00:00-04:00;88.2300033569336;85.21478
2016-09-09 00:00:00-04:00;86.18000030517578;85.11054
2016-09-12 00:00:00-04:00;87.4800033569336;84.528915
2016-09-13 00:00:00-04:00;85.87000274658203;84.4004
2016-09-14 00:00:00-04:00;85.23999786376953;84.05857
2016-09-15 00:00:00-04:00;85.91999816894531;83.64417
2016-09-16 00:00:00-04:00;85.16000366210938;83.53032
2016-09-19 00:00:00-04:00;85.77999877929688;83.329865
2016-09-20 00:00:00-04:00;85.93000030517578;83.30974
2016-09-21 00:00:00-04:00;86.87000274658203;83.34414
2016-09-22 00:00:00-04:00;87.73999786376953;83.57821
2016-09-23 00:00:00-04:00;87.2300033569336;83.95295
2016-09-26 00:00:00-04:00;86.4000015258789;84.06084
2016-09-27 00:00:00-04:00;86.56999969482422;83.83907
2016-09-28 00:00:00-04:00;86.68000030517578;83.67168
2016-09-29 00:00:00-04:00;85.62999725341797;83.634186
2016-09-30 00:00:00-04:00;85.55000305175781;83.40111
2016-10-03 00:00:00-04:00;85.4000015258789;83.19709
2016-10-04 00:00:00-04:00;83.94999694824219;83.04567
2016-10-05 00:00:00-04:00;83.73999786376953;82.6032
2016-10-06 00:00:00-04:00;84.41000366210938;82.199684
2016-10-07 00:00:00-04:00;83.16999816894531;82.12217
2016-10-10 00:00:00-04:00;83.19999694824219;81.82756
2016-10-11 00:00:00-04:00;81.30000305175781;81.568436
2016-10-12 00:00:00-04:00;82.69000244140625;80.9089
2016-10-13 00:00:00-04:00;82.20999908447266;80.730515
2016-10-14 00:00:00-04:00;82.68000030517578;80.59624
2016-10-17 00:00:00-04:00;82.41000366210938;80.60581
2016-10-18 00:00:00-04:00;82.5199966430664;80.53131
2016-10-19 00:00:00-04:00;82.16999816894531;80.45143
2016-10-20 00:00:00-04:00;81.8499984741211;80.28226
2016-10-21 00:00:00-04:00;81.80000305175781;80.056
2016-10-24 00:00:00-04:00;82.36000061035156;79.878365
2016-10-25 00:00:00-04:00;81.56999969482422;79.91473
2016-10-26 00:00:00-04:00;80.41999816894531;79.7756
2016-10-27 00:00:00-04:00;79.55000305175781;79.33538
2016-10-28 00:00:00-04:00;80.22000122070312;78.7568
2016-10-31 00:00:00-04:00;81.0199966430664;78.537544
2016-11-01 00:00:00-04:00;80.54000091552734;78.69128
2016-11-02 00:00:00-04:00;80.48999786376953;78.725075
2016-11-03 00:00:00-04:00;80.2699966430664;78.65836
2016-11-04 00:00:00-04:00;80.37000274658203;78.50284
2016-11-07 00:00:00-05:00;81.75;78.39478
2016-11-08 00:00:00-05:00;83.87000274658203;78.686104
2016-11-09 00:00:00-05:00;83.69000244140625;79.49539
2016-11-10 00:00:00-05:00;83.5199966430664;80.04783
2016-11-11 00:00:00-05:00;84.58000183105469;80.255516
2016-11-14 00:00:00-05:00;84.69000244140625;80.573006
2016-11-15 00:00:00-05:00;84.68000030517578;80.85932
2016-11-16 00:00:00-05:00;85.18000030517578;81.067276
2016-11-17 00:00:00-05:00;86.55000305175781;81.34294
2016-11-18 00:00:00-05:00;86.70999908447266;81.91478
2016-11-21 00:00:00-05:00;88.19999694824219;82.410416
2016-11-22 00:00:00-05:00;88.41000366210938;83.0926
2016-11-23 00:00:00-05:00;88.91999816894531;83.63316
2016-11-25 00:00:00-05:00;88.77999877929688;84.089066
2016-11-28 00:00:00-05:00;88.5999984741211;84.355865
2016-11-29 00:00:00-05:00;88.33000183105469;84.48418
2016-11-30 00:00:00-05:00;86.44000244140625;84.523834
2016-12-01 00:00:00-05:00;84.58000183105469;84.12059
2016-12-02 00:00:00-05:00;85.45999908447266;83.360756
2016-12-05 00:00:00-05:00;86.86000061035156;83.078995
2016-12-06 00:00:00-05:00;87.72000122070312;83.40996
2016-12-07 00:00:00-05:00;89.05000305175781;83.96691
2016-12-08 00:00:00-05:00;89.43000030517578;84.64278
2016-12-09 00:00:00-05:00;89.4800033569336;85.12695
2016-12-12 00:00:00-05:00;89.58000183105469;85.361336
2016-12-13 00:00:00-05:00;90.4800033569336;85.47427
2016-12-14 00:00:00-05:00;89.44000244140625;85.7677
2016-12-15 00:00:00-05:00;89.58000183105469;85.77648
2016-12-16 00:00:00-05:00;89.44999694824219;85.784546
2016-12-19 00:00:00-05:00;89.36000061035156;85.79515
2016-12-20 00:00:00-05:00;89.58000183105469;85.815414
2016-12-21 00:00:00-05:00;89.12999725341797;85.90828
2016-12-22 00:00:00-05:00;88.91000366210938;85.88786
2016-12-23 00:00:00-05:00;89.41000366210938;85.80343
2016-12-27 00:00:00-05:00;89.51000213623047;85.86767
2016-12-28 00:00:00-05:00;88.88999938964844;85.974724
2016-12-29 00:00:00-05:00;89.18000030517578;85.898384
2016-12-30 00:00:00-05:00;88.77999877929688;85.87561
2017-01-03 00:00:00-05:00;88.88999938964844;85.7798
2017-01-04 00:00:00-05:00;89.73999786376953;85.734344
2017-01-05 00:00:00-05:00;90.55999755859376;85.92794
2017-01-06 00:00:00-05:00;90.8499984741211;86.3001
2017-01-09 00:00:00-05:00;90.20999908447266;86.627266
2017-01-10 00:00:00-05:00;89.5;86.646324
2017-01-11 00:00:00-05:00;89.27999877929688;86.4123
2017-01-12 00:00:00-05:00;89.2699966430664;86.17728
2017-01-13 00:00:00-05:00;90.54000091552734;86.06329
2017-01-17 00:00:00-05:00;90.19000244140624;86.355255
2017-01-18 00:00:00-05:00;90.1500015258789;86.54711
2017-01-19 00:00:00-05:00;90.25;86.61538
2017-01-20 00:00:00-05:00;90.7699966430664;86.640976
2017-01-23 00:00:00-05:00;91.02999877929688;86.77683
2017-01-24 00:00:00-05:00;91.1999969482422;86.95773
2017-01-25 00:00:00-05:00;90.6999969482422;87.125534
2017-01-26 00:00:00-05:00;89.69999694824219;87.10785
2017-01-27 00:00:00-05:00;90.05000305175781;86.81992
2017-01-30 00:00:00-05:00;90.12999725341795;86.683815
2017-01-31 00:00:00-05:00;89.77999877929688;86.68058
2017-02-01 00:00:00-05:00;89.08000183105469;86.63611
2017-02-02 00:00:00-05:00;89.05000305175781;86.42413
2017-02-03 00:00:00-05:00;90.2300033569336;86.2411
2017-02-06 00:00:00-05:00;89.69000244140625;86.42191
2017-02-07 00:00:00-05:00;90.01000213623047;86.47981
2017-02-08 00:00:00-05:00;89.52999877929688;86.543144
2017-02-09 00:00:00-05:00;90.81999969482422;86.449265
2017-02-10 00:00:00-05:00;90.5999984741211;86.66296
2017-02-13 00:00:00-05:00;91.4800033569336;86.81255
2017-02-14 00:00:00-05:00;91.0500030517578;87.09745
2017-02-15 00:00:00-05:00;91.68000030517578;87.19433
2017-02-16 00:00:00-05:00;92.23999786376952;87.363945
2017-02-17 00:00:00-05:00;92.52999877929688;87.63163
2017-02-21 00:00:00-05:00;93.16000366210938;87.903015
2017-02-22 00:00:00-05:00;93.37000274658205;88.23334
2017-02-23 00:00:00-05:00;93.8499984741211;88.51307
2017-02-24 00:00:00-05:00;94.6999969482422;88.8046
2017-02-27 00:00:00-05:00;94.76000213623048;89.21125
2017-02-28 00:00:00-05:00;93.7699966430664;89.52518
2017-03-01 00:00:00-05:00;95.33000183105467;89.483154
2017-03-02 00:00:00-05:00;94.47000122070312;89.77853
2017-03-03 00:00:00-05:00;95.0;89.87427
2017-03-06 00:00:00-05:00;94.61000061035156;90.04393
2017-03-07 00:00:00-05:00;94.47000122070312;90.09747
2017-03-08 00:00:00-05:00;94.2699966430664;90.0952
2017-03-09 00:00:00-05:00;94.05999755859376;90.05672
2017-03-10 00:00:00-05:00;94.44000244140624;89.99749
2017-03-13 00:00:00-04:00;95.11000061035156;90.0644
2017-03-14 00:00:00-04:00;94.83999633789062;90.30436
2017-03-15 00:00:00-04:00;95.3499984741211;90.426994
2017-03-16 00:00:00-04:00;94.75;90.58863
2017-03-17 00:00:00-04:00;95.0999984741211;90.553375
2017-03-20 00:00:00-04:00;94.48999786376952;90.57572
2017-03-21 00:00:00-04:00;93.88999938964844;90.47178
2017-03-22 00:00:00-04:00;93.70999908447266;90.250885
2017-03-23 00:00:00-04:00;93.47000122070312;90.059265
2017-03-24 00:00:00-04:00;93.33000183105467;89.90496
2017-03-27 00:00:00-04:00;93.62000274658205;89.790276
2017-03-28 00:00:00-04:00;93.75;89.7923
2017-03-29 00:00:00-04:00;94.0199966430664;89.83825
2017-03-30 00:00:00-04:00;93.91999816894533;89.921776
2017-03-31 00:00:00-04:00;93.0999984741211;89.93843
2017-04-03 00:00:00-04:00;92.80999755859376;89.72357
2017-04-04 00:00:00-04:00;92.7300033569336;89.463974
2017-04-05 00:00:00-04:00;92.48999786376952;89.281815
2017-04-06 00:00:00-04:00;92.16000366210938;89.13719
2017-04-07 00:00:00-04:00;91.97000122070312;88.97398
2017-04-10 00:00:00-04:00;92.27999877929688;88.81193
2017-04-11 00:00:00-04:00;93.56999969482422;88.772835
2017-04-12 00:00:00-04:00;93.91000366210938;89.07044
2017-04-13 00:00:00-04:00;93.02999877929688;89.3888
2017-04-17 00:00:00-04:00;94.16999816894533;89.34713
2017-04-18 00:00:00-04:00;94.41999816894533;89.48994
2017-04-19 00:00:00-04:00;94.77999877929688;89.683815
2017-04-20 00:00:00-04:00;95.52999877929688;89.90815
2017-04-21 00:00:00-04:00;95.62999725341795;90.23502
2017-04-24 00:00:00-04:00;96.51000213623048;90.48897
2017-04-25 00:00:00-04:00;96.62999725341795;90.84501
2017-04-26 00:00:00-04:00;96.97000122070312;91.12935
2017-04-27 00:00:00-04:00;97.31999969482422;91.38574
2017-04-28 00:00:00-04:00;96.91999816894533;91.642166
2017-05-01 00:00:00-04:00;96.94000244140624;91.73389
2017-05-02 00:00:00-04:00;97.36000061035156;91.78792
2017-05-03 00:00:00-04:00;97.4800033569336;91.945885
2017-05-04 00:00:00-04:00;98.04000091552734;92.12711
2017-05-05 00:00:00-04:00;98.1500015258789;92.396286
2017-05-08 00:00:00-04:00;97.12999725341795;92.62112
2017-05-09 00:00:00-04:00;97.3000030517578;92.5223
2017-05-10 00:00:00-04:00;97.4000015258789;92.444496
2017-05-11 00:00:00-04:00;96.6500015258789;92.454185
2017-05-12 00:00:00-04:00;95.98999786376952;92.33117
2017-05-15 00:00:00-04:00;96.7699966430664;92.08474
2017-05-16 00:00:00-04:00;98.37999725341795;92.09928
2017-05-17 00:00:00-04:00;97.86000061035156;92.55311
2017-05-18 00:00:00-04:00;98.86000061035156;92.79817
2017-05-19 00:00:00-04:00;100.63999938964844;93.1051
2017-05-22 00:00:00-04:00;102.13999938964844;93.70382
2017-05-23 00:00:00-04:00;103.18000030517578;94.47783
2017-05-24 00:00:00-04:00;103.25;95.2206
2017-05-25 00:00:00-04:00;105.12999725341795;95.68006
2017-05-26 00:00:00-04:00;104.3000030517578;96.34487
2017-05-30 00:00:00-04:00;105.11000061035156;96.65033
2017-05-31 00:00:00-04:00;106.20999908447266;96.991776
2017-06-01 00:00:00-04:00;105.11000061035156;97.5167
2017-06-02 00:00:00-04:00;105.2300033569336;97.69113
2017-06-05 00:00:00-04:00;104.97000122070312;97.79652
2017-06-06 00:00:00-04:00;103.58999633789062;97.84327
2017-06-07 00:00:00-04:00;103.97000122070312;97.608635
2017-06-08 00:00:00-04:00;103.9000015258789;97.538925
2017-06-09 00:00:00-04:00;103.2699966430664;97.563934
2017-06-12 00:00:00-04:00;103.56999969482422;97.48658
2017-06-13 00:00:00-04:00;104.20999908447266;97.49146
2017-06-14 00:00:00-04:00;103.88999938964844;97.65956
2017-06-15 00:00:00-04:00;104.38999938964844;97.7233
2017-06-16 00:00:00-04:00;104.79000091552734;97.83949
2017-06-19 00:00:00-04:00;104.6999969482422;98.00412
2017-06-20 00:00:00-04:00;104.66000366210938;98.091934
2017-06-21 00:00:00-04:00;104.94000244140624;98.117424
2017-06-22 00:00:00-04:00;104.94000244140624;98.18652
2017-06-23 00:00:00-04:00;105.5999984741211;98.24876
2017-06-26 00:00:00-04:00;105.37000274658205;98.44142
2017-06-27 00:00:00-04:00;104.68000030517578;98.54233
2017-06-28 00:00:00-04:00;105.27999877929688;98.43269
2017-06-29 00:00:00-04:00;103.6999969482422;98.461075
2017-06-30 00:00:00-04:00;103.87000274658205;98.17494
2017-07-03 00:00:00-04:00;103.20999908447266;97.98369
2017-07-05 00:00:00-04:00;103.68000030517578;97.75788
2017-07-06 00:00:00-04:00;102.62000274658205;97.7295
2017-07-07 00:00:00-04:00;103.5999984741211;97.51725
2017-07-10 00:00:00-04:00;103.83000183105467;97.55428
2017-07-11 00:00:00-04:00;103.91000366210938;97.67053
2017-07-12 00:00:00-04:00;105.25;97.75717
2017-07-13 00:00:00-04:00;104.9000015258789;98.07851
2017-07-14 00:00:00-04:00;105.1999969482422;98.22892
2017-07-17 00:00:00-04:00;105.5199966430664;98.333244
2017-07-18 00:00:00-04:00;105.1999969482422;98.453926
2017-07-19 00:00:00-04:00;106.1500015258789;98.469284
2017-07-20 00:00:00-04:00;106.4499969482422;98.67956
2017-07-21 00:00:00-04:00;106.19000244140624;98.93165
2017-07-24 00:00:00-04:00;106.19000244140624;99.04426
2017-07-25 00:00:00-04:00;106.4800033569336;99.08698
2017-07-26 00:00:00-04:00;106.69000244140624;99.1767
2017-07-27 00:00:00-04:00;106.69000244140624;99.30863
2017-07-28 00:00:00-04:00;107.08000183105467;99.41439
2017-07-31 00:00:00-04:00;107.31999969482422;99.57029
2017-08-01 00:00:00-04:00;107.37999725341795;99.739334
2017-08-02 00:00:00-04:00;105.69000244140624;99.867
2017-08-03 00:00:00-04:00;105.9000015258789;99.571785
2017-08-04 00:00:00-04:00;106.02999877929688;99.360794
2017-08-07 00:00:00-04:00;106.62000274658205;99.31036
2017-08-08 00:00:00-04:00;106.58000183105467;99.4693
2017-08-09 00:00:00-04:00;106.37000274658205;99.60313
2017-08-10 00:00:00-04:00;106.06999969482422;99.61778
2017-08-11 00:00:00-04:00;105.73999786376952;99.52174
2017-08-14 00:00:00-04:00;106.3499984741211;99.36612
2017-08-15 00:00:00-04:00;106.51000213623048;99.40177
2017-08-16 00:00:00-04:00;101.58999633789062;99.50878
2017-08-17 00:00:00-04:00;98.72000122070312;98.49777
2017-08-18 00:00:00-04:00;98.44000244140624;96.98705
2017-08-21 00:00:00-04:00;99.3000030517578;95.925865
2017-08-22 00:00:00-04:00;100.4000015258789;95.626976
2017-08-23 00:00:00-04:00;100.33000183105467;95.85399
2017-08-24 00:00:00-04:00;99.58000183105467;96.00601
2017-08-25 00:00:00-04:00;100.08000183105467;95.79366
2017-08-28 00:00:00-04:00;100.4800033569336;95.6024
2017-08-29 00:00:00-04:00;101.08000183105467;95.531746
2017-08-30 00:00:00-04:00;101.55999755859376;95.62167
2017-08-31 00:00:00-04:00;103.06999969482422;95.79031
2017-09-01 00:00:00-04:00;102.5500030517578;96.22184
2017-09-05 00:00:00-04:00;101.80999755859376;96.39633
2017-09-06 00:00:00-04:00;101.48999786376952;96.2551
2017-09-07 00:00:00-04:00;101.8000030517578;96.026596
2017-09-08 00:00:00-04:00;101.97000122070312;95.965866
2017-09-11 00:00:00-04:00;102.5;96.034935
2017-09-12 00:00:00-04:00;102.63999938964844;96.23881
2017-09-13 00:00:00-04:00;102.0999984741211;96.42138
2017-09-14 00:00:00-04:00;102.0199966430664;96.39635
2017-09-15 00:00:00-04:00;101.73999786376952;96.31343
2017-09-18 00:00:00-04:00;102.41000366210938;96.197464
2017-09-19 00:00:00-04:00;102.2300033569336;96.28763
2017-09-20 00:00:00-04:00;101.58000183105467;96.35864
2017-09-21 00:00:00-04:00;102.02999877929688;96.24924
2017-09-22 00:00:00-04:00;102.26000213623048;96.24091
2017-09-25 00:00:00-04:00;101.48999786376952;96.31578
2017-09-26 00:00:00-04:00;101.18000030517578;96.20765
2017-09-27 00:00:00-04:00;101.73999786376952;96.026955
2017-09-28 00:00:00-04:00;102.62000274658205;96.031105
2017-09-29 00:00:00-04:00;102.79000091552734;96.28088
2017-10-02 00:00:00-04:00;102.83999633789062;96.51915
2017-10-03 00:00:00-04:00;103.62999725341795;96.653496
2017-10-04 00:00:00-04:00;103.91999816894533;96.87671
2017-10-05 00:00:00-04:00;103.87000274658205;97.0974
2017-10-06 00:00:00-04:00;104.41000366210938;97.22422
2017-10-09 00:00:00-04:00;105.30999755859376;97.410126
2017-10-10 00:00:00-04:00;105.31999969482422;97.75377
2017-10-11 00:00:00-04:00;104.87999725341795;98.0144
2017-10-12 00:00:00-04:00;105.18000030517578;98.06568
2017-10-13 00:00:00-04:00;105.0999984741211;98.13384
2017-10-16 00:00:00-04:00;104.97000122070312;98.19016
2017-10-17 00:00:00-04:00;104.3499984741211;98.22179
2017-10-18 00:00:00-04:00;104.16000366210938;98.12005
2017-10-19 00:00:00-04:00;105.47000122070312;98.0064
2017-10-20 00:00:00-04:00;105.77999877929688;98.24757
2017-10-23 00:00:00-04:00;106.4000015258789;98.554214
2017-10-24 00:00:00-04:00;106.04000091552734;98.88489
2017-10-25 00:00:00-04:00;106.91999816894533;98.99642
2017-10-26 00:00:00-04:00;108.83999633789062;99.207184
2017-10-27 00:00:00-04:00;110.44000244140624;99.79293
2017-10-30 00:00:00-04:00;110.54000091552734;100.592445
2017-10-31 00:00:00-04:00;110.12999725341795;101.13841
2017-11-01 00:00:00-04:00;109.76000213623048;101.318405
2017-11-02 00:00:00-04:00;110.97000122070312;101.28977
2017-11-03 00:00:00-04:00;111.61000061035156;101.54549
2017-11-06 00:00:00-05:00;111.8000030517578;101.96382
2017-11-07 00:00:00-05:00;112.55999755859376;102.33323
2017-11-08 00:00:00-05:00;113.86000061035156;102.729546
2017-11-09 00:00:00-05:00;113.95999908447266;103.2736
2017-11-10 00:00:00-05:00;113.69000244140624;103.67624
2017-11-13 00:00:00-05:00;112.8499984741211;103.85056
2017-11-14 00:00:00-05:00;113.0999984741211;103.75739
2017-11-15 00:00:00-05:00;112.33999633789062;103.74426
2017-11-16 00:00:00-05:00;112.19000244140624;103.64848
2017-11-17 00:00:00-05:00;112.08000183105467;103.58645
2017-11-20 00:00:00-05:00;112.44000244140624;103.56496
2017-11-21 00:00:00-05:00;113.3499984741211;103.658485
2017-11-22 00:00:00-05:00;114.22000122070312;103.94138
2017-11-24 00:00:00-05:00;114.56999969482422;104.333
2017-11-27 00:00:00-05:00;114.95999908447266;104.651245
2017-11-28 00:00:00-05:00;115.33000183105467;104.89411
2017-11-29 00:00:00-05:00;113.9000015258789;105.099655
2017-11-30 00:00:00-05:00;115.31999969482422;104.92656
2017-12-01 00:00:00-05:00;114.02999877929688;105.06252
2017-12-04 00:00:00-05:00;115.4800033569336;104.97544
2017-12-05 00:00:00-05:00;114.7699966430664;105.20579
2017-12-06 00:00:00-05:00;115.87999725341795;105.28013
2017-12-07 00:00:00-05:00;116.80999755859376;105.53112
2017-12-08 00:00:00-05:00;117.29000091552734;105.91686
2017-12-11 00:00:00-05:00;116.88999938964844;106.27772
2017-12-12 00:00:00-05:00;116.30999755859376;106.39982
2017-12-13 00:00:00-05:00;116.2699966430664;106.30491
2017-12-14 00:00:00-05:00;116.05999755859376;106.21668
2017-12-15 00:00:00-05:00;118.23999786376952;106.159454
2017-12-18 00:00:00-05:00;118.27999877929688;106.61774
2017-12-19 00:00:00-05:00;117.88999938964844;107.02559
2017-12-20 00:00:00-05:00;117.81999969482422;107.16668
2017-12-21 00:00:00-05:00;117.41000366210938;107.16704
2017-12-22 00:00:00-05:00;116.83999633789062;107.06656
2017-12-26 00:00:00-05:00;116.83000183105467;106.8966
2017-12-27 00:00:00-05:00;116.91999816894533;106.80925
2017-12-28 00:00:00-05:00;117.29000091552734;106.82004
2017-12-29 00:00:00-05:00;116.95999908447266;106.93764
2018-01-02 00:00:00-05:00;116.19000244140624;106.96202
2018-01-03 00:00:00-05:00;116.33999633789062;106.789474
2018-01-04 00:00:00-05:00;118.63999938964844;106.67227
2018-01-05 00:00:00-05:00;119.77999877929688;107.09867
2018-01-08 00:00:00-05:00;119.81999969482422;107.70588
2018-01-09 00:00:00-05:00;121.0199966430664;108.08717
2018-01-10 00:00:00-05:00;122.33000183105467;108.476715
2018-01-11 00:00:00-05:00;122.68000030517578;108.96782
2018-01-12 00:00:00-05:00;123.37999725341795;109.36144
2018-01-16 00:00:00-05:00;123.7300033569336;109.72867
2018-01-17 00:00:00-05:00;124.79000091552734;110.03341
2018-01-18 00:00:00-05:00;124.43000030517578;110.444565
2018-01-19 00:00:00-05:00;125.1500015258789;110.6729
2018-01-22 00:00:00-05:00;125.31999969482422;110.94478
2018-01-23 00:00:00-05:00;126.0;111.184296
2018-01-24 00:00:00-05:00;125.1500015258789;111.49038
2018-01-25 00:00:00-05:00;125.5500030517578;111.54875
2018-01-26 00:00:00-05:00;126.52999877929688;111.638214
2018-01-29 00:00:00-05:00;126.41000366210938;111.925285
2018-01-30 00:00:00-05:00;125.25;112.14544
2018-01-31 00:00:00-05:00;124.66000366210938;112.04951
2018-02-01 00:00:00-05:00;124.66000366210938;111.82475
2018-02-02 00:00:00-05:00;122.95999908447266;111.696846
2018-02-05 00:00:00-05:00;117.97000122070312;111.34465
2018-02-06 00:00:00-05:00;117.97000122070312;110.12199
2018-02-07 00:00:00-05:00;117.2300033569336;109.2284
2018-02-08 00:00:00-05:00;114.37000274658205;108.67264
2018-02-09 00:00:00-05:00;115.33000183105467;107.85972
2018-02-12 00:00:00-05:00;116.3000030517578;107.48261
2018-02-13 00:00:00-05:00;117.12999725341795;107.50814
2018-02-14 00:00:00-05:00;119.27999877929688;107.714745
2018-02-15 00:00:00-05:00;120.91000366210938;108.22227
2018-02-16 00:00:00-05:00;122.08000183105467;108.82581
2018-02-20 00:00:00-05:00;121.01000213623048;109.35741
2018-02-21 00:00:00-05:00;119.43000030517578;109.37791
2018-02-22 00:00:00-05:00;120.16000366210938;108.93449
2018-02-23 00:00:00-05:00;121.9499969482422;108.74069
2018-02-26 00:00:00-05:00;121.44000244140624;109.09822
2018-02-27 00:00:00-05:00;119.55999755859376;109.3604
2018-02-28 00:00:00-05:00;117.3000030517578;109.10857
2018-03-01 00:00:00-05:00;117.68000030517578;108.38093
2018-03-02 00:00:00-05:00;119.08999633789062;107.94837
2018-03-05 00:00:00-05:00;121.01000213623048;108.09307
2018-03-06 00:00:00-05:00;121.9000015258789;108.71419
2018-03-07 00:00:00-05:00;122.20999908447266;109.329475
2018-03-08 00:00:00-05:00;122.38999938964844;109.69273
2018-03-09 00:00:00-05:00;123.93000030517578;109.84288
2018-03-12 00:00:00-04:00;123.41000366210938;110.186066
2018-03-13 00:00:00-04:00;124.05999755859376;110.34386
2018-03-14 00:00:00-04:00;125.01000213623048;110.547005
2018-03-15 00:00:00-04:00;125.01000213623048;110.88915
2018-03-16 00:00:00-04:00;125.25;111.14656
2018-03-19 00:00:00-04:00;124.9000015258789;111.34528
2018-03-20 00:00:00-04:00;125.36000061035156;111.40014
2018-03-21 00:00:00-04:00;125.33000183105467;111.51968
2018-03-22 00:00:00-04:00;122.48999786376952;111.62953
2018-03-23 00:00:00-04:00;119.1999969482422;111.15856
2018-03-26 00:00:00-04:00;120.87999725341795;110.12453
2018-03-27 00:00:00-04:00;119.72000122070312;109.77197
2018-03-28 00:00:00-04:00;119.54000091552734;109.54392
2018-03-29 00:00:00-04:00;120.9499969482422;109.41363
2018-04-02 00:00:00-04:00;119.36000061035156;109.61015
2018-04-03 00:00:00-04:00;119.69000244140624;109.43677
2018-04-04 00:00:00-04:00;120.25;109.27134
2018-04-05 00:00:00-04:00;120.38999938964844;109.25723
2018-04-06 00:00:00-04:00;118.37999725341795;109.29517
2018-04-09 00:00:00-04:00;118.48999786376952;108.901024
2018-04-10 00:00:00-04:00;120.5500030517578;108.57509
2018-04-11 00:00:00-04:00;120.20999908447266;108.81608
2018-04-12 00:00:00-04:00;120.13999938964844;109.013435
2018-04-13 00:00:00-04:00;119.5199966430664;109.075615
2018-04-16 00:00:00-04:00;121.3000030517578;108.922905
2018-04-17 00:00:00-04:00;122.4800033569336;109.13459
2018-04-18 00:00:00-04:00;123.08000183105467;109.579765
2018-04-19 00:00:00-04:00;122.27999877929688;110.00453
2018-04-20 00:00:00-04:00;121.43000030517578;110.067215
2018-04-23 00:00:00-04:00;121.58999633789062;109.84531
2018-04-24 00:00:00-04:00;120.68000030517578;109.70441
2018-04-25 00:00:00-04:00;119.25;109.496506
2018-04-26 00:00:00-04:00;121.70999908447266;109.10399
2018-04-27 00:00:00-04:00;120.11000061035156;109.35074
2018-04-30 00:00:00-04:00;119.4800033569336;109.32886
2018-05-01 00:00:00-04:00;121.43000030517578;109.11687
2018-05-02 00:00:00-04:00;117.93000030517578;109.326416
2018-05-03 00:00:00-04:00;120.86000061035156;108.83516
2018-05-04 00:00:00-04:00;122.91000366210938;108.97492
2018-05-07 00:00:00-04:00;121.8000030517578;109.612076
2018-05-08 00:00:00-04:00;122.12999725341795;109.86041
2018-05-09 00:00:00-04:00;122.7300033569336;109.94513
2018-05-10 00:00:00-04:00;123.04000091552734;110.06079
2018-05-11 00:00:00-04:00;123.98999786376952;110.21034
2018-05-14 00:00:00-04:00;122.23999786376952;110.511536
2018-05-15 00:00:00-04:00;121.45999908447266;110.383995
2018-05-16 00:00:00-04:00;122.27999877929688;110.069305
2018-05-17 00:00:00-04:00;122.25;110.033646
2018-05-18 00:00:00-04:00;122.41000366210938;110.105675
2018-05-21 00:00:00-04:00;122.33999633789062;110.21921
2018-05-22 00:00:00-04:00;120.23999786376952;110.27669
2018-05-23 00:00:00-04:00;121.7699966430664;109.87118
2018-05-24 00:00:00-04:00;122.12999725341795;109.8383
2018-05-25 00:00:00-04:00;121.72000122070312;109.99061
2018-05-29 00:00:00-04:00;122.04000091552734;110.04361
2018-05-30 00:00:00-04:00;123.83000183105467;110.09951
2018-05-31 00:00:00-04:00;125.05999755859376;110.47868
2018-06-01 00:00:00-04:00;124.81999969482422;111.008835
2018-06-04 00:00:00-04:00;126.83000183105467;111.28677
2018-06-05 00:00:00-04:00;127.12999725341795;111.7732
2018-06-06 00:00:00-04:00;129.1300048828125;112.16184
2018-06-07 00:00:00-04:00;128.60000610351562;112.769455
2018-06-08 00:00:00-04:00;129.64999389648438;113.079636
2018-06-11 00:00:00-04:00;129.0500030517578;113.4178
2018-06-12 00:00:00-04:00;129.55999755859375;113.53366
2018-06-13 00:00:00-04:00;129.58999633789062;113.6933
2018-06-14 00:00:00-04:00;131.08999633789062;113.846436
2018-06-15 00:00:00-04:00;131.2899932861328;114.26593
2018-06-18 00:00:00-04:00;132.11000061035156;114.63638
2018-06-19 00:00:00-04:00;133.14999389648438;115.01395
2018-06-20 00:00:00-04:00;131.13999938964844;115.44388
2018-06-21 00:00:00-04:00;131.02999877929688;115.340836
2018-06-22 00:00:00-04:00;131.30999755859375;115.166435
2018-06-25 00:00:00-04:00;129.47000122070312;115.1471
2018-06-26 00:00:00-04:00;129.92999267578125;114.873024
2018-06-27 00:00:00-04:00;128.41000366210938;114.77871
2018-06-28 00:00:00-04:00;129.41000366210938;114.49986
2018-06-29 00:00:00-04:00;130.36000061035156;114.50589
2018-07-02 00:00:00-04:00;130.60000610351562;114.76023
2018-07-03 00:00:00-04:00;131.75999450683594;115.000305
2018-07-05 00:00:00-04:00;132.61000061035156;115.32976
2018-07-06 00:00:00-04:00;133.66000366210938;115.67613
2018-07-09 00:00:00-04:00;134.6199951171875;116.06164
2018-07-10 00:00:00-04:00;134.25;116.46296
2018-07-11 00:00:00-04:00;135.3000030517578;116.626724
2018-07-12 00:00:00-04:00;136.9499969482422;116.872925
2018-07-13 00:00:00-04:00;135.3800048828125;117.36155
2018-07-16 00:00:00-04:00;135.1699981689453;117.42855
2018-07-17 00:00:00-04:00;136.27000427246094;117.351036
2018-07-18 00:00:00-04:00;135.8000030517578;117.50782
2018-07-19 00:00:00-04:00;135.8000030517578;117.606224
2018-07-20 00:00:00-04:00;135.91000366210938;117.6774
2018-07-23 00:00:00-04:00;136.88999938964844;117.74931
2018-07-24 00:00:00-04:00;137.44000244140625;117.98931
2018-07-25 00:00:00-04:00;138.36000061035156;118.27817
2018-07-26 00:00:00-04:00;138.7100067138672;118.62682
2018-07-27 00:00:00-04:00;137.38999938964844;118.901596
2018-07-30 00:00:00-04:00;135.11000061035156;118.80321
2018-07-31 00:00:00-04:00;134.6999969482422;118.25862
2018-08-01 00:00:00-04:00;136.0500030517578;117.805016
2018-08-02 00:00:00-04:00;138.17999267578125;117.86834
2018-08-03 00:00:00-04:00;138.6300048828125;118.44865
2018-08-06 00:00:00-04:00;139.77999877929688;118.96666
2018-08-07 00:00:00-04:00;140.47999572753906;119.414024
2018-08-08 00:00:00-04:00;140.49000549316406;119.741806
2018-08-09 00:00:00-04:00;141.00999450683594;119.89155
2018-08-10 00:00:00-04:00;140.72000122070312;120.03836
2018-08-13 00:00:00-04:00;141.6699981689453;120.09261
2018-08-14 00:00:00-04:00;143.07000732421875;120.30242
2018-08-15 00:00:00-04:00;142.88999938964844;120.733086
2018-08-16 00:00:00-04:00;142.5;121.01178
2018-08-17 00:00:00-04:00;143.24000549316406;121.07156
2018-08-20 00:00:00-04:00;144.49000549316406;121.19858
2018-08-21 00:00:00-04:00;144.10000610351562;121.533165
2018-08-22 00:00:00-04:00;155.2899932861328;121.72434
2018-08-23 00:00:00-04:00;156.60000610351562;123.75975
2018-08-24 00:00:00-04:00;158.47000122070312;125.498436
2018-08-27 00:00:00-04:00;157.2100067138672;126.65742
2018-08-28 00:00:00-04:00;157.00999450683594;126.90055
2018-08-29 00:00:00-04:00;157.6300048828125;126.82191
2018-08-30 00:00:00-04:00;158.16000366210938;126.90071
2018-08-31 00:00:00-04:00;158.44000244140625;127.18798
2018-09-04 00:00:00-04:00;159.27999877929688;127.53315
2018-09-05 00:00:00-04:00;157.97999572753906;127.93102
2018-09-06 00:00:00-04:00;159.57000732421875;127.98998
2018-09-07 00:00:00-04:00;160.0;128.23372
2018-09-10 00:00:00-04:00;159.8000030517578;128.51668
2018-09-11 00:00:00-04:00;160.50999450683594;128.68349
2018-09-12 00:00:00-04:00;161.5399932861328;128.88135
2018-09-13 00:00:00-04:00;161.82000732421875;129.18277
2018-09-14 00:00:00-04:00;162.86000061035156;129.43687
2018-09-17 00:00:00-04:00;159.94000244140625;129.7424
2018-09-18 00:00:00-04:00;161.24000549316406;129.47195
2018-09-19 00:00:00-04:00;159.42999267578125;129.4116
2018-09-20 00:00:00-04:00;160.27999877929688;129.17506
2018-09-21 00:00:00-04:00;159.2100067138672;129.17761
2018-09-24 00:00:00-04:00;159.50999450683594;129.08702
2018-09-25 00:00:00-04:00;159.75999450683594;129.0768
2018-09-26 00:00:00-04:00;158.25;129.13196
2018-09-27 00:00:00-04:00;159.19000244140625;128.9385
2018-09-28 00:00:00-04:00;160.0800018310547;128.91974
2018-10-01 00:00:00-04:00;159.0399932861328;129.09477
2018-10-02 00:00:00-04:00;159.1199951171875;129.07146
2018-10-03 00:00:00-04:00;159.05999755859375;129.01202
2018-10-04 00:00:00-04:00;157.8000030517578;128.95491
2018-10-05 00:00:00-04:00;158.66000366210938;128.7274
2018-10-08 00:00:00-04:00;154.32000732421875;128.70398
2018-10-09 00:00:00-04:00;156.5800018310547;128.04915
2018-10-10 00:00:00-04:00;150.0399932861328;127.90984
2018-10-11 00:00:00-04:00;147.32000732421875;126.90591
2018-10-12 00:00:00-04:00;150.0800018310547;125.70541
2018-10-15 00:00:00-04:00;149.77000427246094;125.46965
2018-10-16 00:00:00-04:00;154.22999572753906;125.54624
2018-10-17 00:00:00-04:00;154.82000732421875;126.37075
2018-10-18 00:00:00-04:00;152.94000244140625;127.01021
2018-10-19 00:00:00-04:00;152.9499969482422;126.91955
2018-10-22 00:00:00-04:00;153.9199981689453;126.62601
2018-10-23 00:00:00-04:00;151.80999755859375;126.565544
2018-10-24 00:00:00-04:00;148.85000610351562;126.26133
2018-10-25 00:00:00-04:00;150.42999267578125;125.55713
2018-10-26 00:00:00-04:00;148.9499969482422;125.349625
2018-10-29 00:00:00-04:00;146.0800018310547;125.129234
2018-10-30 00:00:00-04:00;147.83999633789062;124.52545
2018-10-31 00:00:00-04:00;149.8300018310547;124.38039
2018-11-01 00:00:00-04:00;149.6199951171875;124.737816
2018-11-02 00:00:00-04:00;149.2100067138672;124.9946
2018-11-05 00:00:00-05:00;149.72000122070312;124.99076
2018-11-06 00:00:00-05:00;150.74000549316406;124.96674
2018-11-07 00:00:00-05:00;146.64999389648438;125.10266
2018-11-08 00:00:00-05:00;143.10000610351562;124.52002
2018-11-09 00:00:00-05:00;141.5;123.417274
2018-11-12 00:00:00-05:00;141.30999755859375;122.42247
2018-11-13 00:00:00-05:00;138.7100067138672;121.910965
2018-11-14 00:00:00-05:00;135.6999969482422;121.311165
2018-11-15 00:00:00-05:00;138.64999389648438;120.40129
2018-11-16 00:00:00-05:00;138.92999267578125;120.30224
2018-11-19 00:00:00-05:00;135.27000427246094;120.44907
2018-11-20 00:00:00-05:00;134.80999755859375;119.87023
2018-11-21 00:00:00-05:00;136.19000244140625;119.20436
2018-11-23 00:00:00-05:00;135.75999450683594;119.01001
2018-11-26 00:00:00-05:00;137.11000061035156;118.90976
2018-11-27 00:00:00-05:00;136.02000427246094;119.07511
2018-11-28 00:00:00-05:00;140.75;118.97107
2018-11-29 00:00:00-05:00;139.1300048828125;119.65237
2018-11-30 00:00:00-05:00;139.6999969482422;119.87408
2018-12-03 00:00:00-05:00;141.3000030517578;119.95228
2018-12-04 00:00:00-05:00;137.16000366210938;120.21549
2018-12-06 00:00:00-05:00;135.9499969482422;119.66443
2018-12-07 00:00:00-05:00;133.75;118.95526
2018-12-10 00:00:00-05:00;134.77000427246094;118.149086
2018-12-11 00:00:00-05:00;134.4600067138672;117.90967
2018-12-12 00:00:00-05:00;134.74000549316406;117.87541
2018-12-13 00:00:00-05:00;133.72000122070312;117.94184
2018-12-14 00:00:00-05:00;131.3699951171875;117.76987
2018-12-17 00:00:00-05:00;128.75;117.13939
2018-12-18 00:00:00-05:00;128.39999389648438;116.15913
2018-12-19 00:00:00-05:00;127.20999908447266;115.452484
2018-12-20 00:00:00-05:00;126.01000213623048;114.89907
2018-12-21 00:00:00-05:00;123.5500030517578;114.37784
2018-12-24 00:00:00-05:00;121.06999969482422;113.57263
2018-12-26 00:00:00-05:00;125.36000061035156;112.512085
2018-12-27 00:00:00-05:00;126.2699966430664;112.63226
2018-12-28 00:00:00-05:00;125.27999877929688;113.10401
2018-12-31 00:00:00-05:00;126.5199966430664;113.173515
2019-01-02 00:00:00-05:00;124.19000244140624;113.24714
2019-01-03 00:00:00-05:00;121.2300033569336;112.763115
2019-01-04 00:00:00-05:00;124.04000091552734;111.742325
2019-01-07 00:00:00-05:00;123.81999969482422;111.57685
2019-01-08 00:00:00-05:00;125.91999816894533;111.6528
2019-01-09 00:00:00-05:00;126.33999633789062;112.145996
2019-01-10 00:00:00-05:00;126.12999725341795;112.54626
2019-01-11 00:00:00-05:00;126.7300033569336;112.65407
2019-01-14 00:00:00-05:00;126.44000244140624;112.723305
2019-01-15 00:00:00-05:00;128.8000030517578;112.688194
2019-01-16 00:00:00-05:00;130.0500030517578;113.11349
2019-01-17 00:00:00-05:00;129.5;113.713295
2019-01-18 00:00:00-05:00;130.8699951171875;113.9874
2019-01-22 00:00:00-05:00;129.52999877929688;114.32446
2019-01-23 00:00:00-05:00;130.2899932861328;114.28462
2019-01-24 00:00:00-05:00;131.14999389648438;114.35099
2019-01-25 00:00:00-05:00;132.4499969482422;114.61454
2019-01-28 00:00:00-05:00;132.3800048828125;115.09462
2019-01-29 00:00:00-05:00;131.13999938964844;115.42073
2019-01-30 00:00:00-05:00;133.05999755859375;115.343895
2019-01-31 00:00:00-05:00;133.5500030517578;115.58807
2019-02-01 00:00:00-05:00;135.02000427246094;115.92617
2019-02-04 00:00:00-05:00;135.61000061035156;116.444084
2019-02-05 00:00:00-05:00;135.7899932861328;116.89776
2019-02-06 00:00:00-05:00;132.0500030517578;117.18106
2019-02-07 00:00:00-05:00;131.77999877929688;116.61958
2019-02-08 00:00:00-05:00;132.6699981689453;116.08907
2019-02-11 00:00:00-05:00;131.42999267578125;116.0248
2019-02-12 00:00:00-05:00;132.7100067138672;115.924736
2019-02-13 00:00:00-05:00;133.52999877929688;116.11802
2019-02-14 00:00:00-05:00;132.3699951171875;116.44075
2019-02-15 00:00:00-05:00;133.7899932861328;116.41971
2019-02-19 00:00:00-05:00;132.83999633789062;116.57315
2019-02-20 00:00:00-05:00;132.8300018310547;116.516365
2019-02-21 00:00:00-05:00;131.6300048828125;116.43893
2019-02-22 00:00:00-05:00;132.55999755859375;116.17106
2019-02-25 00:00:00-05:00;132.3000030517578;116.16378
2019-02-26 00:00:00-05:00;132.88999938964844;116.1833
2019-02-27 00:00:00-05:00;132.83999633789062;116.314415
2019-02-28 00:00:00-05:00;132.6300048828125;116.39496
2019-03-01 00:00:00-05:00;133.75999450683594;116.37947
2019-03-04 00:00:00-05:00;132.97999572753906;116.55304
2019-03-05 00:00:00-05:00;133.0;116.54845
2019-03-06 00:00:00-05:00;131.82000732421875;116.50801
2019-03-07 00:00:00-05:00;131.0;116.25728
2019-03-08 00:00:00-05:00;131.3300018310547;115.92355
2019-03-11 00:00:00-04:00;133.4600067138672;115.791885
2019-03-12 00:00:00-04:00;134.30999755859375;116.178795
2019-03-13 00:00:00-04:00;135.6999969482422;116.670845
2019-03-14 00:00:00-04:00;135.83999633789062;117.20242
2019-03-15 00:00:00-04:00;137.24000549316406;117.50134
2019-03-18 00:00:00-04:00;138.1300048828125;117.85771
2019-03-19 00:00:00-04:00;136.97999572753906;118.23787
2019-03-20 00:00:00-04:00;135.05999755859375;118.26285
2019-03-21 00:00:00-04:00;137.8699951171875;117.86349
2019-03-22 00:00:00-04:00;135.77000427246094;118.0953
2019-03-25 00:00:00-04:00;135.17999267578125;118.03553
2019-03-26 00:00:00-04:00;137.16000366210938;117.85592
2019-03-27 00:00:00-04:00;137.61000061035156;118.1023
2019-03-28 00:00:00-04:00;138.1699981689453;118.44061
2019-03-29 00:00:00-04:00;138.74000549316406;118.7548
2019-04-01 00:00:00-04:00;140.33999633789062;119.01591
2019-04-02 00:00:00-04:00;141.77999877929688;119.43581
2019-04-03 00:00:00-04:00;142.58999633789062;119.97068
2019-04-04 00:00:00-04:00;141.75;120.44605
2019-04-05 00:00:00-04:00;141.9499969482422;120.55196
2019-04-08 00:00:00-04:00;141.3699951171875;120.57752
2019-04-09 00:00:00-04:00;141.1999969482422;120.505264
2019-04-10 00:00:00-04:00;142.05999755859375;120.45881
2019-04-11 00:00:00-04:00;143.1300048828125;120.633316
2019-04-12 00:00:00-04:00;144.1199951171875;121.002686
2019-04-15 00:00:00-04:00;144.05999755859375;121.44118
2019-04-16 00:00:00-04:00;143.83999633789062;121.6886
2019-04-17 00:00:00-04:00;143.8300018310547;121.741806
2019-04-18 00:00:00-04:00;143.5;121.736244
2019-04-22 00:00:00-04:00;144.5;121.6885
2019-04-23 00:00:00-04:00;146.3699951171875;121.85843
2019-04-24 00:00:00-04:00;146.83999633789062;122.35478
2019-04-25 00:00:00-04:00;147.3000030517578;122.7966
2019-04-26 00:00:00-04:00;148.13999938964844;123.10215
2019-04-29 00:00:00-04:00;148.6199951171875;123.38006
2019-04-30 00:00:00-04:00;149.05999755859375;123.62172
2019-05-01 00:00:00-04:00;140.69000244140625;123.843094
2019-05-02 00:00:00-04:00;138.80999755859375;122.54164
2019-05-03 00:00:00-04:00;137.5800018310547;121.15452
2019-05-06 00:00:00-04:00;137.92999267578125;120.21887
2019-05-07 00:00:00-04:00;135.00999450683594;119.95885
2019-05-08 00:00:00-04:00;134.41000366210938;119.46824
2019-05-09 00:00:00-04:00;133.91000366210938;118.98794
2019-05-10 00:00:00-04:00;134.77000427246094;118.570496
2019-05-13 00:00:00-04:00;132.9499969482422;118.45818
2019-05-14 00:00:00-04:00;135.2100067138672;118.077484
2019-05-15 00:00:00-04:00;134.8300018310547;118.15267
2019-05-16 00:00:00-04:00;136.10000610351562;118.173325
2019-05-17 00:00:00-04:00;135.75;118.351845
2019-05-20 00:00:00-04:00;135.67999267578125;118.36822
2019-05-21 00:00:00-04:00;136.69000244140625;118.286514
2019-05-22 00:00:00-04:00;135.64999389648438;118.375854
2019-05-23 00:00:00-04:00;132.27999877929688;118.2645
2019-05-24 00:00:00-04:00;132.49000549316406;117.52729
2019-05-28 00:00:00-04:00;130.9600067138672;117.00262
2019-05-29 00:00:00-04:00;131.44000244140625;116.49381
2019-05-30 00:00:00-04:00;132.22000122070312;116.317215
2019-05-31 00:00:00-04:00;131.22000122070312;116.42919
2019-06-03 00:00:00-04:00;130.6999969482422;116.340256
2019-06-04 00:00:00-04:00;132.6699981689453;116.09757
2019-06-05 00:00:00-04:00;133.60000610351562;116.25556
2019-06-06 00:00:00-04:00;133.3800048828125;116.58869
2019-06-07 00:00:00-04:00;135.38999938964844;116.74646
2019-06-10 00:00:00-04:00;136.9199981689453;117.13309
2019-06-11 00:00:00-04:00;136.7899932861328;117.664536
2019-06-12 00:00:00-04:00;138.58999633789062;117.95983
2019-06-13 00:00:00-04:00;137.97000122070312;118.39206
2019-06-14 00:00:00-04:00;137.80999755859375;118.55745
2019-06-17 00:00:00-04:00;137.08999633789062;118.57952
2019-06-18 00:00:00-04:00;137.33999633789062;118.45482
2019-06-19 00:00:00-04:00;138.19000244140625;118.438034
2019-06-20 00:00:00-04:00;138.6199951171875;118.64911
2019-06-21 00:00:00-04:00;137.33999633789062;118.92669
2019-06-24 00:00:00-04:00;136.91000366210938;118.87431
2019-06-25 00:00:00-04:00;135.64999389648438;118.693886
2019-06-26 00:00:00-04:00;134.41000366210938;118.34842
2019-06-27 00:00:00-04:00;134.5399932861328;117.91585
2019-06-28 00:00:00-04:00;133.9199981689453;117.70135
2019-07-01 00:00:00-04:00;136.4199981689453;117.53514
2019-07-02 00:00:00-04:00;135.94000244140625;117.9135
2019-07-03 00:00:00-04:00;137.61000061035156;118.143036
2019-07-05 00:00:00-04:00;137.14999389648438;118.50957
2019-07-08 00:00:00-04:00;136.1199951171875;118.6262
2019-07-09 00:00:00-04:00;136.67999267578125;118.42875
2019-07-10 00:00:00-04:00;137.39999389648438;118.34588
2019-07-11 00:00:00-04:00;138.88999938964844;118.4777
2019-07-12 00:00:00-04:00;139.91000366210938;118.891205
2019-07-15 00:00:00-04:00;140.5;119.371925
2019-07-16 00:00:00-04:00;140.4600067138672;119.74984
2019-07-17 00:00:00-04:00;141.0500030517578;119.91841
2019-07-18 00:00:00-04:00;142.60000610351562;120.07443
2019-07-19 00:00:00-04:00;141.60000610351562;120.45747
2019-07-22 00:00:00-04:00;138.83999633789062;120.57083
2019-07-23 00:00:00-04:00;138.85000610351562;120.097946
2019-07-24 00:00:00-04:00;136.49000549316406;119.724205
2019-07-25 00:00:00-04:00;138.0;119.1616
2019-07-26 00:00:00-04:00;140.25999450683594;119.123
2019-07-29 00:00:00-04:00;141.00999450683594;119.65519
2019-07-30 00:00:00-04:00;139.1199951171875;120.2113
2019-07-31 00:00:00-04:00;139.6999969482422;120.14556
2019-08-01 00:00:00-04:00;140.47000122070312;120.030045
2019-08-02 00:00:00-04:00;138.77000427246094;120.09127
2019-08-05 00:00:00-04:00;133.8000030517578;119.88313
2019-08-06 00:00:00-04:00;135.8699951171875;118.81729
2019-08-07 00:00:00-04:00;137.0800018310547;118.409065
2019-08-08 00:00:00-04:00;140.82000732421875;118.59542
2019-08-09 00:00:00-04:00;140.6199951171875;119.53128
2019-08-12 00:00:00-04:00;138.32000732421875;120.14023
2019-08-13 00:00:00-04:00;140.2100067138672;119.923416
2019-08-14 00:00:00-04:00;138.17999267578125;119.90415
2019-08-15 00:00:00-04:00;141.94000244140625;119.586555
2019-08-16 00:00:00-04:00;141.9199981689453;120.05035
2019-08-19 00:00:00-04:00;141.52999877929688;120.50301
2019-08-20 00:00:00-04:00;140.77000427246094;120.683105
2019-08-21 00:00:00-04:00;142.36000061035156;120.56643
2019-08-22 00:00:00-04:00;142.9199981689453;120.72417
2019-08-23 00:00:00-04:00;138.85000610351562;121.00098
2019-08-26 00:00:00-04:00;140.3699951171875;120.47878
2019-08-27 00:00:00-04:00;142.60000610351562;120.28131
2019-08-28 00:00:00-04:00;142.58999633789062;120.67494
2019-08-29 00:00:00-04:00;145.0;121.05721
2019-08-30 00:00:00-04:00;144.9600067138672;121.67919
2019-09-03 00:00:00-04:00;144.57000732421875;122.04642
2019-09-04 00:00:00-04:00;145.8300018310547;122.10892
2019-09-05 00:00:00-04:00;148.50999450683594;122.29433
2019-09-06 00:00:00-04:00;147.74000549316406;122.918434
2019-09-09 00:00:00-04:00;147.50999450683594;123.2562
2019-09-10 00:00:00-04:00;142.66000366210938;123.345856
2019-09-11 00:00:00-04:00;145.02000427246094;122.51036
2019-09-12 00:00:00-04:00;146.3800048828125;122.28124
2019-09-13 00:00:00-04:00;145.2100067138672;122.599304
2019-09-16 00:00:00-04:00;146.11000061035156;122.74571
2019-09-17 00:00:00-04:00;147.22000122070312;122.93284
2019-09-18 00:00:00-04:00;147.52999877929688;123.22133
2019-09-19 00:00:00-04:00;147.86000061035156;123.45301
2019-09-20 00:00:00-04:00;147.69000244140625;123.6188
2019-09-23 00:00:00-04:00;145.36000061035156;123.66519
2019-09-24 00:00:00-04:00;146.8300018310547;123.27172
2019-09-25 00:00:00-04:00;146.75;123.2235
2019-09-26 00:00:00-04:00;146.74000549316406;123.29476
2019-09-27 00:00:00-04:00;143.72000122070312;123.3822
2019-09-30 00:00:00-04:00;145.97000122070312;122.91064
2019-10-01 00:00:00-04:00;146.25999450683594;122.90656
2019-10-02 00:00:00-04:00;144.5500030517578;123.07693
2019-10-03 00:00:00-04:00;144.5;122.92346
2019-10-04 00:00:00-04:00;145.94000244140625;122.73608
2019-10-07 00:00:00-04:00;144.80999755859375;122.868286
2019-10-08 00:00:00-04:00;142.27999877929688;122.82398
2019-10-09 00:00:00-04:00;142.33999633789062;122.30965
2019-10-10 00:00:00-04:00;142.75;121.91491
2019-10-11 00:00:00-04:00;142.10000610351562;121.80936
2019-10-14 00:00:00-04:00;141.97999572753906;121.71613
2019-10-15 00:00:00-04:00;142.6300048828125;121.63237
2019-10-16 00:00:00-04:00;143.6999969482422;121.678505
2019-10-17 00:00:00-04:00;143.39999389648438;121.9009
2019-10-18 00:00:00-04:00;143.47999572753906;121.98879
2019-10-21 00:00:00-04:00;141.72999572753906;121.99424
2019-10-22 00:00:00-04:00;139.16000366210938;121.65355
2019-10-23 00:00:00-04:00;138.49000549316406;120.92805
2019-10-24 00:00:00-04:00;139.02000427246094;120.32761
2019-10-25 00:00:00-04:00;139.52999877929688;120.14525
2019-10-28 00:00:00-04:00;140.75;120.2465
2019-10-29 00:00:00-04:00;141.3300018310547;120.564415
2019-10-30 00:00:00-04:00;141.47999572753906;120.84854
2019-10-31 00:00:00-04:00;141.55999755859375;120.97644
2019-11-01 00:00:00-04:00;141.74000549316406;120.98868
2019-11-04 00:00:00-05:00;142.72000122070312;120.98536
2019-11-05 00:00:00-05:00;145.63999938964844;121.15458
2019-11-06 00:00:00-05:00;147.49000549316406;121.80884
2019-11-07 00:00:00-05:00;148.64999389648438;122.60178
2019-11-08 00:00:00-05:00;149.50999450683594;123.25327
2019-11-11 00:00:00-05:00;148.66000366210938;123.70685
2019-11-12 00:00:00-05:00;147.30999755859375;123.76656
2019-11-13 00:00:00-05:00;148.3000030517578;123.504196
2019-11-14 00:00:00-05:00;148.08999633789062;123.50596
2019-11-15 00:00:00-05:00;149.7100067138672;123.5963
2019-11-18 00:00:00-05:00;150.66000366210938;123.99118
2019-11-19 00:00:00-05:00;151.11000061035156;124.460304
2019-11-20 00:00:00-05:00;150.35000610351562;124.81629
2019-11-21 00:00:00-05:00;148.86000061035156;124.85439
2019-11-22 00:00:00-05:00;149.4499969482422;124.55817
2019-11-25 00:00:00-05:00;150.57000732421875;124.44557
2019-11-26 00:00:00-05:00;151.7899932861328;124.66
2019-11-27 00:00:00-05:00;152.61000061035156;125.09133
2019-11-29 00:00:00-05:00;151.94000244140625;125.51833
2019-12-02 00:00:00-05:00;150.44000244140625;125.627045
2019-12-03 00:00:00-05:00;150.14999389648438;125.354004
2019-12-04 00:00:00-05:00;151.10000610351562;125.07952
2019-12-05 00:00:00-05:00;150.72000122070312;125.125
2019-12-06 00:00:00-05:00;150.64999389648438;125.19581
2019-12-09 00:00:00-05:00;148.8699951171875;125.23955
2019-12-10 00:00:00-05:00;148.7100067138672;124.95395
2019-12-11 00:00:00-05:00;145.5399932861328;124.69285
2019-12-12 00:00:00-05:00;146.7899932861328;124.02819
2019-12-13 00:00:00-05:00;145.86000061035156;123.795845
2019-12-16 00:00:00-05:00;146.3800048828125;123.62589
2019-12-17 00:00:00-05:00;146.97999572753906;123.63679
2019-12-18 00:00:00-05:00;145.77999877929688;123.7621
2019-12-19 00:00:00-05:00;146.08999633789062;123.62231
2019-12-20 00:00:00-05:00;146.82000732421875;123.50377
2019-12-23 00:00:00-05:00;146.32000732421875;123.5497
2019-12-24 00:00:00-05:00;146.4199981689453;123.51939
2019-12-26 00:00:00-05:00;146.11000061035156;123.487595
2019-12-27 00:00:00-05:00;146.61000061035156;123.40288
2019-12-30 00:00:00-05:00;145.38999938964844;123.42315
2019-12-31 00:00:00-05:00;145.6699981689453;123.244125
2020-01-02 00:00:00-05:00;145.88999938964844;123.142166
2020-01-03 00:00:00-05:00;145.72000122070312;123.13999
2020-01-06 00:00:00-05:00;146.72999572753906;123.13332
2020-01-07 00:00:00-05:00;146.47999572753906;123.29466
2020-01-08 00:00:00-05:00;146.7100067138672;123.36912
2020-01-09 00:00:00-05:00;148.6199951171875;123.41764
2020-01-10 00:00:00-05:00;145.50999450683594;123.75644
2020-01-13 00:00:00-05:00;147.19000244140625;123.474014
2020-01-14 00:00:00-05:00;147.07000732421875;123.456566
2020-01-15 00:00:00-05:00;148.64999389648438;123.49622
2020-01-16 00:00:00-05:00;149.27000427246094;123.82065
2020-01-17 00:00:00-05:00;149.47000122070312;124.168365
2020-01-21 00:00:00-05:00;149.61000061035156;124.389114
2020-01-22 00:00:00-05:00;149.61000061035156;124.49254
2020-01-23 00:00:00-05:00;152.41000366210938;124.52378
2020-01-24 00:00:00-05:00;151.25;125.01219
2020-01-27 00:00:00-05:00;149.0399932861328;125.20666
2020-01-28 00:00:00-05:00;150.0500030517578;124.87763
2020-01-29 00:00:00-05:00;149.60000610351562;124.75062
2020-01-30 00:00:00-05:00;153.07000732421875;124.68877
2020-01-31 00:00:00-05:00;149.5399932861328;125.28919
2020-02-03 00:00:00-05:00;151.97999572753906;125.18693
2020-02-04 00:00:00-05:00;153.77000427246094;125.36518
2020-02-05 00:00:00-05:00;163.97999572753906;125.82222
2020-02-06 00:00:00-05:00;164.1999969482422;127.82886
2020-02-07 00:00:00-05:00;165.2899932861328;129.27022
2020-02-10 00:00:00-05:00;168.3800048828125;130.04138
2020-02-11 00:00:00-05:00;168.1199951171875;130.73935
2020-02-12 00:00:00-05:00;169.1199951171875;131.09232
2020-02-13 00:00:00-05:00;168.9499969482422;131.42169
2020-02-14 00:00:00-05:00;172.0800018310547;131.64012
2020-02-18 00:00:00-05:00;172.86000061035156;132.28618
2020-02-19 00:00:00-05:00;173.82000732421875;132.9139
2020-02-20 00:00:00-05:00;174.4600067138672;133.43195
2020-02-21 00:00:00-05:00;171.00999450683594;133.8032
2020-02-24 00:00:00-05:00;167.92999267578125;133.48953
2020-02-25 00:00:00-05:00;163.75;132.73712
2020-02-26 00:00:00-05:00;160.5500030517578;131.6585
2020-02-27 00:00:00-05:00;154.5500030517578;130.59285
2020-02-28 00:00:00-05:00;151.74000549316406;129.16101
2020-03-02 00:00:00-05:00;158.72999572753906;127.8974
2020-03-03 00:00:00-05:00;157.7899932861328;128.41089
2020-03-04 00:00:00-05:00;165.39999389648438;128.95949
2020-03-05 00:00:00-05:00;164.99000549316406;130.37361
2020-03-06 00:00:00-05:00;161.44000244140625;131.13582
2020-03-09 00:00:00-04:00;151.6300048828125;130.73557
2020-03-10 00:00:00-04:00;163.42999267578125;128.61185
2020-03-11 00:00:00-04:00;161.00999450683594;128.94875
2020-03-12 00:00:00-04:00;155.14999389648438;129.44106
2020-03-13 00:00:00-04:00;160.89999389648438;128.8449
2020-03-16 00:00:00-04:00;147.9600067138672;129.10576
2020-03-17 00:00:00-04:00;156.19000244140625;127.36747
2020-03-18 00:00:00-04:00;158.6300048828125;127.271996
2020-03-19 00:00:00-04:00;148.57000732421875;128.03542
2020-03-20 00:00:00-04:00;134.3300018310547;127.03647
2020-03-23 00:00:00-04:00;129.61000061035156;123.59071
2020-03-24 00:00:00-04:00;142.22999572753906;120.19396
2020-03-25 00:00:00-04:00;141.86000061035156;120.67919
2020-03-26 00:00:00-04:00;151.00999450683594;121.88684
2020-03-27 00:00:00-04:00;149.02999877929688;124.15551
2020-03-30 00:00:00-04:00;156.0500030517578;125.03556
2020-03-31 00:00:00-04:00;155.24000549316406;126.169586
2020-04-01 00:00:00-04:00;147.0800018310547;126.58117
2020-04-02 00:00:00-04:00;151.16000366210938;125.253105
2020-04-03 00:00:00-04:00;156.2100067138672;124.81022
2020-04-06 00:00:00-04:00;167.33999633789062;125.73235
2020-04-07 00:00:00-04:00;167.17999267578125;128.45064
2020-04-08 00:00:00-04:00;169.3800048828125;130.24416
2020-04-09 00:00:00-04:00;170.16000366210938;131.25502
2020-04-13 00:00:00-04:00;163.1199951171875;131.67455
2020-04-14 00:00:00-04:00;168.0;130.71968
2020-04-15 00:00:00-04:00;163.22000122070312;130.73471
2020-04-16 00:00:00-04:00;165.41000366210938;130.37917
2020-04-17 00:00:00-04:00;169.66000366210938;130.56055
2020-04-20 00:00:00-04:00;166.6699981689453;131.49942
2020-04-21 00:00:00-04:00;156.3800048828125;131.7593
2020-04-22 00:00:00-04:00;159.63999938964844;130.1312
2020-04-23 00:00:00-04:00;156.1999969482422;129.29347
2020-04-24 00:00:00-04:00;159.11000061035156;128.58551
2020-04-27 00:00:00-04:00;163.47000122070312;128.78442
2020-04-28 00:00:00-04:00;160.35000610351562;129.80067
2020-04-29 00:00:00-04:00;161.27999877929688;130.00821
2020-04-30 00:00:00-04:00;163.5500030517578;129.99005
2020-05-01 00:00:00-04:00;158.5;130.22948
2020-05-04 00:00:00-04:00;162.02999877929688;129.62909
2020-05-05 00:00:00-04:00;176.1999969482422;129.66026
2020-05-06 00:00:00-04:00;178.5;132.04088
2020-05-07 00:00:00-04:00;183.80999755859375;134.17018
2020-05-08 00:00:00-04:00;182.7899932861328;135.92586
2020-05-11 00:00:00-04:00;186.75;136.51642
2020-05-12 00:00:00-04:00;185.2599945068359;137.09407
2020-05-13 00:00:00-04:00;185.0800018310547;137.24364
2020-05-14 00:00:00-04:00;185.22999572753903;137.29015
2020-05-15 00:00:00-04:00;189.7899932861328;137.40297
2020-05-18 00:00:00-04:00;190.91000366210935;138.20253
2020-05-19 00:00:00-04:00;188.75;139.0079
2020-05-20 00:00:00-04:00;190.47000122070312;139.16959
2020-05-21 00:00:00-04:00;185.5;139.33203
2020-05-22 00:00:00-04:00;186.9199981689453;138.7886
2020-05-26 00:00:00-04:00;182.19000244140625;138.57066
2020-05-27 00:00:00-04:00;176.72000122070312;137.95924
2020-05-28 00:00:00-04:00;177.86000061035156;136.83255
2020-05-29 00:00:00-04:00;180.86000061035156;136.30537
2020-06-01 00:00:00-04:00;180.72000122070312;136.66165
2020-06-02 00:00:00-04:00;182.6000061035156;137.0669
2020-06-03 00:00:00-04:00;178.39999389648438;137.50562
2020-06-04 00:00:00-04:00;178.07000732421875;137.09865
2020-06-05 00:00:00-04:00;179.8699951171875;136.58076
2020-06-08 00:00:00-04:00;176.2899932861328;136.53447
2020-06-09 00:00:00-04:00;178.86000061035156;136.15121
2020-06-10 00:00:00-04:00;182.33999633789065;136.22743
2020-06-11 00:00:00-04:00;174.89999389648438;136.86458
2020-06-12 00:00:00-04:00;172.25;136.28049
2020-06-15 00:00:00-04:00;173.94000244140625;135.23601
2020-06-16 00:00:00-04:00;175.88999938964844;134.81087
2020-06-17 00:00:00-04:00;177.8000030517578;135.07951
2020-06-18 00:00:00-04:00;179.80999755859375;135.67804
2020-06-19 00:00:00-04:00;181.2899932861328;136.31638
2020-06-22 00:00:00-04:00;183.1699981689453;136.80948
2020-06-23 00:00:00-04:00;182.1199951171875;137.24675
2020-06-24 00:00:00-04:00;179.69000244140625;137.29118
2020-06-25 00:00:00-04:00;180.25;136.87169
2020-06-26 00:00:00-04:00;178.49000549316406;136.63086
2020-06-29 00:00:00-04:00;181.47999572753903;136.34718
2020-06-30 00:00:00-04:00;184.02999877929688;136.6485
2020-07-01 00:00:00-04:00;183.8300018310547;137.32565
2020-07-02 00:00:00-04:00;184.5099945068359;137.73856
2020-07-06 00:00:00-04:00;183.05999755859375;137.9491
2020-07-07 00:00:00-04:00;179.82000732421875;137.79001
2020-07-08 00:00:00-04:00;181.9600067138672;137.17143
2020-07-09 00:00:00-04:00;182.3000030517578;137.0565
2020-07-10 00:00:00-04:00;181.52999877929688;137.21866
2020-07-13 00:00:00-04:00;178.3800048828125;137.29114
2020-07-14 00:00:00-04:00;180.05999755859375;136.85555
2020-07-15 00:00:00-04:00;180.1300048828125;136.72404
2020-07-16 00:00:00-04:00;178.82000732421875;136.75595
2020-07-17 00:00:00-04:00;181.5800018310547;136.64073
2020-07-20 00:00:00-04:00;182.8500061035156;136.918
2020-07-21 00:00:00-04:00;183.27999877929688;137.32874
2020-07-22 00:00:00-04:00;184.05999755859375;137.62044
2020-07-23 00:00:00-04:00;181.77000427246097;137.82304
2020-07-24 00:00:00-04:00;179.58999633789062;137.57611
2020-07-27 00:00:00-04:00;180.6999969482422;137.02956
2020-07-28 00:00:00-04:00;176.5399932861328;136.84416
2020-07-29 00:00:00-04:00;180.75;136.2932
2020-07-30 00:00:00-04:00;178.49000549316406;136.52617
2020-07-31 00:00:00-04:00;178.3000030517578;136.53656
2020-08-03 00:00:00-04:00;182.0;136.44968
2020-08-04 00:00:00-04:00;179.58999633789062;136.87152
2020-08-05 00:00:00-04:00;179.6999969482422;136.87445
2020-08-06 00:00:00-04:00;182.42999267578125;136.76456
2020-08-07 00:00:00-04:00;184.0;137.04506
2020-08-10 00:00:00-04:00;183.77999877929688;137.51578
2020-08-11 00:00:00-04:00;182.8800048828125;137.77197
2020-08-12 00:00:00-04:00;187.86000061035156;137.70757
2020-08-13 00:00:00-04:00;191.97999572753903;138.27173
2020-08-14 00:00:00-04:00;194.36000061035156;139.2923
2020-08-17 00:00:00-04:00;199.1300048828125;140.24821
2020-08-18 00:00:00-04:00;197.6699981689453;141.31662
2020-08-19 00:00:00-04:00;172.22000122070312;141.68983
2020-08-20 00:00:00-04:00;168.1999969482422;138.3259
2020-08-21 00:00:00-04:00;165.85000610351562;134.9173
2020-08-24 00:00:00-04:00;164.72999572753906;132.99117
2020-08-25 00:00:00-04:00;166.3800048828125;132.44719
2020-08-26 00:00:00-04:00;167.25999450683594;132.81544
2020-08-27 00:00:00-04:00;165.85000610351562;133.2848
2020-08-28 00:00:00-04:00;167.47999572753906;133.20322
2020-08-31 00:00:00-04:00;165.4199981689453;133.12245
2020-09-01 00:00:00-04:00;164.36000061035156;132.67825
2020-09-02 00:00:00-04:00;171.10000610351562;132.136
2020-09-03 00:00:00-04:00;165.6999969482422;132.80602
2020-09-04 00:00:00-04:00;163.1699981689453;132.62581
2020-09-08 00:00:00-04:00;158.50999450683594;131.88345
2020-09-09 00:00:00-04:00;160.7100067138672;130.57834
2020-09-10 00:00:00-04:00;156.0399932861328;130.09853
2020-09-11 00:00:00-04:00;155.77999877929688;129.34743
2020-09-14 00:00:00-04:00;158.47000122070312;128.83347
2020-09-15 00:00:00-04:00;159.7899932861328;129.00812
2020-09-16 00:00:00-04:00;155.6699981689453;129.44104
2020-09-17 00:00:00-04:00;161.75999450683594;129.01408
2020-09-18 00:00:00-04:00;161.8300018310547;129.4622
2020-09-21 00:00:00-04:00;159.2100067138672;129.88092
2020-09-22 00:00:00-04:00;163.1199951171875;129.65657
2020-09-23 00:00:00-04:00;159.41000366210938;129.94774
2020-09-24 00:00:00-04:00;157.6199951171875;129.6367
2020-09-25 00:00:00-04:00;161.0;129.04222
2020-09-28 00:00:00-04:00;162.72000122070312;129.19476
2020-09-29 00:00:00-04:00;162.1300048828125;129.75769
2020-09-30 00:00:00-04:00;162.58999633789062;130.06178
2020-10-01 00:00:00-04:00;163.5399932861328;130.19688
2020-10-02 00:00:00-04:00;161.55999755859375;130.353
2020-10-05 00:00:00-04:00;162.08999633789062;130.13416
2020-10-06 00:00:00-04:00;162.05999755859375;130.01862
2020-10-07 00:00:00-04:00;164.44000244140625;129.99663
2020-10-08 00:00:00-04:00;164.32000732421875;130.40295
2020-10-09 00:00:00-04:00;164.49000549316406;130.70941
2020-10-12 00:00:00-04:00;164.7100067138672;130.86554
2020-10-13 00:00:00-04:00;161.91000366210938;130.9328
2020-10-14 00:00:00-04:00;160.92999267578125;130.517
2020-10-15 00:00:00-04:00;162.30999755859375;130.03749
2020-10-16 00:00:00-04:00;162.25999450683594;130.01166
2020-10-19 00:00:00-04:00;158.07000732421875;130.13484
2020-10-20 00:00:00-04:00;159.25;129.58403
2020-10-21 00:00:00-04:00;158.99000549316406;129.29306
2020-10-22 00:00:00-04:00;157.80999755859375;129.16331
2020-10-23 00:00:00-04:00;158.30999755859375;128.95602
2020-10-26 00:00:00-04:00;154.1199951171875;128.89023
2020-10-27 00:00:00-04:00;151.22000122070312;128.20152
2020-10-28 00:00:00-04:00;149.57000732421875;127.18945
2020-10-29 00:00:00-04:00;149.3300018310547;126.28807
2020-10-30 00:00:00-04:00;148.25;125.80608
2020-11-02 00:00:00-05:00;151.77000427246094;125.46659
2020-11-03 00:00:00-05:00;156.14999389648438;125.86745
2020-11-04 00:00:00-05:00;162.4199981689453;126.922195
2020-11-05 00:00:00-05:00;153.66000366210938;128.57764
2020-11-06 00:00:00-05:00;157.16000366210938;128.09871
2020-11-09 00:00:00-05:00;158.8300018310547;127.8095
2020-11-10 00:00:00-05:00;160.52000427246094;127.969246
2020-11-11 00:00:00-05:00;161.0800018310547;128.50526
2020-11-12 00:00:00-05:00;159.85000610351562;128.99115
2020-11-13 00:00:00-05:00;161.47999572753906;129.04045
2020-11-16 00:00:00-05:00;159.02999877929688;129.22
2020-11-17 00:00:00-05:00;158.85000610351562;128.97943
2020-11-18 00:00:00-05:00;158.7100067138672;128.75188
2020-11-19 00:00:00-05:00;161.52000427246094;128.64284
2020-11-20 00:00:00-05:00;160.1699981689453;129.09868
2020-11-23 00:00:00-05:00;159.99000549316406;129.27922
2020-11-24 00:00:00-05:00;157.1300048828125;129.2734
2020-11-25 00:00:00-05:00;157.8699951171875;128.75732
2020-11-27 00:00:00-05:00;157.8000030517578;128.48665
2020-11-30 00:00:00-05:00;160.86000061035156;128.41791
2020-12-01 00:00:00-05:00;161.33999633789062;128.94286
2020-12-02 00:00:00-05:00;159.97999572753906;129.43488
2020-12-03 00:00:00-05:00;158.00999450683594;129.44772
2020-12-04 00:00:00-05:00;158.47999572753906;128.99367
2020-12-07 00:00:00-05:00;158.49000549316406;128.71262
2020-12-08 00:00:00-05:00;160.0;128.63751
2020-12-09 00:00:00-05:00;157.0;128.91527
2020-12-10 00:00:00-05:00;153.83999633789062;128.67134
2020-12-11 00:00:00-05:00;155.82000732421875;127.88967
2020-12-14 00:00:00-05:00;157.3800048828125;127.65289
2020-12-15 00:00:00-05:00;158.60000610351562;127.93744
2020-12-16 00:00:00-05:00;159.1699981689453;128.41806
2020-12-17 00:00:00-05:00;162.75999450683594;128.77745
2020-12-18 00:00:00-05:00;161.6300048828125;129.46767
2020-12-21 00:00:00-05:00;158.2100067138672;129.7064
2020-12-22 00:00:00-05:00;154.72000122070312;129.16614
2020-12-23 00:00:00-05:00;155.92999267578125;128.124
2020-12-24 00:00:00-05:00;157.69000244140625;127.68152
2020-12-28 00:00:00-05:00;159.7100067138672;127.943146
2020-12-29 00:00:00-05:00;159.27999877929688;128.60674
2020-12-30 00:00:00-05:00;158.75;128.9597
2020-12-31 00:00:00-05:00;161.99000549316406;128.9392
2021-01-04 00:00:00-05:00;158.66000366210938;129.32173
2021-01-05 00:00:00-05:00;159.11000061035156;129.09679
2021-01-06 00:00:00-05:00;161.49000549316406;128.90623
2021-01-07 00:00:00-05:00;164.94000244140625;129.2024
2021-01-08 00:00:00-05:00;166.9499969482422;130.04916
2021-01-11 00:00:00-05:00;164.97999572753906;130.94112
2021-01-12 00:00:00-05:00;160.38999938964844;131.09474
2021-01-13 00:00:00-05:00;157.88999938964844;130.25986
2021-01-14 00:00:00-05:00;153.9600067138672;129.19113
2021-01-15 00:00:00-05:00;154.5500030517578;128.00533
2021-01-19 00:00:00-05:00;155.80999755859375;127.5195
2021-01-20 00:00:00-05:00;154.75999450683594;127.687904
2021-01-21 00:00:00-05:00;153.10000610351562;127.76734
2021-01-22 00:00:00-05:00;151.5;127.46528
2021-01-25 00:00:00-05:00;152.5;126.88832
2021-01-26 00:00:00-05:00;154.8699951171875;126.643585
2021-01-27 00:00:00-05:00;149.64999389648438;126.97108
2021-01-28 00:00:00-05:00;148.82000732421875;126.40686
2021-01-29 00:00:00-05:00;144.7899932861328;125.699554
2021-02-01 00:00:00-05:00;148.47999572753906;124.577385
2021-02-02 00:00:00-05:00;151.27999877929688;124.499466
2021-02-03 00:00:00-05:00;149.44000244140625;125.18268
2021-02-04 00:00:00-05:00;153.38999938964844;125.389656
2021-02-05 00:00:00-05:00;152.91000366210938;125.963165
2021-02-08 00:00:00-05:00;158.2100067138672;126.21213
2021-02-09 00:00:00-05:00;149.50999450683594;127.10972
2021-02-10 00:00:00-05:00;148.77000427246094;126.288765
2021-02-11 00:00:00-05:00;148.63999938964844;125.29185
2021-02-12 00:00:00-05:00;145.63999938964844;124.71482
2021-02-16 00:00:00-05:00;146.24000549316406;124.07741
2021-02-17 00:00:00-05:00;148.8800048828125;123.84912
2021-02-18 00:00:00-05:00;152.7100067138672;124.26999
2021-02-19 00:00:00-05:00;150.88999938964844;125.272575
2021-02-22 00:00:00-05:00;152.86000061035156;125.586235
2021-02-23 00:00:00-05:00;149.30999755859375;125.85093
2021-02-24 00:00:00-05:00;151.63999938964844;125.34877
2021-02-25 00:00:00-05:00;151.32000732421875;125.2915
2021-02-26 00:00:00-05:00;148.44000244140625;125.342316
2021-03-01 00:00:00-05:00;152.11000061035156;124.94414
2021-03-02 00:00:00-05:00;151.6699981689453;125.241234
2021-03-03 00:00:00-05:00;152.2899932861328;125.50414
2021-03-04 00:00:00-05:00;147.3000030517578;125.74263
2021-03-05 00:00:00-05:00;151.77999877929688;125.00831
2021-03-08 00:00:00-05:00;151.0;125.12551
2021-03-09 00:00:00-05:00;148.88999938964844;125.2853
2021-03-10 00:00:00-05:00;149.47000122070312;125.047295
2021-03-11 00:00:00-05:00;148.66000366210938;124.901115
2021-03-12 00:00:00-05:00;150.69000244140625;124.70759
2021-03-15 00:00:00-04:00;151.57000732421875;124.94202
2021-03-16 00:00:00-04:00;151.07000732421875;125.315704
2021-03-17 00:00:00-04:00;150.74000549316406;125.452644
2021-03-18 00:00:00-04:00;148.39999389648438;125.38944
2021-03-19 00:00:00-04:00;148.1300048828125;124.904106
2021-03-22 00:00:00-04:00;149.22999572753906;124.50391
2021-03-23 00:00:00-04:00;151.8300018310547;124.51835
2021-03-24 00:00:00-04:00;153.9199981689453;125.08569
2021-03-25 00:00:00-04:00;152.77999877929688;125.86334
2021-03-26 00:00:00-04:00;155.19000244140625;126.10747
2021-03-29 00:00:00-04:00;156.41000366210938;126.47406
2021-03-30 00:00:00-04:00;153.39999389648438;126.892715
2021-03-31 00:00:00-04:00;151.72000122070312;126.65173
2021-04-01 00:00:00-04:00;154.58999633789062;126.098915
2021-04-05 00:00:00-04:00;157.25;126.23786
2021-04-06 00:00:00-04:00;155.32000732421875;126.97173
2021-04-07 00:00:00-04:00;154.22000122070312;127.21213
2021-04-08 00:00:00-04:00;155.5500030517578;127.02351
2021-04-09 00:00:00-04:00;155.72000122070312;127.02772
2021-04-12 00:00:00-04:00;155.75999450683594;127.132706
2021-04-13 00:00:00-04:00;155.8300018310547;127.24649
2021-04-14 00:00:00-04:00;153.80999755859375;127.33035
2021-04-15 00:00:00-04:00;156.39999389648438;127.04421
2021-04-16 00:00:00-04:00;158.83999633789062;127.233246
2021-04-19 00:00:00-04:00;161.14999389648438;127.86183
2021-04-20 00:00:00-04:00;163.85000610351562;128.68144
2021-04-21 00:00:00-04:00;166.08999633789062;129.57135
2021-04-22 00:00:00-04:00;167.2100067138672;130.38873
2021-04-23 00:00:00-04:00;169.58999633789062;130.96852
2021-04-26 00:00:00-04:00;168.19000244140625;131.59366
2021-04-27 00:00:00-04:00;163.50999450683594;131.74966
2021-04-28 00:00:00-04:00;163.57000732421875;131.04015
2021-04-29 00:00:00-04:00;164.13999938964844;130.51202
2021-04-30 00:00:00-04:00;162.8300018310547;130.45435
2021-05-03 00:00:00-04:00;163.92999267578125;130.41571
2021-05-04 00:00:00-04:00;158.57000732421875;130.59975
2021-05-05 00:00:00-04:00;157.82000732421875;129.91826
2021-05-06 00:00:00-04:00;158.47000122070312;129.21674
2021-05-07 00:00:00-04:00;156.1300048828125;128.95384
2021-05-10 00:00:00-04:00;158.86000061035156;128.57886
2021-05-11 00:00:00-04:00;156.30999755859375;128.78134
2021-05-12 00:00:00-04:00;155.11000061035156;128.59804
2021-05-13 00:00:00-04:00;157.97999572753906;128.17845
2021-05-14 00:00:00-04:00;157.32000732421875;128.32106
2021-05-17 00:00:00-04:00;156.49000549316406;128.41783
2021-05-18 00:00:00-04:00;155.61000061035156;128.30241
2021-05-19 00:00:00-04:00;153.5800018310547;128.01173
2021-05-20 00:00:00-04:00;155.3800048828125;127.46907
2021-05-21 00:00:00-04:00;155.50999450683594;127.40828
2021-05-24 00:00:00-04:00;156.80999755859375;127.51945
2021-05-25 00:00:00-04:00;156.41000366210938;127.82213
2021-05-26 00:00:00-04:00;156.5;127.9333
2021-05-27 00:00:00-04:00;155.57000732421875;127.93031
2021-05-28 00:00:00-04:00;154.14999389648438;127.73012
2021-06-01 00:00:00-04:00;153.85000610351562;127.34185
2021-06-02 00:00:00-04:00;155.52000427246094;127.046
2021-06-03 00:00:00-04:00;155.8000030517578;127.1973
2021-06-04 00:00:00-04:00;157.8000030517578;127.43868
2021-06-07 00:00:00-04:00;156.1999969482422;127.89856
2021-06-08 00:00:00-04:00;158.22999572753906;127.909454
2021-06-09 00:00:00-04:00;159.72000122070312;128.11226
2021-06-10 00:00:00-04:00;163.1300048828125;128.4991
2021-06-11 00:00:00-04:00;162.57000732421875;129.3013
2021-06-14 00:00:00-04:00;163.3300018310547;129.73256
2021-06-15 00:00:00-04:00;163.91000366210938;129.98265
2021-06-16 00:00:00-04:00;164.61000061035156;130.16373
2021-06-17 00:00:00-04:00;163.19000244140625;130.38254
2021-06-18 00:00:00-04:00;164.5500030517578;130.32028
2021-06-21 00:00:00-04:00;166.85000610351562;130.46335
2021-06-22 00:00:00-04:00;165.7100067138672;130.98003
2021-06-23 00:00:00-04:00;164.32000732421875;131.19727
2021-06-24 00:00:00-04:00;164.4499969482422;131.03224
2021-06-25 00:00:00-04:00;166.58999633789062;130.8802
2021-06-28 00:00:00-04:00;165.24000549316406;131.16742
2021-06-29 00:00:00-04:00;165.52000427246094;131.25235
2021-06-30 00:00:00-04:00;163.50999450683594;131.30121
2021-07-01 00:00:00-04:00;164.50999450683594;131.00967
2021-07-02 00:00:00-04:00;165.82000732421875;130.9393
2021-07-06 00:00:00-04:00;164.7100067138672;131.17792
2021-07-07 00:00:00-04:00;166.80999755859375;131.22469
2021-07-08 00:00:00-04:00;166.5800018310547;131.51842
2021-07-09 00:00:00-04:00;167.3800048828125;131.69125
2021-07-12 00:00:00-04:00;167.05999755859375;131.87271
2021-07-13 00:00:00-04:00;166.72999572753906;131.917
2021-07-14 00:00:00-04:00;168.30999755859375;131.86188
2021-07-15 00:00:00-04:00;170.63999938964844;132.05902
2021-07-16 00:00:00-04:00;171.6699981689453;132.59344
2021-07-19 00:00:00-04:00;170.35000610351562;133.11827
2021-07-20 00:00:00-04:00;173.6300048828125;133.18562
2021-07-21 00:00:00-04:00;173.1300048828125;133.58893
2021-07-22 00:00:00-04:00;174.8800048828125;133.82384
2021-07-23 00:00:00-04:00;176.27000427246094;134.185
2021-07-26 00:00:00-04:00;175.80999755859375;134.62054
2021-07-27 00:00:00-04:00;176.1199951171875;134.81836
2021-07-28 00:00:00-04:00;171.92999267578125;134.92047
2021-07-29 00:00:00-04:00;173.2899932861328;134.36024
2021-07-30 00:00:00-04:00;174.08999633789062;134.13031
2021-08-02 00:00:00-04:00;174.57000732421875;134.25806
2021-08-03 00:00:00-04:00;175.8300018310547;134.52602
2021-08-04 00:00:00-04:00;173.58999633789062;134.88655
2021-08-05 00:00:00-04:00;173.44000244140625;134.76167
2021-08-06 00:00:00-04:00;173.9499969482422;134.54134
2021-08-09 00:00:00-04:00;172.88999938964844;134.48335
2021-08-10 00:00:00-04:00;172.24000549316406;134.36282
2021-08-11 00:00:00-04:00;173.7100067138672;134.19972
2021-08-12 00:00:00-04:00;174.30999755859375;134.32272
2021-08-13 00:00:00-04:00;177.1199951171875;134.55092
2021-08-16 00:00:00-04:00;177.74000549316406;135.09816
2021-08-17 00:00:00-04:00;178.5800018310547;135.53433
2021-08-18 00:00:00-04:00;172.3800048828125;135.83441
2021-08-19 00:00:00-04:00;176.2899932861328;135.04964
2021-08-20 00:00:00-04:00;177.1300048828125;134.93353
2021-08-23 00:00:00-04:00;176.52000427246094;135.20778
2021-08-24 00:00:00-04:00;173.2100067138672;135.40218
2021-08-25 00:00:00-04:00;173.4499969482422;134.99591
2021-08-26 00:00:00-04:00;173.9499969482422;134.65489
2021-08-27 00:00:00-04:00;175.92999267578125;134.58244
2021-08-30 00:00:00-04:00;176.32000732421875;134.92462
2021-08-31 00:00:00-04:00;176.3800048828125;135.26216
2021-09-01 00:00:00-04:00;177.3000030517578;135.42436
2021-09-02 00:00:00-04:00;176.22999572753906;135.57198
2021-09-03 00:00:00-04:00;175.74000549316406;135.4841
2021-09-07 00:00:00-04:00;173.0;135.3112
2021-09-08 00:00:00-04:00;173.27999877929688;134.81383
2021-09-09 00:00:00-04:00;171.25;134.53075
2021-09-10 00:00:00-04:00;169.0399932861328;134.16368
2021-09-13 00:00:00-04:00;168.44000244140625;133.64014
2021-09-14 00:00:00-04:00;167.11000061035156;133.23654
2021-09-15 00:00:00-04:00;169.91000366210938;132.85915
2021-09-16 00:00:00-04:00;170.80999755859375;133.08083
2021-09-17 00:00:00-04:00;168.75999450683594;133.46104
2021-09-20 00:00:00-04:00;169.41000366210938;133.35815
2021-09-21 00:00:00-04:00;167.8300018310547;133.2283
2021-09-22 00:00:00-04:00;168.75999450683594;132.89279
2021-09-23 00:00:00-04:00;170.3699951171875;132.80318
2021-09-24 00:00:00-04:00;171.3800048828125;133.05951
2021-09-27 00:00:00-04:00;170.61000061035156;133.42664
2021-09-28 00:00:00-04:00;165.41000366210938;133.50946
2021-09-29 00:00:00-04:00;166.16000366210938;132.67767
2021-09-30 00:00:00-04:00;164.05999755859375;132.1101
2021-10-01 00:00:00-04:00;165.00999450683594;131.589
2021-10-04 00:00:00-04:00;163.16000366210938;131.50642
2021-10-05 00:00:00-04:00;162.80999755859375;131.28992
2021-10-06 00:00:00-04:00;163.19000244140625;131.06926
2021-10-07 00:00:00-04:00;164.69000244140625;130.97998
2021-10-08 00:00:00-04:00;166.05999755859375;131.17586
2021-10-11 00:00:00-04:00;164.82000732421875;131.5339
2021-10-12 00:00:00-04:00;163.7899932861328;131.53891
2021-10-13 00:00:00-04:00;164.83999633789062;131.25987
2021-10-14 00:00:00-04:00;167.97999572753906;131.18639
2021-10-15 00:00:00-04:00;170.05999755859375;131.68857
2021-10-18 00:00:00-04:00;171.0500030517578;132.41277
2021-10-19 00:00:00-04:00;170.9499969482422;132.9753
2021-10-20 00:00:00-04:00;171.0800018310547;133.18456
2021-10-21 00:00:00-04:00;172.24000549316406;133.2136
2021-10-22 00:00:00-04:00;174.24000549316406;133.37267
2021-10-25 00:00:00-04:00;174.0500030517578;133.81741
2021-10-26 00:00:00-04:00;174.0500030517578;134.11967
2021-10-27 00:00:00-04:00;164.6999969482422;134.2546
2021-10-28 00:00:00-04:00;163.85000610351562;132.90688
2021-10-29 00:00:00-04:00;166.47999572753906;131.70583
2021-11-01 00:00:00-04:00;166.02999877929688;131.5838
2021-11-02 00:00:00-04:00;159.3000030517578;131.8005
2021-11-03 00:00:00-04:00;159.1300048828125;130.96603
2021-11-04 00:00:00-04:00;158.64999389648438;130.17773
2021-11-05 00:00:00-04:00;158.35000610351562;129.67801
2021-11-08 00:00:00-05:00;161.10000610351562;129.44547
2021-11-09 00:00:00-05:00;159.0399932861328;129.79597
2021-11-10 00:00:00-05:00;161.75999450683594;129.75414
2021-11-11 00:00:00-05:00;159.2100067138672;130.0
2021-11-12 00:00:00-05:00;157.74000549316406;129.74503
2021-11-15 00:00:00-05:00;157.0;129.22115
2021-11-16 00:00:00-05:00;157.63999938964844;128.73647
2021-11-17 00:00:00-05:00;153.8000030517578;128.59856
2021-11-18 00:00:00-05:00;151.8000030517578;127.997154
2021-11-19 00:00:00-05:00;153.2100067138672;127.21895
2021-11-22 00:00:00-05:00;153.17999267578125;126.971886
2021-11-23 00:00:00-05:00;153.0399932861328;126.96345
2021-11-24 00:00:00-05:00;152.80999755859375;126.967674
2021-11-26 00:00:00-05:00;151.13999938964844;126.88312
2021-11-29 00:00:00-05:00;152.30999755859375;126.493614
2021-11-30 00:00:00-05:00;151.6300048828125;126.36824
2021-12-01 00:00:00-05:00;147.9600067138672;126.23429
2021-12-02 00:00:00-05:00;152.14999389648438;125.53358
2021-12-03 00:00:00-05:00;154.02000427246094;125.69162
2021-12-06 00:00:00-05:00;158.88999938964844;126.285484
2021-12-07 00:00:00-05:00;157.3699951171875;127.48568
2021-12-08 00:00:00-05:00;156.32000732421875;127.963165
2021-12-09 00:00:00-05:00;156.55999755859375;127.82058
2021-12-10 00:00:00-05:00;158.25;127.60804
2021-12-13 00:00:00-05:00;162.52000427246094;127.788864
2021-12-14 00:00:00-05:00;162.35000610351562;128.71526
2021-12-15 00:00:00-05:00;159.9199981689453;129.37898
2021-12-16 00:00:00-05:00;165.10000610351562;129.27536
2021-12-17 00:00:00-05:00;164.24000549316406;129.84602
2021-12-20 00:00:00-05:00;162.99000549316406;130.20995
2021-12-21 00:00:00-05:00;165.02000427246094;130.19478
2021-12-22 00:00:00-05:00;165.8300018310547;130.42735
2021-12-23 00:00:00-05:00;165.42999267578125;130.77586
2021-12-27 00:00:00-05:00;165.5500030517578;130.96257
2021-12-28 00:00:00-05:00;167.3800048828125;131.05862
2021-12-29 00:00:00-05:00;167.83999633789062;131.39043
2021-12-30 00:00:00-05:00;167.72000122070312;131.7204
2021-12-31 00:00:00-05:00;166.99000549316406;131.89452
2022-01-03 00:00:00-05:00;171.5;131.84763
2022-01-04 00:00:00-05:00;174.66000366210938;132.4734
2022-01-05 00:00:00-05:00;172.9199981689453;133.46405
2022-01-06 00:00:00-05:00;169.60000610351562;133.82292
2022-01-07 00:00:00-05:00;169.75;133.34691
2022-01-10 00:00:00-05:00;169.55999755859375;132.91919
2022-01-11 00:00:00-05:00;169.74000549316406;132.74051
2022-01-12 00:00:00-05:00;171.91000366210938;132.80212
2022-01-13 00:00:00-05:00;168.1999969482422;133.24994
2022-01-14 00:00:00-05:00;168.94000244140625;133.0327
2022-01-18 00:00:00-05:00;165.3699951171875;132.85118
2022-01-19 00:00:00-05:00;166.4199981689453;132.22707
2022-01-20 00:00:00-05:00;163.0800018310547;131.96846
2022-01-21 00:00:00-05:00;163.74000549316406;131.43413
2022-01-24 00:00:00-05:00;163.22000122070312;131.19629
2022-01-25 00:00:00-05:00;158.85000610351562;131.06006
2022-01-26 00:00:00-05:00;156.82000732421875;130.32733
2022-01-27 00:00:00-05:00;157.22000122070312;129.44075
2022-01-28 00:00:00-05:00;165.5500030517578;128.98271
2022-01-31 00:00:00-05:00;167.80999755859375;130.16351
2022-02-01 00:00:00-05:00;168.6999969482422;131.49776
2022-02-02 00:00:00-05:00;170.5500030517578;132.29095
2022-02-03 00:00:00-05:00;167.0;132.75433
2022-02-04 00:00:00-05:00;168.0;132.33868
2022-02-07 00:00:00-05:00;167.32000732421875;132.063
2022-02-08 00:00:00-05:00;169.1999969482422;131.89958
2022-02-09 00:00:00-05:00;175.0399932861328;132.18983
2022-02-10 00:00:00-05:00;166.75999450683594;133.36116
2022-02-11 00:00:00-05:00;167.41000366210938;132.96057
2022-02-14 00:00:00-05:00;170.17999267578125;132.42786
2022-02-15 00:00:00-05:00;168.94000244140625;132.54158
2022-02-16 00:00:00-05:00;169.5399932861328;132.64066
2022-02-17 00:00:00-05:00;170.35000610351562;132.79918
2022-02-18 00:00:00-05:00;172.4600067138672;133.01291
2022-02-22 00:00:00-05:00;169.36000061035156;133.45273
2022-02-23 00:00:00-05:00;167.88999938964844;133.27444
2022-02-24 00:00:00-05:00;170.07000732421875;132.79944
2022-02-25 00:00:00-05:00;176.0500030517578;132.81331
2022-02-28 00:00:00-05:00;176.8000030517578;133.86844
2022-03-01 00:00:00-05:00;179.1199951171875;134.7918
2022-03-02 00:00:00-05:00;180.1499938964844;135.54314
2022-03-03 00:00:00-05:00;183.44000244140625;135.99771
2022-03-04 00:00:00-05:00;185.3300018310547;136.62392
2022-03-07 00:00:00-05:00;183.69000244140625;137.27557
2022-03-08 00:00:00-05:00;177.3000030517578;137.42021
2022-03-09 00:00:00-05:00;177.0500030517578;136.49432
2022-03-10 00:00:00-05:00;181.66000366210935;135.74042
2022-03-11 00:00:00-05:00;183.4199981689453;136.1406
2022-03-14 00:00:00-04:00;179.7899932861328;136.96657
2022-03-15 00:00:00-04:00;178.99000549316406;137.00269
2022-03-16 00:00:00-04:00;184.9199981689453;136.66922
2022-03-17 00:00:00-04:00;184.25;137.22699
2022-03-18 00:00:00-04:00;185.5099945068359;137.67949
2022-03-21 00:00:00-04:00;186.07000732421875;138.06422
2022-03-22 00:00:00-04:00;187.80999755859375;138.30301
2022-03-23 00:00:00-04:00;188.13999938964844;138.62929
2022-03-24 00:00:00-04:00;189.3300018310547;138.87671
2022-03-25 00:00:00-04:00;193.33999633789065;139.15993
2022-03-28 00:00:00-04:00;194.5;139.8645
2022-03-29 00:00:00-04:00;197.8300018310547;140.50212
2022-03-30 00:00:00-04:00;197.2599945068359;141.24739
2022-03-31 00:00:00-04:00;197.0500030517578;141.58295
2022-04-01 00:00:00-04:00;200.4199981689453;141.63145
2022-04-04 00:00:00-04:00;200.63999938964844;142.03554
2022-04-05 00:00:00-04:00;203.75;142.40958
2022-04-06 00:00:00-04:00;203.72000122070312;143.01303
2022-04-07 00:00:00-04:00;203.69000244140625;143.39493
2022-04-08 00:00:00-04:00;200.52999877929688;143.54253
2022-04-11 00:00:00-04:00;198.5500030517578;143.18254
2022-04-12 00:00:00-04:00;200.72999572753903;142.64682
2022-04-13 00:00:00-04:00;200.5;142.65094
2022-04-14 00:00:00-04:00;200.4900054931641;142.826
2022-04-18 00:00:00-04:00;200.0500030517578;142.98027
2022-04-19 00:00:00-04:00;202.17999267578125;142.99153
2022-04-20 00:00:00-04:00;201.7899932861328;143.21744
2022-04-21 00:00:00-04:00;203.6499938964844;143.34459
2022-04-22 00:00:00-04:00;197.30999755859375;143.6092
2022-04-25 00:00:00-04:00;197.4499969482422;142.99623
2022-04-26 00:00:00-04:00;193.61000061035156;142.45438
2022-04-27 00:00:00-04:00;191.8300018310547;141.73926
2022-04-28 00:00:00-04:00;194.6300048828125;141.13606
2022-04-29 00:00:00-04:00;189.5800018310547;141.24106
2022-05-02 00:00:00-04:00;190.36000061035156;140.84439
2022-05-03 00:00:00-04:00;192.3300018310547;140.57834
2022-05-04 00:00:00-04:00;187.9600067138672;140.70712
2022-05-05 00:00:00-04:00;186.1300048828125;140.29701
2022-05-06 00:00:00-04:00;184.9900054931641;139.66402
2022-05-09 00:00:00-04:00;177.3300018310547;139.10585
2022-05-10 00:00:00-04:00;178.8699951171875;137.80203
2022-05-11 00:00:00-04:00;178.17999267578125;137.13278
2022-05-12 00:00:00-04:00;175.8699951171875;136.87039
2022-05-13 00:00:00-04:00;175.42999267578125;136.5117
2022-05-16 00:00:00-04:00;177.07000732421875;136.18448
2022-05-17 00:00:00-04:00;179.7899932861328;136.20183
2022-05-18 00:00:00-04:00;176.47000122070312;136.63838
2022-05-19 00:00:00-04:00;178.1199951171875;136.45276
2022-05-20 00:00:00-04:00;179.1199951171875;136.36641
2022-05-23 00:00:00-04:00;182.3500061035156;136.45015
2022-05-24 00:00:00-04:00;183.8500061035156;136.97993
2022-05-25 00:00:00-04:00;183.9199981689453;137.55257
2022-05-26 00:00:00-04:00;186.6199951171875;137.83847
2022-05-27 00:00:00-04:00;188.08999633789065;138.25287
2022-05-31 00:00:00-04:00;188.1199951171875;138.69249
2022-06-01 00:00:00-04:00;186.1300048828125;138.93556
2022-06-02 00:00:00-04:00;187.5500030517578;138.7457
2022-06-03 00:00:00-04:00;186.0800018310547;138.74449
2022-06-06 00:00:00-04:00;186.3800048828125;138.63036
2022-06-07 00:00:00-04:00;187.9900054931641;138.61745
2022-06-08 00:00:00-04:00;186.3000030517578;138.87602
2022-06-09 00:00:00-04:00;182.52000427246097;138.8685
2022-06-10 00:00:00-04:00;180.4499969482422;138.28185
2022-06-13 00:00:00-04:00;176.9199981689453;137.54161
2022-06-14 00:00:00-04:00;177.11000061035156;136.65424
2022-06-15 00:00:00-04:00;179.27000427246094;136.2186
2022-06-16 00:00:00-04:00;171.5800018310547;136.43922
2022-06-17 00:00:00-04:00;172.1300048828125;135.62775
2022-06-21 00:00:00-04:00;174.50999450683594;134.9654
2022-06-22 00:00:00-04:00;172.89999389648438;134.97865
2022-06-23 00:00:00-04:00;177.74000549316406;134.92702
2022-06-24 00:00:00-04:00;182.8999938964844;135.54034
2022-06-27 00:00:00-04:00;183.02999877929688;136.70117
2022-06-28 00:00:00-04:00;180.3999938964844;137.40086
2022-06-29 00:00:00-04:00;182.1199951171875;137.2133
2022-06-30 00:00:00-04:00;180.02000427246094;137.08878
2022-07-01 00:00:00-04:00;184.27000427246097;136.77084
2022-07-05 00:00:00-04:00;183.77999877929688;137.19629
2022-07-06 00:00:00-04:00;186.25;137.56747
2022-07-07 00:00:00-04:00;186.0099945068359;138.09502
2022-07-08 00:00:00-04:00;185.57000732421875;138.36115
2022-07-11 00:00:00-04:00;186.66000366210935;138.37018
2022-07-12 00:00:00-04:00;184.41000366210935;138.46355
2022-07-13 00:00:00-04:00;185.13999938964844;138.25288
2022-07-14 00:00:00-04:00;186.0;138.19048
2022-07-15 00:00:00-04:00;189.97999572753903;138.3401
2022-07-18 00:00:00-04:00;190.92999267578125;139.0341
2022-07-19 00:00:00-04:00;194.4499969482422;139.65851
2022-07-20 00:00:00-04:00;194.8300018310547;140.40923
2022-07-21 00:00:00-04:00;198.69000244140625;140.85577
2022-07-22 00:00:00-04:00;199.69000244140625;141.49931
2022-07-25 00:00:00-04:00;197.3800048828125;142.01448
2022-07-26 00:00:00-04:00;200.72999572753903;141.96968
2022-07-27 00:00:00-04:00;202.7599945068359;142.24097
2022-07-28 00:00:00-04:00;206.30999755859375;142.76163
2022-07-29 00:00:00-04:00;207.77000427246097;143.57022
2022-08-01 00:00:00-04:00;207.52000427246097;144.24641
2022-08-02 00:00:00-04:00;205.58999633789065;144.52834
2022-08-03 00:00:00-04:00;208.08999633789065;144.34033
2022-08-04 00:00:00-04:00;208.33999633789065;144.4501
2022-08-05 00:00:00-04:00;211.07000732421875;144.67241
2022-08-08 00:00:00-04:00;210.92999267578125;145.18074
2022-08-09 00:00:00-04:00;209.25;145.51726
2022-08-10 00:00:00-04:00;209.16000366210935;145.45013
2022-08-11 00:00:00-04:00;206.88999938964844;145.30058
2022-08-12 00:00:00-04:00;208.8800048828125;144.96379
2022-08-15 00:00:00-04:00;210.47000122070312;145.01225
2022-08-16 00:00:00-04:00;210.83999633789065;145.36292
2022-08-17 00:00:00-04:00;197.3000030517578;145.67874
2022-08-18 00:00:00-04:00;203.47000122070312;144.20587
2022-08-19 00:00:00-04:00;204.27000427246097;143.67354
2022-08-22 00:00:00-04:00;202.77000427246097;143.83504
2022-08-23 00:00:00-04:00;200.92999267578125;143.96977
2022-08-24 00:00:00-04:00;200.58999633789065;143.7742
2022-08-25 00:00:00-04:00;200.17999267578125;143.50711
2022-08-26 00:00:00-04:00;197.47000122070312;143.29
2022-08-29 00:00:00-04:00;195.86000061035156;142.8562
2022-08-30 00:00:00-04:00;194.27000427246097;142.36627
2022-08-31 00:00:00-04:00;192.1999969482422;141.89774
2022-09-01 00:00:00-04:00;194.82000732421875;141.40178
2022-09-02 00:00:00-04:00;191.19000244140625;141.47148
2022-09-06 00:00:00-04:00;194.41000366210935;141.18358
2022-09-07 00:00:00-04:00;196.77999877929688;141.32234
2022-09-08 00:00:00-04:00;197.38999938964844;141.77817
2022-09-09 00:00:00-04:00;200.22000122070312;142.14523
2022-09-12 00:00:00-04:00;200.1699981689453;142.61937
2022-09-13 00:00:00-04:00;194.1000061035156;142.85011
2022-09-14 00:00:00-04:00;193.3000030517578;142.11984
2022-09-15 00:00:00-04:00;192.86000061035156;141.37065
2022-09-16 00:00:00-04:00;191.55999755859375;140.96788
2022-09-19 00:00:00-04:00;193.2899932861328;140.7399
2022-09-20 00:00:00-04:00;189.55999755859375;140.90945
2022-09-21 00:00:00-04:00;188.2599945068359;140.60924
2022-09-22 00:00:00-04:00;186.7599945068359;140.13142
2022-09-23 00:00:00-04:00;184.97999572753903;139.62222
2022-09-26 00:00:00-04:00;183.4199981689453;139.11914
2022-09-27 00:00:00-04:00;182.7599945068359;138.65094
2022-09-28 00:00:00-04:00;184.75;138.32191
2022-09-29 00:00:00-04:00;183.0399932861328;138.44545
2022-09-30 00:00:00-04:00;182.27000427246097;138.3708
2022-10-03 00:00:00-04:00;186.75;138.13385
2022-10-04 00:00:00-04:00;188.5800018310547;138.54018
2022-10-05 00:00:00-04:00;188.05999755859375;139.14172
2022-10-06 00:00:00-04:00;186.02000427246097;139.39954
2022-10-07 00:00:00-04:00;185.66000366210935;139.12279
2022-10-10 00:00:00-04:00;185.42999267578125;138.77042
2022-10-11 00:00:00-04:00;183.9900054931641;138.55493
2022-10-12 00:00:00-04:00;181.38999938964844;138.31227
2022-10-13 00:00:00-04:00;185.22999572753903;137.83705
2022-10-14 00:00:00-04:00;183.42999267578125;138.06302
2022-10-17 00:00:00-04:00;186.8000030517578;138.12283
2022-10-18 00:00:00-04:00;188.9499969482422;138.55727
2022-10-19 00:00:00-04:00;187.11000061035156;139.13744
2022-10-20 00:00:00-04:00;185.4600067138672;139.20493
2022-10-21 00:00:00-04:00;187.32000732421875;138.85353
2022-10-24 00:00:00-04:00;189.13999938964844;138.81143
2022-10-25 00:00:00-04:00;192.6699981689453;139.14522
2022-10-26 00:00:00-04:00;193.25;139.9025
2022-10-27 00:00:00-04:00;196.33999633789065;140.46632
2022-10-28 00:00:00-04:00;201.72999572753903;141.08427
2022-10-31 00:00:00-04:00;199.05999755859375;142.08673
2022-11-01 00:00:00-04:00;201.2400054931641;142.36273
2022-11-02 00:00:00-04:00;190.63999938964844;142.5824
2022-11-03 00:00:00-04:00;179.6199951171875;141.3507
2022-11-04 00:00:00-04:00;180.4600067138672;138.88895
2022-11-07 00:00:00-05:00;181.8500061035156;137.47032
2022-11-08 00:00:00-05:00;180.94000244140625;137.36873
2022-11-09 00:00:00-05:00;172.52000427246094;137.60756
2022-11-10 00:00:00-05:00;175.75;136.60521
2022-11-11 00:00:00-05:00;174.49000549316406;136.12024
2022-11-14 00:00:00-05:00;177.42999267578125;135.7886
2022-11-15 00:00:00-05:00;181.1999969482422;136.05481
2022-11-16 00:00:00-05:00;180.63999938964844;136.81999
2022-11-17 00:00:00-05:00;183.1000061035156;137.19806
2022-11-18 00:00:00-05:00;186.9600067138672;137.55777
2022-11-21 00:00:00-05:00;188.80999755859375;138.21498
2022-11-22 00:00:00-05:00;188.94000244140625;138.85942
2022-11-23 00:00:00-05:00;190.05999755859375;139.18652
2022-11-25 00:00:00-05:00;191.4199981689453;139.41068
2022-11-28 00:00:00-05:00;188.8000030517578;139.69246
2022-11-29 00:00:00-05:00;185.8999938964844;139.53178
2022-11-30 00:00:00-05:00;189.3500061035156;138.9695
2022-12-01 00:00:00-05:00;190.72999572753903;139.07637
2022-12-02 00:00:00-05:00;191.6000061035156;139.54378
2022-12-05 00:00:00-05:00;188.92999267578125;140.01605
2022-12-06 00:00:00-05:00;183.4900054931641;139.89264
2022-12-07 00:00:00-05:00;184.77999877929688;138.929
2022-12-08 00:00:00-05:00;184.9199981689453;138.39455
2022-12-09 00:00:00-05:00;181.5399932861328;138.30882
2022-12-12 00:00:00-05:00;182.88999938964844;137.96024
2022-12-13 00:00:00-05:00;183.0800018310547;137.88736
2022-12-14 00:00:00-05:00;180.58999633789065;137.93475
2022-12-15 00:00:00-05:00;177.92999267578125;137.6348
2022-12-16 00:00:00-05:00;177.5500030517578;136.9906
2022-12-19 00:00:00-05:00;175.3699951171875;136.49869
2022-12-20 00:00:00-05:00;176.47000122070312;135.98213
2022-12-21 00:00:00-05:00;178.2899932861328;135.86502
2022-12-22 00:00:00-05:00;176.6699981689453;136.15207
2022-12-23 00:00:00-05:00;177.33999633789062;136.14682
2022-12-27 00:00:00-05:00;178.89999389648438;136.11569
2022-12-28 00:00:00-05:00;176.63999938964844;136.27605
2022-12-29 00:00:00-05:00;177.49000549316406;136.07088
2022-12-30 00:00:00-05:00;175.55999755859375;135.97191
2023-01-03 00:00:00-05:00;176.10000610351562;135.6634
2023-01-04 00:00:00-05:00;177.19000244140625;135.52881
2023-01-05 00:00:00-05:00;173.77999877929688;135.65962
2023-01-06 00:00:00-05:00;178.3000030517578;135.30556
2023-01-09 00:00:00-05:00;178.1999969482422;135.63014
2023-01-10 00:00:00-05:00;178.3699951171875;135.94826
2023-01-11 00:00:00-05:00;181.1000061035156;136.12628
2023-01-12 00:00:00-05:00;181.58999633789065;136.53923
2023-01-13 00:00:00-05:00;181.7599945068359;136.87079
2023-01-17 00:00:00-05:00;181.7899932861328;137.03879
2023-01-18 00:00:00-05:00;180.0500030517578;137.08255
2023-01-19 00:00:00-05:00;176.83999633789062;136.83989
2023-01-20 00:00:00-05:00;178.86000061035156;136.20615
2023-01-23 00:00:00-05:00;180.4600067138672;136.09096
2023-01-24 00:00:00-05:00;178.7100067138672;136.43007
