Date;MS;close_predicted
2017-04-10 00:00:00-04:00;41.90999984741211;42.076206
2017-04-11 00:00:00-04:00;41.58000183105469;42.04103
2017-04-12 00:00:00-04:00;41.06999969482422;41.75809
2017-04-13 00:00:00-04:00;40.689998626708984;41.28131
2017-04-17 00:00:00-04:00;41.4900016784668;40.89441
2017-04-18 00:00:00-04:00;41.209999084472656;41.539543
2017-04-19 00:00:00-04:00;42.040000915527344;41.41853
2017-04-20 00:00:00-04:00;42.5;42.084885
2017-04-21 00:00:00-04:00;41.79999923706055;42.568687
2017-04-24 00:00:00-04:00;43.560001373291016;42.003582
2017-04-25 00:00:00-04:00;44.27000045776367;43.40389
2017-04-26 00:00:00-04:00;44.369998931884766;44.230732
2017-04-27 00:00:00-04:00;43.540000915527344;44.392834
2017-04-28 00:00:00-04:00;43.369998931884766;43.667103
2017-05-01 00:00:00-04:00;43.7400016784668;43.418407
2017-05-02 00:00:00-04:00;43.349998474121094;43.751984
2017-05-03 00:00:00-04:00;43.47999954223633;43.513557
2017-05-04 00:00:00-04:00;43.279998779296875;43.61738
2017-05-05 00:00:00-04:00;43.08000183105469;43.49031
2017-05-08 00:00:00-04:00;43.02000045776367;43.31531
2017-05-09 00:00:00-04:00;42.83000183105469;43.2528
2017-05-10 00:00:00-04:00;43.099998474121094;43.092564
2017-05-11 00:00:00-04:00;42.869998931884766;43.306217
2017-05-12 00:00:00-04:00;42.72999954223633;43.141373
2017-05-15 00:00:00-04:00;43.43000030517578;42.98285
2017-05-16 00:00:00-04:00;43.380001068115234;43.5566
2017-05-17 00:00:00-04:00;40.970001220703125;43.59061
2017-05-18 00:00:00-04:00;41.310001373291016;41.5063
2017-05-19 00:00:00-04:00;41.79999923706055;41.458515
2017-05-22 00:00:00-04:00;41.65999984741211;41.94618
2017-05-23 00:00:00-04:00;42.41999816894531;41.920353
2017-05-24 00:00:00-04:00;42.630001068115234;42.54505
2017-05-25 00:00:00-04:00;42.630001068115234;42.79472
2017-05-26 00:00:00-04:00;42.84000015258789;42.784042
2017-05-30 00:00:00-04:00;42.279998779296875;42.92704
2017-05-31 00:00:00-04:00;41.7400016784668;42.450405
2017-06-01 00:00:00-04:00;42.61000061035156;41.90771
2017-06-02 00:00:00-04:00;42.52000045776367;42.59395
2017-06-05 00:00:00-04:00;42.88999938964844;42.65203
2017-06-06 00:00:00-04:00;42.939998626708984;42.968758
2017-06-07 00:00:00-04:00;43.279998779296875;43.054268
2017-06-08 00:00:00-04:00;44.099998474121094;43.348965
2017-06-09 00:00:00-04:00;44.90999984741211;44.097557
2017-06-12 00:00:00-04:00;44.849998474121094;44.898743
2017-06-13 00:00:00-04:00;45.150001525878906;44.934513
2017-06-14 00:00:00-04:00;44.90999984741211;45.176964
2017-06-15 00:00:00-04:00;44.689998626708984;45.006058
2017-06-16 00:00:00-04:00;44.47999954223633;44.806454
2017-06-19 00:00:00-04:00;45.720001220703125;44.62918
2017-06-20 00:00:00-04:00;45.5;45.722485
2017-06-21 00:00:00-04:00;44.90999984741211;45.70898
2017-06-22 00:00:00-04:00;44.61000061035156;45.184204
2017-06-23 00:00:00-04:00;43.689998626708984;44.856
2017-06-26 00:00:00-04:00;44.0;44.04197
2017-06-27 00:00:00-04:00;44.220001220703125;44.222816
2017-06-28 00:00:00-04:00;44.31999969482422;44.478256
2017-06-29 00:00:00-04:00;44.75;44.603416
2017-06-30 00:00:00-04:00;44.560001373291016;44.974945
2017-07-03 00:00:00-04:00;45.61000061035156;44.836052
2017-07-05 00:00:00-04:00;46.15999984741211;45.69797
2017-07-06 00:00:00-04:00;46.130001068115234;46.273758
2017-07-07 00:00:00-04:00;46.04999923706055;46.283905
2017-07-10 00:00:00-04:00;45.9900016784668;46.18338
2017-07-11 00:00:00-04:00;45.47999954223633;46.111473
2017-07-12 00:00:00-04:00;44.959999084472656;45.671005
2017-07-13 00:00:00-04:00;45.52000045776367;45.182888
2017-07-14 00:00:00-04:00;45.20000076293945;45.6393
2017-07-17 00:00:00-04:00;45.33000183105469;45.459167
2017-07-18 00:00:00-04:00;45.13999938964844;45.552505
2017-07-19 00:00:00-04:00;46.619998931884766;45.405533
2017-07-20 00:00:00-04:00;46.5099983215332;46.675602
2017-07-21 00:00:00-04:00;46.59000015258789;46.738186
2017-07-24 00:00:00-04:00;46.709999084472656;46.77539
2017-07-25 00:00:00-04:00;47.61000061035156;46.86413
2017-07-26 00:00:00-04:00;47.209999084472656;47.66023
2017-07-27 00:00:00-04:00;47.09000015258789;47.409443
2017-07-28 00:00:00-04:00;46.65999984741211;47.26416
2017-07-31 00:00:00-04:00;46.900001525878906;46.882885
2017-08-01 00:00:00-04:00;47.209999084472656;47.067947
2017-08-02 00:00:00-04:00;47.33000183105469;47.393566
2017-08-03 00:00:00-04:00;47.2599983215332;47.553673
2017-08-04 00:00:00-04:00;48.08000183105469;47.51185
2017-08-07 00:00:00-04:00;48.310001373291016;48.224247
2017-08-08 00:00:00-04:00;47.93000030517578;48.511524
2017-08-09 00:00:00-04:00;47.650001525878906;48.19609
2017-08-10 00:00:00-04:00;46.29999923706055;47.902046
2017-08-11 00:00:00-04:00;45.650001525878906;46.697628
2017-08-14 00:00:00-04:00;46.5099983215332;46.000305
2017-08-15 00:00:00-04:00;46.43000030517578;46.709545
2017-08-16 00:00:00-04:00;46.0099983215332;46.769417
2017-08-17 00:00:00-04:00;45.09000015258789;46.39639
2017-08-18 00:00:00-04:00;45.38999938964844;45.52526
2017-08-21 00:00:00-04:00;44.68000030517578;45.657795
2017-08-22 00:00:00-04:00;45.56999969482422;45.069096
2017-08-23 00:00:00-04:00;45.79999923706055;45.750023
2017-08-24 00:00:00-04:00;46.0;46.036583
2017-08-25 00:00:00-04:00;45.939998626708984;46.209545
2017-08-28 00:00:00-04:00;45.47999954223633;46.140476
2017-08-29 00:00:00-04:00;45.349998474121094;45.70173
2017-08-30 00:00:00-04:00;45.65999984741211;45.51914
2017-08-31 00:00:00-04:00;45.5;45.775677
2017-09-01 00:00:00-04:00;46.189998626708984;45.68333
2017-09-05 00:00:00-04:00;44.88999938964844;46.27284
2017-09-06 00:00:00-04:00;45.06999969482422;45.22309
2017-09-07 00:00:00-04:00;44.06999969482422;45.22514
2017-09-08 00:00:00-04:00;44.0099983215332;44.39068
2017-09-11 00:00:00-04:00;45.15999984741211;44.239
2017-09-12 00:00:00-04:00;45.75;45.25076
2017-09-13 00:00:00-04:00;46.220001220703125;45.912487
2017-09-14 00:00:00-04:00;46.41999816894531;46.371647
2017-09-15 00:00:00-04:00;46.599998474121094;46.559956
2017-09-18 00:00:00-04:00;47.31999969482422;46.70613
2017-09-19 00:00:00-04:00;47.66999816894531;47.34048
2017-09-20 00:00:00-04:00;47.88999938964844;47.72541
2017-09-21 00:00:00-04:00;48.2599983215332;47.96231
2017-09-22 00:00:00-04:00;48.220001220703125;48.320557
2017-09-25 00:00:00-04:00;47.7400016784668;48.341747
2017-09-26 00:00:00-04:00;47.459999084472656;47.940292
2017-09-27 00:00:00-04:00;48.06999969482422;47.673615
2017-09-28 00:00:00-04:00;48.150001525878906;48.218136
2017-09-29 00:00:00-04:00;48.16999816894531;48.391853
2017-10-02 00:00:00-04:00;48.91999816894531;48.44127
2017-10-03 00:00:00-04:00;49.279998779296875;49.111275
2017-10-04 00:00:00-04:00;49.0099983215332;49.506924
2017-10-05 00:00:00-04:00;49.630001068115234;49.300182
2017-10-06 00:00:00-04:00;49.7599983215332;49.812553
2017-10-09 00:00:00-04:00;49.380001068115234;49.987446
2017-10-10 00:00:00-04:00;49.4900016784668;49.669743
2017-10-11 00:00:00-04:00;49.18000030517578;49.733894
2017-10-12 00:00:00-04:00;48.59000015258789;49.48279
2017-10-13 00:00:00-04:00;48.29999923706055;48.94901
2017-10-16 00:00:00-04:00;48.939998626708984;48.648907
2017-10-17 00:00:00-04:00;49.119998931884766;49.20022
2017-10-18 00:00:00-04:00;50.150001525878906;49.435986
2017-10-19 00:00:00-04:00;49.790000915527344;50.36109
2017-10-20 00:00:00-04:00;50.68000030517578;50.118362
2017-10-23 00:00:00-04:00;50.61000061035156;50.846523
2017-10-24 00:00:00-04:00;51.06999969482422;50.84433
2017-10-25 00:00:00-04:00;50.529998779296875;51.238438
2017-10-26 00:00:00-04:00;50.77000045776367;50.797604
2017-10-27 00:00:00-04:00;51.15999984741211;50.968853
2017-10-30 00:00:00-04:00;50.459999084472656;51.35431
2017-10-31 00:00:00-04:00;50.0;50.792072
2017-11-01 00:00:00-04:00;49.630001068115234;50.335968
2017-11-02 00:00:00-04:00;50.41999816894531;49.981274
2017-11-03 00:00:00-04:00;50.02000045776367;50.669926
2017-11-06 00:00:00-05:00;50.13999938964844;50.408707
2017-11-07 00:00:00-05:00;49.38999938964844;50.478348
2017-11-08 00:00:00-05:00;49.040000915527344;49.814106
2017-11-09 00:00:00-05:00;48.81999969482422;49.422474
2017-11-10 00:00:00-05:00;48.7599983215332;49.189137
2017-11-13 00:00:00-05:00;48.630001068115234;49.116142
2017-11-14 00:00:00-05:00;48.380001068115234;48.99256
2017-11-15 00:00:00-05:00;48.099998474121094;48.747807
2017-11-16 00:00:00-05:00;48.599998474121094;48.458584
2017-11-17 00:00:00-05:00;48.70000076293945;48.85222
2017-11-20 00:00:00-05:00;49.11000061035156;48.97535
2017-11-21 00:00:00-05:00;49.380001068115234;49.32674
2017-11-22 00:00:00-05:00;49.09000015258789;49.580475
2017-11-24 00:00:00-05:00;49.060001373291016;49.328835
2017-11-27 00:00:00-05:00;49.0;49.257305
2017-11-28 00:00:00-05:00;50.400001525878906;49.198425
2017-11-29 00:00:00-05:00;51.31999969482422;50.44356
2017-11-30 00:00:00-05:00;51.61000061035156;51.40591
2017-12-01 00:00:00-05:00;51.95000076293945;51.748077
2017-12-04 00:00:00-05:00;52.68000030517578;52.065804
2017-12-05 00:00:00-05:00;52.0099983215332;52.747288
2017-12-06 00:00:00-05:00;51.689998626708984;52.228188
2017-12-07 00:00:00-05:00;52.349998474121094;51.913776
2017-12-08 00:00:00-05:00;52.88999938964844;52.512634
2017-12-11 00:00:00-05:00;52.77000045776367;53.102757
2017-12-12 00:00:00-05:00;53.849998474121094;53.08137
2017-12-13 00:00:00-05:00;53.18000030517578;54.06318
2017-12-14 00:00:00-05:00;52.63999938964844;53.56104
2017-12-15 00:00:00-05:00;53.099998474121094;53.037064
2017-12-18 00:00:00-05:00;53.2400016784668;53.413326
2017-12-19 00:00:00-05:00;52.93000030517578;53.59984
2017-12-20 00:00:00-05:00;52.5099983215332;53.35428
2017-12-21 00:00:00-05:00;52.880001068115234;52.958294
2017-12-22 00:00:00-05:00;52.720001220703125;53.25471
2017-12-26 00:00:00-05:00;52.470001220703125;53.144684
2017-12-27 00:00:00-05:00;52.56999969482422;52.906723
2017-12-28 00:00:00-05:00;52.650001525878906;52.964455
2017-12-29 00:00:00-05:00;52.470001220703125;53.034428
2018-01-02 00:00:00-05:00;52.189998626708984;52.87025
2018-01-03 00:00:00-05:00;52.33000183105469;52.591637
2018-01-04 00:00:00-05:00;53.130001068115234;52.680058
2018-01-05 00:00:00-05:00;53.11000061035156;53.400333
2018-01-08 00:00:00-05:00;52.88999938964844;53.440125
2018-01-09 00:00:00-05:00;53.29999923706055;53.227592
2018-01-10 00:00:00-05:00;53.93000030517578;53.560047
2018-01-11 00:00:00-05:00;54.20000076293945;54.154343
2018-01-12 00:00:00-05:00;55.119998931884766;54.44955
2018-01-16 00:00:00-05:00;54.599998474121094;55.301453
2018-01-17 00:00:00-05:00;55.349998474121094;54.90061
2018-01-18 00:00:00-05:00;55.84000015258789;55.547092
2018-01-19 00:00:00-05:00;57.459999084472656;56.055405
2018-01-22 00:00:00-05:00;57.36000061035156;57.59068
2018-01-23 00:00:00-05:00;56.90999984741211;57.62288
2018-01-24 00:00:00-05:00;57.2400016784668;57.23155
2018-01-25 00:00:00-05:00;56.810001373291016;57.518974
2018-01-26 00:00:00-05:00;57.599998474121094;57.184456
2018-01-29 00:00:00-05:00;57.45000076293945;57.92312
2018-01-30 00:00:00-05:00;56.599998474121094;57.87218
2018-01-31 00:00:00-05:00;56.54999923706055;57.125732
2018-02-01 00:00:00-05:00;57.45000076293945;57.03996
2018-02-02 00:00:00-05:00;55.47999954223633;57.86934
2018-02-05 00:00:00-05:00;52.54999923706055;56.16171
2018-02-06 00:00:00-05:00;54.33000183105469;53.40604
2018-02-07 00:00:00-05:00;54.54999923706055;54.75458
2018-02-08 00:00:00-05:00;51.790000915527344;55.104645
2018-02-09 00:00:00-05:00;52.13999938964844;52.66678
2018-02-12 00:00:00-05:00;53.43000030517578;52.69311
2018-02-13 00:00:00-05:00;53.38999938964844;53.831604
2018-02-14 00:00:00-05:00;55.04999923706055;53.87077
2018-02-15 00:00:00-05:00;55.400001525878906;55.309036
2018-02-16 00:00:00-05:00;55.13999938964844;55.675064
2018-02-20 00:00:00-05:00;55.060001373291016;55.40984
2018-02-21 00:00:00-05:00;55.099998474121094;55.27297
2018-02-22 00:00:00-05:00;54.86000061035156;55.289898
2018-02-23 00:00:00-05:00;56.06999969482422;55.093266
2018-02-26 00:00:00-05:00;57.0099983215332;56.200966
2018-02-27 00:00:00-05:00;56.720001220703125;57.16942
2018-02-28 00:00:00-05:00;56.02000045776367;56.996918
2018-03-01 00:00:00-05:00;54.4900016784668;56.35977
2018-03-02 00:00:00-05:00;54.7400016784668;54.94964
2018-03-05 00:00:00-05:00;55.4900016784668;55.095093
2018-03-06 00:00:00-05:00;56.560001373291016;55.83762
2018-03-07 00:00:00-05:00;56.880001068115234;56.90524
2018-03-08 00:00:00-05:00;56.959999084472656;57.278038
2018-03-09 00:00:00-05:00;58.66999816894531;57.358646
2018-03-12 00:00:00-04:00;58.90999984741211;58.90538
2018-03-13 00:00:00-04:00;58.029998779296875;59.213604
2018-03-14 00:00:00-04:00;56.9900016784668;58.433926
2018-03-15 00:00:00-04:00;57.220001220703125;57.4389
2018-03-16 00:00:00-04:00;57.5099983215332;57.600655
2018-03-19 00:00:00-04:00;56.95000076293945;57.9188
2018-03-20 00:00:00-04:00;57.470001220703125;57.47026
2018-03-21 00:00:00-04:00;57.11000061035156;57.92653
2018-03-22 00:00:00-04:00;54.63999938964844;57.632343
2018-03-23 00:00:00-04:00;52.06999969482422;55.384235
2018-03-26 00:00:00-04:00;54.29999923706055;52.896534
2018-03-27 00:00:00-04:00;53.150001525878906;54.68242
2018-03-28 00:00:00-04:00;52.90999984741211;53.8468
2018-03-29 00:00:00-04:00;53.959999084472656;53.536903
2018-04-02 00:00:00-04:00;52.720001220703125;54.39937
2018-04-03 00:00:00-04:00;53.16999816894531;53.314865
2018-04-04 00:00:00-04:00;53.66999816894531;53.556976
2018-04-05 00:00:00-04:00;54.86000061035156;53.983902
2018-04-06 00:00:00-04:00;53.040000915527344;55.061153
2018-04-09 00:00:00-04:00;53.349998474121094;53.48374
2018-04-10 00:00:00-04:00;54.13999938964844;53.58386
2018-04-11 00:00:00-04:00;52.7400016784668;54.302135
2018-04-12 00:00:00-04:00;53.849998474121094;53.1277
2018-04-13 00:00:00-04:00;52.97999954223633;54.020004
2018-04-16 00:00:00-04:00;53.400001525878906;53.335472
2018-04-17 00:00:00-04:00;53.2400016784668;53.65991
2018-04-18 00:00:00-04:00;53.2599983215332;53.555847
2018-04-19 00:00:00-04:00;54.70000076293945;53.573196
2018-04-20 00:00:00-04:00;54.459999084472656;54.877357
2018-04-23 00:00:00-04:00;53.63999938964844;54.773983
2018-04-24 00:00:00-04:00;53.06999969482422;54.019646
2018-04-25 00:00:00-04:00;52.040000915527344;53.436028
2018-04-26 00:00:00-04:00;52.20000076293945;52.48227
2018-04-27 00:00:00-04:00;51.86000061035156;52.56496
2018-04-30 00:00:00-04:00;51.619998931884766;52.304165
2018-05-01 00:00:00-04:00;51.810001373291016;52.0783
2018-05-02 00:00:00-04:00;51.70000076293945;52.22217
2018-05-03 00:00:00-04:00;51.08000183105469;52.12651
2018-05-04 00:00:00-04:00;51.400001525878906;51.543514
2018-05-07 00:00:00-04:00;52.38999938964844;51.74582
2018-05-08 00:00:00-04:00;53.380001068115234;52.637806
2018-05-09 00:00:00-04:00;54.13999938964844;53.591957
2018-05-10 00:00:00-04:00;55.040000915527344;54.327564
2018-05-11 00:00:00-04:00;55.20000076293945;55.165188
2018-05-14 00:00:00-04:00;55.220001220703125;55.35193
2018-05-15 00:00:00-04:00;54.849998474121094;55.377274
2018-05-16 00:00:00-04:00;54.970001220703125;55.059414
2018-05-17 00:00:00-04:00;54.869998931884766;55.17679
2018-05-18 00:00:00-04:00;53.91999816894531;55.144012
2018-05-21 00:00:00-04:00;54.36000061035156;54.334553
2018-05-22 00:00:00-04:00;54.880001068115234;54.699223
2018-05-23 00:00:00-04:00;54.349998474121094;55.236855
2018-05-24 00:00:00-04:00;54.0;54.82739
2018-05-25 00:00:00-04:00;53.0099983215332;54.47878
2018-05-29 00:00:00-04:00;49.959999084472656;53.559635
2018-05-30 00:00:00-04:00;50.970001220703125;50.777554
2018-05-31 00:00:00-04:00;50.13999938964844;51.3933
2018-06-01 00:00:00-04:00;51.209999084472656;50.77181
2018-06-04 00:00:00-04:00;51.54999923706055;51.654663
2018-06-05 00:00:00-04:00;50.779998779296875;52.01603
2018-06-06 00:00:00-04:00;51.90999984741211;51.30309
2018-06-07 00:00:00-04:00;52.13999938964844;52.166378
2018-06-08 00:00:00-04:00;51.90999984741211;52.41188
2018-06-11 00:00:00-04:00;51.779998779296875;52.186684
2018-06-12 00:00:00-04:00;51.31999969482422;52.013813
2018-06-13 00:00:00-04:00;51.599998474121094;51.575638
2018-06-14 00:00:00-04:00;51.310001373291016;51.78717
2018-06-15 00:00:00-04:00;51.15999984741211;51.568695
2018-06-18 00:00:00-04:00;50.77000045776367;51.426804
2018-06-19 00:00:00-04:00;49.91999816894531;51.079193
2018-06-20 00:00:00-04:00;49.88999938964844;50.30399
2018-06-21 00:00:00-04:00;49.790000915527344;50.209675
2018-06-22 00:00:00-04:00;48.88999938964844;50.13423
2018-06-25 00:00:00-04:00;47.93000030517578;49.342266
2018-06-26 00:00:00-04:00;47.790000915527344;48.406494
2018-06-27 00:00:00-04:00;47.189998626708984;48.17975
2018-06-28 00:00:00-04:00;48.290000915527344;47.64203
2018-06-29 00:00:00-04:00;47.400001525878906;48.540028
2018-07-02 00:00:00-04:00;47.720001220703125;47.854454
2018-07-03 00:00:00-04:00;47.02000045776367;48.0037
2018-07-05 00:00:00-04:00;46.70000076293945;47.382515
2018-07-06 00:00:00-04:00;47.09000015258789;46.998203
2018-07-09 00:00:00-04:00;48.40999984741211;47.284615
2018-07-10 00:00:00-04:00;48.099998474121094;48.479565
2018-07-11 00:00:00-04:00;47.75;48.32789
2018-07-12 00:00:00-04:00;48.02000045776367;47.95721
2018-07-13 00:00:00-04:00;48.08000183105469;48.130417
2018-07-16 00:00:00-04:00;48.900001525878906;48.211082
2018-07-17 00:00:00-04:00;49.18000030517578;48.952385
2018-07-18 00:00:00-04:00;50.560001373291016;49.29371
2018-07-19 00:00:00-04:00;49.849998474121094;50.552654
2018-07-20 00:00:00-04:00;50.27000045776367;50.055508
2018-07-23 00:00:00-04:00;50.7400016784668;50.363472
2018-07-24 00:00:00-04:00;50.97999954223633;50.833344
2018-07-25 00:00:00-04:00;51.040000915527344;51.123096
2018-07-26 00:00:00-04:00;50.9900016784668;51.2291
2018-07-27 00:00:00-04:00;51.04999923706055;51.217625
2018-07-30 00:00:00-04:00;50.900001525878906;51.295002
2018-07-31 00:00:00-04:00;50.560001373291016;51.197086
2018-08-01 00:00:00-04:00;50.18000030517578;50.909485
2018-08-02 00:00:00-04:00;49.810001373291016;50.56449
2018-08-03 00:00:00-04:00;49.90999984741211;50.221737
2018-08-06 00:00:00-04:00;49.9900016784668;50.291847
2018-08-07 00:00:00-04:00;50.130001068115234;50.382435
2018-08-08 00:00:00-04:00;50.119998931884766;50.511997
2018-08-09 00:00:00-04:00;49.439998626708984;50.500538
2018-08-10 00:00:00-04:00;48.38999938964844;49.876034
2018-08-13 00:00:00-04:00;47.349998474121094;48.863243
2018-08-14 00:00:00-04:00;47.86000061035156;47.832375
2018-08-15 00:00:00-04:00;47.45000076293945;48.173317
2018-08-16 00:00:00-04:00;48.29999923706055;47.87813
2018-08-17 00:00:00-04:00;48.369998931884766;48.57405
2018-08-20 00:00:00-04:00;48.290000915527344;48.69264
2018-08-21 00:00:00-04:00;48.540000915527344;48.58727
2018-08-22 00:00:00-04:00;48.599998474121094;48.752583
2018-08-23 00:00:00-04:00;48.130001068115234;48.798653
2018-08-24 00:00:00-04:00;48.13999938964844;48.37226
2018-08-27 00:00:00-04:00;49.88999938964844;48.322395
2018-08-28 00:00:00-04:00;50.0;49.875004
2018-08-29 00:00:00-04:00;49.95000076293945;50.151226
2018-08-30 00:00:00-04:00;49.29999923706055;50.11193
2018-08-31 00:00:00-04:00;48.83000183105469;49.518673
2018-09-04 00:00:00-04:00;48.709999084472656;49.047504
2018-09-05 00:00:00-04:00;48.720001220703125;48.92393
2018-09-06 00:00:00-04:00;47.93000030517578;48.962513
2018-09-07 00:00:00-04:00;48.220001220703125;48.30508
2018-09-10 00:00:00-04:00;47.939998626708984;48.49895
2018-09-11 00:00:00-04:00;47.86000061035156;48.297005
2018-09-12 00:00:00-04:00;47.47999954223633;48.203487
2018-09-13 00:00:00-04:00;47.720001220703125;47.855156
2018-09-14 00:00:00-04:00;48.189998626708984;48.015327
2018-09-17 00:00:00-04:00;47.68000030517578;48.442684
2018-09-18 00:00:00-04:00;47.849998474121094;48.028473
2018-09-19 00:00:00-04:00;49.099998474121094;48.100243
2018-09-20 00:00:00-04:00;49.880001068115234;49.201427
2018-09-21 00:00:00-04:00;49.40999984741211;50.00523
2018-09-24 00:00:00-04:00;48.560001373291016;49.64412
2018-09-25 00:00:00-04:00;48.279998779296875;48.822823
2018-09-26 00:00:00-04:00;47.70000076293945;48.484188
2018-09-27 00:00:00-04:00;47.77000045776367;47.97232
2018-09-28 00:00:00-04:00;46.56999969482422;48.01183
2018-10-01 00:00:00-04:00;46.630001068115234;47.004124
2018-10-02 00:00:00-04:00;46.630001068115234;46.945847
2018-10-03 00:00:00-04:00;47.11000061035156;46.966976
2018-10-04 00:00:00-04:00;47.27000045776367;47.393814
2018-10-05 00:00:00-04:00;46.75;47.571487
2018-10-08 00:00:00-04:00;47.02000045776367;47.10347
2018-10-09 00:00:00-04:00;46.15999984741211;47.247692
2018-10-10 00:00:00-04:00;44.619998931884766;46.503983
2018-10-11 00:00:00-04:00;43.4900016784668;45.06032
2018-10-12 00:00:00-04:00;43.43000030517578;43.902424
2018-10-15 00:00:00-04:00;43.470001220703125;43.735397
2018-10-16 00:00:00-04:00;45.939998626708984;43.79565
2018-10-17 00:00:00-04:00;47.189998626708984;45.959454
2018-10-18 00:00:00-04:00;46.029998779296875;47.305573
2018-10-19 00:00:00-04:00;46.41999816894531;46.35255
2018-10-22 00:00:00-04:00;45.11000061035156;46.47066
2018-10-23 00:00:00-04:00;44.52000045776367;45.330143
2018-10-24 00:00:00-04:00;43.4900016784668;44.671265
2018-10-25 00:00:00-04:00;44.54999923706055;43.746178
2018-10-26 00:00:00-04:00;43.970001220703125;44.590965
2018-10-29 00:00:00-04:00;43.95000076293945;44.266148
2018-10-30 00:00:00-04:00;44.5;44.19568
2018-10-31 00:00:00-04:00;45.65999984741211;44.661884
2018-11-01 00:00:00-04:00;45.88999938964844;45.72749
2018-11-02 00:00:00-04:00;45.95000076293945;46.039356
2018-11-05 00:00:00-05:00;45.81999969482422;46.08101
2018-11-06 00:00:00-05:00;45.720001220703125;45.942017
2018-11-07 00:00:00-05:00;46.61000061035156;45.830837
2018-11-08 00:00:00-05:00;46.43000030517578;46.60895
2018-11-09 00:00:00-05:00;45.72999954223633;46.573215
2018-11-12 00:00:00-05:00;44.130001068115234;45.959396
2018-11-13 00:00:00-05:00;44.68000030517578;44.50738
2018-11-14 00:00:00-05:00;43.849998474121094;44.82159
2018-11-15 00:00:00-05:00;44.29999923706055;44.220467
2018-11-16 00:00:00-05:00;44.130001068115234;44.546062
2018-11-19 00:00:00-05:00;44.40999984741211;44.464687
2018-11-20 00:00:00-05:00;43.099998474121094;44.67929
2018-11-21 00:00:00-05:00;43.72999954223633;43.559826
2018-11-23 00:00:00-05:00;43.08000183105469;43.913353
2018-11-26 00:00:00-05:00;44.279998779296875;43.417953
2018-11-27 00:00:00-05:00;44.04999923706055;44.364616
2018-11-28 00:00:00-05:00;45.310001373291016;44.29254
2018-11-29 00:00:00-05:00;44.5099983215332;45.329967
2018-11-30 00:00:00-05:00;44.38999938964844;44.747566
2018-12-03 00:00:00-05:00;45.40999984741211;44.516922
2018-12-04 00:00:00-05:00;43.119998931884766;45.375004
2018-12-06 00:00:00-05:00;42.61000061035156;43.53054
2018-12-07 00:00:00-05:00;41.31999969482422;42.816715
2018-12-10 00:00:00-05:00;40.709999084472656;41.679745
2018-12-11 00:00:00-05:00;40.619998931884766;41.044834
2018-12-12 00:00:00-05:00;40.810001373291016;40.935
2018-12-13 00:00:00-05:00;40.599998474121094;41.116394
2018-12-14 00:00:00-05:00;39.63999938964844;40.95988
2018-12-17 00:00:00-05:00;39.599998474121094;40.081223
2018-12-18 00:00:00-05:00;39.88999938964844;39.86831
2018-12-19 00:00:00-05:00;39.29999923706055;40.078445
2018-12-20 00:00:00-05:00;38.90999984741211;39.594074
2018-12-21 00:00:00-05:00;37.68000030517578;39.145123
2018-12-24 00:00:00-05:00;37.0099983215332;38.02316
2018-12-26 00:00:00-05:00;39.29999923706055;37.26565
2018-12-27 00:00:00-05:00;39.65999984741211;39.108944
2018-12-28 00:00:00-05:00;39.369998931884766;39.751335
2018-12-31 00:00:00-05:00;39.650001525878906;39.5125
2019-01-02 00:00:00-05:00;40.400001525878906;39.635582
2019-01-03 00:00:00-05:00;39.68000030517578;40.27064
2019-01-04 00:00:00-05:00;41.29999923706055;39.747326
2019-01-07 00:00:00-05:00;41.709999084472656;41.02368
2019-01-08 00:00:00-05:00;41.45000076293945;41.60212
2019-01-09 00:00:00-05:00;41.7400016784668;41.440598
2019-01-10 00:00:00-05:00;41.65999984741211;41.652878
2019-01-11 00:00:00-05:00;41.7400016784668;41.64275
2019-01-14 00:00:00-05:00;42.47999954223633;41.736595
2019-01-15 00:00:00-05:00;42.880001068115234;42.42264
2019-01-16 00:00:00-05:00;44.4900016784668;42.90038
2019-01-17 00:00:00-05:00;42.529998779296875;44.368763
2019-01-18 00:00:00-05:00;43.689998626708984;42.884933
2019-01-22 00:00:00-05:00;42.40999984741211;43.635334
2019-01-23 00:00:00-05:00;42.150001525878906;42.701126
2019-01-24 00:00:00-05:00;42.04999923706055;42.353683
2019-01-25 00:00:00-05:00;42.97999954223633;42.272278
2019-01-28 00:00:00-05:00;42.650001525878906;43.102886
2019-01-29 00:00:00-05:00;42.4900016784668;42.959328
2019-01-30 00:00:00-05:00;42.790000915527344;42.771072
2019-01-31 00:00:00-05:00;42.29999923706055;42.987892
2019-02-01 00:00:00-05:00;41.81999969482422;42.592915
2019-02-04 00:00:00-05:00;42.459999084472656;42.106167
2019-02-05 00:00:00-05:00;42.45000076293945;42.585747
2019-02-06 00:00:00-05:00;42.380001068115234;42.661507
2019-02-07 00:00:00-05:00;41.47999954223633;42.59099
2019-02-08 00:00:00-05:00;40.810001373291016;41.791607
2019-02-11 00:00:00-05:00;40.209999084472656;41.08752
2019-02-12 00:00:00-05:00;41.150001525878906;40.490887
2019-02-13 00:00:00-05:00;41.189998626708984;41.230537
2019-02-14 00:00:00-05:00;40.720001220703125;41.406445
2019-02-15 00:00:00-05:00;41.9900016784668;40.996384
2019-02-19 00:00:00-05:00;42.15999984741211;41.98573
2019-02-20 00:00:00-05:00;42.41999816894531;42.27114
2019-02-21 00:00:00-05:00;41.959999084472656;42.48389
2019-02-22 00:00:00-05:00;41.790000915527344;42.086678
2019-02-25 00:00:00-05:00;42.189998626708984;41.862885
2019-02-26 00:00:00-05:00;42.40999984741211;42.189358
2019-02-27 00:00:00-05:00;42.560001373291016;42.45241
2019-02-28 00:00:00-05:00;41.97999954223633;42.626705
2019-03-01 00:00:00-05:00;42.5;42.155983
2019-03-04 00:00:00-05:00;42.0;42.534523
2019-03-05 00:00:00-05:00;41.900001525878906;42.18941
2019-03-06 00:00:00-05:00;41.619998931884766;42.05497
2019-03-07 00:00:00-05:00;41.16999816894531;41.81603
2019-03-08 00:00:00-05:00;41.36000061035156;41.41166
2019-03-11 00:00:00-04:00;41.849998474121094;41.528706
2019-03-12 00:00:00-04:00;42.029998779296875;41.98707
2019-03-13 00:00:00-04:00;42.40999984741211;42.207237
2019-03-14 00:00:00-04:00;42.689998626708984;42.539288
2019-03-15 00:00:00-04:00;43.33000183105469;42.8032
2019-03-18 00:00:00-04:00;44.029998779296875;43.366623
2019-03-19 00:00:00-04:00;43.95000076293945;44.032
2019-03-20 00:00:00-04:00;43.029998779296875;44.031204
2019-03-21 00:00:00-04:00;43.130001068115234;43.214603
2019-03-22 00:00:00-04:00;41.720001220703125;43.1879
2019-03-25 00:00:00-04:00;41.25;42.02421
2019-03-26 00:00:00-04:00;41.880001068115234;41.4814
2019-03-27 00:00:00-04:00;41.369998931884766;42.007603
2019-03-28 00:00:00-04:00;41.93000030517578;41.699833
2019-03-29 00:00:00-04:00;42.20000076293945;42.12228
2019-04-01 00:00:00-04:00;43.529998779296875;42.41392
2019-04-02 00:00:00-04:00;43.70000076293945;43.570618
2019-04-03 00:00:00-04:00;44.380001068115234;43.84409
2019-04-04 00:00:00-04:00;44.93000030517578;44.40556
2019-04-05 00:00:00-04:00;44.900001525878906;44.922745
2019-04-08 00:00:00-04:00;44.97999954223633;44.939213
2019-04-09 00:00:00-04:00;44.2599983215332;44.99765
2019-04-10 00:00:00-04:00;44.45000076293945;44.39583
2019-04-11 00:00:00-04:00;44.79999923706055;44.504215
2019-04-12 00:00:00-04:00;46.689998626708984;44.875572
2019-04-15 00:00:00-04:00;46.08000183105469;46.612408
2019-04-16 00:00:00-04:00;47.02000045776367;46.312363
2019-04-17 00:00:00-04:00;48.2599983215332;47.06009
2019-04-18 00:00:00-04:00;47.54999923706055;48.244186
2019-04-22 00:00:00-04:00;47.290000915527344;47.755615
2019-04-23 00:00:00-04:00;47.349998474121094;47.454365
2019-04-24 00:00:00-04:00;47.380001068115234;47.4956
2019-04-25 00:00:00-04:00;47.290000915527344;47.569836
2019-04-26 00:00:00-04:00;47.88999938964844;47.536293
2019-04-29 00:00:00-04:00;48.459999084472656;48.08489
2019-04-30 00:00:00-04:00;48.25;48.670303
2019-05-01 00:00:00-04:00;47.56999969482422;48.550438
2019-05-02 00:00:00-04:00;47.810001373291016;47.924835
2019-05-03 00:00:00-04:00;48.060001373291016;48.05943
2019-05-06 00:00:00-04:00;47.709999084472656;48.31548
2019-05-07 00:00:00-04:00;46.709999084472656;48.04704
2019-05-08 00:00:00-04:00;46.529998779296875;47.13597
2019-05-09 00:00:00-04:00;46.45000076293945;46.86766
2019-05-10 00:00:00-04:00;46.34000015258789;46.787197
2019-05-13 00:00:00-04:00;44.18000030517578;46.692284
2019-05-14 00:00:00-04:00;44.0099983215332;44.80496
2019-05-15 00:00:00-04:00;43.900001525878906;44.38573
2019-05-16 00:00:00-04:00;44.279998779296875;44.27363
2019-05-17 00:00:00-04:00;43.880001068115234;44.5968
2019-05-20 00:00:00-04:00;43.869998931884766;44.27617
2019-05-21 00:00:00-04:00;44.38999938964844;44.17396
2019-05-22 00:00:00-04:00;43.4900016784668;44.573723
2019-05-23 00:00:00-04:00;42.709999084472656;43.81761
2019-05-24 00:00:00-04:00;42.959999084472656;42.994972
2019-05-28 00:00:00-04:00;42.16999816894531;43.087658
2019-05-29 00:00:00-04:00;42.189998626708984;42.443523
2019-05-30 00:00:00-04:00;41.83000183105469;42.36042
2019-05-31 00:00:00-04:00;40.689998626708984;42.053448
2019-06-03 00:00:00-04:00;40.72999954223633;41.03212
2019-06-04 00:00:00-04:00;42.47999954223633;40.907154
2019-06-05 00:00:00-04:00;42.43000030517578;42.42125
2019-06-06 00:00:00-04:00;42.810001373291016;42.60378
2019-06-07 00:00:00-04:00;42.70000076293945;42.883713
2019-06-10 00:00:00-04:00;43.290000915527344;42.784668
2019-06-11 00:00:00-04:00;43.66999816894531;43.24798
2019-06-12 00:00:00-04:00;42.619998931884766;43.63971
2019-06-13 00:00:00-04:00;42.95000076293945;42.784447
2019-06-14 00:00:00-04:00;42.81999969482422;42.94124
2019-06-17 00:00:00-04:00;42.5099983215332;42.899967
2019-06-18 00:00:00-04:00;43.34000015258789;42.65542
2019-06-19 00:00:00-04:00;43.13999938964844;43.36023
2019-06-20 00:00:00-04:00;43.459999084472656;43.31627
2019-06-21 00:00:00-04:00;43.58000183105469;43.57591
2019-06-24 00:00:00-04:00;43.06999969482422;43.71817
2019-06-25 00:00:00-04:00;42.65999984741211;43.294064
2019-06-26 00:00:00-04:00;42.9900016784668;42.87846
2019-06-27 00:00:00-04:00;43.4900016784668;43.122036
2019-06-28 00:00:00-04:00;43.810001373291016;43.615738
2019-07-01 00:00:00-04:00;43.95000076293945;43.964184
2019-07-02 00:00:00-04:00;43.83000183105469;44.115013
2019-07-03 00:00:00-04:00;43.9900016784668;44.01071
2019-07-05 00:00:00-04:00;44.209999084472656;44.12149
2019-07-08 00:00:00-04:00;43.4900016784668;44.329437
2019-07-09 00:00:00-04:00;43.779998779296875;43.738766
2019-07-10 00:00:00-04:00;43.310001373291016;43.904953
2019-07-11 00:00:00-04:00;44.18000030517578;43.548927
2019-07-12 00:00:00-04:00;44.869998931884766;44.258747
2019-07-15 00:00:00-04:00;44.43000030517578;44.972744
2019-07-16 00:00:00-04:00;44.43000030517578;44.668648
2019-07-17 00:00:00-04:00;43.77000045776367;44.594913
2019-07-18 00:00:00-04:00;44.43000030517578;44.013718
2019-07-19 00:00:00-04:00;44.38999938964844;44.51179
2019-07-22 00:00:00-04:00;44.5;44.574276
2019-07-23 00:00:00-04:00;45.099998474121094;44.67588
2019-07-24 00:00:00-04:00;45.5;45.20884
2019-07-25 00:00:00-04:00;44.869998931884766;45.624294
2019-07-26 00:00:00-04:00;45.7400016784668;45.114803
2019-07-29 00:00:00-04:00;45.22999954223633;45.78742
2019-07-30 00:00:00-04:00;44.66999816894531;45.446987
2019-07-31 00:00:00-04:00;44.560001373291016;44.90973
2019-08-01 00:00:00-04:00;42.93000030517578;44.757233
2019-08-02 00:00:00-04:00;42.119998931884766;43.363796
2019-08-05 00:00:00-04:00;40.4900016784668;42.490086
2019-08-06 00:00:00-04:00;41.220001220703125;41.03038
2019-08-07 00:00:00-04:00;40.560001373291016;41.472687
2019-08-08 00:00:00-04:00;41.27000045776367;41.03979
2019-08-09 00:00:00-04:00;41.5;41.551044
2019-08-12 00:00:00-04:00;40.36000061035156;41.800385
2019-08-13 00:00:00-04:00;40.689998626708984;40.798756
2019-08-14 00:00:00-04:00;39.33000183105469;40.85516
2019-08-15 00:00:00-04:00;39.099998474121094;39.703995
2019-08-16 00:00:00-04:00;39.939998626708984;39.29494
2019-08-19 00:00:00-04:00;40.369998931884766;39.968735
2019-08-20 00:00:00-04:00;39.900001525878906;40.453876
2019-08-21 00:00:00-04:00;39.939998626708984;40.088093
2019-08-22 00:00:00-04:00;40.27000045776367;40.013218
2019-08-23 00:00:00-04:00;39.33000183105469;40.27135
2019-08-26 00:00:00-04:00;40.15999984741211;39.510254
2019-08-27 00:00:00-04:00;39.790000915527344;40.078617
2019-08-28 00:00:00-04:00;40.380001068115234;39.88905
2019-08-29 00:00:00-04:00;41.290000915527344;40.34922
2019-08-30 00:00:00-04:00;41.4900016784668;41.21001
2019-09-03 00:00:00-04:00;40.9900016784668;41.50117
2019-09-04 00:00:00-04:00;41.529998779296875;41.08525
2019-09-05 00:00:00-04:00;42.470001220703125;41.469692
2019-09-06 00:00:00-04:00;42.18000030517578;42.362743
2019-09-09 00:00:00-04:00;43.11000061035156;42.255913
2019-09-10 00:00:00-04:00;43.58000183105469;43.02693
2019-09-11 00:00:00-04:00;43.939998626708984;43.560158
2019-09-12 00:00:00-04:00;44.31999969482422;43.942432
2019-09-13 00:00:00-04:00;45.15999984741211;44.32375
2019-09-16 00:00:00-04:00;44.75;45.113132
2019-09-17 00:00:00-04:00;44.209999084472656;44.874752
2019-09-18 00:00:00-04:00;44.36000061035156;44.377018
2019-09-19 00:00:00-04:00;44.02000045776367;44.46983
2019-09-20 00:00:00-04:00;43.66999816894531;44.23982
2019-09-23 00:00:00-04:00;43.560001373291016;43.939693
2019-09-24 00:00:00-04:00;42.540000915527344;43.834057
2019-09-25 00:00:00-04:00;43.040000915527344;42.96877
2019-09-26 00:00:00-04:00;42.619998931884766;43.28463
2019-09-27 00:00:00-04:00;42.84000015258789;42.998592
2019-09-30 00:00:00-04:00;42.66999816894531;43.131886
2019-10-01 00:00:00-04:00;41.380001068115234;42.99386
2019-10-02 00:00:00-04:00;40.22999954223633;41.84226
2019-10-03 00:00:00-04:00;40.25;40.66571
2019-10-04 00:00:00-04:00;40.779998779296875;40.519062
2019-10-07 00:00:00-04:00;40.68000030517578;40.98824
2019-10-08 00:00:00-04:00;39.81999969482422;40.973827
2019-10-09 00:00:00-04:00;40.439998626708984;40.1937
2019-10-10 00:00:00-04:00;41.04999923706055;40.554253
2019-10-11 00:00:00-04:00;41.93000030517578;41.128574
2019-10-14 00:00:00-04:00;42.25;41.93414
2019-10-15 00:00:00-04:00;42.529998779296875;42.278133
2019-10-16 00:00:00-04:00;42.790000915527344;42.510345
2019-10-17 00:00:00-04:00;43.439998626708984;42.733524
2019-10-18 00:00:00-04:00;43.65999984741211;43.314636
2019-10-21 00:00:00-04:00;44.97999954223633;43.591465
2019-10-22 00:00:00-04:00;45.380001068115234;44.778202
2019-10-23 00:00:00-04:00;45.90999984741211;45.30086
2019-10-24 00:00:00-04:00;45.7599983215332;45.82511
2019-10-25 00:00:00-04:00;46.369998931884766;45.771133
2019-10-28 00:00:00-04:00;46.84000015258789;46.31625
2019-10-29 00:00:00-04:00;46.83000183105469;46.839195
2019-10-30 00:00:00-04:00;46.2599983215332;46.929268
2019-10-31 00:00:00-04:00;46.04999923706055;46.46983
2019-11-01 00:00:00-04:00;47.33000183105469;46.26199
2019-11-04 00:00:00-05:00;48.83000183105469;47.406578
2019-11-05 00:00:00-05:00;48.75;48.9114
2019-11-06 00:00:00-05:00;48.560001373291016;49.008713
2019-11-07 00:00:00-05:00;48.65999984741211;48.817356
2019-11-08 00:00:00-05:00;49.150001525878906;48.871315
2019-11-11 00:00:00-05:00;49.09000015258789;49.324375
2019-11-12 00:00:00-05:00;49.0099983215332;49.343067
2019-11-13 00:00:00-05:00;48.38999938964844;49.28565
2019-11-14 00:00:00-05:00;48.61000061035156;48.746212
2019-11-15 00:00:00-05:00;48.9900016784668;48.89317
2019-11-18 00:00:00-05:00;49.029998779296875;49.2703
2019-11-19 00:00:00-05:00;49.33000183105469;49.357822
2019-11-20 00:00:00-05:00;49.099998474121094;49.624264
2019-11-21 00:00:00-05:00;48.84000015258789;49.439316
2019-11-22 00:00:00-05:00;49.25;49.175076
2019-11-25 00:00:00-05:00;49.959999084472656;49.50259
2019-11-26 00:00:00-05:00;49.40999984741211;50.17098
2019-11-27 00:00:00-05:00;49.779998779296875;49.74977
2019-11-29 00:00:00-05:00;49.47999954223633;50.010567
2019-12-02 00:00:00-05:00;49.08000183105469;49.771618
2019-12-03 00:00:00-05:00;48.11000061035156;49.39073
2019-12-04 00:00:00-05:00;48.84000015258789;48.501884
2019-12-05 00:00:00-05:00;49.06999969482422;49.05704
2019-12-06 00:00:00-05:00;49.79999923706055;49.3518
2019-12-09 00:00:00-05:00;49.599998474121094;50.027252
2019-12-10 00:00:00-05:00;49.66999816894531;49.90471
2019-12-11 00:00:00-05:00;49.45000076293945;49.92323
2019-12-12 00:00:00-05:00;50.689998626708984;49.716045
2019-12-13 00:00:00-05:00;50.2400016784668;50.79071
2019-12-16 00:00:00-05:00;50.720001220703125;50.510406
2019-12-17 00:00:00-05:00;50.900001525878906;50.894787
2019-12-18 00:00:00-05:00;50.65999984741211;51.09602
2019-12-19 00:00:00-05:00;50.86000061035156;50.907963
2019-12-20 00:00:00-05:00;50.689998626708984;51.073273
2019-12-23 00:00:00-05:00;50.720001220703125;50.95613
2019-12-24 00:00:00-05:00;50.689998626708984;50.986362
2019-12-26 00:00:00-05:00;51.11000061035156;50.979427
2019-12-27 00:00:00-05:00;51.09000015258789;51.365696
2019-12-30 00:00:00-05:00;50.959999084472656;51.396656
2019-12-31 00:00:00-05:00;51.119998931884766;51.283573
2020-01-02 00:00:00-05:00;52.040000915527344;51.41333
2020-01-03 00:00:00-05:00;51.20000076293945;52.251144
2020-01-06 00:00:00-05:00;51.02000045776367;51.586353
2020-01-07 00:00:00-05:00;50.91999816894531;51.347584
2020-01-08 00:00:00-05:00;51.56999969482422;51.23965
2020-01-09 00:00:00-05:00;52.060001373291016;51.822304
2020-01-10 00:00:00-05:00;52.209999084472656;52.328022
2020-01-13 00:00:00-05:00;52.779998779296875;52.504353
2020-01-14 00:00:00-05:00;52.86000061035156;53.01564
2020-01-15 00:00:00-05:00;52.939998626708984;53.12407
2020-01-16 00:00:00-05:00;56.439998626708984;53.198933
2020-01-17 00:00:00-05:00;57.5099983215332;56.379677
2020-01-21 00:00:00-05:00;55.91999816894531;57.600456
2020-01-22 00:00:00-05:00;55.86000061035156;56.239716
2020-01-23 00:00:00-05:00;55.529998779296875;56.06803
2020-01-24 00:00:00-05:00;54.54999923706055;55.786102
2020-01-27 00:00:00-05:00;53.11000061035156;54.949184
2020-01-28 00:00:00-05:00;54.02000045776367;53.653027
2020-01-29 00:00:00-05:00;53.68000030517578;54.412495
2020-01-30 00:00:00-05:00;53.81999969482422;54.22717
2020-01-31 00:00:00-05:00;52.2599983215332;54.35249
2020-02-03 00:00:00-05:00;52.599998474121094;52.955452
2020-02-04 00:00:00-05:00;54.02000045776367;53.103333
2020-02-05 00:00:00-05:00;54.9900016784668;54.38269
2020-02-06 00:00:00-05:00;55.0099983215332;55.34852
2020-02-07 00:00:00-05:00;55.029998779296875;55.396717
2020-02-10 00:00:00-05:00;55.349998474121094;55.361076
2020-02-11 00:00:00-05:00;55.779998779296875;55.609432
2020-02-12 00:00:00-05:00;56.18000030517578;56.007854
2020-02-13 00:00:00-05:00;55.93000030517578;56.405754
2020-02-14 00:00:00-05:00;55.84000015258789;56.21923
2020-02-18 00:00:00-05:00;55.52000045776367;56.136845
2020-02-19 00:00:00-05:00;56.310001373291016;55.861732
2020-02-20 00:00:00-05:00;53.75;56.584293
2020-02-21 00:00:00-05:00;52.41999816894531;54.366283
2020-02-24 00:00:00-05:00;49.68000030517578;53.00337
2020-02-25 00:00:00-05:00;48.029998779296875;50.484615
2020-02-26 00:00:00-05:00;47.2400016784668;48.813446
2020-02-27 00:00:00-05:00;45.40999984741211;47.99142
2020-02-28 00:00:00-05:00;45.029998779296875;46.34267
2020-03-02 00:00:00-05:00;46.47999954223633;45.788643
2020-03-03 00:00:00-05:00;44.400001525878906;46.961926
2020-03-04 00:00:00-05:00;45.2400016784668;45.245605
2020-03-05 00:00:00-05:00;42.59000015258789;45.609707
2020-03-06 00:00:00-05:00;41.84000015258789;43.313557
2020-03-09 00:00:00-04:00;37.5;42.248505
2020-03-10 00:00:00-04:00;39.5;38.442318
2020-03-11 00:00:00-04:00;36.869998931884766;39.487324
2020-03-12 00:00:00-04:00;31.309999465942383;37.596733
2020-03-13 00:00:00-04:00;37.5;32.650936
2020-03-16 00:00:00-04:00;31.649999618530273;36.847553
2020-03-17 00:00:00-04:00;33.790000915527344;33.04007
2020-03-18 00:00:00-04:00;30.75;33.77606
2020-03-19 00:00:00-04:00;30.920000076293945;31.54829
2020-03-20 00:00:00-04:00;29.670000076293945;31.111752
2020-03-23 00:00:00-04:00;27.809999465942383;30.070469
2020-03-24 00:00:00-04:00;33.220001220703125;28.328098
2020-03-25 00:00:00-04:00;33.9900016784668;32.388416
2020-03-26 00:00:00-04:00;35.709999084472656;33.919594
2020-03-27 00:00:00-04:00;34.0099983215332;35.352566
2020-03-30 00:00:00-04:00;34.84000015258789;34.01253
2020-03-31 00:00:00-04:00;34.0;34.290268
2020-04-01 00:00:00-04:00;31.6200008392334;33.696114
2020-04-02 00:00:00-04:00;33.900001525878906;31.659178
2020-04-03 00:00:00-04:00;33.849998474121094;33.215294
2020-04-06 00:00:00-04:00;37.0099983215332;33.684578
2020-04-07 00:00:00-04:00;36.939998626708984;36.418873
2020-04-08 00:00:00-04:00;39.369998931884766;36.860325
2020-04-09 00:00:00-04:00;41.08000183105469;38.876457
2020-04-13 00:00:00-04:00;39.58000183105469;40.6404
2020-04-14 00:00:00-04:00;39.86000061035156;39.570354
2020-04-15 00:00:00-04:00;38.400001525878906;39.582787
2020-04-16 00:00:00-04:00;38.36000061035156;38.437447
2020-04-17 00:00:00-04:00;39.09000015258789;38.295807
2020-04-20 00:00:00-04:00;38.36000061035156;39.03008
2020-04-21 00:00:00-04:00;36.95000076293945;38.629692
2020-04-22 00:00:00-04:00;37.810001373291016;37.401157
2020-04-23 00:00:00-04:00;37.470001220703125;37.94937
2020-04-24 00:00:00-04:00;37.970001220703125;37.836178
2020-04-27 00:00:00-04:00;39.310001373291016;38.224503
2020-04-28 00:00:00-04:00;40.130001068115234;39.41421
2020-04-29 00:00:00-04:00;40.790000915527344;40.262512
2020-04-30 00:00:00-04:00;39.43000030517578;40.870438
2020-05-01 00:00:00-04:00;38.400001525878906;39.72899
2020-05-04 00:00:00-04:00;38.09000015258789;38.613625
2020-05-05 00:00:00-04:00;37.97999954223633;38.20092
2020-05-06 00:00:00-04:00;37.29999923706055;38.110867
2020-05-07 00:00:00-04:00;38.810001373291016;37.57376
2020-05-08 00:00:00-04:00;40.08000183105469;38.775757
2020-05-11 00:00:00-04:00;39.83000183105469;40.082897
2020-05-12 00:00:00-04:00;38.41999816894531;40.017086
2020-05-13 00:00:00-04:00;36.9900016784668;38.724464
2020-05-14 00:00:00-04:00;37.810001373291016;37.27347
2020-05-15 00:00:00-04:00;37.290000915527344;37.760094
2020-05-18 00:00:00-04:00;40.279998779296875;37.501102
2020-05-19 00:00:00-04:00;39.33000183105469;39.99982
2020-05-20 00:00:00-04:00;41.060001373291016;39.60529
2020-05-21 00:00:00-04:00;40.29999923706055;40.894787
2020-05-22 00:00:00-04:00;40.130001068115234;40.42057
2020-05-26 00:00:00-04:00;43.689998626708984;40.13653
2020-05-27 00:00:00-04:00;46.86000061035156;43.173996
2020-05-28 00:00:00-04:00;44.400001525878906;46.41091
2020-05-29 00:00:00-04:00;44.20000076293945;44.609066
2020-06-01 00:00:00-04:00;44.70000076293945;44.090767
2020-06-02 00:00:00-04:00;45.58000183105469;44.509567
2020-06-03 00:00:00-04:00;46.90999984741211;45.426216
2020-06-04 00:00:00-04:00;48.689998626708984;46.78346
2020-06-05 00:00:00-04:00;49.529998779296875;48.56027
2020-06-08 00:00:00-04:00;50.150001525878906;49.5165
2020-06-09 00:00:00-04:00;50.400001525878906;50.160347
2020-06-10 00:00:00-04:00;48.689998626708984;50.4549
2020-06-11 00:00:00-04:00;44.56999969482422;49.004166
2020-06-12 00:00:00-04:00;46.279998779296875;45.308067
2020-06-15 00:00:00-04:00;47.400001525878906;46.397995
2020-06-16 00:00:00-04:00;48.560001373291016;47.70412
2020-06-17 00:00:00-04:00;47.7599983215332;48.934242
2020-06-18 00:00:00-04:00;47.58000183105469;48.33694
2020-06-19 00:00:00-04:00;46.93000030517578;48.033672
2020-06-22 00:00:00-04:00;47.380001068115234;47.38966
2020-06-23 00:00:00-04:00;47.88999938964844;47.686256
2020-06-24 00:00:00-04:00;46.95000076293945;48.169308
2020-06-25 00:00:00-04:00;48.790000915527344;47.384377
2020-06-26 00:00:00-04:00;47.04999923706055;48.875107
2020-06-29 00:00:00-04:00;47.2400016784668;47.51545
2020-06-30 00:00:00-04:00;48.29999923706055;47.47152
2020-07-01 00:00:00-04:00;47.61000061035156;48.407112
2020-07-02 00:00:00-04:00;47.790000915527344;47.916744
2020-07-06 00:00:00-04:00;48.81999969482422;47.99294
2020-07-07 00:00:00-04:00;47.4900016784668;48.908478
2020-07-08 00:00:00-04:00;48.90999984741211;47.845802
2020-07-09 00:00:00-04:00;47.5099983215332;48.951046
2020-07-10 00:00:00-04:00;49.79999923706055;47.86811
2020-07-13 00:00:00-04:00;50.220001220703125;49.75516
2020-07-14 00:00:00-04:00;50.5;50.3574
2020-07-15 00:00:00-04:00;51.349998474121094;50.64818
2020-07-16 00:00:00-04:00;52.63999938964844;51.41351
2020-07-17 00:00:00-04:00;52.40999984741211;52.64144
2020-07-20 00:00:00-04:00;51.86000061035156;52.556362
2020-07-21 00:00:00-04:00;52.380001068115234;52.0622
2020-07-22 00:00:00-04:00;51.0;52.50449
2020-07-23 00:00:00-04:00;50.560001373291016;51.37039
2020-07-24 00:00:00-04:00;50.18000030517578;50.91
2020-07-27 00:00:00-04:00;51.31999969482422;50.582367
2020-07-28 00:00:00-04:00;50.2599983215332;51.61212
2020-07-29 00:00:00-04:00;50.59000015258789;50.80502
2020-07-30 00:00:00-04:00;48.95000076293945;50.99857
2020-07-31 00:00:00-04:00;48.880001068115234;49.563236
2020-08-03 00:00:00-04:00;49.459999084472656;49.326008
2020-08-04 00:00:00-04:00;49.2599983215332;49.822838
2020-08-05 00:00:00-04:00;49.77000045776367;49.69884
2020-08-06 00:00:00-04:00;49.45000076293945;50.103226
2020-08-07 00:00:00-04:00;50.349998474121094;49.82875
2020-08-10 00:00:00-04:00;50.58000183105469;50.555756
2020-08-11 00:00:00-04:00;51.779998779296875;50.810257
2020-08-12 00:00:00-04:00;52.380001068115234;51.874523
2020-08-13 00:00:00-04:00;52.18000030517578;52.4907
2020-08-14 00:00:00-04:00;52.29999923706055;52.346184
2020-08-17 00:00:00-04:00;51.279998779296875;52.426662
2020-08-18 00:00:00-04:00;50.91999816894531;51.540276
2020-08-19 00:00:00-04:00;51.369998931884766;51.162373
2020-08-20 00:00:00-04:00;50.79999923706055;51.57573
2020-08-21 00:00:00-04:00;51.099998474121094;51.161354
2020-08-24 00:00:00-04:00;52.369998931884766;51.409927
2020-08-25 00:00:00-04:00;52.04999923706055;52.58707
2020-08-26 00:00:00-04:00;51.709999084472656;52.41672
2020-08-27 00:00:00-04:00;52.61000061035156;52.07533
2020-08-28 00:00:00-04:00;52.88999938964844;52.832455
2020-08-31 00:00:00-04:00;52.2599983215332;53.158016
2020-09-01 00:00:00-04:00;52.58000183105469;52.62224
2020-09-02 00:00:00-04:00;53.25;52.85192
2020-09-03 00:00:00-04:00;52.75;53.48478
2020-09-04 00:00:00-04:00;52.709999084472656;53.10662
2020-09-08 00:00:00-04:00;50.16999816894531;53.03663
2020-09-09 00:00:00-04:00;51.060001373291016;50.785095
2020-09-10 00:00:00-04:00;50.290000915527344;51.35357
2020-09-11 00:00:00-04:00;50.349998474121094;50.77994
2020-09-14 00:00:00-04:00;51.150001525878906;50.788692
2020-09-15 00:00:00-04:00;50.38999938964844;51.499783
2020-09-16 00:00:00-04:00;51.150001525878906;50.87962
2020-09-17 00:00:00-04:00;50.25;51.449657
2020-09-18 00:00:00-04:00;50.08000183105469;50.682713
2020-09-21 00:00:00-04:00;48.36000061035156;50.42081
2020-09-22 00:00:00-04:00;47.630001068115234;48.869545
2020-09-23 00:00:00-04:00;46.41999816894531;48.050117
2020-09-24 00:00:00-04:00;46.61000061035156;46.926647
2020-09-25 00:00:00-04:00;47.040000915527344;46.978508
2020-09-28 00:00:00-04:00;48.380001068115234;47.385418
2020-09-29 00:00:00-04:00;47.2400016784668;48.595646
2020-09-30 00:00:00-04:00;48.349998474121094;47.685997
2020-10-01 00:00:00-04:00;47.2599983215332;48.4721
2020-10-02 00:00:00-04:00;47.970001220703125;47.57609
2020-10-05 00:00:00-04:00;48.599998474121094;48.052994
2020-10-06 00:00:00-04:00;47.7400016784668;48.667084
2020-10-07 00:00:00-04:00;48.709999084472656;47.97608
2020-10-08 00:00:00-04:00;49.0;48.734352
2020-10-09 00:00:00-04:00;48.83000183105469;49.09383
2020-10-12 00:00:00-04:00;50.7400016784668;48.985874
2020-10-13 00:00:00-04:00;50.439998626708984;50.670475
2020-10-14 00:00:00-04:00;50.650001525878906;50.594257
2020-10-15 00:00:00-04:00;51.33000183105469;50.762196
2020-10-16 00:00:00-04:00;51.849998474121094;51.39296
2020-10-19 00:00:00-04:00;50.95000076293945;51.944843
2020-10-20 00:00:00-04:00;51.470001220703125;51.221817
2020-10-21 00:00:00-04:00;50.380001068115234;51.63285
2020-10-22 00:00:00-04:00;51.77000045776367;50.749325
2020-10-23 00:00:00-04:00;51.869998931884766;51.931316
2020-10-26 00:00:00-04:00;50.31999969482422;52.17962
2020-10-27 00:00:00-04:00;48.59000015258789;50.83888
2020-10-28 00:00:00-04:00;47.56999969482422;49.17063
2020-10-29 00:00:00-04:00;48.119998931884766;48.114323
2020-10-30 00:00:00-04:00;48.150001525878906;48.52809
2020-11-02 00:00:00-05:00;49.380001068115234;48.645763
2020-11-03 00:00:00-05:00;51.18000030517578;49.72886
2020-11-04 00:00:00-05:00;51.43000030517578;51.402725
2020-11-05 00:00:00-05:00;52.20000076293945;51.718365
2020-11-06 00:00:00-05:00;51.70000076293945;52.346558
2020-11-09 00:00:00-05:00;56.02000045776367;51.90062
2020-11-10 00:00:00-05:00;55.75;55.7394
2020-11-11 00:00:00-05:00;56.34000015258789;55.80155
2020-11-12 00:00:00-05:00;55.54999923706055;56.342888
2020-11-13 00:00:00-05:00;56.61000061035156;55.6701
2020-11-16 00:00:00-05:00;58.11000061035156;56.628155
2020-11-17 00:00:00-05:00;58.810001373291016;58.140938
2020-11-18 00:00:00-05:00;58.810001373291016;58.961937
2020-11-19 00:00:00-05:00;58.630001068115234;59.073914
2020-11-20 00:00:00-05:00;57.810001373291016;58.963352
2020-11-23 00:00:00-05:00;60.27000045776367;58.25959
2020-11-24 00:00:00-05:00;63.599998474121094;60.531467
2020-11-25 00:00:00-05:00;63.47999954223633;63.801926
2020-11-27 00:00:00-05:00;63.84000015258789;63.87151
2020-11-30 00:00:00-05:00;61.83000183105469;64.24372
2020-12-01 00:00:00-05:00;63.279998779296875;62.395668
2020-12-02 00:00:00-05:00;64.0199966430664;63.70249
2020-12-03 00:00:00-05:00;64.05999755859375;64.48245
2020-12-04 00:00:00-05:00;65.0;64.6301
2020-12-07 00:00:00-05:00;64.26000213623047;65.55074
2020-12-08 00:00:00-05:00;63.90999984741211;64.90756
2020-12-09 00:00:00-05:00;64.37000274658203;64.58869
2020-12-10 00:00:00-05:00;64.44000244140625;65.00767
2020-12-11 00:00:00-05:00;63.31999969482422;65.10188
2020-12-14 00:00:00-05:00;61.880001068115234;64.082115
2020-12-15 00:00:00-05:00;63.95000076293945;62.710953
2020-12-16 00:00:00-05:00;64.2300033569336;64.55829
2020-12-17 00:00:00-05:00;64.66999816894531;64.87055
2020-12-18 00:00:00-05:00;64.18000030517578;65.30215
2020-12-21 00:00:00-05:00;67.83000183105469;64.81798
2020-12-22 00:00:00-05:00;66.63999938964844;68.20882
2020-12-23 00:00:00-05:00;68.20999908447266;67.122055
2020-12-24 00:00:00-05:00;68.08999633789062;68.63448
2020-12-28 00:00:00-05:00;68.05000305175781;68.50333
2020-12-29 00:00:00-05:00;67.70999908447266;68.52128
2020-12-30 00:00:00-05:00;67.83999633789062;68.22872
2020-12-31 00:00:00-05:00;68.52999877929688;68.39345
2021-01-04 00:00:00-05:00;68.33000183105469;69.090004
2021-01-05 00:00:00-05:00;69.48999786376953;68.95742
2021-01-06 00:00:00-05:00;73.68000030517578;70.09711
2021-01-07 00:00:00-05:00;74.94000244140625;74.12977
2021-01-08 00:00:00-05:00;75.25;75.33409
2021-01-11 00:00:00-05:00;76.05999755859375;75.73457
2021-01-12 00:00:00-05:00;75.80000305175781;76.544365
2021-01-13 00:00:00-05:00;75.55999755859375;76.33209
2021-01-14 00:00:00-05:00;76.47000122070312;76.21209
2021-01-15 00:00:00-05:00;75.23999786376953;77.171295
2021-01-19 00:00:00-05:00;74.98999786376953;76.04655
2021-01-20 00:00:00-05:00;74.83999633789062;75.933975
2021-01-21 00:00:00-05:00;74.69999694824219;75.80168
2021-01-22 00:00:00-05:00;74.12999725341797;75.70622
2021-01-25 00:00:00-05:00;72.37999725341797;75.17343
2021-01-26 00:00:00-05:00;71.20999908447266;73.50619
2021-01-27 00:00:00-05:00;68.41999816894531;72.37344
2021-01-28 00:00:00-05:00;69.31999969482422;69.67732
2021-01-29 00:00:00-05:00;67.05000305175781;70.443344
2021-02-01 00:00:00-05:00;67.66999816894531;68.219734
2021-02-02 00:00:00-05:00;70.94999694824219;68.7246
2021-02-03 00:00:00-05:00;70.5999984741211;71.70885
2021-02-04 00:00:00-05:00;72.29000091552734;71.304054
2021-02-05 00:00:00-05:00;73.22000122070312;72.88556
2021-02-08 00:00:00-05:00;74.2300033569336;73.649086
2021-02-09 00:00:00-05:00;74.23999786376953;74.60715
2021-02-10 00:00:00-05:00;74.33000183105469;74.608055
2021-02-11 00:00:00-05:00;73.72000122070312;74.74469
2021-02-12 00:00:00-05:00;74.61000061035156;74.20621
2021-02-16 00:00:00-05:00;76.05000305175781;75.14223
2021-02-17 00:00:00-05:00;75.44999694824219;76.57079
2021-02-18 00:00:00-05:00;74.83000183105469;76.06109
2021-02-19 00:00:00-05:00;76.0;75.57557
2021-02-22 00:00:00-05:00;77.4000015258789;76.73636
2021-02-23 00:00:00-05:00;77.5;78.09572
2021-02-24 00:00:00-05:00;79.87999725341797;78.234985
2021-02-25 00:00:00-05:00;78.43000030517578;80.620384
2021-02-26 00:00:00-05:00;76.87000274658203;79.137985
2021-03-01 00:00:00-05:00;79.16000366210938;77.80935
2021-03-02 00:00:00-05:00;80.79000091552734;80.045166
2021-03-03 00:00:00-05:00;82.05999755859375;81.54566
2021-03-04 00:00:00-05:00;81.11000061035156;82.85041
2021-03-05 00:00:00-05:00;80.87000274658203;81.92557
2021-03-08 00:00:00-05:00;81.0999984741211;81.80422
2021-03-09 00:00:00-05:00;80.8499984741211;82.02035
2021-03-10 00:00:00-05:00;83.08999633789062;81.80569
2021-03-11 00:00:00-05:00;83.25;84.06009
2021-03-12 00:00:00-05:00;84.33999633789062;84.09857
2021-03-15 00:00:00-04:00;83.86000061035156;85.28663
2021-03-16 00:00:00-04:00;82.54000091552734;84.7411
2021-03-17 00:00:00-04:00;83.86000061035156;83.555824
2021-03-18 00:00:00-04:00;83.94000244140625;84.917625
2021-03-19 00:00:00-04:00;82.94000244140625;84.887985
2021-03-22 00:00:00-04:00;81.91999816894531;84.00292
2021-03-23 00:00:00-04:00;79.12000274658203;83.06148
2021-03-24 00:00:00-04:00;79.33000183105469;80.35855
2021-03-25 00:00:00-04:00;80.12999725341797;80.6364
2021-03-26 00:00:00-04:00;79.9800033569336;81.2847
2021-03-29 00:00:00-04:00;77.87999725341797;81.09987
2021-03-30 00:00:00-04:00;79.08999633789062;79.045616
2021-03-31 00:00:00-04:00;77.66000366210938;80.21499
2021-04-01 00:00:00-04:00;78.22000122070312;78.64865
2021-04-05 00:00:00-04:00;78.0;79.24737
2021-04-06 00:00:00-04:00;79.08999633789062;78.89892
2021-04-07 00:00:00-04:00;79.04000091552734;79.95359
2021-04-08 00:00:00-04:00;80.19999694824219;79.80844
2021-04-09 00:00:00-04:00;80.72000122070312;80.95574
2021-04-12 00:00:00-04:00;80.18000030517578;81.38176
2021-04-13 00:00:00-04:00;79.52999877929688;80.881355
2021-04-14 00:00:00-04:00;80.79000091552734;80.29832
2021-04-15 00:00:00-04:00;80.81999969482422;81.55705
2021-04-16 00:00:00-04:00;78.58999633789062;81.542656
2021-04-19 00:00:00-04:00;80.02999877929688;79.47383
2021-04-20 00:00:00-04:00;77.29000091552734;80.97901
2021-04-21 00:00:00-04:00;79.25;78.21468
2021-04-22 00:00:00-04:00;78.29000091552734;80.300674
2021-04-23 00:00:00-04:00;80.94999694824219;79.18466
2021-04-26 00:00:00-04:00;81.5199966430664;81.91116
2021-04-27 00:00:00-04:00;81.95999908447266;82.264565
2021-04-28 00:00:00-04:00;82.7300033569336;82.77686
2021-04-29 00:00:00-04:00;83.63999938964844;83.496376
2021-04-30 00:00:00-04:00;82.55000305175781;84.3769
2021-05-03 00:00:00-04:00;82.45999908447266;83.31583
2021-05-04 00:00:00-04:00;82.63999938964844;83.36625
2021-05-05 00:00:00-04:00;84.51000213623047;83.535774
2021-05-06 00:00:00-04:00;86.83000183105469;85.42165
2021-05-07 00:00:00-04:00;87.69999694824219;87.64011
2021-05-10 00:00:00-04:00;86.47000122070312;88.45326
2021-05-11 00:00:00-04:00;84.91999816894531;87.305435
2021-05-12 00:00:00-04:00;83.68000030517578;85.93595
2021-05-13 00:00:00-04:00;84.86000061035156;84.80483
2021-05-14 00:00:00-04:00;87.3499984741211;86.034515
2021-05-17 00:00:00-04:00;88.08999633789062;88.41098
2021-05-18 00:00:00-04:00;86.97000122070312;89.039246
2021-05-19 00:00:00-04:00;86.05000305175781;87.992325
2021-05-20 00:00:00-04:00;86.47000122070312;87.18063
2021-05-21 00:00:00-04:00;88.33999633789062;87.60521
2021-05-24 00:00:00-04:00;89.69000244140625;89.40908
2021-05-25 00:00:00-04:00;88.86000061035156;90.64118
2021-05-26 00:00:00-04:00;89.3499984741211;89.80805
2021-05-27 00:00:00-04:00;90.3000030517578;90.43429
2021-05-28 00:00:00-04:00;90.9499969482422;91.29062
2021-06-01 00:00:00-04:00;92.11000061035156;91.92667
2021-06-02 00:00:00-04:00;92.76000213623048;93.106445
2021-06-03 00:00:00-04:00;93.3499984741211;93.70503
2021-06-04 00:00:00-04:00;93.95999908447266;94.34061
2021-06-07 00:00:00-04:00;93.20999908447266;94.96235
2021-06-08 00:00:00-04:00;92.79000091552734;94.23049
2021-06-09 00:00:00-04:00;92.66999816894533;93.978546
2021-06-10 00:00:00-04:00;91.68000030517578;93.88931
2021-06-11 00:00:00-04:00;92.0500030517578;92.938675
2021-06-14 00:00:00-04:00;90.72000122070312;93.42581
2021-06-15 00:00:00-04:00;90.6999969482422;92.002914
2021-06-16 00:00:00-04:00;91.0999984741211;92.14144
2021-06-17 00:00:00-04:00;87.91000366210938;92.41963
2021-06-18 00:00:00-04:00;84.08999633789062;89.21423
2021-06-21 00:00:00-04:00;85.94000244140625;85.702126
2021-06-22 00:00:00-04:00;85.69999694824219;87.54287
2021-06-23 00:00:00-04:00;85.87000274658203;86.952515
2021-06-24 00:00:00-04:00;87.08000183105469;87.19202
2021-06-25 00:00:00-04:00;88.4000015258789;88.232834
2021-06-28 00:00:00-04:00;87.69999694824219;89.37268
2021-06-29 00:00:00-04:00;90.63999938964844;88.5594
2021-06-30 00:00:00-04:00;91.69000244140624;91.56747
2021-07-01 00:00:00-04:00;92.0199966430664;92.26473
2021-07-02 00:00:00-04:00;92.02999877929688;92.71688
2021-07-06 00:00:00-04:00;90.20999908447266;92.75499
2021-07-07 00:00:00-04:00;90.02999877929688;91.02862
2021-07-08 00:00:00-04:00;87.63999938964844;91.09576
2021-07-09 00:00:00-04:00;90.33000183105467;88.71089
2021-07-12 00:00:00-04:00;92.75;91.6671
2021-07-13 00:00:00-04:00;93.20999908447266;93.72275
2021-07-14 00:00:00-04:00;92.45999908447266;94.16488
2021-07-15 00:00:00-04:00;92.62999725341795;93.48208
2021-07-16 00:00:00-04:00;91.25;93.74897
2021-07-19 00:00:00-04:00;89.3499984741211;92.32966
2021-07-20 00:00:00-04:00;92.31999969482422;90.635826
2021-07-21 00:00:00-04:00;95.68000030517578;93.71125
2021-07-22 00:00:00-04:00;95.56999969482422;96.69957
2021-07-23 00:00:00-04:00;94.5500030517578;96.43446
2021-07-26 00:00:00-04:00;96.54000091552734;95.61653
2021-07-27 00:00:00-04:00;96.4800033569336;97.70398
2021-07-28 00:00:00-04:00;96.06999969482422;97.37546
2021-07-29 00:00:00-04:00;96.27999877929688;97.19554
2021-07-30 00:00:00-04:00;95.9800033569336;97.45587
2021-08-02 00:00:00-04:00;96.2300033569336;97.15921
2021-08-03 00:00:00-04:00;96.5999984741211;97.50839
2021-08-04 00:00:00-04:00;96.29000091552734;97.8507
2021-08-05 00:00:00-04:00;97.83000183105467;97.53923
2021-08-06 00:00:00-04:00;99.7300033569336;99.167244
2021-08-09 00:00:00-04:00;100.73999786376952;100.869026
2021-08-10 00:00:00-04:00;102.04000091552734;101.781715
2021-08-11 00:00:00-04:00;103.87999725341795;103.10971
2021-08-12 00:00:00-04:00;104.66999816894533;104.889694
2021-08-13 00:00:00-04:00;103.94000244140624;105.57401
2021-08-16 00:00:00-04:00;103.72000122070312;104.92885
2021-08-17 00:00:00-04:00;102.87000274658205;104.94454
2021-08-18 00:00:00-04:00;101.26000213623048;104.11863
2021-08-19 00:00:00-04:00;99.7300033569336;102.690605
2021-08-20 00:00:00-04:00;100.66000366210938;101.342896
2021-08-23 00:00:00-04:00;102.16000366210938;102.396416
2021-08-24 00:00:00-04:00;103.08999633789062;103.67098
2021-08-25 00:00:00-04:00;104.08999633789062;104.471725
2021-08-26 00:00:00-04:00;103.83999633789062;105.414246
2021-08-27 00:00:00-04:00;105.4499969482422;105.02712
2021-08-30 00:00:00-04:00;104.08999633789062;106.78975
2021-08-31 00:00:00-04:00;104.43000030517578;105.090454
2021-09-01 00:00:00-04:00;104.30999755859376;105.86262
2021-09-02 00:00:00-04:00;104.83000183105467;105.517654
2021-09-03 00:00:00-04:00;104.25;106.192474
2021-09-07 00:00:00-04:00;104.18000030517578;105.49122
2021-09-08 00:00:00-04:00;103.56999969482422;105.59733
2021-09-09 00:00:00-04:00;103.83999633789062;104.915565
2021-09-10 00:00:00-04:00;103.62000274658205;105.3093
2021-09-13 00:00:00-04:00;104.4000015258789;104.96994
2021-09-14 00:00:00-04:00;101.91000366210938;105.84017
2021-09-15 00:00:00-04:00;103.04000091552734;103.1329
2021-09-16 00:00:00-04:00;102.47000122070312;104.73737
2021-09-17 00:00:00-04:00;101.75;103.694954
2021-09-20 00:00:00-04:00;98.62999725341795;103.21765
2021-09-21 00:00:00-04:00;98.3000030517578;100.03182
2021-09-22 00:00:00-04:00;100.8000030517578;100.0541
2021-09-23 00:00:00-04:00;103.5500030517578;102.32893
2021-09-24 00:00:00-04:00;102.91000366210938;104.76416
2021-09-27 00:00:00-04:00;105.0999984741211;103.84429
2021-09-28 00:00:00-04:00;102.04000091552734;106.36127
2021-09-29 00:00:00-04:00;99.5500030517578;102.76557
2021-09-30 00:00:00-04:00;97.30999755859376;100.984314
2021-10-01 00:00:00-04:00;99.0500030517578;98.7502
2021-10-04 00:00:00-04:00;97.1500015258789;100.70806
2021-10-05 00:00:00-04:00;99.1999969482422;98.39133
2021-10-06 00:00:00-04:00;99.0999984741211;100.87013
2021-10-07 00:00:00-04:00;98.8000030517578;100.21883
2021-10-08 00:00:00-04:00;100.04000091552734;100.118454
2021-10-11 00:00:00-04:00;97.29000091552734;101.29559
2021-10-12 00:00:00-04:00;97.77999877929688;98.322296
2021-10-13 00:00:00-04:00;98.56999969482422;99.26431
2021-10-14 00:00:00-04:00;101.01000213623048;99.73284
2021-10-15 00:00:00-04:00;102.13999938964844;102.21903
2021-10-18 00:00:00-04:00;101.41000366210938;103.04437
2021-10-19 00:00:00-04:00;101.75;102.35931
2021-10-20 00:00:00-04:00;100.66000366210938;102.884705
2021-10-21 00:00:00-04:00;100.27999877929688;101.69484
2021-10-22 00:00:00-04:00;101.8000030517578;101.57403
2021-10-25 00:00:00-04:00;101.91000366210938;103.10776
2021-10-26 00:00:00-04:00;103.47000122070312;103.029366
2021-10-27 00:00:00-04:00;101.87000274658205;104.776115
2021-10-28 00:00:00-04:00;102.5;102.89509
2021-10-29 00:00:00-04:00;102.77999877929688;103.96717
2021-11-01 00:00:00-04:00;104.0;103.979744
2021-11-02 00:00:00-04:00;104.66000366210938;105.33196
2021-11-03 00:00:00-04:00;102.61000061035156;105.819984
2021-11-04 00:00:00-04:00;99.79000091552734;103.77598
2021-11-05 00:00:00-04:00;99.87000274658205;101.281944
2021-11-08 00:00:00-05:00;100.06999969482422;101.577965
2021-11-09 00:00:00-05:00;99.70999908447266;101.569984
2021-11-10 00:00:00-05:00;97.7699966430664;101.21094
2021-11-11 00:00:00-05:00;98.87999725341795;99.2536
2021-11-12 00:00:00-05:00;99.8499984741211;100.543365
2021-11-15 00:00:00-05:00;100.20999908447266;101.15521
2021-11-16 00:00:00-05:00;100.69000244140624;101.4672
2021-11-17 00:00:00-05:00;97.68000030517578;101.8974
2021-11-18 00:00:00-05:00;97.68000030517578;98.779564
2021-11-19 00:00:00-05:00;96.91000366210938;99.191795
2021-11-22 00:00:00-05:00;99.31999969482422;98.14359
2021-11-23 00:00:00-05:00;101.86000061035156;100.74473
2021-11-24 00:00:00-05:00;101.12000274658205;102.88945
2021-11-26 00:00:00-05:00;97.93000030517578;101.98816
2021-11-29 00:00:00-05:00;97.2300033569336;99.035706
2021-11-30 00:00:00-05:00;94.81999969482422;98.65872
2021-12-01 00:00:00-05:00;95.26000213623048;96.11896
2021-12-02 00:00:00-05:00;98.86000061035156;96.85891
2021-12-03 00:00:00-05:00;98.20999908447266;100.24964
2021-12-06 00:00:00-05:00;99.2699966430664;99.16685
2021-12-07 00:00:00-05:00;102.5;100.570305
2021-12-08 00:00:00-05:00;101.25;103.55788
2021-12-09 00:00:00-05:00;100.58000183105467;101.94126
2021-12-10 00:00:00-05:00;98.43000030517578;101.73741
2021-12-13 00:00:00-05:00;97.16999816894533;99.52251
2021-12-14 00:00:00-05:00;98.81999969482422;98.58977
2021-12-15 00:00:00-05:00;99.43000030517578;100.283104
2021-12-16 00:00:00-05:00;100.3000030517578;100.644226
2021-12-17 00:00:00-05:00;97.12999725341795;101.5993
2021-12-20 00:00:00-05:00;95.37000274658205;98.27819
2021-12-21 00:00:00-05:00;97.7699966430664;96.973526
2021-12-22 00:00:00-05:00;98.3000030517578;99.32115
2021-12-23 00:00:00-05:00;99.33999633789062;99.46016
2021-12-27 00:00:00-05:00;100.4000015258789;100.63047
2021-12-28 00:00:00-05:00;99.97000122070312;101.51481
2021-12-29 00:00:00-05:00;98.7300033569336;101.010155
2021-12-30 00:00:00-05:00;98.8000030517578;99.88504
2021-12-31 00:00:00-05:00;98.16000366210938;100.08693
2022-01-03 00:00:00-05:00;100.19000244140624;99.36366
2022-01-04 00:00:00-05:00;104.26000213623048;101.561195
2022-01-05 00:00:00-05:00;101.68000030517578;105.38136
2022-01-06 00:00:00-05:00;103.41999816894533;102.33769
2022-01-07 00:00:00-05:00;104.0500030517578;104.868805
2022-01-10 00:00:00-05:00;104.12999725341795;104.93558
2022-01-11 00:00:00-05:00;105.91999816894533;105.261116
2022-01-12 00:00:00-05:00;103.0500030517578;107.122345
2022-01-13 00:00:00-05:00;102.5500030517578;103.98536
2022-01-14 00:00:00-05:00;98.87999725341795;104.16217
2022-01-18 00:00:00-05:00;94.01000213623048;100.24872
2022-01-19 00:00:00-05:00;95.7300033569336;95.934746
2022-01-20 00:00:00-05:00;99.83000183105467;97.887665
2022-01-21 00:00:00-05:00;98.86000061035156;101.47877
2022-01-24 00:00:00-05:00;98.08000183105467;100.05179
2022-01-25 00:00:00-05:00;99.04000091552734;99.57264
2022-01-26 00:00:00-05:00;100.16999816894533;100.38834
2022-01-27 00:00:00-05:00;101.1500015258789;101.319435
2022-01-28 00:00:00-05:00;101.8000030517578;102.206924
2022-01-31 00:00:00-05:00;102.54000091552734;102.789825
2022-02-01 00:00:00-05:00;103.9499969482422;103.528564
2022-02-02 00:00:00-05:00;103.91999816894533;104.93334
2022-02-03 00:00:00-05:00;102.29000091552734;104.792435
2022-02-04 00:00:00-05:00;104.11000061035156;103.327736
2022-02-07 00:00:00-05:00;105.18000030517578;105.47374
2022-02-08 00:00:00-05:00;106.3499984741211;106.19779
2022-02-09 00:00:00-05:00;108.7300033569336;107.51505
2022-02-10 00:00:00-05:00;107.56999969482422;109.8622
2022-02-11 00:00:00-05:00;104.56999969482422;108.420555
2022-02-14 00:00:00-05:00;102.56999969482422;105.85953
2022-02-15 00:00:00-05:00;103.43000030517578;104.19042
2022-02-16 00:00:00-05:00;101.1500015258789;105.18415
2022-02-17 00:00:00-05:00;96.1500015258789;102.624725
2022-02-18 00:00:00-05:00;95.41999816894533;98.0212
2022-02-22 00:00:00-05:00;94.75;97.61543
2022-02-23 00:00:00-05:00;93.5500030517578;96.59992
2022-02-24 00:00:00-05:00;91.80999755859376;95.37752
2022-02-25 00:00:00-05:00;94.5500030517578;93.55957
2022-02-28 00:00:00-05:00;90.73999786376952;96.25383
2022-03-01 00:00:00-05:00;87.62999725341797;91.89357
2022-03-02 00:00:00-05:00;88.37999725341797;89.25426
2022-03-03 00:00:00-05:00;87.77999877929688;89.83339
2022-03-04 00:00:00-05:00;86.36000061035156;88.95073
2022-03-07 00:00:00-05:00;83.44999694824219;87.56453
2022-03-08 00:00:00-05:00;83.30999755859375;84.666725
2022-03-09 00:00:00-05:00;87.4000015258789;84.54884
2022-03-10 00:00:00-05:00;85.86000061035156;88.390045
2022-03-11 00:00:00-05:00;85.18000030517578;86.50527
2022-03-14 00:00:00-04:00;84.72000122070312;86.0982
2022-03-15 00:00:00-04:00;86.33000183105469;85.50997
2022-03-16 00:00:00-04:00;91.76000213623048;87.10726
2022-03-17 00:00:00-04:00;93.86000061035156;92.401146
2022-03-18 00:00:00-04:00;94.81999969482422;94.09667
2022-03-21 00:00:00-04:00;92.61000061035156;95.22665
2022-03-22 00:00:00-04:00;94.22000122070312;93.04755
2022-03-23 00:00:00-04:00;92.37999725341795;95.081665
2022-03-24 00:00:00-04:00;92.12999725341795;93.03857
2022-03-25 00:00:00-04:00;92.37999725341795;93.284584
2022-03-28 00:00:00-04:00;91.2699966430664;93.51126
2022-03-29 00:00:00-04:00;91.83999633789062;92.4942
2022-03-30 00:00:00-04:00;90.2699966430664;93.23725
2022-03-31 00:00:00-04:00;87.4000015258789;91.5659
2022-04-01 00:00:00-04:00;86.98999786376953;88.93047
2022-04-04 00:00:00-04:00;87.27999877929688;88.62519
2022-04-05 00:00:00-04:00;85.27999877929688;88.76369
2022-04-06 00:00:00-04:00;83.12999725341797;86.72151
2022-04-07 00:00:00-04:00;83.12999725341797;84.68592
2022-04-08 00:00:00-04:00;84.05999755859375;84.61357
2022-04-11 00:00:00-04:00;84.0199966430664;85.34501
2022-04-12 00:00:00-04:00;83.93000030517578;85.16254
2022-04-13 00:00:00-04:00;84.12999725341797;85.01494
2022-04-14 00:00:00-04:00;84.76000213623047;85.11167
2022-04-18 00:00:00-04:00;86.4800033569336;85.64509
2022-04-19 00:00:00-04:00;88.91000366210938;87.2662
2022-04-20 00:00:00-04:00;90.61000061035156;89.55918
2022-04-21 00:00:00-04:00;88.91000366210938;91.13674
2022-04-22 00:00:00-04:00;84.73999786376953;89.44489
2022-04-25 00:00:00-04:00;85.05000305175781;85.620544
2022-04-26 00:00:00-04:00;82.37000274658203;86.17378
2022-04-27 00:00:00-04:00;82.20999908447266;83.42776
2022-04-28 00:00:00-04:00;83.4000015258789;83.53847
2022-04-29 00:00:00-04:00;80.58999633789062;84.59852
2022-05-02 00:00:00-04:00;81.95999908447266;81.80176
2022-05-03 00:00:00-04:00;83.75;83.27999
2022-05-04 00:00:00-04:00;87.22000122070312;84.7668
2022-05-05 00:00:00-04:00;84.94000244140625;88.12553
2022-05-06 00:00:00-04:00;84.2300033569336;85.63093
2022-05-09 00:00:00-04:00;81.1500015258789;85.22271
2022-05-10 00:00:00-04:00;80.26000213623047;82.10425
2022-05-11 00:00:00-04:00;78.88999938964844;81.40972
2022-05-12 00:00:00-04:00;78.58999633789062;80.015366
2022-05-13 00:00:00-04:00;80.54000091552734;79.77884
2022-05-16 00:00:00-04:00;79.9000015258789;81.619576
2022-05-17 00:00:00-04:00;82.93000030517578;80.86398
2022-05-18 00:00:00-04:00;80.69000244140625;83.88455
2022-05-19 00:00:00-04:00;79.95999908447266;81.428055
2022-05-20 00:00:00-04:00;79.37000274658203;80.92772
2022-05-23 00:00:00-04:00;82.30999755859375;80.24255
2022-05-24 00:00:00-04:00;81.95999908447266;83.143425
2022-05-25 00:00:00-04:00;82.2300033569336;82.631424
2022-05-26 00:00:00-04:00;85.0;83.05938
2022-05-27 00:00:00-04:00;86.44999694824219;85.733734
2022-05-31 00:00:00-04:00;86.13999938964844;87.02502
2022-06-01 00:00:00-04:00;85.0;86.788376
2022-06-02 00:00:00-04:00;85.19999694824219;85.78454
2022-06-03 00:00:00-04:00;84.12000274658203;86.09894
2022-06-06 00:00:00-04:00;84.87000274658203;85.04788
2022-06-07 00:00:00-04:00;85.33000183105469;85.94856
2022-06-08 00:00:00-04:00;83.19999694824219;86.344246
2022-06-09 00:00:00-04:00;81.16000366210938;84.31023
2022-06-10 00:00:00-04:00;77.4000015258789;82.47079
2022-06-13 00:00:00-04:00;75.18000030517578;78.839615
2022-06-14 00:00:00-04:00;74.95999908447266;76.75054
2022-06-15 00:00:00-04:00;76.0199966430664;76.4334
2022-06-16 00:00:00-04:00;73.94999694824219;77.34462
2022-06-17 00:00:00-04:00;72.9000015258789;75.24067
2022-06-21 00:00:00-04:00;74.62999725341797;74.17057
2022-06-22 00:00:00-04:00;74.4000015258789;75.6346
2022-06-23 00:00:00-04:00;73.97000122070312;75.244736
2022-06-24 00:00:00-04:00;77.81999969482422;74.78601
2022-06-27 00:00:00-04:00;77.44000244140625;78.40743
2022-06-28 00:00:00-04:00;78.16000366210938;77.84236
2022-06-29 00:00:00-04:00;78.19000244140625;78.656166
2022-06-30 00:00:00-04:00;76.05999755859375;78.60862
2022-07-01 00:00:00-04:00;76.75;76.61942
2022-07-05 00:00:00-04:00;76.11000061035156;77.38979
2022-07-06 00:00:00-04:00;75.44999694824219;76.75296
2022-07-07 00:00:00-04:00;76.98999786376953;76.23915
2022-07-08 00:00:00-04:00;76.7300033569336;77.7628
2022-07-11 00:00:00-04:00;75.81999969482422;77.485344
2022-07-12 00:00:00-04:00;75.94000244140625;76.69178
2022-07-13 00:00:00-04:00;74.9800033569336;76.816444
2022-07-14 00:00:00-04:00;74.69000244140625;75.87247
2022-07-15 00:00:00-04:00;78.05000305175781;75.62902
2022-07-18 00:00:00-04:00;78.86000061035156;78.85707
2022-07-19 00:00:00-04:00;81.6500015258789;79.52195
2022-07-20 00:00:00-04:00;81.80999755859375;82.33213
2022-07-21 00:00:00-04:00;83.0199966430664;82.33962
2022-07-22 00:00:00-04:00;82.43000030517578;83.65291
2022-07-25 00:00:00-04:00;82.55000305175781;83.0279
2022-07-26 00:00:00-04:00;80.79000091552734;83.30811
2022-07-27 00:00:00-04:00;82.51000213623047;81.62825
2022-07-28 00:00:00-04:00;82.94999694824219;83.495
2022-07-29 00:00:00-04:00;84.30000305175781;83.82101
2022-08-01 00:00:00-04:00;84.08999633789062;85.273674
2022-08-02 00:00:00-04:00;83.52999877929688;85.010376
2022-08-03 00:00:00-04:00;85.05000305175781;84.56233
2022-08-04 00:00:00-04:00;85.36000061035156;86.08886
2022-08-05 00:00:00-04:00;86.12999725341797;86.2923
2022-08-08 00:00:00-04:00;86.02999877929688;87.13753
2022-08-09 00:00:00-04:00;86.36000061035156;86.997894
2022-08-10 00:00:00-04:00;88.88999938964844;87.39351
2022-08-11 00:00:00-04:00;90.1999969482422;89.89047
2022-08-12 00:00:00-04:00;91.66000366210938;91.02634
2022-08-15 00:00:00-04:00;92.0199966430664;92.54565
2022-08-16 00:00:00-04:00;91.81999969482422;92.84558
2022-08-17 00:00:00-04:00;91.3499984741211;92.75091
2022-08-18 00:00:00-04:00;91.7300033569336;92.37227
2022-08-19 00:00:00-04:00;90.01000213623047;92.85827
2022-08-22 00:00:00-04:00;88.45999908447266;91.14826
2022-08-23 00:00:00-04:00;88.30000305175781;89.85173
2022-08-24 00:00:00-04:00;88.5999984741211;89.73889
2022-08-25 00:00:00-04:00;89.91000366210938;89.9889
2022-08-26 00:00:00-04:00;86.80999755859375;91.2516
2022-08-29 00:00:00-04:00;85.3499984741211;88.04852
2022-08-30 00:00:00-04:00;84.43000030517578;86.871796
2022-08-31 00:00:00-04:00;85.22000122070312;85.828316
2022-09-01 00:00:00-04:00;86.16999816894531;86.57677
2022-09-02 00:00:00-04:00;86.4000015258789;87.354935
2022-09-06 00:00:00-04:00;85.12999725341797;87.48902
2022-09-07 00:00:00-04:00;86.86000061035156;86.18629
2022-09-08 00:00:00-04:00;88.44000244140625;87.92737
2022-09-09 00:00:00-04:00;89.45999908447266;89.25117
2022-09-12 00:00:00-04:00;90.1500015258789;90.229744
2022-09-13 00:00:00-04:00;87.05000305175781;90.89084
2022-09-14 00:00:00-04:00;87.18000030517578;87.83057
2022-09-15 00:00:00-04:00;88.26000213623047;88.274414
2022-09-16 00:00:00-04:00;87.43000030517578;89.2028
2022-09-19 00:00:00-04:00;88.72000122070312;88.39507
2022-09-20 00:00:00-04:00;87.19000244140625;89.82746
2022-09-21 00:00:00-04:00;86.36000061035156;88.163666
2022-09-22 00:00:00-04:00;84.7699966430664;87.565674
2022-09-23 00:00:00-04:00;81.51000213623047;85.963326
2022-09-26 00:00:00-04:00;79.76000213623047;82.8685
2022-09-27 00:00:00-04:00;79.4800033569336;81.24976
2022-09-28 00:00:00-04:00;81.47000122070312;80.89427
2022-09-29 00:00:00-04:00;79.86000061035156;82.74479
2022-09-30 00:00:00-04:00;79.01000213623047;80.995926
2022-10-03 00:00:00-04:00;80.37999725341797;80.2213
2022-10-04 00:00:00-04:00;83.97000122070312;81.400795
2022-10-05 00:00:00-04:00;83.11000061035156;84.761215
2022-10-06 00:00:00-04:00;81.30999755859375;83.69887
2022-10-07 00:00:00-04:00;78.93000030517578;82.10342
2022-10-10 00:00:00-04:00;78.41000366210938;79.79348
2022-10-11 00:00:00-04:00;77.0;79.33625
2022-10-12 00:00:00-04:00;76.5999984741211;77.94754
2022-10-13 00:00:00-04:00;79.31999969482422;77.624275
2022-10-14 00:00:00-04:00;75.30000305175781;80.22807
2022-10-17 00:00:00-04:00;77.13999938964844;76.24092
2022-10-18 00:00:00-04:00;79.44000244140625;78.17327
2022-10-19 00:00:00-04:00;77.63999938964844;80.15259
2022-10-20 00:00:00-04:00;76.5999984741211;78.39337
2022-10-21 00:00:00-04:00;79.22000122070312;77.48788
2022-10-24 00:00:00-04:00;79.43000030517578;79.96393
2022-10-25 00:00:00-04:00;80.51000213623047;80.04627
2022-10-26 00:00:00-04:00;80.91000366210938;81.20878
2022-10-27 00:00:00-04:00;80.69000244140625;81.545296
2022-10-28 00:00:00-04:00;82.22000122070312;81.38247
2022-10-31 00:00:00-04:00;82.16999816894531;82.93426
2022-11-01 00:00:00-04:00;83.72000122070312;82.84081
2022-11-02 00:00:00-04:00;84.37000274658203;84.49297
2022-11-03 00:00:00-04:00;83.62000274658203;85.07347
2022-11-04 00:00:00-04:00;84.8499984741211;84.43243
2022-11-07 00:00:00-05:00;85.56999969482422;85.76175
2022-11-08 00:00:00-05:00;85.27999877929688;86.40742
2022-11-09 00:00:00-05:00;83.44999694824219;86.20161
2022-11-10 00:00:00-05:00;88.80000305175781;84.49685
2022-11-11 00:00:00-05:00;90.77999877929688;89.956154
2022-11-14 00:00:00-05:00;89.80999755859375;91.419426
2022-11-15 00:00:00-05:00;90.5;90.65497
2022-11-16 00:00:00-05:00;89.81999969482422;91.50662
2022-11-17 00:00:00-05:00;88.94999694824219;90.74725
2022-11-18 00:00:00-05:00;89.19999694824219;90.07346
2022-11-21 00:00:00-05:00;89.08000183105469;90.40607
2022-11-22 00:00:00-05:00;89.66999816894531;90.2774
2022-11-23 00:00:00-05:00;89.93000030517578;90.93109
2022-11-25 00:00:00-05:00;90.91000366210938;91.13414
2022-11-28 00:00:00-05:00;89.88999938964844;92.12616
2022-11-29 00:00:00-05:00;91.08000183105467;91.015305
2022-11-30 00:00:00-05:00;93.06999969482422;92.35128
2022-12-01 00:00:00-05:00;93.0;94.14144
2022-12-02 00:00:00-05:00;92.0999984741211;93.963684
2022-12-05 00:00:00-05:00;89.80999755859375;93.19214
2022-12-06 00:00:00-05:00;87.51000213623047;90.98949
2022-12-07 00:00:00-05:00;87.27999877929688;88.892784
2022-12-08 00:00:00-05:00;88.69000244140625;88.73776
2022-12-09 00:00:00-05:00;89.47000122070312;90.047356
2022-12-12 00:00:00-05:00;91.12000274658205;90.68226
2022-12-13 00:00:00-05:00;92.70999908447266;92.28894
2022-12-14 00:00:00-05:00;90.5;93.69115
2022-12-15 00:00:00-05:00;87.79000091552734;91.38933
2022-12-16 00:00:00-05:00;86.86000061035156;88.98002
2022-12-19 00:00:00-05:00;85.55000305175781;88.13299
2022-12-20 00:00:00-05:00;85.16000366210938;86.80729
2022-12-21 00:00:00-05:00;86.87000274658203;86.492226
2022-12-22 00:00:00-05:00;86.37000274658203;88.11988
2022-12-23 00:00:00-05:00;86.11000061035156;87.44259
2022-12-27 00:00:00-05:00;85.05999755859375;87.25987
2022-12-28 00:00:00-05:00;84.45999908447266;86.13811
2022-12-29 00:00:00-05:00;85.23999786376953;85.57257
2022-12-30 00:00:00-05:00;85.0199966430664;86.29357
2023-01-03 00:00:00-05:00;85.72000122070312;85.979225
2023-01-04 00:00:00-05:00;86.6500015258789;86.7054
2023-01-05 00:00:00-05:00;85.91999816894531;87.53072
2023-01-06 00:00:00-05:00;87.55999755859375;86.77073
2023-01-09 00:00:00-05:00;87.63999938964844;88.48817
2023-01-10 00:00:00-05:00;88.91999816894531;88.397026
2023-01-11 00:00:00-05:00;89.43000030517578;89.79315
2023-01-12 00:00:00-05:00;90.52999877929688;90.20044
2023-01-13 00:00:00-05:00;91.66000366210938;91.37896
2023-01-17 00:00:00-05:00;97.08000183105467;92.46723
2023-01-18 00:00:00-05:00;96.58000183105467;97.970245
2023-01-19 00:00:00-05:00;94.1500015258789;96.92852
2023-01-20 00:00:00-05:00;96.23999786376952;95.053925
2023-01-23 00:00:00-05:00;97.12999725341795;97.400505
