Date;MTD;close_predicted
2018-03-23 00:00:00-04:00;566.8699951171875;591.3517
2018-03-26 00:00:00-04:00;588.75;582.7964
2018-03-27 00:00:00-04:00;573.2100219726562;578.5464
2018-03-28 00:00:00-04:00;571.9000244140625;573.7693
2018-03-29 00:00:00-04:00;575.030029296875;569.4166
2018-04-02 00:00:00-04:00;562.6799926757812;566.51794
2018-04-03 00:00:00-04:00;568.5800170898438;562.3583
2018-04-04 00:00:00-04:00;574.530029296875;559.56616
2018-04-05 00:00:00-04:00;577.6699829101562;558.81683
2018-04-06 00:00:00-04:00;555.260009765625;559.45087
2018-04-09 00:00:00-04:00;560.219970703125;556.33405
2018-04-10 00:00:00-04:00;571.280029296875;553.42786
2018-04-11 00:00:00-04:00;565.1699829101562;553.19696
2018-04-12 00:00:00-04:00;569.760009765625;552.8461
2018-04-13 00:00:00-04:00;568.2100219726562;553.3624
2018-04-16 00:00:00-04:00;570.760009765625;553.802
2018-04-17 00:00:00-04:00;581.5700073242188;554.6144
2018-04-18 00:00:00-04:00;585.6300048828125;557.39404
2018-04-19 00:00:00-04:00;577.3699951171875;561.0784
2018-04-20 00:00:00-04:00;576.760009765625;562.88153
2018-04-23 00:00:00-04:00;574.3499755859375;563.6197
2018-04-24 00:00:00-04:00;561.8800048828125;563.46924
2018-04-25 00:00:00-04:00;560.6699829101562;560.8366
2018-04-26 00:00:00-04:00;563.6099853515625;557.67957
2018-04-27 00:00:00-04:00;564.010009765625;555.50415
2018-04-30 00:00:00-04:00;559.9299926757812;554.14954
2018-05-01 00:00:00-04:00;567.219970703125;552.556
2018-05-02 00:00:00-04:00;560.8300170898438;552.465
2018-05-03 00:00:00-04:00;574.7999877929688;551.70105
2018-05-04 00:00:00-04:00;552.969970703125;553.3645
2018-05-07 00:00:00-04:00;552.9000244140625;551.5414
2018-05-08 00:00:00-04:00;546.4299926757812;548.8505
2018-05-09 00:00:00-04:00;549.6599731445312;545.2114
2018-05-10 00:00:00-04:00;563.25;542.54846
2018-05-11 00:00:00-04:00;563.719970703125;543.211
2018-05-14 00:00:00-04:00;568.9199829101562;544.9497
2018-05-15 00:00:00-04:00;556.4400024414062;547.6308
2018-05-16 00:00:00-04:00;560.75;547.8149
2018-05-17 00:00:00-04:00;562.0999755859375;547.9035
2018-05-18 00:00:00-04:00;573.1900024414062;548.22766
2018-05-21 00:00:00-04:00;582.010009765625;550.6351
2018-05-22 00:00:00-04:00;574.0999755859375;554.92523
2018-05-23 00:00:00-04:00;569.7999877929688;557.59625
2018-05-24 00:00:00-04:00;565.5800170898438;558.4293
2018-05-25 00:00:00-04:00;554.8300170898438;557.74536
2018-05-29 00:00:00-04:00;546.739990234375;554.77106
2018-05-30 00:00:00-04:00;551.7100219726562;550.15
2018-05-31 00:00:00-04:00;550.739990234375;546.76776
2018-06-01 00:00:00-04:00;569.0;544.26935
2018-06-04 00:00:00-04:00;572.1599731445312;545.83594
2018-06-05 00:00:00-04:00;574.1900024414062;549.00433
2018-06-06 00:00:00-04:00;584.8699951171875;552.4067
2018-06-07 00:00:00-04:00;590.6199951171875;557.13776
2018-06-08 00:00:00-04:00;594.8599853515625;562.4578
2018-06-11 00:00:00-04:00;592.280029296875;567.75116
2018-06-12 00:00:00-04:00;595.1400146484375;571.59283
2018-06-13 00:00:00-04:00;593.0;574.78705
2018-06-14 00:00:00-04:00;592.7000122070312;576.8344
2018-06-15 00:00:00-04:00;589.0;578.11346
2018-06-18 00:00:00-04:00;585.3099975585938;578.2683
2018-06-19 00:00:00-04:00;581.0599975585938;577.37616
2018-06-20 00:00:00-04:00;579.6500244140625;575.5428
2018-06-21 00:00:00-04:00;576.3300170898438;573.4786
2018-06-22 00:00:00-04:00;582.3099975585938;571.1055
2018-06-25 00:00:00-04:00;570.469970703125;570.12256
2018-06-26 00:00:00-04:00;573.7999877929688;567.6047
2018-06-27 00:00:00-04:00;564.2999877929688;565.5887
2018-06-28 00:00:00-04:00;572.6799926757812;562.35956
2018-06-29 00:00:00-04:00;578.6300048828125;560.8133
2018-07-02 00:00:00-04:00;570.7999877929688;561.1849
2018-07-03 00:00:00-04:00;580.5800170898438;560.6773
2018-07-05 00:00:00-04:00;583.969970703125;561.70624
2018-07-06 00:00:00-04:00;583.77001953125;563.66516
2018-07-09 00:00:00-04:00;594.760009765625;565.5277
2018-07-10 00:00:00-04:00;593.3699951171875;569.00555
2018-07-11 00:00:00-04:00;581.9299926757812;572.1354
2018-07-12 00:00:00-04:00;587.030029296875;572.5019
2018-07-13 00:00:00-04:00;583.1300048828125;572.82806
2018-07-16 00:00:00-04:00;575.3599853515625;572.4305
2018-07-17 00:00:00-04:00;584.7999877929688;570.5001
2018-07-18 00:00:00-04:00;585.6099853515625;570.14844
2018-07-19 00:00:00-04:00;598.1099853515625;570.55634
2018-07-20 00:00:00-04:00;602.5599975585938;573.39325
2018-07-23 00:00:00-04:00;594.6099853515625;577.28564
2018-07-24 00:00:00-04:00;602.760009765625;579.31586
2018-07-25 00:00:00-04:00;612.6099853515625;581.7901
2018-07-26 00:00:00-04:00;617.9400024414062;585.7443
2018-07-27 00:00:00-04:00;589.9400024414062;590.4314
2018-07-30 00:00:00-04:00;581.8099975585938;589.43304
2018-07-31 00:00:00-04:00;592.510009765625;585.2704
2018-08-01 00:00:00-04:00;587.52001953125;582.8115
2018-08-02 00:00:00-04:00;588.8200073242188;580.547
2018-08-03 00:00:00-04:00;586.6699829101562;578.9992
2018-08-06 00:00:00-04:00;587.02001953125;577.5493
2018-08-07 00:00:00-04:00;583.97998046875;576.41406
2018-08-08 00:00:00-04:00;583.0999755859375;574.9997
2018-08-09 00:00:00-04:00;575.5999755859375;573.5592
2018-08-10 00:00:00-04:00;572.2000122070312;570.99774
2018-08-13 00:00:00-04:00;567.1400146484375;567.90704
2018-08-14 00:00:00-04:00;562.1099853515625;564.29584
2018-08-15 00:00:00-04:00;559.4400024414062;560.2704
2018-08-16 00:00:00-04:00;567.760009765625;556.36646
2018-08-17 00:00:00-04:00;564.739990234375;554.7357
2018-08-20 00:00:00-04:00;564.8499755859375;553.6131
2018-08-21 00:00:00-04:00;564.0599975585938;552.85706
2018-08-22 00:00:00-04:00;566.239990234375;552.19775
2018-08-23 00:00:00-04:00;563.0700073242188;552.087
2018-08-24 00:00:00-04:00;568.0;551.61444
2018-08-27 00:00:00-04:00;573.0499877929688;552.02295
2018-08-28 00:00:00-04:00;575.6099853515625;553.5976
2018-08-29 00:00:00-04:00;581.0;555.75604
2018-08-30 00:00:00-04:00;579.8200073242188;558.69995
2018-08-31 00:00:00-04:00;584.4600219726562;561.15533
2018-09-04 00:00:00-04:00;580.4500122070312;563.8499
2018-09-05 00:00:00-04:00;586.760009765625;565.4218
2018-09-06 00:00:00-04:00;588.0;567.50134
2018-09-07 00:00:00-04:00;588.9099731445312;569.62244
2018-09-10 00:00:00-04:00;595.4099731445312;571.54767
2018-09-11 00:00:00-04:00;592.5700073242188;574.2366
2018-09-12 00:00:00-04:00;603.27001953125;576.1699
2018-09-13 00:00:00-04:00;609.280029296875;579.4243
2018-09-14 00:00:00-04:00;610.010009765625;583.5992
2018-09-17 00:00:00-04:00;610.3099975585938;587.41895
2018-09-18 00:00:00-04:00;606.0399780273438;590.4423
2018-09-19 00:00:00-04:00;614.8499755859375;591.86316
2018-09-20 00:00:00-04:00;616.1900024414062;594.08704
2018-09-21 00:00:00-04:00;611.97998046875;596.42596
2018-09-24 00:00:00-04:00;610.010009765625;597.6093
2018-09-25 00:00:00-04:00;610.2000122070312;597.8221
2018-09-26 00:00:00-04:00;611.2899780273438;597.70386
2018-09-27 00:00:00-04:00;610.0;597.6938
2018-09-28 00:00:00-04:00;608.97998046875;597.4801
2018-10-01 00:00:00-04:00;616.010009765625;597.0333
2018-10-02 00:00:00-04:00;616.3400268554688;597.8317
2018-10-03 00:00:00-04:00;614.3400268554688;598.931
2018-10-04 00:00:00-04:00;611.6699829101562;599.5313
2018-10-05 00:00:00-04:00;603.97998046875;599.34436
2018-10-08 00:00:00-04:00;591.239990234375;597.5373
2018-10-09 00:00:00-04:00;590.9099731445312;593.2408
2018-10-10 00:00:00-04:00;567.4000244140625;588.86414
2018-10-11 00:00:00-04:00;554.4500122070312;581.0629
2018-10-12 00:00:00-04:00;558.1500244140625;571.21375
2018-10-15 00:00:00-04:00;555.97998046875;563.151
2018-10-16 00:00:00-04:00;573.5900268554688;556.7759
2018-10-17 00:00:00-04:00;578.6900024414062;555.29
2018-10-18 00:00:00-04:00;566.3499755859375;556.5755
2018-10-19 00:00:00-04:00;558.3400268554688;556.1992
2018-10-22 00:00:00-04:00;558.1099853515625;553.7993
2018-10-23 00:00:00-04:00;542.2100219726562;551.1288
2018-10-24 00:00:00-04:00;524.030029296875;546.03015
2018-10-25 00:00:00-04:00;536.4000244140625;537.807
2018-10-26 00:00:00-04:00;535.5800170898438;532.3634
2018-10-29 00:00:00-04:00;533.77001953125;528.79065
2018-10-30 00:00:00-04:00;541.0700073242188;526.18713
2018-10-31 00:00:00-04:00;546.8200073242188;525.7023
2018-11-01 00:00:00-04:00;559.6900024414062;527.0577
2018-11-02 00:00:00-04:00;567.7899780273438;531.1279
2018-11-05 00:00:00-05:00;573.97998046875;536.8322
2018-11-06 00:00:00-05:00;577.030029296875;543.1514
2018-11-07 00:00:00-05:00;592.719970703125;549.0701
2018-11-08 00:00:00-05:00;595.3099975585938;556.66144
2018-11-09 00:00:00-05:00;608.030029296875;563.92535
2018-11-12 00:00:00-05:00;595.4199829101562;572.0868
2018-11-13 00:00:00-05:00;589.25;576.7762
2018-11-14 00:00:00-05:00;581.0;578.36615
2018-11-15 00:00:00-05:00;592.4400024414062;577.2093
2018-11-16 00:00:00-05:00;599.2999877929688;577.4966
2018-11-19 00:00:00-05:00;577.7899780273438;579.505
2018-11-20 00:00:00-05:00;584.3300170898438;577.807
2018-11-21 00:00:00-05:00;591.2100219726562;576.3046
2018-11-23 00:00:00-05:00;596.4199829101562;576.3601
2018-11-26 00:00:00-05:00;604.6900024414062;577.8333
2018-11-27 00:00:00-05:00;605.8400268554688;580.9365
2018-11-28 00:00:00-05:00;621.9099731445312;584.1388
2018-11-29 00:00:00-05:00;630.9199829101562;589.618
2018-11-30 00:00:00-05:00;636.6599731445312;596.4178
2018-12-03 00:00:00-05:00;645.3300170898438;603.3813
2018-12-04 00:00:00-05:00;628.6699829101562;610.6316
2018-12-06 00:00:00-05:00;610.0999755859375;613.6318
2018-12-07 00:00:00-05:00;590.780029296875;611.37714
2018-12-10 00:00:00-05:00;591.6599731445312;604.4227
2018-12-11 00:00:00-05:00;597.8900146484375;597.44275
2018-12-12 00:00:00-05:00;607.6400146484375;592.93616
2018-12-13 00:00:00-05:00;599.5800170898438;591.84186
2018-12-14 00:00:00-05:00;587.1199951171875;590.5505
2018-12-17 00:00:00-05:00;572.3400268554688;587.0584
2018-12-18 00:00:00-05:00;574.52001953125;580.7198
2018-12-19 00:00:00-05:00;558.0499877929688;574.95355
2018-12-20 00:00:00-05:00;553.1400146484375;567.4714
2018-12-21 00:00:00-05:00;545.3300170898438;559.8839
2018-12-24 00:00:00-05:00;531.280029296875;552.2242
2018-12-26 00:00:00-05:00;553.7100219726562;543.3731
2018-12-27 00:00:00-05:00;563.6400146484375;539.8005
2018-12-28 00:00:00-05:00;557.5399780273438;540.4778
2018-12-31 00:00:00-05:00;565.5800170898438;541.2818
2019-01-02 00:00:00-05:00;546.0399780273438;543.3733
2019-01-03 00:00:00-05:00;513.5599975585938;541.9259
2019-01-04 00:00:00-05:00;527.1500244140625;533.663
2019-01-07 00:00:00-05:00;533.5800170898438;527.1906
2019-01-08 00:00:00-05:00;556.530029296875;523.847
2019-01-09 00:00:00-05:00;568.469970703125;526.47296
2019-01-10 00:00:00-05:00;576.2899780273438;532.81384
2019-01-11 00:00:00-05:00;576.9600219726562;540.58215
2019-01-14 00:00:00-05:00;573.219970703125;547.4339
2019-01-15 00:00:00-05:00;582.1099853515625;552.00903
2019-01-16 00:00:00-05:00;580.1500244140625;556.65265
2019-01-17 00:00:00-05:00;587.6900024414062;560.1948
2019-01-18 00:00:00-05:00;602.0999755859375;564.166
2019-01-22 00:00:00-05:00;593.6900024414062;570.2263
2019-01-23 00:00:00-05:00;605.1799926757812;574.35535
2019-01-24 00:00:00-05:00;605.6500244140625;579.1507
2019-01-25 00:00:00-05:00;614.5499877929688;583.36633
2019-01-28 00:00:00-05:00;618.1599731445312;588.21387
2019-01-29 00:00:00-05:00;621.010009765625;593.01276
2019-01-30 00:00:00-05:00;632.9299926757812;597.39795
2019-01-31 00:00:00-05:00;638.1599731445312;602.9562
2019-02-01 00:00:00-05:00;642.8200073242188;608.7881
2019-02-04 00:00:00-05:00;642.52001953125;614.4289
2019-02-05 00:00:00-05:00;652.8400268554688;618.87067
2019-02-06 00:00:00-05:00;655.1500244140625;623.92
2019-02-07 00:00:00-05:00;648.1300048828125;628.63715
2019-02-08 00:00:00-05:00;662.2999877929688;631.10236
2019-02-11 00:00:00-05:00;662.489990234375;634.88245
2019-02-12 00:00:00-05:00;672.489990234375;638.4285
2019-02-13 00:00:00-05:00;668.6099853515625;642.99805
2019-02-14 00:00:00-05:00;662.9099731445312;646.3313
2019-02-15 00:00:00-05:00;668.8599853515625;647.5947
2019-02-19 00:00:00-05:00;671.8599853515625;648.9837
2019-02-20 00:00:00-05:00;673.0499877929688;650.6938
2019-02-21 00:00:00-05:00;674.2100219726562;652.39526
2019-02-22 00:00:00-05:00;678.8300170898438;653.9563
2019-02-25 00:00:00-05:00;689.969970703125;655.9681
2019-02-26 00:00:00-05:00;676.97998046875;659.69525
2019-02-27 00:00:00-05:00;686.0;660.9636
2019-02-28 00:00:00-05:00;680.9099731445312;662.7474
2019-03-01 00:00:00-05:00;698.760009765625;663.4662
2019-03-04 00:00:00-05:00;689.1900024414062;666.8528
2019-03-05 00:00:00-05:00;693.4099731445312;668.79175
2019-03-06 00:00:00-05:00;681.9400024414062;670.6152
2019-03-07 00:00:00-05:00;683.8400268554688;670.03284
2019-03-08 00:00:00-05:00;680.9500122070312;669.1129
2019-03-11 00:00:00-04:00;688.9299926757812;667.767
2019-03-12 00:00:00-04:00;691.47998046875;667.94946
2019-03-13 00:00:00-04:00;689.9500122070312;669.0409
2019-03-14 00:00:00-04:00;698.6799926757812;669.92456
2019-03-15 00:00:00-04:00;708.5800170898438;672.0697
2019-03-18 00:00:00-04:00;706.8400268554688;675.94147
2019-03-19 00:00:00-04:00;715.739990234375;679.3212
2019-03-20 00:00:00-04:00;712.8800048828125;683.44434
2019-03-21 00:00:00-04:00;729.719970703125;686.53296
2019-03-22 00:00:00-04:00;702.0700073242188;691.66846
2019-03-25 00:00:00-04:00;708.5999755859375;691.6977
2019-03-26 00:00:00-04:00;716.4000244140625;691.22327
2019-03-27 00:00:00-04:00;702.7100219726562;692.09155
2019-03-28 00:00:00-04:00;703.780029296875;690.9004
2019-03-29 00:00:00-04:00;723.0;689.44965
2019-04-01 00:00:00-04:00;730.3400268554688;691.54083
2019-04-02 00:00:00-04:00;734.4500122070312;695.6699
2019-04-03 00:00:00-04:00;732.72998046875;700.3474
2019-04-04 00:00:00-04:00;727.2000122070312;703.95685
2019-04-05 00:00:00-04:00;734.8400268554688;705.5484
2019-04-08 00:00:00-04:00;738.3699951171875;707.5285
2019-04-09 00:00:00-04:00;733.989990234375;709.92053
2019-04-10 00:00:00-04:00;737.969970703125;711.27057
2019-04-11 00:00:00-04:00;740.75;712.73395
2019-04-12 00:00:00-04:00;742.3499755859375;714.4573
2019-04-15 00:00:00-04:00;744.3400268554688;716.2291
2019-04-16 00:00:00-04:00;732.1699829101562;718.02747
2019-04-17 00:00:00-04:00;715.219970703125;717.38696
2019-04-18 00:00:00-04:00;728.72998046875;713.14386
2019-04-22 00:00:00-04:00;734.1900024414062;710.87585
2019-04-23 00:00:00-04:00;723.6199951171875;710.65857
2019-04-24 00:00:00-04:00;725.530029296875;709.30615
2019-04-25 00:00:00-04:00;731.010009765625;708.1093
2019-04-26 00:00:00-04:00;736.9500122070312;708.0949
2019-04-29 00:00:00-04:00;741.52001953125;709.4722
2019-04-30 00:00:00-04:00;745.260009765625;711.80273
2019-05-01 00:00:00-04:00;739.1599731445312;714.6176
2019-05-02 00:00:00-04:00;753.2000122070312;715.9795
2019-05-03 00:00:00-04:00;762.4299926757812;719.045
2019-05-06 00:00:00-04:00;760.77001953125;723.7081
2019-05-07 00:00:00-04:00;742.2999877929688;727.73944
2019-05-08 00:00:00-04:00;740.489990234375;727.62573
2019-05-09 00:00:00-04:00;741.6699829101562;725.91125
2019-05-10 00:00:00-04:00;727.6699829101562;724.2734
2019-05-13 00:00:00-04:00;701.77001953125;720.6216
2019-05-14 00:00:00-04:00;722.6699829101562;712.55206
2019-05-15 00:00:00-04:00;719.1400146484375;708.1537
2019-05-16 00:00:00-04:00;744.97998046875;705.1784
2019-05-17 00:00:00-04:00;726.4199829101562;707.6603
2019-05-20 00:00:00-04:00;716.1799926757812;708.12836
2019-05-21 00:00:00-04:00;716.5;705.9591
2019-05-22 00:00:00-04:00;724.0800170898438;703.3331
2019-05-23 00:00:00-04:00;719.1300048828125;702.38385
2019-05-24 00:00:00-04:00;728.8200073242188;701.32385
2019-05-28 00:00:00-04:00;720.030029296875;702.10815
2019-05-29 00:00:00-04:00;724.7899780273438;701.8072
2019-05-30 00:00:00-04:00;727.3599853515625;702.02356
2019-05-31 00:00:00-04:00;723.0900268554688;702.8178
2019-06-03 00:00:00-04:00;728.75;702.92065
2019-06-04 00:00:00-04:00;741.8900146484375;703.77124
2019-06-05 00:00:00-04:00;756.9299926757812;707.0081
2019-06-06 00:00:00-04:00;772.8200073242188;713.0372
2019-06-07 00:00:00-04:00;790.8800048828125;721.57697
2019-06-10 00:00:00-04:00;806.7899780273438;732.4076
2019-06-11 00:00:00-04:00;804.8499755859375;744.6376
2019-06-12 00:00:00-04:00;808.4600219726562;754.6481
2019-06-13 00:00:00-04:00;797.010009765625;762.70374
2019-06-14 00:00:00-04:00;791.0599975585938;766.75024
2019-06-17 00:00:00-04:00;791.4099731445312;767.87494
2019-06-18 00:00:00-04:00;804.0;768.05383
2019-06-19 00:00:00-04:00;817.0399780273438;770.15454
2019-06-20 00:00:00-04:00;821.3900146484375;774.75073
2019-06-21 00:00:00-04:00;830.1099853515625;780.00006
2019-06-24 00:00:00-04:00;825.969970703125;785.8777
2019-06-25 00:00:00-04:00;833.7000122070312;790.0849
2019-06-26 00:00:00-04:00;825.4000244140625;794.2393
2019-06-27 00:00:00-04:00;833.5499877929688;796.20056
2019-06-28 00:00:00-04:00;840.0;798.489
2019-07-01 00:00:00-04:00;844.3300170898438;801.5655
2019-07-02 00:00:00-04:00;853.2999877929688;805.06085
2019-07-03 00:00:00-04:00;872.4500122070312;809.5268
2019-07-05 00:00:00-04:00;859.9099731445312;816.6449
2019-07-08 00:00:00-04:00;861.75;821.13916
2019-07-09 00:00:00-04:00;861.5499877929688;824.24176
2019-07-10 00:00:00-04:00;858.47998046875;826.30396
2019-07-11 00:00:00-04:00;854.0700073242188;827.19763
2019-07-12 00:00:00-04:00;835.4400024414062;826.8751
2019-07-15 00:00:00-04:00;825.219970703125;823.18176
2019-07-16 00:00:00-04:00;821.8499755859375;817.4428
2019-07-17 00:00:00-04:00;818.1300048828125;811.5905
2019-07-18 00:00:00-04:00;828.9600219726562;806.1883
2019-07-19 00:00:00-04:00;813.8499755859375;803.7157
2019-07-22 00:00:00-04:00;818.7000122070312;800.04156
2019-07-23 00:00:00-04:00;818.3099975585938;797.3729
2019-07-24 00:00:00-04:00;812.1699829101562;795.36804
2019-07-25 00:00:00-04:00;790.6799926757812;792.8529
2019-07-26 00:00:00-04:00;775.1099853515625;786.9726
2019-07-29 00:00:00-04:00;775.0;778.44977
2019-07-30 00:00:00-04:00;759.969970703125;770.6392
2019-07-31 00:00:00-04:00;756.75;761.9826
2019-08-01 00:00:00-04:00;760.7899780273438;754.0843
2019-08-02 00:00:00-04:00;717.8200073242188;748.5315
2019-08-05 00:00:00-04:00;692.719970703125;737.3653
2019-08-06 00:00:00-04:00;707.1699829101562;722.0344
2019-08-07 00:00:00-04:00;704.969970703125;710.58417
2019-08-08 00:00:00-04:00;713.4199829101562;702.1428
2019-08-09 00:00:00-04:00;702.280029296875;697.6429
2019-08-12 00:00:00-04:00;681.780029296875;693.1998
2019-08-13 00:00:00-04:00;689.969970703125;685.8929
2019-08-14 00:00:00-04:00;660.5900268554688;680.3486
2019-08-15 00:00:00-04:00;660.3900146484375;671.27545
2019-08-16 00:00:00-04:00;665.1900024414062;662.6859
2019-08-19 00:00:00-04:00;675.510009765625;656.71954
2019-08-20 00:00:00-04:00;659.1400146484375;654.57526
2019-08-21 00:00:00-04:00;669.5800170898438;651.1808
2019-08-22 00:00:00-04:00;663.6799926757812;649.8035
2019-08-23 00:00:00-04:00;642.8400268554688;648.3005
2019-08-26 00:00:00-04:00;647.4500122070312;643.36255
2019-08-27 00:00:00-04:00;647.22998046875;639.0544
2019-08-28 00:00:00-04:00;646.3900146484375;635.7907
2019-08-29 00:00:00-04:00;654.1699829101562;633.3897
2019-08-30 00:00:00-04:00;656.7899780273438;633.1272
2019-09-03 00:00:00-04:00;653.0;634.0947
2019-09-04 00:00:00-04:00;660.1699829101562;634.60645
2019-09-05 00:00:00-04:00;685.780029296875;636.1469
2019-09-06 00:00:00-04:00;684.97998046875;642.3227
2019-09-09 00:00:00-04:00;679.5599975585938;648.7439
2019-09-10 00:00:00-04:00;699.6400146484375;653.06885
2019-09-11 00:00:00-04:00;718.1799926757812;659.47144
2019-09-12 00:00:00-04:00;711.739990234375;668.69366
2019-09-13 00:00:00-04:00;713.0;676.00525
2019-09-16 00:00:00-04:00;711.6500244140625;681.5637
2019-09-17 00:00:00-04:00;710.5399780273438;685.3259
2019-09-18 00:00:00-04:00;709.0499877929688;687.68726
2019-09-19 00:00:00-04:00;710.0999755859375;688.96893
2019-09-20 00:00:00-04:00;709.1799926757812;689.9019
2019-09-23 00:00:00-04:00;706.2100219726562;690.41797
2019-09-24 00:00:00-04:00;690.989990234375;690.18567
2019-09-25 00:00:00-04:00;699.3400268554688;687.079
2019-09-26 00:00:00-04:00;700.3900146484375;685.0451
2019-09-27 00:00:00-04:00;699.280029296875;683.91235
2019-09-30 00:00:00-04:00;704.4000244140625;683.05414
2019-10-01 00:00:00-04:00;688.1400146484375;683.27765
2019-10-02 00:00:00-04:00;663.2999877929688;680.9061
2019-10-03 00:00:00-04:00;670.77001953125;673.7284
2019-10-04 00:00:00-04:00;686.27001953125;667.5922
2019-10-07 00:00:00-04:00;681.8499755859375;665.6899
2019-10-08 00:00:00-04:00;658.6099853515625;664.75165
2019-10-09 00:00:00-04:00;673.280029296875;660.1326
2019-10-10 00:00:00-04:00;672.3699951171875;657.66626
2019-10-11 00:00:00-04:00;688.0999755859375;656.19794
2019-10-14 00:00:00-04:00;680.739990234375;658.0973
2019-10-15 00:00:00-04:00;680.0;659.4176
2019-10-16 00:00:00-04:00;668.5;660.13104
2019-10-17 00:00:00-04:00;670.8200073242188;658.47723
2019-10-18 00:00:00-04:00;680.5;656.7963
2019-10-21 00:00:00-04:00;685.219970703125;657.18726
2019-10-22 00:00:00-04:00;684.2100219726562;659.0652
2019-10-23 00:00:00-04:00;688.8699951171875;660.90454
2019-10-24 00:00:00-04:00;686.739990234375;663.1958
2019-10-25 00:00:00-04:00;698.1900024414062;664.83203
2019-10-28 00:00:00-04:00;701.3499755859375;667.9796
2019-10-29 00:00:00-04:00;703.760009765625;671.61194
2019-10-30 00:00:00-04:00;708.469970703125;675.15894
2019-10-31 00:00:00-04:00;704.9400024414062;678.8503
2019-11-01 00:00:00-04:00;714.1799926757812;681.2969
2019-11-04 00:00:00-05:00;723.6699829101562;684.5251
2019-11-05 00:00:00-05:00;714.4000244140625;689.0985
2019-11-06 00:00:00-05:00;709.780029296875;691.64856
2019-11-07 00:00:00-05:00;720.8099975585938;692.2595
2019-11-08 00:00:00-05:00;708.8599853515625;694.0738
2019-11-11 00:00:00-05:00;700.4000244140625;693.8941
2019-11-12 00:00:00-05:00;711.4500122070312;691.63513
2019-11-13 00:00:00-05:00;722.739990234375;691.05347
2019-11-14 00:00:00-05:00;713.6500244140625;693.11426
2019-11-15 00:00:00-05:00;724.8200073242188;694.03876
2019-11-18 00:00:00-05:00;718.2100219726562;696.308
2019-11-19 00:00:00-05:00;732.9600219726562;697.3974
2019-11-20 00:00:00-05:00;717.7000122070312;700.4469
2019-11-21 00:00:00-05:00;705.0700073242188;700.89594
2019-11-22 00:00:00-05:00;711.8499755859375;698.2127
2019-11-25 00:00:00-05:00;716.969970703125;696.2069
2019-11-26 00:00:00-05:00;723.9000244140625;695.73663
2019-11-27 00:00:00-05:00;725.4000244140625;697.07874
2019-11-29 00:00:00-05:00;719.4099731445312;698.99133
2019-12-02 00:00:00-05:00;723.9600219726562;699.6393
2019-12-03 00:00:00-05:00;712.0399780273438;700.5124
2019-12-04 00:00:00-05:00;731.6599731445312;699.2194
2019-12-05 00:00:00-05:00;736.8499755859375;700.88965
2019-12-06 00:00:00-05:00;761.0;704.13715
2019-12-09 00:00:00-05:00;756.97998046875;711.4818
2019-12-10 00:00:00-05:00;754.219970703125;718.029
2019-12-11 00:00:00-05:00;762.3499755859375;722.5637
2019-12-12 00:00:00-05:00;775.4199829101562;727.004
2019-12-13 00:00:00-05:00;769.7000122070312;732.89264
2019-12-16 00:00:00-05:00;781.27001953125;737.2114
2019-12-17 00:00:00-05:00;777.1699829101562;742.2408
2019-12-18 00:00:00-05:00;775.7100219726562;745.88696
2019-12-19 00:00:00-05:00;786.5900268554688;748.19183
2019-12-20 00:00:00-05:00;793.3099975585938;751.53217
2019-12-23 00:00:00-05:00;789.4299926757812;755.7647
2019-12-24 00:00:00-05:00;790.469970703125;758.8347
2019-12-26 00:00:00-05:00;791.97998046875;761.12286
2019-12-27 00:00:00-05:00;792.8300170898438;762.9902
2019-12-30 00:00:00-05:00;791.9099731445312;764.53107
2019-12-31 00:00:00-05:00;793.280029296875;765.5312
2020-01-02 00:00:00-05:00;805.0599975585938;766.406
2020-01-03 00:00:00-05:00;789.5399780273438;769.07733
2020-01-06 00:00:00-05:00;793.72998046875;769.1768
2020-01-07 00:00:00-05:00;797.1599731445312;769.12036
2020-01-08 00:00:00-05:00;797.0700073242188;769.60156
2020-01-09 00:00:00-05:00;810.8599853515625;770.1566
2020-01-10 00:00:00-05:00;817.6900024414062;772.95905
2020-01-13 00:00:00-05:00;822.5700073242188;777.091
2020-01-14 00:00:00-05:00;830.6300048828125;781.6594
2020-01-15 00:00:00-05:00;818.3900146484375;786.8316
2020-01-16 00:00:00-05:00;830.6699829101562;789.1406
2020-01-17 00:00:00-05:00;831.3099975585938;792.188
2020-01-21 00:00:00-05:00;835.1300048828125;795.0526
2020-01-22 00:00:00-05:00;834.9199829101562;798.0118
2020-01-23 00:00:00-05:00;831.1199951171875;800.43695
2020-01-24 00:00:00-05:00;819.9500122070312;801.62244
2020-01-27 00:00:00-05:00;799.8800048828125;800.34283
2020-01-28 00:00:00-05:00;799.9500122070312;795.1856
2020-01-29 00:00:00-05:00;802.6199951171875;789.8003
2020-01-30 00:00:00-05:00;777.0;785.8387
2020-01-31 00:00:00-05:00;757.1799926757812;778.7652
2020-02-03 00:00:00-05:00;758.0599975585938;768.601
2020-02-04 00:00:00-05:00;768.0;759.4062
2020-02-05 00:00:00-05:00;779.030029296875;753.8818
2020-02-06 00:00:00-05:00;778.52001953125;752.384
2020-02-07 00:00:00-05:00;787.1500244140625;752.24756
2020-02-10 00:00:00-05:00;780.77001953125;753.89667
2020-02-11 00:00:00-05:00;780.0;754.6088
2020-02-12 00:00:00-05:00;772.7899780273438;754.6977
2020-02-13 00:00:00-05:00;769.47998046875;753.33923
2020-02-14 00:00:00-05:00;763.2000122070312;751.2469
2020-02-18 00:00:00-05:00;752.239990234375;748.2957
2020-02-19 00:00:00-05:00;766.3900146484375;743.80066
2020-02-20 00:00:00-05:00;755.3900146484375;742.1071
2020-02-21 00:00:00-05:00;760.219970703125;739.7816
2020-02-24 00:00:00-05:00;726.5800170898438;738.5002
2020-02-25 00:00:00-05:00;703.0;731.99725
2020-02-26 00:00:00-05:00;700.3800048828125;720.9378
2020-02-27 00:00:00-05:00;691.6500244140625;709.99536
2020-02-28 00:00:00-05:00;701.7000122070312;699.6455
2020-03-02 00:00:00-05:00;724.1400146484375;693.133
2020-03-03 00:00:00-05:00;731.0499877929688;692.9301
2020-03-04 00:00:00-05:00;773.8900146484375;695.9173
2020-03-05 00:00:00-05:00;734.0999755859375;706.70667
2020-03-06 00:00:00-05:00;715.5499877929688;710.91077
2020-03-09 00:00:00-04:00;669.780029296875;708.8968
2020-03-10 00:00:00-04:00;701.7100219726562;697.37335
2020-03-11 00:00:00-04:00;658.6500244140625;690.59
2020-03-12 00:00:00-04:00;639.77001953125;679.33374
2020-03-13 00:00:00-04:00;672.6400146484375;665.44885
2020-03-16 00:00:00-04:00;622.6300048828125;658.9998
2020-03-17 00:00:00-04:00;682.489990234375;647.3983
2020-03-18 00:00:00-04:00;700.1300048828125;646.6638
2020-03-19 00:00:00-04:00;721.4299926757812;652.71234
2020-03-20 00:00:00-04:00;645.1199951171875;663.475
2020-03-23 00:00:00-04:00;589.4099731445312;660.08014
2020-03-24 00:00:00-04:00;645.530029296875;642.82324
2020-03-25 00:00:00-04:00;640.2999877929688;634.169
2020-03-26 00:00:00-04:00;659.27001953125;629.34607
2020-03-27 00:00:00-04:00;658.780029296875;630.1461
2020-03-30 00:00:00-04:00;685.4000244140625;632.49243
2020-03-31 00:00:00-04:00;690.510009765625;639.53986
2020-04-01 00:00:00-04:00;656.239990234375;647.63727
2020-04-02 00:00:00-04:00;655.5700073242188;648.42114
2020-04-03 00:00:00-04:00;630.5800170898438;646.563
2020-04-06 00:00:00-04:00;702.5999755859375;639.8905
2020-04-07 00:00:00-04:00;709.489990234375;645.79486
2020-04-08 00:00:00-04:00;740.989990234375;656.0846
2020-04-09 00:00:00-04:00;727.4199829101562;671.3797
2020-04-13 00:00:00-04:00;690.780029296875;682.8595
2020-04-14 00:00:00-04:00;711.77001953125;684.4384
2020-04-15 00:00:00-04:00;692.9600219726562;686.2546
2020-04-16 00:00:00-04:00;695.8699951171875;684.7056
2020-04-17 00:00:00-04:00;720.9099731445312;683.00836
2020-04-20 00:00:00-04:00;707.6300048828125;686.0434
2020-04-21 00:00:00-04:00;683.4299926757812;687.75214
2020-04-22 00:00:00-04:00;704.2000122070312;684.41376
2020-04-23 00:00:00-04:00;703.2999877929688;683.61694
2020-04-24 00:00:00-04:00;713.3800048828125;683.64496
2020-04-27 00:00:00-04:00;735.260009765625;685.6732
2020-04-28 00:00:00-04:00;699.97998046875;691.7415
2020-04-29 00:00:00-04:00;738.6199951171875;691.74365
2020-04-30 00:00:00-04:00;719.9400024414062;696.4515
2020-05-01 00:00:00-04:00;689.1599731445312;698.55347
2020-05-04 00:00:00-04:00;690.8900146484375;694.06415
2020-05-05 00:00:00-04:00;709.72998046875;688.5795
2020-05-06 00:00:00-04:00;715.5800170898438;687.15784
2020-05-07 00:00:00-04:00;732.739990234375;688.4116
2020-05-08 00:00:00-04:00;719.5700073242188;693.261
2020-05-11 00:00:00-04:00;716.9299926757812;695.97577
2020-05-12 00:00:00-04:00;690.0700073242188;696.9426
2020-05-13 00:00:00-04:00;690.8800048828125;692.4616
2020-05-14 00:00:00-04:00;689.530029296875;687.2162
2020-05-15 00:00:00-04:00;698.7000122070312;682.5347
2020-05-18 00:00:00-04:00;718.7000122070312;680.56287
2020-05-19 00:00:00-04:00;714.0599975585938;683.34033
2020-05-20 00:00:00-04:00;735.5599975585938;686.27106
2020-05-21 00:00:00-04:00;723.0;692.3662
2020-05-22 00:00:00-04:00;748.3099975585938;696.08014
2020-05-26 00:00:00-04:00;766.0;702.71246
2020-05-27 00:00:00-04:00;788.3099975585938;712.1426
2020-05-28 00:00:00-04:00;792.4000244140625;724.59106
2020-05-29 00:00:00-04:00;795.0;736.34576
2020-06-01 00:00:00-04:00;803.4299926757812;746.10095
2020-06-02 00:00:00-04:00;823.5999755859375;754.87085
2020-06-03 00:00:00-04:00;838.0;765.21814
2020-06-04 00:00:00-04:00;840.6599731445312;776.6574
2020-06-05 00:00:00-04:00;859.5399780273438;786.781
2020-06-08 00:00:00-04:00;848.6599731445312;797.79565
2020-06-09 00:00:00-04:00;815.47998046875;805.21265
2020-06-10 00:00:00-04:00;812.6099853515625;804.5944
2020-06-11 00:00:00-04:00;761.5700073242188;801.1554
2020-06-12 00:00:00-04:00;764.4199829101562;789.0579
2020-06-15 00:00:00-04:00;773.7899780273438;776.98987
2020-06-16 00:00:00-04:00;784.0499877929688;768.7975
2020-06-17 00:00:00-04:00;782.3699951171875;765.0943
2020-06-18 00:00:00-04:00;782.739990234375;763.07806
2020-06-19 00:00:00-04:00;795.239990234375;761.8074
2020-06-22 00:00:00-04:00;785.1599731445312;762.93164
2020-06-23 00:00:00-04:00;798.0;762.7547
2020-06-24 00:00:00-04:00;784.0399780273438;764.27844
2020-06-25 00:00:00-04:00;785.3800048828125;763.6441
2020-06-26 00:00:00-04:00;772.2999877929688;762.6559
2020-06-29 00:00:00-04:00;785.239990234375;759.5371
2020-06-30 00:00:00-04:00;805.5499877929688;758.56134
2020-07-01 00:00:00-04:00;804.7899780273438;761.96576
2020-07-02 00:00:00-04:00;814.7000122070312;766.0136
2020-07-06 00:00:00-04:00;823.4500122070312;771.144
2020-07-07 00:00:00-04:00;819.0599975585938;777.10333
2020-07-08 00:00:00-04:00;818.1900024414062;781.4573
2020-07-09 00:00:00-04:00;830.530029296875;784.3577
2020-07-10 00:00:00-04:00;819.2000122070312;788.3946
2020-07-13 00:00:00-04:00;823.989990234375;790.2006
2020-07-14 00:00:00-04:00;849.3400268554688;791.82404
2020-07-15 00:00:00-04:00;869.0399780273438;797.4063
2020-07-16 00:00:00-04:00;860.6799926757812;806.54407
2020-07-17 00:00:00-04:00;867.8900146484375;813.64655
2020-07-20 00:00:00-04:00;866.469970703125;819.92084
2020-07-21 00:00:00-04:00;870.510009765625;824.51776
2020-07-22 00:00:00-04:00;883.3499755859375;828.4512
2020-07-23 00:00:00-04:00;885.3699951171875;833.63635
2020-07-24 00:00:00-04:00;862.719970703125;838.6341
2020-07-27 00:00:00-04:00;895.5;838.92145
2020-07-28 00:00:00-04:00;882.030029296875;843.10895
2020-07-29 00:00:00-04:00;898.0800170898438;845.56866
2020-07-30 00:00:00-04:00;895.1699829101562;849.6869
2020-07-31 00:00:00-04:00;935.0;853.05884
2020-08-03 00:00:00-04:00;926.4299926757812;862.0938
2020-08-04 00:00:00-04:00;928.5900268554688;869.7559
2020-08-05 00:00:00-04:00;945.239990234375;875.8476
2020-08-06 00:00:00-04:00;938.25;882.98157
2020-08-07 00:00:00-04:00;944.1699829101562;887.9995
2020-08-10 00:00:00-04:00;945.9500122070312;892.4235
2020-08-11 00:00:00-04:00;947.25;896.17664
2020-08-12 00:00:00-04:00;973.27001953125;899.29517
2020-08-13 00:00:00-04:00;973.1400146484376;905.86554
2020-08-14 00:00:00-04:00;961.0399780273438;912.2732
2020-08-17 00:00:00-04:00;959.780029296875;915.478
2020-08-18 00:00:00-04:00;963.2000122070312;916.8809
2020-08-19 00:00:00-04:00;970.7100219726562;918.0578
2020-08-20 00:00:00-04:00;959.3400268554688;920.2141
2020-08-21 00:00:00-04:00;959.97998046875;920.505
2020-08-24 00:00:00-04:00;947.9400024414062;920.2748
2020-08-25 00:00:00-04:00;967.8200073242188;918.0206
2020-08-26 00:00:00-04:00;972.0999755859376;918.7385
2020-08-27 00:00:00-04:00;968.6799926757812;920.9361
2020-08-28 00:00:00-04:00;966.6099853515624;922.6046
2020-08-31 00:00:00-04:00;970.780029296875;923.4009
2020-09-01 00:00:00-04:00;975.8900146484376;924.4048
2020-09-02 00:00:00-04:00;1005.1500244140624;926.0947
2020-09-03 00:00:00-04:00;962.989990234375;932.3232
2020-09-04 00:00:00-04:00;949.260009765625;932.08844
2020-09-08 00:00:00-04:00;947.6199951171876;927.7004
2020-09-09 00:00:00-04:00;975.8200073242188;922.61346
2020-09-10 00:00:00-04:00;963.4600219726562;922.85034
2020-09-11 00:00:00-04:00;973.7100219726562;922.80304
2020-09-14 00:00:00-04:00;978.989990234375;924.257
2020-09-15 00:00:00-04:00;980.9000244140624;926.66003
2020-09-16 00:00:00-04:00;988.8300170898438;929.15393
2020-09-17 00:00:00-04:00;983.6199951171876;932.41675
2020-09-18 00:00:00-04:00;976.469970703125;934.4584
2020-09-21 00:00:00-04:00;974.5;934.61145
2020-09-22 00:00:00-04:00;986.0700073242188;933.8697
2020-09-23 00:00:00-04:00;957.1400146484376;934.8761
2020-09-24 00:00:00-04:00;960.260009765625;931.72205
2020-09-25 00:00:00-04:00;975.0700073242188;928.3786
2020-09-28 00:00:00-04:00;968.469970703125;927.976
2020-09-29 00:00:00-04:00;968.5900268554688;927.5521
2020-09-30 00:00:00-04:00;965.75;927.18427
2020-10-01 00:00:00-04:00;970.9199829101562;926.3986
2020-10-02 00:00:00-04:00;966.9199829101562;926.42004
2020-10-05 00:00:00-04:00;990.4299926757812;926.0366
2020-10-06 00:00:00-04:00;993.8499755859376;929.3108
2020-10-07 00:00:00-04:00;1011.27001953125;933.62164
2020-10-08 00:00:00-04:00;1012.0800170898438;940.1501
2020-10-09 00:00:00-04:00;1025.4599609375;946.19745
2020-10-12 00:00:00-04:00;1025.75;953.0284
2020-10-13 00:00:00-04:00;1028.6600341796875;958.85474
2020-10-14 00:00:00-04:00;1022.3900146484376;963.76746
2020-10-15 00:00:00-04:00;1018.530029296875;966.5601
2020-10-16 00:00:00-04:00;1029.77001953125;967.66846
2020-10-19 00:00:00-04:00;1018.7000122070312;969.89966
2020-10-20 00:00:00-04:00;1030.6099853515625;970.4367
2020-10-21 00:00:00-04:00;1031.93994140625;972.25586
2020-10-22 00:00:00-04:00;1063.22998046875;974.36346
2020-10-23 00:00:00-04:00;1053.199951171875;981.0154
2020-10-26 00:00:00-04:00;1045.2900390625;986.2208
2020-10-27 00:00:00-04:00;1052.5799560546875;988.73364
2020-10-28 00:00:00-04:00;1009.260009765625;991.04504
2020-10-29 00:00:00-04:00;1003.7899780273438;986.27374
2020-10-30 00:00:00-04:00;997.9099731445312;979.4542
2020-11-02 00:00:00-05:00;1043.25;972.4752
2020-11-03 00:00:00-05:00;1065.5;973.87195
2020-11-04 00:00:00-05:00;1080.22998046875;981.04254
2020-11-05 00:00:00-05:00;1103.739990234375;990.74084
2020-11-06 00:00:00-05:00;1181.1099853515625;1002.7304
2020-11-09 00:00:00-05:00;1179.5799560546875;1024.7156
2020-11-10 00:00:00-05:00;1125.4599609375;1045.0052
2020-11-11 00:00:00-05:00;1134.4000244140625;1052.6699
2020-11-12 00:00:00-05:00;1157.8699951171875;1056.4568
2020-11-13 00:00:00-05:00;1181.3800048828125;1062.1029
2020-11-16 00:00:00-05:00;1187.9300537109375;1071.0491
2020-11-17 00:00:00-05:00;1193.3599853515625;1080.4233
2020-11-18 00:00:00-05:00;1144.81005859375;1088.9779
2020-11-19 00:00:00-05:00;1147.3399658203125;1088.661
2020-11-20 00:00:00-05:00;1147.5999755859375;1086.1923
2020-11-23 00:00:00-05:00;1138.6800537109375;1083.7598
2020-11-24 00:00:00-05:00;1126.9599609375;1080.7126
2020-11-25 00:00:00-05:00;1125.1600341796875;1076.438
2020-11-27 00:00:00-05:00;1126.6800537109375;1072.3497
2020-11-30 00:00:00-05:00;1150.0400390625;1069.302
2020-12-01 00:00:00-05:00;1160.0899658203125;1070.5228
2020-12-02 00:00:00-05:00;1139.75;1074.1936
2020-12-03 00:00:00-05:00;1132.0;1074.8013
2020-12-04 00:00:00-05:00;1131.75;1073.0964
2020-12-07 00:00:00-05:00;1125.1500244140625;1070.9319
2020-12-08 00:00:00-05:00;1161.3299560546875;1068.1139
2020-12-09 00:00:00-05:00;1150.6800537109375;1070.9622
2020-12-10 00:00:00-05:00;1151.8199462890625;1073.4376
2020-12-11 00:00:00-05:00;1144.8699951171875;1075.4315
2020-12-14 00:00:00-05:00;1139.260009765625;1075.8096
2020-12-15 00:00:00-05:00;1149.1600341796875;1074.8064
2020-12-16 00:00:00-05:00;1111.260009765625;1075.0531
2020-12-17 00:00:00-05:00;1130.3299560546875;1070.1578
2020-12-18 00:00:00-05:00;1134.8299560546875;1067.4353
2020-12-21 00:00:00-05:00;1135.3299560546875;1066.601
2020-12-22 00:00:00-05:00;1125.530029296875;1066.6057
2020-12-23 00:00:00-05:00;1126.0999755859375;1065.3721
2020-12-24 00:00:00-05:00;1140.18994140625;1064.018
2020-12-28 00:00:00-05:00;1134.760009765625;1064.9237
2020-12-29 00:00:00-05:00;1137.9599609375;1065.5372
2020-12-30 00:00:00-05:00;1133.8800048828125;1066.3787
2020-12-31 00:00:00-05:00;1139.6800537109375;1066.4954
2021-01-04 00:00:00-05:00;1160.8699951171875;1067.2129
2021-01-05 00:00:00-05:00;1176.3499755859375;1071.0868
2021-01-06 00:00:00-05:00;1197.0899658203125;1077.4381
2021-01-07 00:00:00-05:00;1222.5400390625;1086.2931
2021-01-08 00:00:00-05:00;1236.989990234375;1097.8033
2021-01-11 00:00:00-05:00;1245.02001953125;1109.888
2021-01-12 00:00:00-05:00;1220.47998046875;1120.9026
2021-01-13 00:00:00-05:00;1216.6300048828125;1126.01
2021-01-14 00:00:00-05:00;1204.2099609375;1127.9426
2021-01-15 00:00:00-05:00;1218.43994140625;1127.0117
2021-01-19 00:00:00-05:00;1231.1600341796875;1127.6506
2021-01-20 00:00:00-05:00;1268.800048828125;1130.629
2021-01-21 00:00:00-05:00;1244.780029296875;1139.1196
2021-01-22 00:00:00-05:00;1234.719970703125;1144.2429
2021-01-25 00:00:00-05:00;1233.469970703125;1145.9008
2021-01-26 00:00:00-05:00;1210.9100341796875;1146.0107
2021-01-27 00:00:00-05:00;1153.5;1142.6069
2021-01-28 00:00:00-05:00;1170.800048828125;1130.8942
2021-01-29 00:00:00-05:00;1168.0999755859375;1121.3652
2021-02-01 00:00:00-05:00;1180.8199462890625;1114.0808
2021-02-02 00:00:00-05:00;1217.5899658203125;1110.7289
2021-02-03 00:00:00-05:00;1188.3800048828125;1114.3317
2021-02-04 00:00:00-05:00;1216.93994140625;1115.0087
2021-02-05 00:00:00-05:00;1195.199951171875;1118.4789
2021-02-08 00:00:00-05:00;1209.27001953125;1118.8817
2021-02-09 00:00:00-05:00;1206.5;1120.2137
2021-02-10 00:00:00-05:00;1207.010009765625;1121.1613
2021-02-11 00:00:00-05:00;1202.0699462890625;1121.9159
2021-02-12 00:00:00-05:00;1220.6600341796875;1121.7874
2021-02-16 00:00:00-05:00;1190.8299560546875;1124.0748
2021-02-17 00:00:00-05:00;1166.4599609375;1122.4755
2021-02-18 00:00:00-05:00;1150.510009765625;1116.5695
2021-02-19 00:00:00-05:00;1165.449951171875;1108.2384
2021-02-22 00:00:00-05:00;1127.8900146484375;1102.9696
2021-02-23 00:00:00-05:00;1110.4599609375;1094.3414
2021-02-24 00:00:00-05:00;1127.5999755859375;1083.7617
2021-02-25 00:00:00-05:00;1109.9100341796875;1076.9783
2021-02-26 00:00:00-05:00;1116.050048828125;1070.033
2021-03-01 00:00:00-05:00;1134.6700439453125;1065.1168
2021-03-02 00:00:00-05:00;1122.5699462890625;1064.3184
2021-03-03 00:00:00-05:00;1093.030029296875;1063.004
2021-03-04 00:00:00-05:00;1059.4200439453125;1057.2628
2021-03-05 00:00:00-05:00;1060.5899658203125;1046.1548
2021-03-08 00:00:00-05:00;1038.469970703125;1035.6119
2021-03-09 00:00:00-05:00;1050.0;1023.9648
2021-03-10 00:00:00-05:00;1055.0;1015.8764
2021-03-11 00:00:00-05:00;1080.6199951171875;1011.09143
2021-03-12 00:00:00-05:00;1067.3800048828125;1011.9722
2021-03-15 00:00:00-04:00;1098.22998046875;1012.2251
2021-03-16 00:00:00-04:00;1083.699951171875;1016.6978
2021-03-17 00:00:00-04:00;1092.0400390625;1019.2561
2021-03-18 00:00:00-04:00;1100.2900390625;1021.9194
2021-03-19 00:00:00-04:00;1123.1500244140625;1025.3206
2021-03-22 00:00:00-04:00;1130.8699951171875;1031.7773
2021-03-23 00:00:00-04:00;1116.7099609375;1039.114
2021-03-24 00:00:00-04:00;1109.8800048828125;1043.2119
2021-03-25 00:00:00-04:00;1117.1800537109375;1044.5586
2021-03-26 00:00:00-04:00;1163.0799560546875;1045.9974
2021-03-29 00:00:00-04:00;1170.5899658203125;1054.1466
2021-03-30 00:00:00-04:00;1149.27001953125;1063.9552
2021-03-31 00:00:00-04:00;1155.68994140625;1069.2212
2021-04-01 00:00:00-04:00;1175.18994140625;1073.0143
2021-04-05 00:00:00-04:00;1195.550048828125;1078.5565
2021-04-06 00:00:00-04:00;1210.219970703125;1086.6504
2021-04-07 00:00:00-04:00;1199.8399658203125;1096.1378
2021-04-08 00:00:00-04:00;1206.4000244140625;1102.7258
2021-04-09 00:00:00-04:00;1222.4100341796875;1108.1346
2021-04-12 00:00:00-04:00;1218.8399658203125;1114.5101
2021-04-13 00:00:00-04:00;1230.8599853515625;1119.5579
2021-04-14 00:00:00-04:00;1224.5999755859375;1125.0276
2021-04-15 00:00:00-04:00;1261.9599609375;1128.7656
2021-04-16 00:00:00-04:00;1282.3299560546875;1136.5978
2021-04-19 00:00:00-04:00;1277.2900390625;1147.0413
2021-04-20 00:00:00-04:00;1276.9100341796875;1155.5419
2021-04-21 00:00:00-04:00;1311.1400146484375;1161.733
2021-04-22 00:00:00-04:00;1301.56005859375;1170.7733
2021-04-23 00:00:00-04:00;1335.1500244140625;1177.7001
2021-04-26 00:00:00-04:00;1312.9000244140625;1187.2871
2021-04-27 00:00:00-04:00;1322.8599853515625;1192.8625
2021-04-28 00:00:00-04:00;1323.989990234375;1197.5845
2021-04-29 00:00:00-04:00;1327.989990234375;1201.3937
2021-04-30 00:00:00-04:00;1313.3199462890625;1204.8796
2021-05-03 00:00:00-04:00;1315.75;1205.7655
2021-05-04 00:00:00-04:00;1281.9200439453125;1206.1232
2021-05-05 00:00:00-04:00;1293.010009765625;1201.8699
2021-05-06 00:00:00-04:00;1298.5699462890625;1198.6082
2021-05-07 00:00:00-04:00;1278.56005859375;1197.1218
2021-05-10 00:00:00-04:00;1244.550048828125;1193.8501
2021-05-11 00:00:00-04:00;1239.93994140625;1186.0613
2021-05-12 00:00:00-04:00;1241.449951171875;1177.7107
2021-05-13 00:00:00-04:00;1253.6400146484375;1171.0068
2021-05-14 00:00:00-04:00;1274.6500244140625;1167.7533
2021-05-17 00:00:00-04:00;1259.010009765625;1168.9564
2021-05-18 00:00:00-04:00;1245.4300537109375;1168.9781
2021-05-19 00:00:00-04:00;1251.4599609375;1166.5784
2021-05-20 00:00:00-04:00;1275.8800048828125;1164.5923
2021-05-21 00:00:00-04:00;1276.2900390625;1166.4336
2021-05-24 00:00:00-04:00;1280.1099853515625;1169.1195
2021-05-25 00:00:00-04:00;1287.0999755859375;1171.9899
2021-05-26 00:00:00-04:00;1281.7099609375;1175.2351
2021-05-27 00:00:00-04:00;1297.1199951171875;1177.2084
2021-05-28 00:00:00-04:00;1300.949951171875;1180.5149
2021-06-01 00:00:00-04:00;1296.300048828125;1184.1349
2021-06-02 00:00:00-04:00;1274.8699951171875;1186.5579
2021-06-03 00:00:00-04:00;1255.280029296875;1185.289
2021-06-04 00:00:00-04:00;1256.8199462890625;1180.5641
2021-06-07 00:00:00-04:00;1248.77001953125;1176.0117
2021-06-08 00:00:00-04:00;1266.0400390625;1171.4241
2021-06-09 00:00:00-04:00;1269.0899658203125;1170.1268
2021-06-10 00:00:00-04:00;1300.3900146484375;1170.4877
2021-06-11 00:00:00-04:00;1325.47998046875;1175.466
2021-06-14 00:00:00-04:00;1351.8399658203125;1184.1412
2021-06-15 00:00:00-04:00;1358.4200439453125;1195.6211
2021-06-16 00:00:00-04:00;1349.9200439453125;1206.391
2021-06-17 00:00:00-04:00;1368.050048828125;1213.6088
2021-06-18 00:00:00-04:00;1352.8699951171875;1220.7559
2021-06-21 00:00:00-04:00;1364.550048828125;1224.6246
2021-06-22 00:00:00-04:00;1376.989990234375;1228.4548
2021-06-23 00:00:00-04:00;1356.5999755859375;1233.3164
2021-06-24 00:00:00-04:00;1355.4100341796875;1235.057
2021-06-25 00:00:00-04:00;1352.02001953125;1235.4652
2021-06-28 00:00:00-04:00;1381.6700439453125;1235.0693
2021-06-29 00:00:00-04:00;1397.6500244140625;1238.4722
2021-06-30 00:00:00-04:00;1385.3399658203125;1244.4918
2021-07-01 00:00:00-04:00;1381.1300048828125;1248.5245
2021-07-02 00:00:00-04:00;1401.1500244140625;1250.5674
2021-07-06 00:00:00-04:00;1419.6500244140625;1254.1726
2021-07-07 00:00:00-04:00;1435.969970703125;1259.9698
2021-07-08 00:00:00-04:00;1422.4300537109375;1267.3851
2021-07-09 00:00:00-04:00;1435.4100341796875;1272.1073
2021-07-12 00:00:00-04:00;1436.0400390625;1276.7062
2021-07-13 00:00:00-04:00;1442.18994140625;1280.5063
2021-07-14 00:00:00-04:00;1435.56005859375;1284.1854
2021-07-15 00:00:00-04:00;1436.030029296875;1286.3754
2021-07-16 00:00:00-04:00;1448.989990234375;1287.8326
2021-07-19 00:00:00-04:00;1438.6600341796875;1290.4736
2021-07-20 00:00:00-04:00;1443.4100341796875;1291.7783
2021-07-21 00:00:00-04:00;1432.7900390625;1293.0514
2021-07-22 00:00:00-04:00;1459.5899658203125;1292.811
2021-07-23 00:00:00-04:00;1477.1400146484375;1295.4962
2021-07-26 00:00:00-04:00;1471.56005859375;1300.7339
2021-07-27 00:00:00-04:00;1479.8800048828125;1305.0203
2021-07-28 00:00:00-04:00;1487.6400146484375;1309.1132
2021-07-29 00:00:00-04:00;1511.699951171875;1313.2657
2021-07-30 00:00:00-04:00;1473.7099609375;1319.5402
2021-08-02 00:00:00-04:00;1480.1500244140625;1320.7186
2021-08-03 00:00:00-04:00;1496.719970703125;1320.9032
2021-08-04 00:00:00-04:00;1515.260009765625;1322.8402
2021-08-05 00:00:00-04:00;1527.56005859375;1327.283
2021-08-06 00:00:00-04:00;1521.68994140625;1333.1001
2021-08-09 00:00:00-04:00;1523.93994140625;1337.46
2021-08-10 00:00:00-04:00;1515.27001953125;1340.745
2021-08-11 00:00:00-04:00;1498.780029296875;1342.0804
2021-08-12 00:00:00-04:00;1518.1500244140625;1340.721
2021-08-13 00:00:00-04:00;1537.489990234375;1341.1738
2021-08-16 00:00:00-04:00;1558.9100341796875;1344.489
2021-08-17 00:00:00-04:00;1546.25;1350.5553
2021-08-18 00:00:00-04:00;1519.9300537109375;1354.7401
2021-08-19 00:00:00-04:00;1541.5999755859375;1354.4164
2021-08-20 00:00:00-04:00;1530.510009765625;1355.2728
2021-08-23 00:00:00-04:00;1531.9200439453125;1355.2014
2021-08-24 00:00:00-04:00;1525.56005859375;1355.1119
2021-08-25 00:00:00-04:00;1560.6199951171875;1354.3546
2021-08-26 00:00:00-04:00;1556.8900146484375;1357.611
2021-08-27 00:00:00-04:00;1565.6099853515625;1361.0594
2021-08-30 00:00:00-04:00;1588.72998046875;1364.8134
2021-08-31 00:00:00-04:00;1552.8299560546875;1370.4717
2021-09-01 00:00:00-04:00;1552.6700439453125;1371.5311
2021-09-02 00:00:00-04:00;1569.18994140625;1370.9181
2021-09-03 00:00:00-04:00;1575.31005859375;1371.8754
2021-09-07 00:00:00-04:00;1579.449951171875;1373.9698
2021-09-08 00:00:00-04:00;1604.050048828125;1376.5077
2021-09-09 00:00:00-04:00;1584.800048828125;1381.4171
2021-09-10 00:00:00-04:00;1593.989990234375;1383.9318
2021-09-13 00:00:00-04:00;1555.47998046875;1386.1868
2021-09-14 00:00:00-04:00;1559.43994140625;1383.6854
2021-09-15 00:00:00-04:00;1561.1500244140625;1380.6997
2021-09-16 00:00:00-04:00;1554.5899658203125;1378.4982
2021-09-17 00:00:00-04:00;1545.1800537109375;1376.3666
2021-09-20 00:00:00-04:00;1527.18994140625;1373.6394
2021-09-21 00:00:00-04:00;1535.3800048828125;1369.2229
2021-09-22 00:00:00-04:00;1542.780029296875;1366.0614
2021-09-23 00:00:00-04:00;1563.510009765625;1364.7727
2021-09-24 00:00:00-04:00;1556.8399658203125;1366.6377
2021-09-27 00:00:00-04:00;1477.9599609375;1368.254
2021-09-28 00:00:00-04:00;1421.6500244140625;1360.373
2021-09-29 00:00:00-04:00;1408.43994140625;1344.4285
2021-09-30 00:00:00-04:00;1377.3599853515625;1327.5414
2021-10-01 00:00:00-04:00;1389.8699951171875;1310.1364
2021-10-04 00:00:00-04:00;1372.52001953125;1297.4637
2021-10-05 00:00:00-04:00;1384.02001953125;1286.5087
2021-10-06 00:00:00-04:00;1384.5;1279.3429
2021-10-07 00:00:00-04:00;1404.3199462890625;1274.4644
2021-10-08 00:00:00-04:00;1385.300048828125;1273.3638
2021-10-11 00:00:00-04:00;1361.4300537109375;1270.9288
2021-10-12 00:00:00-04:00;1355.25;1265.2628
2021-10-13 00:00:00-04:00;1360.43994140625;1258.7179
2021-10-14 00:00:00-04:00;1399.31005859375;1253.7672
2021-10-15 00:00:00-04:00;1417.75;1255.1805
2021-10-18 00:00:00-04:00;1420.22998046875;1260.5062
2021-10-19 00:00:00-04:00;1430.449951171875;1266.0813
2021-10-20 00:00:00-04:00;1437.3399658203125;1271.6979
2021-10-21 00:00:00-04:00;1436.949951171875;1276.9666
2021-10-22 00:00:00-04:00;1469.75;1281.026
2021-10-25 00:00:00-04:00;1470.719970703125;1288.0194
2021-10-26 00:00:00-04:00;1470.5799560546875;1294.6997
2021-10-27 00:00:00-04:00;1461.8900146484375;1299.9878
2021-10-28 00:00:00-04:00;1479.1500244140625;1302.7961
2021-10-29 00:00:00-04:00;1480.8800048828125;1306.506
2021-11-01 00:00:00-04:00;1444.43994140625;1310.1136
2021-11-02 00:00:00-04:00;1469.8399658203125;1308.6959
2021-11-03 00:00:00-04:00;1471.25;1309.166
2021-11-04 00:00:00-04:00;1484.4000244140625;1310.4478
2021-11-05 00:00:00-04:00;1518.530029296875;1313.4066
2021-11-08 00:00:00-05:00;1543.0;1320.3809
2021-11-09 00:00:00-05:00;1557.510009765625;1330.0529
2021-11-10 00:00:00-05:00;1544.72998046875;1340.2078
2021-11-11 00:00:00-05:00;1521.239990234375;1346.8873
2021-11-12 00:00:00-05:00;1533.5899658203125;1348.4495
2021-11-15 00:00:00-05:00;1515.050048828125;1349.6934
2021-11-16 00:00:00-05:00;1528.510009765625;1348.6969
2021-11-17 00:00:00-05:00;1534.1700439453125;1348.9595
2021-11-18 00:00:00-05:00;1544.1199951171875;1350.3638
2021-11-19 00:00:00-05:00;1552.0699462890625;1353.0675
2021-11-22 00:00:00-05:00;1523.280029296875;1356.5493
2021-11-23 00:00:00-05:00;1524.18994140625;1356.2568
2021-11-24 00:00:00-05:00;1518.25;1354.9406
2021-11-26 00:00:00-05:00;1496.6500244140625;1352.9651
2021-11-29 00:00:00-05:00;1536.219970703125;1348.7819
2021-11-30 00:00:00-05:00;1514.1300048828125;1349.3627
2021-12-01 00:00:00-05:00;1520.449951171875;1348.8185
2021-12-02 00:00:00-05:00;1547.5999755859375;1348.6971
2021-12-03 00:00:00-05:00;1529.530029296875;1351.8004
2021-12-06 00:00:00-05:00;1535.5;1353.1755
2021-12-07 00:00:00-05:00;1566.1500244140625;1354.344
2021-12-08 00:00:00-05:00;1586.1500244140625;1358.7076
2021-12-09 00:00:00-05:00;1582.1600341796875;1365.4811
2021-12-10 00:00:00-05:00;1588.3699951171875;1371.1279
2021-12-13 00:00:00-05:00;1590.199951171875;1375.9216
2021-12-14 00:00:00-05:00;1542.9200439453125;1379.7126
2021-12-15 00:00:00-05:00;1567.0;1377.2341
2021-12-16 00:00:00-05:00;1565.8499755859375;1376.0865
2021-12-17 00:00:00-05:00;1579.3399658203125;1375.6832
2021-12-20 00:00:00-05:00;1554.4300537109375;1377.2394
2021-12-21 00:00:00-05:00;1571.5400390625;1376.3271
2021-12-22 00:00:00-05:00;1604.93994140625;1376.7146
2021-12-23 00:00:00-05:00;1626.22998046875;1381.194
2021-12-27 00:00:00-05:00;1673.4100341796875;1388.4083
2021-12-28 00:00:00-05:00;1675.1700439453125;1400.066
2021-12-29 00:00:00-05:00;1701.989990234375;1410.7646
2021-12-30 00:00:00-05:00;1702.530029296875;1421.7178
2021-12-31 00:00:00-05:00;1697.2099609375;1430.5577
2022-01-03 00:00:00-05:00;1674.8599853515625;1436.4696
2022-01-04 00:00:00-05:00;1640.72998046875;1438.1066
2022-01-05 00:00:00-05:00;1583.1099853515625;1434.7454
2022-01-06 00:00:00-05:00;1602.8499755859375;1424.6821
2022-01-07 00:00:00-05:00;1542.3900146484375;1416.8143
2022-01-10 00:00:00-05:00;1565.989990234375;1405.0836
2022-01-11 00:00:00-05:00;1571.4300537109375;1397.0247
2022-01-12 00:00:00-05:00;1559.6199951171875;1392.4014
2022-01-13 00:00:00-05:00;1503.68994140625;1388.388
2022-01-14 00:00:00-05:00;1512.760009765625;1378.9061
2022-01-18 00:00:00-05:00;1483.75;1370.3176
2022-01-19 00:00:00-05:00;1469.0699462890625;1360.3745
2022-01-20 00:00:00-05:00;1470.530029296875;1350.1633
2022-01-21 00:00:00-05:00;1458.3399658203125;1341.8986
2022-01-24 00:00:00-05:00;1462.6400146484375;1334.3121
2022-01-25 00:00:00-05:00;1413.699951171875;1328.7247
2022-01-26 00:00:00-05:00;1405.530029296875;1318.84
2022-01-27 00:00:00-05:00;1396.449951171875;1308.2998
2022-01-28 00:00:00-05:00;1430.530029296875;1298.3655
2022-01-31 00:00:00-05:00;1472.6800537109375;1294.6112
2022-02-01 00:00:00-05:00;1496.4300537109375;1298.5039
2022-02-02 00:00:00-05:00;1526.0699462890625;1306.5676
2022-02-03 00:00:00-05:00;1495.52001953125;1317.4694
2022-02-04 00:00:00-05:00;1491.9000244140625;1323.0729
2022-02-07 00:00:00-05:00;1499.949951171875;1325.3483
2022-02-08 00:00:00-05:00;1500.68994140625;1327.1555
2022-02-09 00:00:00-05:00;1554.6700439453125;1328.7373
2022-02-10 00:00:00-05:00;1521.699951171875;1336.4474
2022-02-11 00:00:00-05:00;1430.4100341796875;1340.7085
2022-02-14 00:00:00-05:00;1416.1199951171875;1332.3473
2022-02-15 00:00:00-05:00;1429.760009765625;1319.9972
2022-02-16 00:00:00-05:00;1462.199951171875;1310.7429
2022-02-17 00:00:00-05:00;1417.1199951171875;1308.483
2022-02-18 00:00:00-05:00;1408.4599609375;1303.4198
2022-02-22 00:00:00-05:00;1416.75;1297.2085
2022-02-23 00:00:00-05:00;1380.6500244140625;1292.7059
2022-02-24 00:00:00-05:00;1412.3699951171875;1285.1119
2022-02-25 00:00:00-05:00;1447.52001953125;1281.8309
2022-02-28 00:00:00-05:00;1408.739990234375;1284.7964
2022-03-01 00:00:00-05:00;1393.3399658203125;1284.1606
2022-03-02 00:00:00-05:00;1387.300048828125;1280.3918
2022-03-03 00:00:00-05:00;1404.7099609375;1275.5219
2022-03-04 00:00:00-05:00;1388.780029296875;1273.4651
2022-03-07 00:00:00-05:00;1339.43994140625;1270.7103
2022-03-08 00:00:00-05:00;1317.0999755859375;1262.0242
2022-03-09 00:00:00-05:00;1388.2900390625;1250.2662
2022-03-10 00:00:00-05:00;1338.3399658203125;1248.934
2022-03-11 00:00:00-05:00;1311.219970703125;1244.7521
2022-03-14 00:00:00-04:00;1289.3199462890625;1236.8387
2022-03-15 00:00:00-04:00;1319.449951171875;1226.253
2022-03-16 00:00:00-04:00;1358.8399658203125;1220.7599
2022-03-17 00:00:00-04:00;1389.1300048828125;1223.034
2022-03-18 00:00:00-04:00;1405.22998046875;1231.0302
2022-03-21 00:00:00-04:00;1394.6099853515625;1240.9531
2022-03-22 00:00:00-04:00;1399.5899658203125;1247.8217
2022-03-23 00:00:00-04:00;1359.31005859375;1252.8846
2022-03-24 00:00:00-04:00;1379.5;1251.2808
2022-03-25 00:00:00-04:00;1388.3900146484375;1250.6744
2022-03-28 00:00:00-04:00;1395.68994140625;1251.838
2022-03-29 00:00:00-04:00;1423.280029296875;1254.414
2022-03-30 00:00:00-04:00;1405.739990234375;1260.453
2022-03-31 00:00:00-04:00;1373.18994140625;1264.1182
2022-04-01 00:00:00-04:00;1371.6300048828125;1262.2029
2022-04-04 00:00:00-04:00;1357.4300537109375;1258.7849
2022-04-05 00:00:00-04:00;1349.010009765625;1253.9225
2022-04-06 00:00:00-04:00;1327.8599853515625;1248.6328
2022-04-07 00:00:00-04:00;1368.739990234375;1241.6034
2022-04-08 00:00:00-04:00;1381.8399658203125;1240.6781
2022-04-11 00:00:00-04:00;1348.0;1243.4778
2022-04-12 00:00:00-04:00;1313.77001953125;1242.3904
2022-04-13 00:00:00-04:00;1342.5899658203125;1235.7224
2022-04-14 00:00:00-04:00;1318.3599853515625;1232.2874
2022-04-18 00:00:00-04:00;1304.5799560546875;1227.443
2022-04-19 00:00:00-04:00;1331.0400390625;1221.3069
2022-04-20 00:00:00-04:00;1362.449951171875;1219.3607
2022-04-21 00:00:00-04:00;1326.22998046875;1223.1597
2022-04-22 00:00:00-04:00;1284.6300048828125;1223.1119
2022-04-25 00:00:00-04:00;1302.5899658203125;1216.2672
2022-04-26 00:00:00-04:00;1254.7900390625;1210.9316
2022-04-27 00:00:00-04:00;1258.0699462890625;1200.859
2022-04-28 00:00:00-04:00;1293.510009765625;1191.7296
2022-04-29 00:00:00-04:00;1277.530029296875;1189.3987
2022-05-02 00:00:00-04:00;1293.02001953125;1187.4355
2022-05-03 00:00:00-04:00;1334.3699951171875;1187.8623
2022-05-04 00:00:00-04:00;1379.6199951171875;1194.2822
2022-05-05 00:00:00-04:00;1311.3499755859375;1207.1249
2022-05-06 00:00:00-04:00;1315.9000244140625;1210.0953
2022-05-09 00:00:00-04:00;1196.0699462890625;1209.9612
2022-05-10 00:00:00-04:00;1219.6400146484375;1193.0575
2022-05-11 00:00:00-04:00;1179.4000244140625;1177.5254
2022-05-12 00:00:00-04:00;1213.1199951171875;1160.2135
2022-05-13 00:00:00-04:00;1255.1099853515625;1150.4547
2022-05-16 00:00:00-04:00;1233.510009765625;1150.671
2022-05-17 00:00:00-04:00;1236.3800048828125;1150.6985
2022-05-18 00:00:00-04:00;1194.52001953125;1150.6611
2022-05-19 00:00:00-04:00;1219.7099609375;1144.4906
2022-05-20 00:00:00-04:00;1238.5799560546875;1140.9729
2022-05-23 00:00:00-04:00;1247.47998046875;1141.5475
2022-05-24 00:00:00-04:00;1231.4599609375;1144.4844
2022-05-25 00:00:00-04:00;1230.010009765625;1145.2247
2022-05-26 00:00:00-04:00;1258.469970703125;1144.8447
2022-05-27 00:00:00-04:00;1326.52001953125;1148.124
2022-05-31 00:00:00-04:00;1286.1199951171875;1161.3163
2022-06-01 00:00:00-04:00;1263.4000244140625;1169.275
2022-06-02 00:00:00-04:00;1326.3199462890625;1170.8978
2022-06-03 00:00:00-04:00;1298.9000244140625;1178.8579
2022-06-06 00:00:00-04:00;1304.0899658203125;1183.6244
2022-06-07 00:00:00-04:00;1315.31005859375;1187.3262
2022-06-08 00:00:00-04:00;1294.3199462890625;1191.5631
2022-06-09 00:00:00-04:00;1254.5400390625;1192.4573
2022-06-10 00:00:00-04:00;1200.43994140625;1186.9342
2022-06-13 00:00:00-04:00;1172.75;1173.3262
2022-06-14 00:00:00-04:00;1157.6300048828125;1156.183
2022-06-15 00:00:00-04:00;1167.25;1139.2609
2022-06-16 00:00:00-04:00;1118.52001953125;1127.03
2022-06-17 00:00:00-04:00;1097.800048828125;1111.6418
2022-06-21 00:00:00-04:00;1097.5699462890625;1094.9402
2022-06-22 00:00:00-04:00;1101.72998046875;1080.6208
2022-06-23 00:00:00-04:00;1132.4000244140625;1070.0938
2022-06-24 00:00:00-04:00;1146.9000244140625;1066.92
2022-06-27 00:00:00-04:00;1144.239990234375;1068.4073
2022-06-28 00:00:00-04:00;1130.77001953125;1070.2748
2022-06-29 00:00:00-04:00;1146.02001953125;1069.5938
2022-06-30 00:00:00-04:00;1148.77001953125;1070.3009
2022-07-01 00:00:00-04:00;1161.8499755859375;1071.6477
2022-07-05 00:00:00-04:00;1175.469970703125;1074.8475
2022-07-06 00:00:00-04:00;1171.5999755859375;1079.9797
2022-07-07 00:00:00-04:00;1207.300048828125;1084.1466
2022-07-08 00:00:00-04:00;1221.280029296875;1092.3956
2022-07-11 00:00:00-04:00;1222.8299560546875;1102.3103
2022-07-12 00:00:00-04:00;1190.56005859375;1111.0371
2022-07-13 00:00:00-04:00;1172.3399658203125;1113.1284
2022-07-14 00:00:00-04:00;1138.219970703125;1110.3235
2022-07-15 00:00:00-04:00;1158.9599609375;1101.8997
2022-07-18 00:00:00-04:00;1122.800048828125;1096.5668
2022-07-19 00:00:00-04:00;1156.8699951171875;1088.2081
2022-07-20 00:00:00-04:00;1166.4200439453125;1085.4941
2022-07-21 00:00:00-04:00;1240.2900390625;1086.3842
2022-07-22 00:00:00-04:00;1224.1400146484375;1098.7715
2022-07-25 00:00:00-04:00;1230.219970703125;1109.6517
2022-07-26 00:00:00-04:00;1235.8499755859375;1118.5741
2022-07-27 00:00:00-04:00;1273.56005859375;1125.8024
2022-07-28 00:00:00-04:00;1298.9599609375;1136.4692
2022-07-29 00:00:00-04:00;1349.72998046875;1149.7157
2022-08-01 00:00:00-04:00;1350.8299560546875;1168.1974
2022-08-02 00:00:00-04:00;1340.3199462890625;1184.6848
2022-08-03 00:00:00-04:00;1359.9200439453125;1195.9131
2022-08-04 00:00:00-04:00;1346.8800048828125;1206.0916
2022-08-05 00:00:00-04:00;1347.719970703125;1212.4669
2022-08-08 00:00:00-04:00;1342.1099853515625;1216.8538
2022-08-09 00:00:00-04:00;1314.6300048828125;1219.313
2022-08-10 00:00:00-04:00;1346.780029296875;1217.3611
2022-08-11 00:00:00-04:00;1346.7900390625;1218.8802
2022-08-12 00:00:00-04:00;1364.0999755859375;1221.3423
2022-08-15 00:00:00-04:00;1366.3900146484375;1225.9553
2022-08-16 00:00:00-04:00;1356.0999755859375;1230.584
2022-08-17 00:00:00-04:00;1356.5999755859375;1232.9404
2022-08-18 00:00:00-04:00;1358.719970703125;1234.1982
2022-08-19 00:00:00-04:00;1333.800048828125;1235.2012
2022-08-22 00:00:00-04:00;1308.27001953125;1232.7825
2022-08-23 00:00:00-04:00;1282.8299560546875;1226.5349
2022-08-24 00:00:00-04:00;1296.760009765625;1217.071
2022-08-25 00:00:00-04:00;1323.9599609375;1210.3673
2022-08-26 00:00:00-04:00;1251.9100341796875;1209.4803
2022-08-29 00:00:00-04:00;1232.3699951171875;1200.9702
2022-08-30 00:00:00-04:00;1223.719970703125;1188.9424
2022-08-31 00:00:00-04:00;1212.4599609375;1176.8464
2022-09-01 00:00:00-04:00;1208.3299560546875;1165.5121
2022-09-02 00:00:00-04:00;1195.02001953125;1155.9241
2022-09-06 00:00:00-04:00;1222.7099609375;1146.7064
2022-09-07 00:00:00-04:00;1250.47998046875;1142.9867
2022-09-08 00:00:00-04:00;1284.31005859375;1145.3138
2022-09-09 00:00:00-04:00;1300.949951171875;1153.464
2022-09-12 00:00:00-04:00;1314.3900146484375;1163.7566
2022-09-13 00:00:00-04:00;1270.6300048828125;1174.232
2022-09-14 00:00:00-04:00;1250.050048828125;1176.5845
2022-09-15 00:00:00-04:00;1243.7900390625;1173.2412
2022-09-16 00:00:00-04:00;1198.5;1168.1333
2022-09-19 00:00:00-04:00;1204.8199462890625;1157.5515
2022-09-20 00:00:00-04:00;1167.550048828125;1148.3708
2022-09-21 00:00:00-04:00;1160.06005859375;1136.3439
2022-09-22 00:00:00-04:00;1135.530029296875;1124.7009
2022-09-23 00:00:00-04:00;1132.010009765625;1111.8594
2022-09-26 00:00:00-04:00;1117.8499755859375;1100.4562
2022-09-27 00:00:00-04:00;1104.280029296875;1089.4603
2022-09-28 00:00:00-04:00;1109.0999755859375;1078.5032
2022-09-29 00:00:00-04:00;1096.8800048828125;1070.0891
2022-09-30 00:00:00-04:00;1084.1199951171875;1062.0496
2022-10-03 00:00:00-04:00;1133.3599853515625;1053.5393
2022-10-04 00:00:00-04:00;1179.2099609375;1053.5388
2022-10-05 00:00:00-04:00;1202.469970703125;1062.7557
2022-10-06 00:00:00-04:00;1203.1800537109375;1076.1588
2022-10-07 00:00:00-04:00;1156.8900146484375;1087.9946
2022-10-10 00:00:00-04:00;1127.0799560546875;1090.1498
2022-10-11 00:00:00-04:00;1113.260009765625;1084.6693
2022-10-12 00:00:00-04:00;1102.6700439453125;1076.1129
2022-10-13 00:00:00-04:00;1131.6300048828125;1067.0117
2022-10-14 00:00:00-04:00;1117.030029296875;1063.9493
2022-10-17 00:00:00-04:00;1173.1199951171875;1061.2917
2022-10-18 00:00:00-04:00;1200.0;1067.441
2022-10-19 00:00:00-04:00;1166.969970703125;1078.8644
2022-10-20 00:00:00-04:00;1143.9000244140625;1084.6534
2022-10-21 00:00:00-04:00;1174.3800048828125;1084.0938
2022-10-24 00:00:00-04:00;1197.1400146484375;1086.1262
2022-10-25 00:00:00-04:00;1230.8900146484375;1092.0115
2022-10-26 00:00:00-04:00;1262.8299560546875;1102.8994
2022-10-27 00:00:00-04:00;1253.0799560546875;1117.7078
2022-10-28 00:00:00-04:00;1264.550048828125;1129.3137
2022-10-31 00:00:00-04:00;1264.9300537109375;1139.2626
2022-11-01 00:00:00-04:00;1280.8399658203125;1146.8875
2022-11-02 00:00:00-04:00;1238.81005859375;1154.7136
2022-11-03 00:00:00-04:00;1225.8699951171875;1155.4581
2022-11-04 00:00:00-04:00;1284.510009765625;1152.3356
2022-11-07 00:00:00-05:00;1298.7099609375;1156.9622
2022-11-08 00:00:00-05:00;1350.9599609375;1165.2079
2022-11-09 00:00:00-05:00;1336.22998046875;1180.0833
2022-11-10 00:00:00-05:00;1449.1500244140625;1191.8491
2022-11-11 00:00:00-05:00;1464.3800048828125;1215.3228
2022-11-14 00:00:00-05:00;1442.800048828125;1239.322
2022-11-15 00:00:00-05:00;1408.030029296875;1255.7598
2022-11-16 00:00:00-05:00;1395.75;1262.2521
2022-11-17 00:00:00-05:00;1388.8299560546875;1263.2251
2022-11-18 00:00:00-05:00;1401.31005859375;1261.945
2022-11-21 00:00:00-05:00;1391.9300537109375;1262.2871
2022-11-22 00:00:00-05:00;1439.75;1262.2081
2022-11-23 00:00:00-05:00;1441.3199462890625;1268.2098
2022-11-25 00:00:00-05:00;1449.68994140625;1275.1068
2022-11-28 00:00:00-05:00;1439.8900146484375;1281.8927
2022-11-29 00:00:00-05:00;1412.2099609375;1285.9995
2022-11-30 00:00:00-05:00;1469.56005859375;1285.072
2022-12-01 00:00:00-05:00;1490.3299560546875;1289.9608
2022-12-02 00:00:00-05:00;1486.0999755859375;1298.3468
2022-12-05 00:00:00-05:00;1454.3699951171875;1305.6294
2022-12-06 00:00:00-05:00;1453.800048828125;1307.2106
2022-12-07 00:00:00-05:00;1461.5699462890625;1306.6953
2022-12-08 00:00:00-05:00;1482.72998046875;1306.7487
2022-12-09 00:00:00-05:00;1455.56005859375;1309.7157
2022-12-12 00:00:00-05:00;1484.8900146484375;1309.8041
2022-12-13 00:00:00-05:00;1513.02001953125;1312.5294
2022-12-14 00:00:00-05:00;1474.760009765625;1318.9233
2022-12-15 00:00:00-05:00;1418.0699462890625;1320.6
2022-12-16 00:00:00-05:00;1428.18994140625;1313.6506
2022-12-19 00:00:00-05:00;1397.9300537109375;1306.6437
2022-12-20 00:00:00-05:00;1405.050048828125;1297.5547
2022-12-21 00:00:00-05:00;1444.02001953125;1290.6
2022-12-22 00:00:00-05:00;1438.43994140625;1290.4928
2022-12-23 00:00:00-05:00;1439.050048828125;1291.7737
2022-12-27 00:00:00-05:00;1447.239990234375;1293.0792
2022-12-28 00:00:00-05:00;1430.1800537109375;1294.9202
2022-12-29 00:00:00-05:00;1467.1099853515625;1294.3616
2022-12-30 00:00:00-05:00;1445.449951171875;1297.634
2023-01-03 00:00:00-05:00;1461.8699951171875;1298.7872
2023-01-04 00:00:00-05:00;1491.5699462890625;1301.0391
2023-01-05 00:00:00-05:00;1489.510009765625;1306.7732
2023-01-06 00:00:00-05:00;1449.5699462890625;1312.1901
2023-01-09 00:00:00-05:00;1456.4100341796875;1311.5825
2023-01-10 00:00:00-05:00;1520.8599853515625;1310.0687
2023-01-11 00:00:00-05:00;1553.72998046875;1316.4763
2023-01-12 00:00:00-05:00;1536.2099609375;1328.0576
2023-01-13 00:00:00-05:00;1557.780029296875;1336.7112
2023-01-17 00:00:00-05:00;1531.300048828125;1345.1036
2023-01-18 00:00:00-05:00;1539.6500244140625;1348.6654
2023-01-19 00:00:00-05:00;1518.4599609375;1351.1255
2023-01-20 00:00:00-05:00;1561.530029296875;1350.5082
2023-01-23 00:00:00-05:00;1576.6800537109375;1354.241
2023-01-24 00:00:00-05:00;1532.6199951171875;1360.4813
