Date;NTAP;close_predicted
2017-10-27 00:00:00-04:00;44.0099983215332;44.204327
2017-10-30 00:00:00-04:00;43.52000045776367;44.019783
2017-10-31 00:00:00-04:00;44.41999816894531;43.618904
2017-11-01 00:00:00-04:00;44.529998779296875;44.13864
2017-11-02 00:00:00-04:00;44.25;44.42014
2017-11-03 00:00:00-04:00;44.2400016784668;44.309116
2017-11-06 00:00:00-05:00;45.0;44.245594
2017-11-07 00:00:00-05:00;44.650001525878906;44.758106
2017-11-08 00:00:00-05:00;45.33000183105469;44.677414
2017-11-09 00:00:00-05:00;46.29999923706055;45.1171
2017-11-10 00:00:00-05:00;46.34000015258789;45.955307
2017-11-13 00:00:00-05:00;46.0;46.243034
2017-11-14 00:00:00-05:00;45.619998931884766;46.050323
2017-11-15 00:00:00-05:00;45.81999969482422;45.675846
2017-11-16 00:00:00-05:00;53.11000061035156;45.6822
2017-11-17 00:00:00-05:00;52.95000076293945;51.052902
2017-11-20 00:00:00-05:00;54.72999954223633;52.638927
2017-11-21 00:00:00-05:00;55.08000183105469;54.28412
2017-11-22 00:00:00-05:00;56.04999923706055;54.849335
2017-11-24 00:00:00-05:00;56.40999984741211;55.575985
2017-11-27 00:00:00-05:00;56.22999954223633;55.94657
2017-11-28 00:00:00-05:00;56.79999923706055;55.853786
2017-11-29 00:00:00-05:00;56.22999954223633;56.23645
2017-11-30 00:00:00-05:00;56.5099983215332;55.924103
2017-12-01 00:00:00-05:00;56.40999984741211;56.06404
2017-12-04 00:00:00-05:00;55.93000030517578;56.05492
2017-12-05 00:00:00-05:00;56.13999938964844;55.709606
2017-12-06 00:00:00-05:00;57.209999084472656;55.782516
2017-12-07 00:00:00-05:00;57.529998779296875;56.62679
2017-12-08 00:00:00-05:00;58.2599983215332;57.110237
2017-12-11 00:00:00-05:00;58.58000183105469;57.774105
2017-12-12 00:00:00-05:00;57.79999923706055;58.15859
2017-12-13 00:00:00-05:00;57.779998779296875;57.61811
2017-12-14 00:00:00-05:00;57.369998931884766;57.411602
2017-12-15 00:00:00-05:00;57.27000045776367;57.03261
2017-12-18 00:00:00-05:00;57.72999954223633;56.8639
2017-12-19 00:00:00-05:00;57.90999984741211;57.193893
2017-12-20 00:00:00-05:00;57.040000915527344;57.449722
2017-12-21 00:00:00-05:00;56.209999084472656;56.869072
2017-12-22 00:00:00-05:00;56.29999923706055;56.075085
2017-12-26 00:00:00-05:00;55.86000061035156;55.926296
2017-12-27 00:00:00-05:00;56.150001525878906;55.580395
2017-12-28 00:00:00-05:00;55.79999923706055;55.7287
2017-12-29 00:00:00-05:00;55.31999969482422;55.531975
2018-01-02 00:00:00-05:00;55.56999969482422;55.1235
2018-01-03 00:00:00-05:00;57.06999969482422;55.199303
2018-01-04 00:00:00-05:00;57.810001373291016;56.365158
2018-01-05 00:00:00-05:00;58.849998474121094;57.258663
2018-01-08 00:00:00-05:00;59.650001525878906;58.264957
2018-01-09 00:00:00-05:00;59.66999816894531;59.092693
2018-01-10 00:00:00-05:00;60.650001525878906;59.257385
2018-01-11 00:00:00-05:00;61.810001373291016;59.986107
2018-01-12 00:00:00-05:00;62.77000045776367;61.02864
2018-01-16 00:00:00-05:00;62.27000045776367;62.007526
2018-01-17 00:00:00-05:00;63.59000015258789;61.827778
2018-01-18 00:00:00-05:00;63.29999923706055;62.766113
2018-01-19 00:00:00-05:00;63.09000015258789;62.750233
2018-01-22 00:00:00-05:00;63.52000045776367;62.562115
2018-01-23 00:00:00-05:00;63.84000015258789;62.841393
2018-01-24 00:00:00-05:00;62.93000030517578;63.166016
2018-01-25 00:00:00-05:00;62.4900016784668;62.544273
2018-01-26 00:00:00-05:00;63.34000015258789;62.049267
2018-01-29 00:00:00-05:00;62.79999923706055;62.597797
2018-01-30 00:00:00-05:00;62.310001373291016;62.338287
2018-01-31 00:00:00-05:00;61.5;61.902187
2018-02-01 00:00:00-05:00;62.15999984741211;61.1692
2018-02-02 00:00:00-05:00;60.220001220703125;61.502758
2018-02-05 00:00:00-05:00;56.810001373291016;60.11598
2018-02-06 00:00:00-05:00;58.13999938964844;57.176674
2018-02-07 00:00:00-05:00;57.630001068115234;57.42346
2018-02-08 00:00:00-05:00;55.849998474121094;57.21147
2018-02-09 00:00:00-05:00;56.16999816894531;55.887535
2018-02-12 00:00:00-05:00;57.72999954223633;55.802303
2018-02-13 00:00:00-05:00;58.7400016784668;57.006157
2018-02-14 00:00:00-05:00;60.63999938964844;58.134804
2018-02-15 00:00:00-05:00;57.66999816894531;59.86985
2018-02-16 00:00:00-05:00;56.5099983215332;57.982254
2018-02-20 00:00:00-05:00;58.08000183105469;56.49633
2018-02-21 00:00:00-05:00;58.540000915527344;57.24717
2018-02-22 00:00:00-05:00;58.59000015258789;57.855556
2018-02-23 00:00:00-05:00;59.619998931884766;58.10051
2018-02-26 00:00:00-05:00;60.40999984741211;58.96577
2018-02-27 00:00:00-05:00;60.400001525878906;59.794785
2018-02-28 00:00:00-05:00;60.54999923706055;59.971584
2018-03-01 00:00:00-05:00;60.599998474121094;60.084465
2018-03-02 00:00:00-05:00;60.7599983215332;60.11206
2018-03-05 00:00:00-05:00;62.189998626708984;60.219288
2018-03-06 00:00:00-05:00;63.79999923706055;61.346035
2018-03-07 00:00:00-05:00;63.349998474121094;62.888237
2018-03-08 00:00:00-05:00;63.880001068115234;62.897373
2018-03-09 00:00:00-05:00;65.26000213623047;63.258167
2018-03-12 00:00:00-04:00;64.52999877929688;64.3789
2018-03-13 00:00:00-04:00;64.83000183105469;64.04187
2018-03-14 00:00:00-04:00;64.55000305175781;64.16177
2018-03-15 00:00:00-04:00;63.66999816894531;63.955612
2018-03-16 00:00:00-04:00;63.93000030517578;63.21951
2018-03-19 00:00:00-04:00;62.84000015258789;63.258537
2018-03-20 00:00:00-04:00;63.310001373291016;62.453133
2018-03-21 00:00:00-04:00;64.11000061035156;62.65072
2018-03-22 00:00:00-04:00;62.15999984741211;63.359856
2018-03-23 00:00:00-04:00;61.150001525878906;62.035866
2018-03-26 00:00:00-04:00;63.29999923706055;60.91679
2018-03-27 00:00:00-04:00;61.189998626708984;62.306274
2018-03-28 00:00:00-04:00;59.470001220703125;61.058273
2018-03-29 00:00:00-04:00;61.689998626708984;59.42564
2018-04-02 00:00:00-04:00;59.15999984741211;60.720318
2018-04-03 00:00:00-04:00;60.630001068115234;59.162563
2018-04-04 00:00:00-04:00;62.11000061035156;59.8972
2018-04-05 00:00:00-04:00;62.900001525878906;61.265118
2018-04-06 00:00:00-04:00;63.11000061035156;62.231434
2018-04-09 00:00:00-04:00;63.58000183105469;62.594337
2018-04-10 00:00:00-04:00;66.05999755859375;62.980293
2018-04-11 00:00:00-04:00;66.13999938964844;64.95684
2018-04-12 00:00:00-04:00;67.56999969482422;65.44252
2018-04-13 00:00:00-04:00;67.47000122070312;66.6248
2018-04-16 00:00:00-04:00;68.2699966430664;66.7575
2018-04-17 00:00:00-04:00;69.55000305175781;67.37026
2018-04-18 00:00:00-04:00;69.22000122070312;68.49777
2018-04-19 00:00:00-04:00;69.01000213623047;68.46365
2018-04-20 00:00:00-04:00;68.66000366210938;68.26844
2018-04-23 00:00:00-04:00;68.3499984741211;67.934326
2018-04-24 00:00:00-04:00;67.8499984741211;67.62027
2018-04-25 00:00:00-04:00;67.25;67.177475
2018-04-26 00:00:00-04:00;67.45999908447266;66.635086
2018-04-27 00:00:00-04:00;67.4000015258789;66.7127
2018-04-30 00:00:00-04:00;66.58000183105469;66.71637
2018-05-01 00:00:00-04:00;67.8499984741211;66.0882
2018-05-02 00:00:00-04:00;67.4000015258789;66.95338
2018-05-03 00:00:00-04:00;67.19000244140625;66.79625
2018-05-04 00:00:00-04:00;68.01000213623047;66.57983
2018-05-07 00:00:00-04:00;68.83999633789062;67.16125
2018-05-08 00:00:00-04:00;69.62999725341797;67.94035
2018-05-09 00:00:00-04:00;71.16999816894531;68.727264
2018-05-10 00:00:00-04:00;71.83000183105469;70.10386
2018-05-11 00:00:00-04:00;72.2699966430664;70.882095
2018-05-14 00:00:00-04:00;70.73999786376953;71.339005
2018-05-15 00:00:00-04:00;70.54000091552734;70.14079
2018-05-16 00:00:00-04:00;70.68000030517578;69.69228
2018-05-17 00:00:00-04:00;69.88999938964844;69.71747
2018-05-18 00:00:00-04:00;69.0999984741211;69.13474
2018-05-21 00:00:00-04:00;68.44999694824219;68.4289
2018-05-22 00:00:00-04:00;67.0199966430664;67.80224
2018-05-23 00:00:00-04:00;66.79000091552734;66.573715
2018-05-24 00:00:00-04:00;68.08000183105469;66.15607
2018-05-25 00:00:00-04:00;67.1500015258789;67.13093
2018-05-29 00:00:00-04:00;66.95999908447266;66.653404
2018-05-30 00:00:00-04:00;68.2300033569336;66.39367
2018-05-31 00:00:00-04:00;68.31999969482422;67.32366
2018-06-01 00:00:00-04:00;69.70999908447266;67.588326
2018-06-04 00:00:00-04:00;71.2699966430664;68.72777
2018-06-05 00:00:00-04:00;72.8499984741211;70.19206
2018-06-06 00:00:00-04:00;74.91000366210938;71.72686
2018-06-07 00:00:00-04:00;74.0;73.64769
2018-06-08 00:00:00-04:00;74.3499984741211;73.19385
2018-06-11 00:00:00-04:00;75.58999633789062;73.30564
2018-06-12 00:00:00-04:00;76.16999816894531;74.28788
2018-06-13 00:00:00-04:00;76.11000061035156;74.94232
2018-06-14 00:00:00-04:00;77.5;75.02269
2018-06-15 00:00:00-04:00;77.69999694824219;76.1836
2018-06-18 00:00:00-04:00;78.19000244140625;76.55569
2018-06-19 00:00:00-04:00;77.88999938964844;77.01501
2018-06-20 00:00:00-04:00;78.16000366210938;76.82609
2018-06-21 00:00:00-04:00;77.75;76.99567
2018-06-22 00:00:00-04:00;76.95999908447266;76.67757
2018-06-25 00:00:00-04:00;76.94000244140625;75.97384
2018-06-26 00:00:00-04:00;77.93000030517578;75.84526
2018-06-27 00:00:00-04:00;76.33999633789062;76.66509
2018-06-28 00:00:00-04:00;77.30999755859375;75.52857
2018-06-29 00:00:00-04:00;78.52999877929688;76.13034
2018-07-02 00:00:00-04:00;79.18000030517578;77.2493
2018-07-03 00:00:00-04:00;77.29000091552734;77.97998
2018-07-05 00:00:00-04:00;77.77999877929688;76.51277
2018-07-06 00:00:00-04:00;78.7699966430664;76.616234
2018-07-09 00:00:00-04:00;79.38999938964844;77.434296
2018-07-10 00:00:00-04:00;79.23999786376953;78.10179
2018-07-11 00:00:00-04:00;79.58999633789062;78.09632
2018-07-12 00:00:00-04:00;81.8499984741211;78.371506
2018-07-13 00:00:00-04:00;82.69999694824219;80.28677
2018-07-16 00:00:00-04:00;81.8499984741211;81.28938
2018-07-17 00:00:00-04:00;82.43000030517578;80.692505
2018-07-18 00:00:00-04:00;82.2300033569336;81.03445
2018-07-19 00:00:00-04:00;82.31999969482422;80.88228
2018-07-20 00:00:00-04:00;82.01000213623047;80.93124
2018-07-23 00:00:00-04:00;81.38999938964844;80.69455
2018-07-24 00:00:00-04:00;78.5999984741211;80.16126
2018-07-25 00:00:00-04:00;81.41999816894531;77.78241
2018-07-26 00:00:00-04:00;81.29000091552734;79.76812
2018-07-27 00:00:00-04:00;79.44999694824219;80.04043
2018-07-30 00:00:00-04:00;77.29000091552734;78.58531
2018-07-31 00:00:00-04:00;77.5199966430664;76.55118
2018-08-01 00:00:00-04:00;78.55000305175781;76.37656
2018-08-02 00:00:00-04:00;80.55999755859375;77.23356
2018-08-03 00:00:00-04:00;81.68000030517578;79.109764
2018-08-06 00:00:00-04:00;81.91999816894531;80.37448
2018-08-07 00:00:00-04:00;81.98999786376953;80.72715
2018-08-08 00:00:00-04:00;82.97000122070312;80.749596
2018-08-09 00:00:00-04:00;82.58999633789062;81.491486
2018-08-10 00:00:00-04:00;81.94999694824219;81.23448
2018-08-13 00:00:00-04:00;80.31999969482422;80.641075
2018-08-14 00:00:00-04:00;82.76000213623047;79.19412
2018-08-15 00:00:00-04:00;82.47000122070312;81.04121
2018-08-16 00:00:00-04:00;79.51000213623047;81.145645
2018-08-17 00:00:00-04:00;81.16000366210938;78.729576
2018-08-20 00:00:00-04:00;82.37000274658203;79.717995
2018-08-21 00:00:00-04:00;81.9000015258789;80.90812
2018-08-22 00:00:00-04:00;82.72000122070312;80.72103
2018-08-23 00:00:00-04:00;83.16000366210938;81.370766
2018-08-24 00:00:00-04:00;84.23999786376953;81.80344
2018-08-27 00:00:00-04:00;84.97000122070312;82.74309
2018-08-28 00:00:00-04:00;85.94000244140625;83.46364
2018-08-29 00:00:00-04:00;86.25;84.354576
2018-08-30 00:00:00-04:00;86.81999969482422;84.70338
2018-08-31 00:00:00-04:00;86.80999755859375;85.20201
2018-09-04 00:00:00-04:00;87.91999816894531;85.23349
2018-09-05 00:00:00-04:00;83.31999969482422;86.17672
2018-09-06 00:00:00-04:00;83.41000366210938;82.39183
2018-09-07 00:00:00-04:00;83.11000061035156;81.950005
2018-09-10 00:00:00-04:00;83.55999755859375;81.683395
2018-09-11 00:00:00-04:00;85.12000274658203;82.11987
2018-09-12 00:00:00-04:00;85.19000244140625;83.58841
2018-09-13 00:00:00-04:00;85.5;83.88275
2018-09-14 00:00:00-04:00;85.7699966430664;84.1521
2018-09-17 00:00:00-04:00;83.44000244140625;84.34859
2018-09-18 00:00:00-04:00;85.30999755859375;82.33657
2018-09-19 00:00:00-04:00;83.98999786376953;83.59537
2018-09-20 00:00:00-04:00;85.36000061035156;82.66398
2018-09-21 00:00:00-04:00;86.8499984741211;83.72568
2018-09-24 00:00:00-04:00;86.4000015258789;85.17331
2018-09-25 00:00:00-04:00;86.19000244140625;84.9884
2018-09-26 00:00:00-04:00;86.11000061035156;84.75761
2018-09-27 00:00:00-04:00;85.6500015258789;84.61643
2018-09-28 00:00:00-04:00;85.88999938964844;84.18475
2018-10-01 00:00:00-04:00;86.1500015258789;84.33603
2018-10-02 00:00:00-04:00;85.66999816894531;84.59992
2018-10-03 00:00:00-04:00;85.7699966430664;84.249886
2018-10-04 00:00:00-04:00;83.91000366210938;84.29912
2018-10-05 00:00:00-04:00;82.31999969482422;82.73279
2018-10-08 00:00:00-04:00;80.08999633789062;81.177956
2018-10-09 00:00:00-04:00;79.7300033569336;79.105865
2018-10-10 00:00:00-04:00;75.63999938964844;78.53209
2018-10-11 00:00:00-04:00;73.95999908447266;75.15488
2018-10-12 00:00:00-04:00;76.91999816894531;73.268585
2018-10-15 00:00:00-04:00;75.33000183105469;75.4265
2018-10-16 00:00:00-04:00;77.91999816894531;74.62803
2018-10-17 00:00:00-04:00;79.06999969482422;76.646034
2018-10-18 00:00:00-04:00;78.04000091552734;77.9254
2018-10-19 00:00:00-04:00;77.56999969482422;77.201904
2018-10-22 00:00:00-04:00;80.31999969482422;76.578865
2018-10-23 00:00:00-04:00;77.38999938964844;78.67147
2018-10-24 00:00:00-04:00;74.19999694824219;76.571884
2018-10-25 00:00:00-04:00;76.23999786376953;73.601265
2018-10-26 00:00:00-04:00;71.81999969482422;74.73623
2018-10-29 00:00:00-04:00;71.91000366210938;71.4555
2018-10-30 00:00:00-04:00;76.55999755859375;70.984055
2018-10-31 00:00:00-04:00;78.48999786376953;74.786026
2018-11-01 00:00:00-04:00;79.48999786376953;77.198166
2018-11-02 00:00:00-04:00;78.91000366210938;78.433334
2018-11-05 00:00:00-05:00;80.12000274658203;78.027405
2018-11-06 00:00:00-05:00;80.31999969482422;78.804146
2018-11-07 00:00:00-05:00;82.81999969482422;78.98844
2018-11-08 00:00:00-05:00;82.83999633789062;81.069565
2018-11-09 00:00:00-05:00;81.66000366210938;81.40173
2018-11-12 00:00:00-05:00;78.87000274658203;80.45337
2018-11-13 00:00:00-05:00;78.88999938964844;77.97259
2018-11-14 00:00:00-05:00;78.02999877929688;77.59608
2018-11-15 00:00:00-05:00;68.87999725341797;76.89715
2018-11-16 00:00:00-05:00;71.9000015258789;69.489075
2018-11-19 00:00:00-05:00;67.27999877929688;70.503845
2018-11-20 00:00:00-05:00;67.66999816894531;67.21472
2018-11-21 00:00:00-05:00;65.91000366210938;66.9669
2018-11-23 00:00:00-05:00;65.66000366210938;65.65558
2018-11-26 00:00:00-05:00;67.76000213623047;65.22638
2018-11-27 00:00:00-05:00;67.2699966430664;66.81761
2018-11-28 00:00:00-05:00;69.4800033569336;66.78873
2018-11-29 00:00:00-05:00;67.4000015258789;68.480896
2018-11-30 00:00:00-05:00;66.87000274658203;67.11527
2018-12-03 00:00:00-05:00;69.93000030517578;66.29992
2018-12-04 00:00:00-05:00;67.97000122070312;68.504776
2018-12-06 00:00:00-05:00;68.4800033569336;67.439606
2018-12-07 00:00:00-05:00;64.38999938964844;67.60985
2018-12-10 00:00:00-05:00;65.62999725341797;64.43292
2018-12-11 00:00:00-05:00;64.19999694824219;64.682236
2018-12-12 00:00:00-05:00;64.70999908447266;63.708443
2018-12-13 00:00:00-05:00;62.72999954223633;63.960613
2018-12-14 00:00:00-05:00;61.43000030517578;62.55167
2018-12-17 00:00:00-05:00;59.61000061035156;61.23411
2018-12-18 00:00:00-05:00;62.029998779296875;59.53755
2018-12-19 00:00:00-05:00;59.369998931884766;61.010307
2018-12-20 00:00:00-05:00;57.86000061035156;59.41898
2018-12-21 00:00:00-05:00;56.75;57.868416
2018-12-24 00:00:00-05:00;54.81999969482422;56.62883
2018-12-26 00:00:00-05:00;57.869998931884766;54.88342
2018-12-27 00:00:00-05:00;59.400001525878906;56.762615
2018-12-28 00:00:00-05:00;59.09000015258789;58.556377
2018-12-31 00:00:00-05:00;59.66999816894531;58.810097
2019-01-02 00:00:00-05:00;60.34000015258789;59.24975
2019-01-03 00:00:00-05:00;57.47999954223633;59.79477
2019-01-04 00:00:00-05:00;59.43000030517578;57.683033
2019-01-07 00:00:00-05:00;59.130001068115234;58.551888
2019-01-08 00:00:00-05:00;58.66999816894531;58.589394
2019-01-09 00:00:00-05:00;60.189998626708984;58.278397
2019-01-10 00:00:00-05:00;61.459999084472656;59.38287
2019-01-11 00:00:00-05:00;61.650001525878906;60.676853
2019-01-14 00:00:00-05:00;61.22999954223633;61.145294
2019-01-15 00:00:00-05:00;62.459999084472656;60.889404
2019-01-16 00:00:00-05:00;62.099998474121094;61.718575
2019-01-17 00:00:00-05:00;61.91999816894531;61.616947
2019-01-18 00:00:00-05:00;62.97999954223633;61.425163
2019-01-22 00:00:00-05:00;61.470001220703125;62.18809
2019-01-23 00:00:00-05:00;61.119998931884766;61.21466
2019-01-24 00:00:00-05:00;61.970001220703125;60.695843
2019-01-25 00:00:00-05:00;63.72999954223633;61.237934
2019-01-28 00:00:00-05:00;63.209999084472656;62.779785
2019-01-29 00:00:00-05:00;62.59000015258789;62.77267
2019-01-30 00:00:00-05:00;63.380001068115234;62.255653
2019-01-31 00:00:00-05:00;63.77000045776367;62.699005
2019-02-01 00:00:00-05:00;65.80000305175781;63.09449
2019-02-04 00:00:00-05:00;67.12999725341797;64.773285
2019-02-05 00:00:00-05:00;67.6500015258789;66.20993
2019-02-06 00:00:00-05:00;68.16000366210938;66.90548
2019-02-07 00:00:00-05:00;66.98999786376953;67.393456
2019-02-08 00:00:00-05:00;66.0;66.50287
2019-02-11 00:00:00-05:00;65.93000030517578;65.47302
2019-02-12 00:00:00-05:00;67.13999938964844;65.18106
2019-02-13 00:00:00-05:00;67.3499984741211;66.11812
2019-02-14 00:00:00-05:00;63.65999984741211;66.56387
2019-02-15 00:00:00-05:00;64.02999877929688;63.797108
2019-02-19 00:00:00-05:00;64.25;63.42417
2019-02-20 00:00:00-05:00;65.2699966430664;63.545914
2019-02-21 00:00:00-05:00;65.44000244140625;64.43355
2019-02-22 00:00:00-05:00;66.0199966430664;64.816536
2019-02-25 00:00:00-05:00;66.0;65.35245
2019-02-26 00:00:00-05:00;66.76000213623047;65.422104
2019-02-27 00:00:00-05:00;66.08000183105469;65.98738
2019-02-28 00:00:00-05:00;65.19999694824219;65.54052
2019-03-01 00:00:00-05:00;66.22000122070312;64.713196
2019-03-04 00:00:00-05:00;64.55000305175781;65.31279
2019-03-05 00:00:00-05:00;64.69999694824219;64.1673
2019-03-06 00:00:00-05:00;63.939998626708984;64.03536
2019-03-07 00:00:00-05:00;63.459999084472656;63.445724
2019-03-08 00:00:00-05:00;63.189998626708984;62.96381
2019-03-11 00:00:00-04:00;65.26000213623047;62.67076
2019-03-12 00:00:00-04:00;65.44000244140625;64.24967
2019-03-13 00:00:00-04:00;65.56999969482422;64.795
2019-03-14 00:00:00-04:00;65.73999786376953;64.99971
2019-03-15 00:00:00-04:00;68.05999755859375;65.12758
2019-03-18 00:00:00-04:00;66.91000366210938;66.94168
2019-03-19 00:00:00-04:00;66.5999984741211;66.407036
2019-03-20 00:00:00-04:00;67.56999969482422;65.99223
2019-03-21 00:00:00-04:00;69.51000213623047;66.63426
2019-03-22 00:00:00-04:00;66.83999633789062;68.32899
2019-03-25 00:00:00-04:00;66.87000274658203;66.5887
2019-03-26 00:00:00-04:00;67.62999725341797;66.20166
2019-03-27 00:00:00-04:00;67.16999816894531;66.71783
2019-03-28 00:00:00-04:00;67.38999938964844;66.50239
2019-03-29 00:00:00-04:00;69.33999633789062;66.652534
2019-04-01 00:00:00-04:00;70.37999725341797;68.25168
2019-04-02 00:00:00-04:00;70.76000213623047;69.43746
2019-04-03 00:00:00-04:00;72.41000366210938;69.95827
2019-04-04 00:00:00-04:00;71.48999786376953;71.33042
2019-04-05 00:00:00-04:00;72.1500015258789;70.797264
2019-04-08 00:00:00-04:00;72.97000122070312;71.15621
2019-04-09 00:00:00-04:00;72.77999877929688;71.85966
2019-04-10 00:00:00-04:00;74.25;71.84134
2019-04-11 00:00:00-04:00;75.48999786376953;73.03284
2019-04-12 00:00:00-04:00;75.62999725341797;74.28051
2019-04-15 00:00:00-04:00;76.16000366210938;74.61718
2019-04-16 00:00:00-04:00;77.43000030517578;75.07756
2019-04-17 00:00:00-04:00;77.66999816894531;76.165184
2019-04-18 00:00:00-04:00;77.69000244140625;76.52515
2019-04-22 00:00:00-04:00;76.69999694824219;76.57496
2019-04-23 00:00:00-04:00;76.63999938964844;75.742256
2019-04-24 00:00:00-04:00;73.5;75.53413
2019-04-25 00:00:00-04:00;73.51000213623047;72.9543
2019-04-26 00:00:00-04:00;71.9000015258789;72.511955
2019-04-29 00:00:00-04:00;72.88999938964844;71.200516
2019-04-30 00:00:00-04:00;72.8499984741211;71.82373
2019-05-01 00:00:00-04:00;71.77999877929688;71.99387
2019-05-02 00:00:00-04:00;71.68000030517578;71.19452
2019-05-03 00:00:00-04:00;72.16000366210938;70.9398
2019-05-06 00:00:00-04:00;70.7300033569336;71.25449
2019-05-07 00:00:00-04:00;69.13999938964844;70.15486
2019-05-08 00:00:00-04:00;68.91999816894531;68.643486
2019-05-09 00:00:00-04:00;68.54000091552734;68.14965
2019-05-10 00:00:00-04:00;68.76000213623047;67.78203
2019-05-13 00:00:00-04:00;65.9800033569336;67.932236
2019-05-14 00:00:00-04:00;67.31999969482422;65.81046
2019-05-15 00:00:00-04:00;67.79000091552734;66.404945
2019-05-16 00:00:00-04:00;69.69000244140625;66.95482
2019-05-17 00:00:00-04:00;69.08999633789062;68.61962
2019-05-20 00:00:00-04:00;68.12999725341797;68.494385
2019-05-21 00:00:00-04:00;69.98999786376953;67.64547
2019-05-22 00:00:00-04:00;67.0999984741211;68.8827
2019-05-23 00:00:00-04:00;61.65999984741211;66.831314
2019-05-24 00:00:00-04:00;62.0;62.12663
2019-05-28 00:00:00-04:00;60.70000076293945;61.279118
2019-05-29 00:00:00-04:00;60.310001373291016;60.218323
2019-05-30 00:00:00-04:00;60.45000076293945;59.81778
2019-05-31 00:00:00-04:00;59.20000076293945;59.956993
2019-06-03 00:00:00-04:00;58.90999984741211;59.10811
2019-06-04 00:00:00-04:00;61.150001525878906;58.674583
2019-06-05 00:00:00-04:00;61.130001068115234;60.277637
2019-06-06 00:00:00-04:00;61.09000015258789;60.67523
2019-06-07 00:00:00-04:00;61.29999923706055;60.693882
2019-06-10 00:00:00-04:00;62.31999969482422;60.79526
2019-06-11 00:00:00-04:00;62.119998931884766;61.561302
2019-06-12 00:00:00-04:00;61.52000045776367;61.573753
2019-06-13 00:00:00-04:00;62.15999984741211;61.089405
2019-06-14 00:00:00-04:00;60.97999954223633;61.450626
2019-06-17 00:00:00-04:00;60.13999938964844;60.6438
2019-06-18 00:00:00-04:00;61.45000076293945;59.80636
2019-06-19 00:00:00-04:00;61.720001220703125;60.629105
2019-06-20 00:00:00-04:00;62.66999816894531;61.099945
2019-06-21 00:00:00-04:00;61.459999084472656;61.975563
2019-06-24 00:00:00-04:00;61.25;61.245853
2019-06-25 00:00:00-04:00;60.959999084472656;60.85828
2019-06-26 00:00:00-04:00;60.630001068115234;60.514874
2019-06-27 00:00:00-04:00;61.0;60.17698
2019-06-28 00:00:00-04:00;61.70000076293945;60.3958
2019-07-01 00:00:00-04:00;62.84000015258789;61.020508
2019-07-02 00:00:00-04:00;61.93000030517578;62.0789
2019-07-03 00:00:00-04:00;62.4900016784668;61.626385
2019-07-05 00:00:00-04:00;62.40999984741211;61.904358
2019-07-08 00:00:00-04:00;60.41999816894531;61.882473
2019-07-09 00:00:00-04:00;60.150001525878906;60.322853
2019-07-10 00:00:00-04:00;60.279998779296875;59.71093
2019-07-11 00:00:00-04:00;60.56999969482422;59.691093
2019-07-12 00:00:00-04:00;61.119998931884766;59.968704
2019-07-15 00:00:00-04:00;60.81999969482422;60.510876
2019-07-16 00:00:00-04:00;58.95000076293945;60.43456
2019-07-17 00:00:00-04:00;59.31999969482422;58.96416
2019-07-18 00:00:00-04:00;58.81999969482422;58.837315
2019-07-19 00:00:00-04:00;59.41999816894531;58.440987
2019-07-22 00:00:00-04:00;58.70000076293945;58.822876
2019-07-23 00:00:00-04:00;59.099998474121094;58.405285
2019-07-24 00:00:00-04:00;58.81999969482422;58.60705
2019-07-25 00:00:00-04:00;58.72999954223633;58.4538
2019-07-26 00:00:00-04:00;59.11000061035156;58.340637
2019-07-29 00:00:00-04:00;59.2400016784668;58.598164
2019-07-30 00:00:00-04:00;59.4900016784668;58.76667
2019-07-31 00:00:00-04:00;58.4900016784668;58.996853
2019-08-01 00:00:00-04:00;57.709999084472656;58.283154
2019-08-02 00:00:00-04:00;46.040000915527344;57.48469
2019-08-05 00:00:00-04:00;45.15999984741211;48.685947
2019-08-06 00:00:00-04:00;46.0099983215332;45.400024
2019-08-07 00:00:00-04:00;46.27000045776367;45.23996
2019-08-08 00:00:00-04:00;47.75;45.742596
2019-08-09 00:00:00-04:00;46.58000183105469;47.213398
2019-08-12 00:00:00-04:00;46.11000061035156;46.927284
2019-08-13 00:00:00-04:00;46.9900016784668;46.435455
2019-08-14 00:00:00-04:00;44.709999084472656;46.83633
2019-08-15 00:00:00-04:00;46.470001220703125;45.27518
2019-08-16 00:00:00-04:00;46.7599983215332;45.968445
2019-08-19 00:00:00-04:00;47.0099983215332;46.43801
2019-08-20 00:00:00-04:00;46.09000015258789;46.774597
2019-08-21 00:00:00-04:00;46.88999938964844;46.208195
2019-08-22 00:00:00-04:00;46.779998779296875;46.580235
2019-08-23 00:00:00-04:00;45.43000030517578;46.635498
2019-08-26 00:00:00-04:00;46.560001373291016;45.68073
2019-08-27 00:00:00-04:00;46.5099983215332;46.178688
2019-08-28 00:00:00-04:00;46.81999969482422;46.346977
2019-08-29 00:00:00-04:00;47.900001525878906;46.636555
2019-08-30 00:00:00-04:00;48.060001373291016;47.51489
2019-09-03 00:00:00-04:00;47.40999984741211;47.90321
2019-09-04 00:00:00-04:00;49.150001525878906;47.513474
2019-09-05 00:00:00-04:00;51.7599983215332;48.612114
2019-09-06 00:00:00-04:00;51.97999954223633;50.876667
2019-09-09 00:00:00-04:00;54.779998779296875;51.70361
2019-09-10 00:00:00-04:00;54.5099983215332;53.95032
2019-09-11 00:00:00-04:00;56.220001220703125;54.315018
2019-09-12 00:00:00-04:00;56.36000061035156;55.586563
2019-09-13 00:00:00-04:00;56.56999969482422;55.968407
2019-09-16 00:00:00-04:00;56.84000015258789;56.160954
2019-09-17 00:00:00-04:00;56.540000915527344;56.37668
2019-09-18 00:00:00-04:00;54.93000030517578;56.195015
2019-09-19 00:00:00-04:00;54.43000030517578;54.93415
2019-09-20 00:00:00-04:00;54.099998474121094;54.21846
2019-09-23 00:00:00-04:00;54.529998779296875;53.820347
2019-09-24 00:00:00-04:00;52.959999084472656;54.09428
2019-09-25 00:00:00-04:00;53.810001373291016;53.059746
2019-09-26 00:00:00-04:00;53.689998626708984;53.409626
2019-09-27 00:00:00-04:00;53.90999984741211;53.45344
2019-09-30 00:00:00-04:00;52.5099983215332;53.633102
2019-10-01 00:00:00-04:00;51.9900016784668;52.63226
2019-10-02 00:00:00-04:00;51.380001068115234;51.92858
2019-10-03 00:00:00-04:00;51.41999816894531;51.27752
2019-10-04 00:00:00-04:00;52.060001373291016;51.143204
2019-10-07 00:00:00-04:00;52.029998779296875;51.62279
2019-10-08 00:00:00-04:00;50.560001373291016;51.7808
2019-10-09 00:00:00-04:00;51.369998931884766;50.744324
2019-10-10 00:00:00-04:00;49.779998779296875;51.009674
2019-10-11 00:00:00-04:00;51.4900016784668;49.93943
2019-10-14 00:00:00-04:00;52.20000076293945;50.87275
2019-10-15 00:00:00-04:00;53.040000915527344;51.725956
2019-10-16 00:00:00-04:00;53.220001220703125;52.60612
2019-10-17 00:00:00-04:00;54.02000045776367;52.967354
2019-10-18 00:00:00-04:00;53.4900016784668;53.612892
2019-10-21 00:00:00-04:00;54.56999969482422;53.35371
2019-10-22 00:00:00-04:00;55.18000030517578;54.03653
2019-10-23 00:00:00-04:00;56.0099983215332;54.67659
2019-10-24 00:00:00-04:00;55.45000076293945;55.46728
2019-10-25 00:00:00-04:00;56.0099983215332;55.245106
2019-10-28 00:00:00-04:00;55.86000061035156;55.56821
2019-10-29 00:00:00-04:00;55.470001220703125;55.531322
2019-10-30 00:00:00-04:00;56.369998931884766;55.217293
2019-10-31 00:00:00-04:00;55.880001068115234;55.80718
2019-11-01 00:00:00-04:00;57.09000015258789;55.618282
2019-11-04 00:00:00-05:00;57.91999816894531;56.478054
2019-11-05 00:00:00-05:00;59.529998779296875;57.350105
2019-11-06 00:00:00-05:00;57.880001068115234;58.79716
2019-11-07 00:00:00-05:00;58.939998626708984;57.880524
2019-11-08 00:00:00-05:00;59.40999984741211;58.37013
2019-11-11 00:00:00-05:00;59.869998931884766;58.831898
2019-11-12 00:00:00-05:00;60.13999938964844;59.292095
2019-11-13 00:00:00-05:00;60.06999969482422;59.608513
2019-11-14 00:00:00-05:00;61.97999954223633;59.621086
2019-11-15 00:00:00-05:00;62.869998931884766;61.08143
2019-11-18 00:00:00-05:00;63.4900016784668;62.138584
2019-11-19 00:00:00-05:00;62.900001525878906;62.850048
2019-11-20 00:00:00-05:00;61.439998626708984;62.50954
2019-11-21 00:00:00-05:00;60.70000076293945;61.237183
2019-11-22 00:00:00-05:00;61.22999954223633;60.32051
2019-11-25 00:00:00-05:00;62.650001525878906;60.52276
2019-11-26 00:00:00-05:00;60.5099983215332;61.741478
2019-11-27 00:00:00-05:00;60.54999923706055;60.4484
2019-11-29 00:00:00-05:00;60.59000015258789;60.147697
2019-12-02 00:00:00-05:00;59.41999816894531;60.108418
2019-12-03 00:00:00-05:00;58.58000183105469;59.215942
2019-12-04 00:00:00-05:00;59.34000015258789;58.352
2019-12-05 00:00:00-05:00;60.08000183105469;58.726715
2019-12-06 00:00:00-05:00;61.029998779296875;59.435505
2019-12-09 00:00:00-05:00;60.529998779296875;60.373024
2019-12-10 00:00:00-05:00;60.36000061035156;60.21382
2019-12-11 00:00:00-05:00;60.65999984741211;59.992577
2019-12-12 00:00:00-05:00;62.72999954223633;60.12525
2019-12-13 00:00:00-05:00;63.2400016784668;61.74495
2019-12-16 00:00:00-05:00;63.540000915527344;62.547825
2019-12-17 00:00:00-05:00;63.459999084472656;62.945076
2019-12-18 00:00:00-05:00;62.970001220703125;62.928238
2019-12-19 00:00:00-05:00;63.22999954223633;62.496902
2019-12-20 00:00:00-05:00;62.06999969482422;62.570957
2019-12-23 00:00:00-05:00;62.79999923706055;61.698418
2019-12-24 00:00:00-05:00;62.86000061035156;62.066856
2019-12-26 00:00:00-05:00;62.52000045776367;62.24557
2019-12-27 00:00:00-05:00;61.43000030517578;62.05231
2019-12-30 00:00:00-05:00;61.529998779296875;61.16826
2019-12-31 00:00:00-05:00;62.25;61.022717
2020-01-02 00:00:00-05:00;62.77000045776367;61.561626
2020-01-03 00:00:00-05:00;61.70000076293945;62.122643
2020-01-06 00:00:00-05:00;61.54999923706055;61.432487
2020-01-07 00:00:00-05:00;61.95000076293945;61.11839
2020-01-08 00:00:00-05:00;63.13999938964844;61.337807
2020-01-09 00:00:00-05:00;63.459999084472656;62.324516
2020-01-10 00:00:00-05:00;63.130001068115234;62.825188
2020-01-13 00:00:00-05:00;64.11000061035156;62.669865
2020-01-14 00:00:00-05:00;63.779998779296875;63.359974
2020-01-15 00:00:00-05:00;64.19000244140625;63.24573
2020-01-16 00:00:00-05:00;65.37999725341797;63.514103
2020-01-17 00:00:00-05:00;62.41999816894531;64.50004
2020-01-21 00:00:00-05:00;60.560001373291016;62.419346
2020-01-22 00:00:00-05:00;60.470001220703125;60.457706
2020-01-23 00:00:00-05:00;60.56999969482422;59.916317
2020-01-24 00:00:00-05:00;59.810001373291016;59.94316
2020-01-27 00:00:00-05:00;58.15999984741211;59.46152
2020-01-28 00:00:00-05:00;56.91999816894531;58.132668
2020-01-29 00:00:00-05:00;55.540000915527344;56.86605
2020-01-30 00:00:00-05:00;54.849998474121094;55.516613
2020-01-31 00:00:00-05:00;53.400001525878906;54.67471
2020-02-03 00:00:00-05:00;54.040000915527344;53.42172
2020-02-04 00:00:00-05:00;55.880001068115234;53.598824
2020-02-05 00:00:00-05:00;57.79999923706055;55.104504
2020-02-06 00:00:00-05:00;58.150001525878906;57.02502
2020-02-07 00:00:00-05:00;57.34000015258789;57.78332
2020-02-10 00:00:00-05:00;58.060001373291016;57.26816
2020-02-11 00:00:00-05:00;59.08000183105469;57.56539
2020-02-12 00:00:00-05:00;60.81999969482422;58.36838
2020-02-13 00:00:00-05:00;55.18000030517578;59.89884
2020-02-14 00:00:00-05:00;54.2400016784668;55.9978
2020-02-18 00:00:00-05:00;53.43000030517578;54.18632
2020-02-19 00:00:00-05:00;53.209999084472656;53.137486
2020-02-20 00:00:00-05:00;53.709999084472656;52.80698
2020-02-21 00:00:00-05:00;52.0;53.224583
2020-02-24 00:00:00-05:00;50.099998474121094;52.172127
2020-02-25 00:00:00-05:00;48.79999923706055;50.484016
2020-02-26 00:00:00-05:00;48.47999954223633;49.036602
2020-02-27 00:00:00-05:00;46.869998931884766;48.402416
2020-02-28 00:00:00-05:00;46.720001220703125;47.111633
2020-03-02 00:00:00-05:00;47.56999969482422;46.649864
2020-03-03 00:00:00-05:00;45.90999984741211;47.190834
2020-03-04 00:00:00-05:00;46.34000015258789;46.22122
2020-03-05 00:00:00-05:00;43.93000030517578;46.21244
2020-03-06 00:00:00-05:00;44.0;44.501526
2020-03-09 00:00:00-04:00;39.86000061035156;43.979
2020-03-10 00:00:00-04:00;43.4900016784668;40.942875
2020-03-11 00:00:00-04:00;40.45000076293945;42.486145
2020-03-12 00:00:00-04:00;35.90999984741211;41.048103
2020-03-13 00:00:00-04:00;40.79999923706055;37.420135
2020-03-16 00:00:00-04:00;40.04999923706055;39.52848
2020-03-17 00:00:00-04:00;42.099998474121094;39.98436
2020-03-18 00:00:00-04:00;42.290000915527344;41.604435
2020-03-19 00:00:00-04:00;38.560001373291016;42.294018
2020-03-20 00:00:00-04:00;36.2400016784668;39.81937
2020-03-23 00:00:00-04:00;35.349998474121094;37.228653
2020-03-24 00:00:00-04:00;38.279998779296875;35.695644
2020-03-25 00:00:00-04:00;37.689998626708984;37.284218
2020-03-26 00:00:00-04:00;42.45000076293945;37.654675
2020-03-27 00:00:00-04:00;40.22999954223633;41.1634
2020-03-30 00:00:00-04:00;40.720001220703125;40.860687
2020-03-31 00:00:00-04:00;41.689998626708984;40.929382
2020-04-01 00:00:00-04:00;40.0099983215332;41.540863
2020-04-02 00:00:00-04:00;39.529998779296875;40.515293
2020-04-03 00:00:00-04:00;37.34000015258789;39.759544
2020-04-06 00:00:00-04:00;39.599998474121094;37.988873
2020-04-07 00:00:00-04:00;39.72999954223633;38.959534
2020-04-08 00:00:00-04:00;40.97999954223633;39.538025
2020-04-09 00:00:00-04:00;42.72999954223633;40.66043
2020-04-13 00:00:00-04:00;41.630001068115234;42.297348
2020-04-14 00:00:00-04:00;43.13999938964844;42.03453
2020-04-15 00:00:00-04:00;40.43000030517578;42.90073
2020-04-16 00:00:00-04:00;41.209999084472656;41.22922
2020-04-17 00:00:00-04:00;42.150001525878906;41.11757
2020-04-20 00:00:00-04:00;40.95000076293945;41.7808
2020-04-21 00:00:00-04:00;38.939998626708984;41.208633
2020-04-22 00:00:00-04:00;39.68000030517578;39.60226
2020-04-23 00:00:00-04:00;41.040000915527344;39.560486
2020-04-24 00:00:00-04:00;43.060001373291016;40.58674
2020-04-27 00:00:00-04:00;42.70000076293945;42.4429
2020-04-28 00:00:00-04:00;42.27000045776367;42.82651
2020-04-29 00:00:00-04:00;44.880001068115234;42.56061
2020-04-30 00:00:00-04:00;43.77000045776367;44.247494
2020-05-01 00:00:00-04:00;41.47999954223633;43.993973
2020-05-04 00:00:00-04:00;40.650001525878906;42.201206
2020-05-05 00:00:00-04:00;41.20000076293945;40.95588
2020-05-06 00:00:00-04:00;42.599998474121094;40.958733
2020-05-07 00:00:00-04:00;43.0099983215332;42.053448
2020-05-08 00:00:00-04:00;44.900001525878906;42.802925
2020-05-11 00:00:00-04:00;44.0099983215332;44.411232
2020-05-12 00:00:00-04:00;43.029998779296875;44.282185
2020-05-13 00:00:00-04:00;41.459999084472656;43.441616
2020-05-14 00:00:00-04:00;41.84000015258789;41.979958
2020-05-15 00:00:00-04:00;42.380001068115234;41.733208
2020-05-18 00:00:00-04:00;44.650001525878906;42.098316
2020-05-19 00:00:00-04:00;44.68000030517578;43.908844
2020-05-20 00:00:00-04:00;45.97999954223633;44.58277
2020-05-21 00:00:00-04:00;45.470001220703125;45.687172
2020-05-22 00:00:00-04:00;44.68000030517578;45.618053
2020-05-26 00:00:00-04:00;45.13999938964844;44.937588
2020-05-27 00:00:00-04:00;46.29999923706055;44.98652
2020-05-28 00:00:00-04:00;44.150001525878906;45.842022
2020-05-29 00:00:00-04:00;44.540000915527344;44.59794
2020-06-01 00:00:00-04:00;42.66999816894531;44.441174
2020-06-02 00:00:00-04:00;44.13999938964844;43.09575
2020-06-03 00:00:00-04:00;45.689998626708984;43.71092
2020-06-04 00:00:00-04:00;45.2599983215332;45.114346
2020-06-05 00:00:00-04:00;48.060001373291016;45.30264
2020-06-08 00:00:00-04:00;49.0099983215332;47.34682
2020-06-09 00:00:00-04:00;46.720001220703125;48.66535
2020-06-10 00:00:00-04:00;46.220001220703125;47.31307
2020-06-11 00:00:00-04:00;41.13999938964844;46.398666
2020-06-12 00:00:00-04:00;42.459999084472656;42.46343
2020-06-15 00:00:00-04:00;43.040000915527344;42.071705
2020-06-16 00:00:00-04:00;44.349998474121094;42.54745
2020-06-17 00:00:00-04:00;43.16999816894531;43.80122
2020-06-18 00:00:00-04:00;42.790000915527344;43.462845
2020-06-19 00:00:00-04:00;44.08000183105469;43.05066
2020-06-22 00:00:00-04:00;42.29999923706055;43.803032
2020-06-23 00:00:00-04:00;42.38999938964844;42.786137
2020-06-24 00:00:00-04:00;40.970001220703125;42.455307
2020-06-25 00:00:00-04:00;41.83000183105469;41.350147
2020-06-26 00:00:00-04:00;43.9900016784668;41.586433
2020-06-29 00:00:00-04:00;44.02000045776367;43.270676
2020-06-30 00:00:00-04:00;44.369998931884766;43.910275
2020-07-01 00:00:00-04:00;43.5099983215332;44.328724
2020-07-02 00:00:00-04:00;43.54999923706055;43.79323
2020-07-06 00:00:00-04:00;45.04999923706055;43.578465
2020-07-07 00:00:00-04:00;42.86000061035156;44.565598
2020-07-08 00:00:00-04:00;43.7599983215332;43.34934
2020-07-09 00:00:00-04:00;42.279998779296875;43.546772
2020-07-10 00:00:00-04:00;42.939998626708984;42.599804
2020-07-13 00:00:00-04:00;43.400001525878906;42.75559
2020-07-14 00:00:00-04:00;43.709999084472656;43.189655
2020-07-15 00:00:00-04:00;44.380001068115234;43.586693
2020-07-16 00:00:00-04:00;44.34000015258789;44.197556
2020-07-17 00:00:00-04:00;44.810001373291016;44.353283
2020-07-20 00:00:00-04:00;45.150001525878906;44.699005
2020-07-21 00:00:00-04:00;45.560001373291016;45.025112
2020-07-22 00:00:00-04:00;44.9900016784668;45.3966
2020-07-23 00:00:00-04:00;44.689998626708984;45.08269
2020-07-24 00:00:00-04:00;43.20000076293945;44.734375
2020-07-27 00:00:00-04:00;44.09000015258789;43.55319
2020-07-28 00:00:00-04:00;42.95000076293945;43.800365
2020-07-29 00:00:00-04:00;42.43000030517578;43.13808
2020-07-30 00:00:00-04:00;42.849998474121094;42.572567
2020-07-31 00:00:00-04:00;44.29999923706055;42.716732
2020-08-03 00:00:00-04:00;42.77000045776367;43.8469
2020-08-04 00:00:00-04:00;43.22999954223633;43.163372
2020-08-05 00:00:00-04:00;43.099998474121094;43.211708
2020-08-06 00:00:00-04:00;42.209999084472656;43.128925
2020-08-07 00:00:00-04:00;42.79999923706055;42.45964
2020-08-10 00:00:00-04:00;44.27000045776367;42.64206
2020-08-11 00:00:00-04:00;43.56999969482422;43.78194
2020-08-12 00:00:00-04:00;43.279998779296875;43.68739
2020-08-13 00:00:00-04:00;41.7400016784668;43.41002
2020-08-14 00:00:00-04:00;41.560001373291016;42.199574
2020-08-17 00:00:00-04:00;41.310001373291016;41.644516
2020-08-18 00:00:00-04:00;41.0;41.322586
2020-08-19 00:00:00-04:00;41.4900016784668;41.047745
2020-08-20 00:00:00-04:00;41.41999816894531;41.34435
2020-08-21 00:00:00-04:00;41.25;41.439034
2020-08-24 00:00:00-04:00;42.29999923706055;41.356968
2020-08-25 00:00:00-04:00;41.77000045776367;42.061573
2020-08-26 00:00:00-04:00;42.209999084472656;41.928642
2020-08-27 00:00:00-04:00;43.90999984741211;42.155983
2020-08-28 00:00:00-04:00;45.7400016784668;43.427765
2020-08-31 00:00:00-04:00;47.38999938964844;45.165157
2020-09-01 00:00:00-04:00;46.68000030517578;46.889862
2020-09-02 00:00:00-04:00;48.150001525878906;46.842773
2020-09-03 00:00:00-04:00;46.540000915527344;47.770832
2020-09-04 00:00:00-04:00;46.400001525878906;46.833416
2020-09-08 00:00:00-04:00;45.20000076293945;46.365284
2020-09-09 00:00:00-04:00;46.56999969482422;45.35842
2020-09-10 00:00:00-04:00;44.369998931884766;46.04988
2020-09-11 00:00:00-04:00;44.09000015258789;44.77694
2020-09-14 00:00:00-04:00;45.380001068115234;44.175404
2020-09-15 00:00:00-04:00;45.380001068115234;44.954758
2020-09-16 00:00:00-04:00;45.11000061035156;45.276226
2020-09-17 00:00:00-04:00;43.18000030517578;45.18922
2020-09-18 00:00:00-04:00;42.61000061035156;43.75672
2020-09-21 00:00:00-04:00;41.38999938964844;42.839584
2020-09-22 00:00:00-04:00;41.880001068115234;41.69709
2020-09-23 00:00:00-04:00;41.189998626708984;41.701218
2020-09-24 00:00:00-04:00;41.4900016784668;41.30248
2020-09-25 00:00:00-04:00;41.959999084472656;41.42016
2020-09-28 00:00:00-04:00;43.599998474121094;41.832874
2020-09-29 00:00:00-04:00;43.9900016784668;43.154106
2020-09-30 00:00:00-04:00;43.84000015258789;43.874157
2020-10-01 00:00:00-04:00;42.88999938964844;43.942173
2020-10-02 00:00:00-04:00;42.7599983215332;43.211357
2020-10-05 00:00:00-04:00;43.349998474121094;42.816242
2020-10-06 00:00:00-04:00;43.36000061035156;43.103992
2020-10-07 00:00:00-04:00;44.59000015258789;43.242264
2020-10-08 00:00:00-04:00;46.2599983215332;44.185097
2020-10-09 00:00:00-04:00;45.869998931884766;45.719025
2020-10-12 00:00:00-04:00;46.650001525878906;45.92077
2020-10-13 00:00:00-04:00;46.880001068115234;46.47159
2020-10-14 00:00:00-04:00;46.66999816894531;46.759956
2020-10-15 00:00:00-04:00;47.04999923706055;46.649193
2020-10-16 00:00:00-04:00;47.150001525878906;46.8519
2020-10-19 00:00:00-04:00;48.0;46.98155
2020-10-20 00:00:00-04:00;47.25;47.637943
2020-10-21 00:00:00-04:00;46.79999923706055;47.306347
2020-10-22 00:00:00-04:00;46.70000076293945;46.85305
2020-10-23 00:00:00-04:00;46.88999938964844;46.63184
2020-10-26 00:00:00-04:00;44.93000030517578;46.715546
2020-10-27 00:00:00-04:00;44.04999923706055;45.355404
2020-10-28 00:00:00-04:00;42.290000915527344;44.283783
2020-10-29 00:00:00-04:00;44.11000061035156;42.724266
2020-10-30 00:00:00-04:00;43.88999938964844;43.55117
2020-11-02 00:00:00-05:00;44.939998626708984;43.789997
2020-11-03 00:00:00-05:00;46.290000915527344;44.65083
2020-11-04 00:00:00-05:00;45.16999816894531;45.91141
2020-11-05 00:00:00-05:00;46.709999084472656;45.47519
2020-11-06 00:00:00-05:00;47.0099983215332;46.35135
2020-11-09 00:00:00-05:00;49.650001525878906;46.815853
2020-11-10 00:00:00-05:00;50.0099983215332;48.840992
2020-11-11 00:00:00-05:00;49.27000045776367;49.71153
2020-11-12 00:00:00-05:00;47.47999954223633;49.352894
2020-11-13 00:00:00-05:00;49.83000183105469;47.85468
2020-11-16 00:00:00-05:00;51.58000183105469;49.056335
2020-11-17 00:00:00-05:00;51.400001525878906;50.78143
2020-11-18 00:00:00-05:00;51.540000915527344;51.19394
2020-11-19 00:00:00-05:00;51.97999954223633;51.37775
2020-11-20 00:00:00-05:00;51.88999938964844;51.707874
2020-11-23 00:00:00-05:00;53.560001373291016;51.70243
2020-11-24 00:00:00-05:00;55.36000061035156;52.91446
2020-11-25 00:00:00-05:00;53.52000045776367;54.61541
2020-11-27 00:00:00-05:00;53.2599983215332;53.692066
2020-11-30 00:00:00-05:00;53.310001373291016;53.15584
2020-12-01 00:00:00-05:00;54.15999984741211;53.008194
2020-12-02 00:00:00-05:00;59.22999954223633;53.612988
2020-12-03 00:00:00-05:00;58.4900016784668;57.665695
2020-12-04 00:00:00-05:00;59.9900016784668;58.23279
2020-12-07 00:00:00-05:00;60.369998931884766;59.42666
2020-12-08 00:00:00-05:00;60.54999923706055;59.915817
2020-12-09 00:00:00-05:00;60.779998779296875;60.07289
2020-12-10 00:00:00-05:00;61.119998931884766;60.219616
2020-12-11 00:00:00-05:00;61.81999969482422;60.488796
2020-12-14 00:00:00-05:00;61.66999816894531;61.097267
2020-12-15 00:00:00-05:00;62.650001525878906;61.145645
2020-12-16 00:00:00-05:00;64.06999969482422;61.918056
2020-12-17 00:00:00-05:00;64.12000274658203;63.218426
2020-12-18 00:00:00-05:00;64.81999969482422;63.559643
2020-12-21 00:00:00-05:00;64.54000091552734;64.14547
2020-12-22 00:00:00-05:00;66.18000030517578;64.01828
2020-12-23 00:00:00-05:00;66.16999816894531;65.23407
2020-12-24 00:00:00-05:00;65.80000305175781;65.49063
2020-12-28 00:00:00-05:00;65.9000015258789;65.23088
2020-12-29 00:00:00-05:00;65.05000305175781;65.2233
2020-12-30 00:00:00-05:00;65.33000183105469;64.5463
2020-12-31 00:00:00-05:00;66.23999786376953;64.61408
2021-01-04 00:00:00-05:00;64.86000061035156;65.37343
2021-01-05 00:00:00-05:00;65.16999816894531;64.49202
2021-01-06 00:00:00-05:00;65.2300033569336;64.52763
2021-01-07 00:00:00-05:00;65.23999786376953;64.588745
2021-01-08 00:00:00-05:00;64.97000122070312;64.61807
2021-01-11 00:00:00-05:00;65.22000122070312;64.41575
2021-01-12 00:00:00-05:00;66.16000366210938;64.56051
2021-01-13 00:00:00-05:00;65.19999694824219;65.333206
2021-01-14 00:00:00-05:00;65.83999633789062;64.75489
2021-01-15 00:00:00-05:00;64.66000366210938;65.10176
2021-01-19 00:00:00-05:00;64.27999877929688;64.24695
2021-01-20 00:00:00-05:00;64.51000213623047;63.740566
2021-01-21 00:00:00-05:00;64.97000122070312;63.814056
2021-01-22 00:00:00-05:00;64.76000213623047;64.223526
2021-01-25 00:00:00-05:00;65.6500015258789;64.18215
2021-01-26 00:00:00-05:00;65.69999694824219;64.87443
2021-01-27 00:00:00-05:00;68.88999938964844;65.069244
2021-01-28 00:00:00-05:00;67.4000015258789;67.62029
2021-01-29 00:00:00-05:00;66.44000244140625;66.978745
2021-02-01 00:00:00-05:00;66.08000183105469;66.00772
2021-02-02 00:00:00-05:00;65.08000183105469;65.44792
2021-02-03 00:00:00-05:00;66.66000366210938;64.53187
2021-02-04 00:00:00-05:00;66.91999816894531;65.60057
2021-02-05 00:00:00-05:00;67.37999725341797;66.11932
2021-02-08 00:00:00-05:00;69.7300033569336;66.63218
2021-02-09 00:00:00-05:00;69.87000274658203;68.61293
2021-02-10 00:00:00-05:00;68.75;69.12368
2021-02-11 00:00:00-05:00;69.16000366210938;68.268074
2021-02-12 00:00:00-05:00;69.86000061035156;68.33493
2021-02-16 00:00:00-05:00;68.8499984741211;68.87679
2021-02-17 00:00:00-05:00;68.23999786376953;68.191956
2021-02-18 00:00:00-05:00;68.06999969482422;67.56903
2021-02-19 00:00:00-05:00;71.3499984741211;67.318275
2021-02-22 00:00:00-05:00;71.06999969482422;69.92586
2021-02-23 00:00:00-05:00;69.33000183105469;70.29363
2021-02-24 00:00:00-05:00;71.56999969482422;68.95138
2021-02-25 00:00:00-05:00;61.209999084472656;70.40446
2021-02-26 00:00:00-05:00;62.599998474121094;62.54685
2021-03-01 00:00:00-05:00;65.2300033569336;61.76151
2021-03-02 00:00:00-05:00;63.720001220703125;63.77823
2021-03-03 00:00:00-05:00;63.79999923706055;63.294254
2021-03-04 00:00:00-05:00;61.08000183105469;63.337097
2021-03-05 00:00:00-05:00;61.33000183105469;61.25298
2021-03-08 00:00:00-05:00;62.59000015258789;60.895565
2021-03-09 00:00:00-05:00;64.61000061035156;61.791637
2021-03-10 00:00:00-05:00;66.66000366210938;63.61902
2021-03-11 00:00:00-05:00;67.9800033569336;65.67199
2021-03-12 00:00:00-05:00;67.55999755859375;67.13208
2021-03-15 00:00:00-04:00;68.80000305175781;67.013435
2021-03-16 00:00:00-04:00;69.0999984741211;67.85089
2021-03-17 00:00:00-04:00;71.16000366210938;68.19664
2021-03-18 00:00:00-04:00;70.30999755859375;69.884895
2021-03-19 00:00:00-04:00;70.16000366210938;69.547646
2021-03-22 00:00:00-04:00;70.54000091552734;69.33824
2021-03-23 00:00:00-04:00;68.43000030517578;69.59092
2021-03-24 00:00:00-04:00;68.62999725341797;67.975235
2021-03-25 00:00:00-04:00;70.2699966430664;67.80783
2021-03-26 00:00:00-04:00;74.75;69.13185
2021-03-29 00:00:00-04:00;72.4000015258789;73.10508
2021-03-30 00:00:00-04:00;72.22000122070312;71.990715
2021-03-31 00:00:00-04:00;72.66999816894531;71.53989
2021-04-01 00:00:00-04:00;73.6500015258789;71.71337
2021-04-05 00:00:00-04:00;74.33000183105469;72.49819
2021-04-06 00:00:00-04:00;73.41000366210938;73.20505
2021-04-07 00:00:00-04:00;73.66999816894531;72.59501
2021-04-08 00:00:00-04:00;73.68000030517578;72.67726
2021-04-09 00:00:00-04:00;73.87999725341797;72.700485
2021-04-12 00:00:00-04:00;74.19999694824219;72.8789
2021-04-13 00:00:00-04:00;74.4800033569336;73.18738
2021-04-14 00:00:00-04:00;76.44999694824219;73.48115
2021-04-15 00:00:00-04:00;76.69000244140625;75.14675
2021-04-16 00:00:00-04:00;77.70999908447266;75.63678
2021-04-19 00:00:00-04:00;77.30999755859375;76.52495
2021-04-20 00:00:00-04:00;75.19000244140625;76.29619
2021-04-21 00:00:00-04:00;75.91000366210938;74.46584
2021-04-22 00:00:00-04:00;75.5;74.69434
2021-04-23 00:00:00-04:00;76.94000244140625;74.43086
2021-04-26 00:00:00-04:00;77.1500015258789;75.62016
2021-04-27 00:00:00-04:00;76.66999816894531;76.05562
2021-04-28 00:00:00-04:00;76.5999984741211;75.74452
2021-04-29 00:00:00-04:00;76.87000274658203;75.604805
2021-04-30 00:00:00-04:00;74.69000244140625;75.773796
2021-05-03 00:00:00-04:00;74.30999755859375;74.0079
2021-05-04 00:00:00-04:00;75.37999725341797;73.37007
2021-05-05 00:00:00-04:00;76.56999969482422;74.15121
2021-05-06 00:00:00-04:00;77.87000274658203;75.32841
2021-05-07 00:00:00-04:00;79.5199966430664;76.64665
2021-05-10 00:00:00-04:00;78.86000061035156;78.22798
2021-05-11 00:00:00-04:00;76.73999786376953;77.88054
2021-05-12 00:00:00-04:00;74.33999633789062;75.98545
2021-05-13 00:00:00-04:00;76.61000061035156;73.62941
2021-05-14 00:00:00-04:00;78.5;75.055984
2021-05-17 00:00:00-04:00;78.44000244140625;76.976295
2021-05-18 00:00:00-04:00;77.27999877929688;77.34735
2021-05-19 00:00:00-04:00;77.70999908447266;76.45775
2021-05-20 00:00:00-04:00;77.48999786376953;76.6077
2021-05-21 00:00:00-04:00;78.2699966430664;76.41499
2021-05-24 00:00:00-04:00;78.98999786376953;77.01581
2021-05-25 00:00:00-04:00;78.20999908447266;77.72152
2021-05-26 00:00:00-04:00;79.44000244140625;77.19436
2021-05-27 00:00:00-04:00;78.9800033569336;78.10903
2021-05-28 00:00:00-04:00;77.37000274658203;77.868004
2021-06-01 00:00:00-04:00;76.70999908447266;76.48527
2021-06-02 00:00:00-04:00;77.05999755859375;75.69547
2021-06-03 00:00:00-04:00;78.68000030517578;75.86429
2021-06-04 00:00:00-04:00;80.73999786376953;77.284904
2021-06-07 00:00:00-04:00;81.02999877929688;79.29166
2021-06-08 00:00:00-04:00;81.8499984741211;79.857544
2021-06-09 00:00:00-04:00;82.01000213623047;80.56937
2021-06-10 00:00:00-04:00;83.62999725341797;80.72524
2021-06-11 00:00:00-04:00;83.37000274658203;82.04166
2021-06-14 00:00:00-04:00;82.98999786376953;81.97701
2021-06-15 00:00:00-04:00;83.5199966430664;81.6243
2021-06-16 00:00:00-04:00;82.73999786376953;82.00965
2021-06-17 00:00:00-04:00;81.47000122070312;81.42334
2021-06-18 00:00:00-04:00;78.16000366210938;80.29763
2021-06-21 00:00:00-04:00;79.43000030517578;77.406715
2021-06-22 00:00:00-04:00;80.75;78.02411
2021-06-23 00:00:00-04:00;80.5999984741211;79.31818
2021-06-24 00:00:00-04:00;80.98999786376953;79.48353
2021-06-25 00:00:00-04:00;82.44000244140625;79.847534
2021-06-28 00:00:00-04:00;82.45999908447266;81.077156
2021-06-29 00:00:00-04:00;83.02999877929688;81.22129
2021-06-30 00:00:00-04:00;81.81999969482422;81.65672
2021-07-01 00:00:00-04:00;81.95999908447266;80.64674
2021-07-02 00:00:00-04:00;82.98999786376953;80.57551
2021-07-06 00:00:00-04:00;81.87999725341797;81.43371
2021-07-07 00:00:00-04:00;82.5199966430664;80.66183
2021-07-08 00:00:00-04:00;81.61000061035156;81.10685
2021-07-09 00:00:00-04:00;82.56999969482422;80.42683
2021-07-12 00:00:00-04:00;82.2300033569336;81.13992
2021-07-13 00:00:00-04:00;80.18000030517578;80.974655
2021-07-14 00:00:00-04:00;79.83999633789062;79.23841
2021-07-15 00:00:00-04:00;79.16999816894531;78.6751
2021-07-16 00:00:00-04:00;77.37000274658203;78.0445
2021-07-19 00:00:00-04:00;77.30000305175781;76.49587
2021-07-20 00:00:00-04:00;78.23999786376953;76.216965
2021-07-21 00:00:00-04:00;78.30000305175781;76.99564
2021-07-22 00:00:00-04:00;77.12999725341797;77.22441
2021-07-23 00:00:00-04:00;77.72000122070312;76.302925
2021-07-26 00:00:00-04:00;78.55000305175781;76.59854
2021-07-27 00:00:00-04:00;77.95999908447266;77.31217
2021-07-28 00:00:00-04:00;78.20999908447266;76.932724
2021-07-29 00:00:00-04:00;79.01000213623047;77.054
2021-07-30 00:00:00-04:00;79.58999633789062;77.72026
2021-08-02 00:00:00-04:00;80.12999725341797;78.30811
2021-08-03 00:00:00-04:00;81.7300033569336;78.846405
2021-08-04 00:00:00-04:00;81.37000274658203;80.25383
2021-08-05 00:00:00-04:00;81.4800033569336;80.14754
2021-08-06 00:00:00-04:00;82.16999816894531;80.1861
2021-08-09 00:00:00-04:00;82.25;80.73868
2021-08-10 00:00:00-04:00;82.58000183105469;80.88038
2021-08-11 00:00:00-04:00;82.69999694824219;81.18151
2021-08-12 00:00:00-04:00;83.05999755859375;81.331795
2021-08-13 00:00:00-04:00;82.27999877929688;81.66043
2021-08-16 00:00:00-04:00;81.80000305175781;81.05467
2021-08-17 00:00:00-04:00;80.51000213623047;80.559456
2021-08-18 00:00:00-04:00;79.66999816894531;79.411606
2021-08-19 00:00:00-04:00;79.26000213623047;78.55252
2021-08-20 00:00:00-04:00;80.66999816894531;78.11215
2021-08-23 00:00:00-04:00;80.72000122070312;79.26587
2021-08-24 00:00:00-04:00;80.77999877929688;79.54025
2021-08-25 00:00:00-04:00;82.2699966430664;79.63791
2021-08-26 00:00:00-04:00;86.1500015258789;80.86853
2021-08-27 00:00:00-04:00;87.05999755859375;84.306244
2021-08-30 00:00:00-04:00;88.37000274658203;85.51199
2021-08-31 00:00:00-04:00;88.93000030517578;86.700294
2021-09-01 00:00:00-04:00;89.31999969482422;87.21285
2021-09-02 00:00:00-04:00;89.75;87.51703
2021-09-03 00:00:00-04:00;91.3499984741211;87.879265
2021-09-07 00:00:00-04:00;90.0;89.309494
2021-09-08 00:00:00-04:00;89.5199966430664;88.32698
2021-09-09 00:00:00-04:00;92.08999633789062;87.82759
2021-09-10 00:00:00-04:00;92.31999969482422;90.02426
2021-09-13 00:00:00-04:00;91.75;90.50491
2021-09-14 00:00:00-04:00;92.19000244140624;90.076035
2021-09-15 00:00:00-04:00;93.3000030517578;90.38958
2021-09-16 00:00:00-04:00;92.95999908447266;91.36207
2021-09-17 00:00:00-04:00;90.01000213623047;91.14971
2021-09-20 00:00:00-04:00;88.97000122070312;88.55632
2021-09-21 00:00:00-04:00;88.08999633789062;87.36644
2021-09-22 00:00:00-04:00;89.9800033569336;86.50056
2021-09-23 00:00:00-04:00;92.77999877929688;88.10373
2021-09-24 00:00:00-04:00;93.63999938964844;90.81836
2021-09-27 00:00:00-04:00;93.86000061035156;91.8882
2021-09-28 00:00:00-04:00;91.80999755859376;92.12103
2021-09-29 00:00:00-04:00;90.33000183105467;90.231544
2021-09-30 00:00:00-04:00;89.76000213623047;88.6538
2021-10-01 00:00:00-04:00;90.58000183105467;87.96242
2021-10-04 00:00:00-04:00;89.54000091552734;88.653885
2021-10-05 00:00:00-04:00;90.3000030517578;87.93317
2021-10-06 00:00:00-04:00;90.16000366210938;88.57872
2021-10-07 00:00:00-04:00;91.1500015258789;88.56038
2021-10-08 00:00:00-04:00;91.51000213623048;89.41353
2021-10-11 00:00:00-04:00;91.69000244140624;89.795235
2021-10-12 00:00:00-04:00;90.23999786376952;89.952065
2021-10-13 00:00:00-04:00;90.25;88.665535
2021-10-14 00:00:00-04:00;92.3499984741211;88.49767
2021-10-15 00:00:00-04:00;94.41999816894533;90.30526
2021-10-18 00:00:00-04:00;90.33999633789062;92.34495
2021-10-19 00:00:00-04:00;90.80999755859376;88.99945
2021-10-20 00:00:00-04:00;90.6999969482422;89.01748
2021-10-21 00:00:00-04:00;92.73999786376952;88.902054
2021-10-22 00:00:00-04:00;93.01000213623048;90.70301
2021-10-25 00:00:00-04:00;93.0999984741211;91.17901
2021-10-26 00:00:00-04:00;90.66000366210938;91.3127
2021-10-27 00:00:00-04:00;88.37999725341797;89.16777
2021-10-28 00:00:00-04:00;89.70999908447266;86.93348
2021-10-29 00:00:00-04:00;89.30000305175781;87.81821
2021-11-01 00:00:00-04:00;90.12000274658205;87.64128
2021-11-02 00:00:00-04:00;90.26000213623048;88.408035
2021-11-03 00:00:00-04:00;90.0;88.65115
2021-11-04 00:00:00-04:00;90.6999969482422;88.4389
2021-11-05 00:00:00-04:00;91.0500030517578;88.979965
2021-11-08 00:00:00-05:00;91.88999938964844;89.30381
2021-11-09 00:00:00-05:00;91.8000030517578;90.03996
2021-11-10 00:00:00-05:00;91.41999816894533;90.01527
2021-11-11 00:00:00-05:00;91.93000030517578;89.658516
2021-11-12 00:00:00-05:00;89.79000091552734;90.048065
2021-11-15 00:00:00-05:00;88.86000061035156;88.23805
2021-11-16 00:00:00-05:00;88.73999786376953;87.25103
2021-11-17 00:00:00-05:00;87.95999908447266;87.06697
2021-11-18 00:00:00-05:00;87.31999969482422;86.436844
2021-11-19 00:00:00-05:00;86.0;85.870026
2021-11-22 00:00:00-05:00;86.19000244140625;84.707886
2021-11-23 00:00:00-05:00;86.76000213623047;84.736145
2021-11-24 00:00:00-05:00;89.77999877929688;85.244415
2021-11-26 00:00:00-05:00;88.31999969482422;87.92217
2021-11-29 00:00:00-05:00;91.5199966430664;86.97106
2021-11-30 00:00:00-05:00;88.87999725341797;89.56353
2021-12-01 00:00:00-05:00;89.45999908447266;87.49
2021-12-02 00:00:00-05:00;90.18000030517578;87.6831
2021-12-03 00:00:00-05:00;90.05000305175781;88.297134
2021-12-06 00:00:00-05:00;88.19999694824219;88.27572
2021-12-07 00:00:00-05:00;90.66999816894533;86.715675
2021-12-08 00:00:00-05:00;89.80999755859375;88.68554
2021-12-09 00:00:00-05:00;89.30999755859375;88.20425
2021-12-10 00:00:00-05:00;89.31999969482422;87.73994
2021-12-13 00:00:00-05:00;87.19000244140625;87.68871
2021-12-14 00:00:00-05:00;86.83999633789062;85.84842
2021-12-15 00:00:00-05:00;88.69999694824219;85.32753
2021-12-16 00:00:00-05:00;88.1500015258789;86.88619
2021-12-17 00:00:00-05:00;88.05999755859375;86.65506
2021-12-20 00:00:00-05:00;87.52999877929688;86.56636
2021-12-21 00:00:00-05:00;89.9000015258789;86.07753
2021-12-22 00:00:00-05:00;89.9000015258789;88.02889
2021-12-23 00:00:00-05:00;90.62999725341795;88.24698
2021-12-27 00:00:00-05:00;93.33999633789062;88.879776
2021-12-28 00:00:00-05:00;93.26000213623048;91.272484
2021-12-29 00:00:00-05:00;93.18000030517578;91.40508
2021-12-30 00:00:00-05:00;91.69000244140624;91.297676
2021-12-31 00:00:00-05:00;91.98999786376952;89.937164
2022-01-03 00:00:00-05:00;92.38999938964844;90.03883
2022-01-04 00:00:00-05:00;94.1999969482422;90.432846
2022-01-05 00:00:00-05:00;92.6500015258789;92.12248
2022-01-06 00:00:00-05:00;93.23999786376952;90.97847
2022-01-07 00:00:00-05:00;92.23999786376952;91.38225
2022-01-10 00:00:00-05:00;93.1999969482422;90.52912
2022-01-11 00:00:00-05:00;95.0199966430664;91.27067
2022-01-12 00:00:00-05:00;94.6999969482422;92.95111
2022-01-13 00:00:00-05:00;95.4800033569336;92.83186
2022-01-14 00:00:00-05:00;95.41000366210938;93.48512
2022-01-18 00:00:00-05:00;93.31999969482422;93.43805
2022-01-19 00:00:00-05:00;89.41000366210938;91.564865
2022-01-20 00:00:00-05:00;87.80000305175781;87.98558
2022-01-21 00:00:00-05:00;84.27999877929688;86.23481
2022-01-24 00:00:00-05:00;86.5199966430664;83.1279
2022-01-25 00:00:00-05:00;85.72000122070312;84.7521
2022-01-26 00:00:00-05:00;84.63999938964844;84.445305
2022-01-27 00:00:00-05:00;83.83000183105469;83.56851
2022-01-28 00:00:00-05:00;86.37000274658203;82.75073
2022-01-31 00:00:00-05:00;86.51000213623047;84.744354
2022-02-01 00:00:00-05:00;87.01000213623047;85.09601
2022-02-02 00:00:00-05:00;88.66000366210938;85.515144
2022-02-03 00:00:00-05:00;87.95999908447266;86.91192
2022-02-04 00:00:00-05:00;87.62999725341797;86.41507
2022-02-07 00:00:00-05:00;87.33000183105469;86.01909
2022-02-08 00:00:00-05:00;89.11000061035156;85.68523
2022-02-09 00:00:00-05:00;91.6999969482422;87.185616
2022-02-10 00:00:00-05:00;90.05000305175781;89.65759
2022-02-11 00:00:00-05:00;89.08000183105469;88.525345
2022-02-14 00:00:00-05:00;87.79000091552734;87.53546
2022-02-15 00:00:00-05:00;90.47000122070312;86.26872
2022-02-16 00:00:00-05:00;91.5500030517578;88.42825
2022-02-17 00:00:00-05:00;91.06999969482422;89.67553
2022-02-18 00:00:00-05:00;90.9000015258789;89.431885
2022-02-22 00:00:00-05:00;86.12000274658203;89.23684
2022-02-23 00:00:00-05:00;84.08999633789062;85.06941
2022-02-24 00:00:00-05:00;79.29000091552734;82.81136
2022-02-25 00:00:00-05:00;80.13999938964844;78.541756
2022-02-28 00:00:00-05:00;78.37999725341797;78.703156
2022-03-01 00:00:00-05:00;77.33000183105469;77.4572
2022-03-02 00:00:00-05:00;81.0999984741211;76.52884
2022-03-03 00:00:00-05:00;80.76000213623047;79.57556
2022-03-04 00:00:00-05:00;80.3499984741211;79.807594
2022-03-07 00:00:00-05:00;78.62000274658203;79.42954
2022-03-08 00:00:00-05:00;78.91999816894531;77.806114
2022-03-09 00:00:00-05:00;80.77999877929688;77.68246
2022-03-10 00:00:00-05:00;82.62000274658203;79.1843
2022-03-11 00:00:00-05:00;84.0999984741211;81.000694
2022-03-14 00:00:00-04:00;80.38999938964844;82.545494
2022-03-15 00:00:00-04:00;82.0999984741211;79.62288
2022-03-16 00:00:00-04:00;84.86000061035156;80.53966
2022-03-17 00:00:00-04:00;86.41000366210938;82.99931
2022-03-18 00:00:00-04:00;89.69000244140625;84.70984
2022-03-21 00:00:00-04:00;88.5;87.767265
2022-03-22 00:00:00-04:00;87.61000061035156;87.05524
2022-03-23 00:00:00-04:00;87.22000122070312;86.10985
2022-03-24 00:00:00-04:00;86.30000305175781;85.57832
2022-03-25 00:00:00-04:00;85.69000244140625;84.719246
2022-03-28 00:00:00-04:00;86.13999938964844;84.14654
2022-03-29 00:00:00-04:00;88.12999725341797;84.536835
2022-03-30 00:00:00-04:00;86.56999969482422;86.374565
2022-03-31 00:00:00-04:00;83.0;85.31975
2022-04-01 00:00:00-04:00;82.19999694824219;82.148735
2022-04-04 00:00:00-04:00;83.6500015258789;80.98861
2022-04-05 00:00:00-04:00;81.1500015258789;82.05264
2022-04-06 00:00:00-04:00;79.80999755859375;80.188614
2022-04-07 00:00:00-04:00;78.80999755859375;78.84154
2022-04-08 00:00:00-04:00;78.0999984741211;77.820755
2022-04-11 00:00:00-04:00;77.12000274658203;77.09735
2022-04-12 00:00:00-04:00;76.38999938964844;76.208565
2022-04-13 00:00:00-04:00;77.27999877929688;75.4878
2022-04-14 00:00:00-04:00;75.5;76.116905
2022-04-18 00:00:00-04:00;76.1500015258789;74.78696
2022-04-19 00:00:00-04:00;77.11000061035156;75.07333
2022-04-20 00:00:00-04:00;78.75;75.91048
2022-04-21 00:00:00-04:00;77.9800033569336;77.41287
2022-04-22 00:00:00-04:00;76.01000213623047;77.01049
2022-04-25 00:00:00-04:00;77.4000015258789;75.26693
2022-04-26 00:00:00-04:00;75.51000213623047;76.04971
2022-04-27 00:00:00-04:00;74.55999755859375;74.64555
2022-04-28 00:00:00-04:00;75.0;73.64821
2022-04-29 00:00:00-04:00;73.25;73.86624
2022-05-02 00:00:00-04:00;74.0;72.54557
2022-05-03 00:00:00-04:00;74.05999755859375;72.94721
2022-05-04 00:00:00-04:00;76.69999694824219;73.11428
2022-05-05 00:00:00-04:00;73.11000061035156;75.328926
2022-05-06 00:00:00-04:00;72.98999786376953;72.79942
2022-05-09 00:00:00-04:00;71.31999969482422;72.16771
2022-05-10 00:00:00-04:00;73.0199966430664;70.6669
2022-05-11 00:00:00-04:00;69.73999786376953;71.75772
2022-05-12 00:00:00-04:00;69.68000030517578;69.40385
2022-05-13 00:00:00-04:00;71.20999908447266;68.90773
2022-05-16 00:00:00-04:00;71.5;70.07869
2022-05-17 00:00:00-04:00;73.9000015258789;70.61219
2022-05-18 00:00:00-04:00;70.7300033569336;72.67957
2022-05-19 00:00:00-04:00;68.26000213623047;70.49273
2022-05-20 00:00:00-04:00;66.63999938964844;68.004326
2022-05-23 00:00:00-04:00;68.51000213623047;66.14929
2022-05-24 00:00:00-04:00;67.4000015258789;67.26679
2022-05-25 00:00:00-04:00;69.44000244140625;66.75806
2022-05-26 00:00:00-04:00;70.48999786376953;68.34745
2022-05-27 00:00:00-04:00;73.05000305175781;69.57227
2022-05-31 00:00:00-04:00;71.94999694824219;71.8711
2022-06-01 00:00:00-04:00;72.51000213623047;71.36747
2022-06-02 00:00:00-04:00;72.9000015258789;71.60475
2022-06-03 00:00:00-04:00;71.11000061035156;71.87896
2022-06-06 00:00:00-04:00;70.87000274658203;70.450066
2022-06-07 00:00:00-04:00;71.45999908447266;69.963455
2022-06-08 00:00:00-04:00;70.08000183105469;70.37794
2022-06-09 00:00:00-04:00;67.7699966430664;69.42316
2022-06-10 00:00:00-04:00;66.80999755859375;67.43497
2022-06-13 00:00:00-04:00;64.47000122070312;66.28069
2022-06-14 00:00:00-04:00;64.31999969482422;64.247734
2022-06-15 00:00:00-04:00;65.43000030517578;63.730927
2022-06-16 00:00:00-04:00;63.290000915527344;64.573006
2022-06-17 00:00:00-04:00;63.7599983215332;63.174477
2022-06-21 00:00:00-04:00;64.5;63.214184
2022-06-22 00:00:00-04:00;64.69999694824219;63.80508
2022-06-23 00:00:00-04:00;64.8499984741211;64.09716
2022-06-24 00:00:00-04:00;66.80999755859375;64.25697
2022-06-27 00:00:00-04:00;67.2699966430664;65.8001
2022-06-28 00:00:00-04:00;65.63999938964844;66.486725
2022-06-29 00:00:00-04:00;65.36000061035156;65.30301
2022-06-30 00:00:00-04:00;65.23999786376953;64.75393
2022-07-01 00:00:00-04:00;62.779998779296875;64.52049
2022-07-05 00:00:00-04:00;64.22000122070312;62.580486
2022-07-06 00:00:00-04:00;63.33000183105469;63.277218
2022-07-07 00:00:00-04:00;64.79000091552734;62.835854
2022-07-08 00:00:00-04:00;65.04000091552734;63.9221
2022-07-11 00:00:00-04:00;64.4000015258789;64.41089
2022-07-12 00:00:00-04:00;64.31999969482422;64.008446
2022-07-13 00:00:00-04:00;64.29000091552734;63.80627
2022-07-14 00:00:00-04:00;64.98999786376953;63.701565
2022-07-15 00:00:00-04:00;65.94999694824219;64.21325
2022-07-18 00:00:00-04:00;65.56999969482422;65.09343
2022-07-19 00:00:00-04:00;68.30999755859375;64.996826
2022-07-20 00:00:00-04:00;69.5999984741211;67.11881
2022-07-21 00:00:00-04:00;70.5199966430664;68.60636
2022-07-22 00:00:00-04:00;69.26000213623047;69.61243
2022-07-25 00:00:00-04:00;69.16999816894531;68.73677
2022-07-26 00:00:00-04:00;69.41999816894531;68.39868
2022-07-27 00:00:00-04:00;70.56999969482422;68.4952
2022-07-28 00:00:00-04:00;71.70999908447266;69.45681
2022-07-29 00:00:00-04:00;71.33000183105469;70.615906
2022-08-01 00:00:00-04:00;71.95999908447266;70.56351
2022-08-02 00:00:00-04:00;71.37000274658203;71.038765
2022-08-03 00:00:00-04:00;72.55000305175781;70.62995
2022-08-04 00:00:00-04:00;72.11000061035156;71.47347
2022-08-05 00:00:00-04:00;72.37000274658203;71.28119
2022-08-08 00:00:00-04:00;72.6500015258789;71.44447
2022-08-09 00:00:00-04:00;71.0999984741211;71.69839
2022-08-10 00:00:00-04:00;73.30000305175781;70.49717
2022-08-11 00:00:00-04:00;73.69999694824219;72.02743
2022-08-12 00:00:00-04:00;74.93000030517578;72.67813
2022-08-15 00:00:00-04:00;74.62999725341797;73.80863
2022-08-16 00:00:00-04:00;74.7699966430664;73.75049
2022-08-17 00:00:00-04:00;73.37000274658203;73.8023
2022-08-18 00:00:00-04:00;75.48999786376953;72.63002
2022-08-19 00:00:00-04:00;74.29000091552734;74.112854
2022-08-22 00:00:00-04:00;73.02999877929688;73.43466
2022-08-23 00:00:00-04:00;73.27999877929688;72.29805
2022-08-24 00:00:00-04:00;72.81999969482422;72.2883
2022-08-25 00:00:00-04:00;78.55999755859375;71.943344
2022-08-26 00:00:00-04:00;74.95999908447266;76.6256
2022-08-29 00:00:00-04:00;73.44999694824219;74.54069
2022-08-30 00:00:00-04:00;72.27999877929688;72.878456
2022-08-31 00:00:00-04:00;72.12999725341797;71.54052
2022-09-01 00:00:00-04:00;72.16000366210938;71.15286
2022-09-02 00:00:00-04:00;71.27999877929688;71.166824
2022-09-06 00:00:00-04:00;70.69999694824219;70.538795
2022-09-07 00:00:00-04:00;70.69999694824219;69.99469
2022-09-08 00:00:00-04:00;71.41000366210938;69.90983
2022-09-09 00:00:00-04:00;72.44999694824219;70.482414
2022-09-12 00:00:00-04:00;73.4000015258789;71.448616
2022-09-13 00:00:00-04:00;71.05999755859375;72.3982
2022-09-14 00:00:00-04:00;70.26000213623047;70.65049
2022-09-15 00:00:00-04:00;69.08000183105469;69.5943
2022-09-16 00:00:00-04:00;68.68000030517578;68.41263
2022-09-19 00:00:00-04:00;67.61000061035156;67.878876
2022-09-20 00:00:00-04:00;66.30000305175781;66.987656
2022-09-21 00:00:00-04:00;65.3499984741211;65.82838
2022-09-22 00:00:00-04:00;64.2300033569336;64.879845
2022-09-23 00:00:00-04:00;63.470001220703125;63.840603
2022-09-26 00:00:00-04:00;62.61000061035156;63.054146
2022-09-27 00:00:00-04:00;62.529998779296875;62.245247
2022-09-28 00:00:00-04:00;63.70000076293945;62.025837
2022-09-29 00:00:00-04:00;62.939998626708984;62.91851
2022-09-30 00:00:00-04:00;61.849998474121094;62.565826
2022-10-03 00:00:00-04:00;64.13999938964844;61.613045
2022-10-04 00:00:00-04:00;66.55999755859375;63.129498
2022-10-05 00:00:00-04:00;67.19000244140625;65.408485
2022-10-06 00:00:00-04:00;67.0;66.41782
2022-10-07 00:00:00-04:00;66.08000183105469;66.42005
2022-10-10 00:00:00-04:00;64.04000091552734;65.60002
2022-10-11 00:00:00-04:00;62.060001373291016;63.75152
2022-10-12 00:00:00-04:00;62.33000183105469;61.774303
2022-10-13 00:00:00-04:00;64.11000061035156;61.564068
2022-10-14 00:00:00-04:00;62.40999984741211;63.025032
2022-10-17 00:00:00-04:00;63.16999816894531;62.172844
2022-10-18 00:00:00-04:00;62.7400016784668;62.581196
2022-10-19 00:00:00-04:00;62.290000915527344;62.347984
2022-10-20 00:00:00-04:00;62.47999954223633;61.918697
2022-10-21 00:00:00-04:00;65.5999984741211;61.93786
2022-10-24 00:00:00-04:00;66.33999633789062;64.3757
2022-10-25 00:00:00-04:00;67.8499984741211;65.54474
2022-10-26 00:00:00-04:00;67.45999908447266;66.95743
2022-10-27 00:00:00-04:00;67.47000122070312;66.880356
2022-10-28 00:00:00-04:00;69.4000015258789;66.775925
2022-10-31 00:00:00-04:00;69.2699966430664;68.22863
2022-11-01 00:00:00-04:00;71.0199966430664;68.4282
2022-11-02 00:00:00-04:00;68.87000274658203;69.86223
2022-11-03 00:00:00-04:00;67.63999938964844;68.433395
2022-11-04 00:00:00-04:00;68.79000091552734;67.12668
2022-11-07 00:00:00-05:00;69.38999938964844;67.75663
2022-11-08 00:00:00-05:00;69.44000244140625;68.42969
2022-11-09 00:00:00-05:00;68.01000213623047;68.66485
2022-11-10 00:00:00-05:00;71.91000366210938;67.58768
2022-11-11 00:00:00-05:00;73.5;70.46067
2022-11-14 00:00:00-05:00;73.18000030517578;72.35509
2022-11-15 00:00:00-05:00;73.95999908447266;72.42515
2022-11-16 00:00:00-05:00;72.33000183105469;72.97856
2022-11-17 00:00:00-05:00;72.86000061035156;71.67477
2022-11-18 00:00:00-05:00;73.72000122070312;71.79298
2022-11-21 00:00:00-05:00;72.5199966430664;72.5215
2022-11-22 00:00:00-05:00;73.87999725341797;71.731636
2022-11-23 00:00:00-05:00;74.66000366210938;72.70805
2022-11-25 00:00:00-05:00;74.66000366210938;73.56054
2022-11-28 00:00:00-05:00;72.56999969482422;73.72894
2022-11-29 00:00:00-05:00;71.79000091552734;72.04102
2022-11-30 00:00:00-05:00;67.61000061035156;71.048805
2022-12-01 00:00:00-05:00;68.06999969482422;67.52142
2022-12-02 00:00:00-05:00;66.43000030517578;67.17264
2022-12-05 00:00:00-05:00;64.66000366210938;65.918175
2022-12-06 00:00:00-05:00;63.08000183105469;64.36129
2022-12-07 00:00:00-05:00;62.97999954223633;62.8545
2022-12-08 00:00:00-05:00;63.91999816894531;62.484158
2022-12-09 00:00:00-05:00;64.29000091552734;63.195576
2022-12-12 00:00:00-05:00;65.29000091552734;63.700977
2022-12-13 00:00:00-05:00;64.91000366210938;64.5951
2022-12-14 00:00:00-05:00;64.38999938964844;64.457664
2022-12-15 00:00:00-05:00;61.380001068115234;63.943832
2022-12-16 00:00:00-05:00;60.31999969482422;61.428562
2022-12-19 00:00:00-05:00;59.189998626708984;59.970974
2022-12-20 00:00:00-05:00;59.470001220703125;58.795628
2022-12-21 00:00:00-05:00;60.04999923706055;58.812035
2022-12-22 00:00:00-05:00;58.970001220703125;59.381516
2022-12-23 00:00:00-05:00;59.040000915527344;58.77966
2022-12-27 00:00:00-05:00;59.04999923706055;58.686943
2022-12-28 00:00:00-05:00;58.18000030517578;58.666744
2022-12-29 00:00:00-05:00;60.09000015258789;57.9869
2022-12-30 00:00:00-05:00;60.060001373291016;59.252495
2023-01-03 00:00:00-05:00;60.790000915527344;59.571293
2023-01-04 00:00:00-05:00;61.93000030517578;60.191498
2023-01-05 00:00:00-05:00;61.33000183105469;61.198868
2023-01-06 00:00:00-05:00;63.650001525878906;60.95017
2023-01-09 00:00:00-05:00;63.79999923706055;62.63875
2023-01-10 00:00:00-05:00;64.20999908447266;63.14818
2023-01-11 00:00:00-05:00;64.44999694824219;63.54867
2023-01-12 00:00:00-05:00;64.05000305175781;63.7901
2023-01-13 00:00:00-05:00;64.66000366210938;63.503082
2023-01-17 00:00:00-05:00;64.7699966430664;63.89502
2023-01-18 00:00:00-05:00;64.95999908447266;64.0822
2023-01-19 00:00:00-05:00;64.51000213623047;64.28505
2023-01-20 00:00:00-05:00;65.47000122070312;63.985767
2023-01-23 00:00:00-05:00;67.01000213623047;64.665886
2023-01-24 00:00:00-05:00;66.99980163574219;66.04688
