Date;O;close_predicted
2017-08-10 00:00:00-04:00;55.25193786621094;54.894146
2017-08-11 00:00:00-04:00;54.72868347167969;54.69762
2017-08-14 00:00:00-04:00;55.54263687133789;54.314575
2017-08-15 00:00:00-04:00;55.203487396240234;54.542953
2017-08-16 00:00:00-04:00;55.82364273071289;54.57331
2017-08-17 00:00:00-04:00;55.41666793823242;54.848385
2017-08-18 00:00:00-04:00;55.08720779418945;54.783222
2017-08-21 00:00:00-04:00;56.08526992797851;54.523228
2017-08-22 00:00:00-04:00;55.60077667236328;54.896465
2017-08-23 00:00:00-04:00;56.2984504699707;54.92036
2017-08-24 00:00:00-04:00;55.7170524597168;55.216255
2017-08-25 00:00:00-04:00;56.24031066894531;55.087788
2017-08-28 00:00:00-04:00;55.4360466003418;55.232433
2017-08-29 00:00:00-04:00;55.36821746826172;54.943485
2017-08-30 00:00:00-04:00;55.1550407409668;54.727608
2017-08-31 00:00:00-04:00;55.77519226074219;54.559685
2017-09-01 00:00:00-04:00;56.06589126586914;54.820152
2017-09-05 00:00:00-04:00;56.511627197265625;55.141884
2017-09-06 00:00:00-04:00;56.37596893310547;55.489384
2017-09-07 00:00:00-04:00;56.88953399658203;55.548416
2017-09-08 00:00:00-04:00;57.49031066894531;55.78314
2017-09-11 00:00:00-04:00;57.606590270996094;56.228703
2017-09-12 00:00:00-04:00;57.093021392822266;56.512817
2017-09-13 00:00:00-04:00;56.9670524597168;56.343636
2017-09-14 00:00:00-04:00;57.55813980102539;56.158176
2017-09-15 00:00:00-04:00;58.04263687133789;56.41933
2017-09-18 00:00:00-04:00;57.71317672729492;56.872677
2017-09-19 00:00:00-04:00;56.97674560546875;56.91461
2017-09-20 00:00:00-04:00;56.531009674072266;56.48229
2017-09-21 00:00:00-04:00;56.11434173583984;56.02202
2017-09-22 00:00:00-04:00;55.78488540649414;55.64945
2017-09-25 00:00:00-04:00;56.13372039794922;55.361156
2017-09-26 00:00:00-04:00;56.531009674072266;55.429787
2017-09-27 00:00:00-04:00;55.5329475402832;55.69945
2017-09-28 00:00:00-04:00;56.027130126953125;55.299236
2017-09-29 00:00:00-04:00;55.41666793823242;55.245197
2017-10-02 00:00:00-04:00;55.30038833618164;54.96859
2017-10-03 00:00:00-04:00;55.281009674072266;54.750404
2017-10-04 00:00:00-04:00;55.377906799316406;54.65472
2017-10-05 00:00:00-04:00;55.261627197265625;54.67545
2017-10-06 00:00:00-04:00;54.72868347167969;54.62879
2017-10-09 00:00:00-04:00;54.777130126953125;54.31195
2017-10-10 00:00:00-04:00;54.85465240478515;54.150963
2017-10-11 00:00:00-04:00;54.91279220581055;54.14989
2017-10-12 00:00:00-04:00;54.99031066894531;54.198345
2017-10-13 00:00:00-04:00;55.106590270996094;54.25115
2017-10-16 00:00:00-04:00;55.13565826416016;54.319206
2017-10-17 00:00:00-04:00;55.319766998291016;54.356464
2017-10-18 00:00:00-04:00;54.54457473754883;54.456398
2017-10-19 00:00:00-04:00;54.4670524597168;54.11751
2017-10-20 00:00:00-04:00;53.81782913208008;53.868687
2017-10-23 00:00:00-04:00;53.75;53.47014
2017-10-24 00:00:00-04:00;53.25581359863281;53.251537
2017-10-25 00:00:00-04:00;52.781009674072266;52.943844
2017-10-26 00:00:00-04:00;51.7829475402832;52.550255
2017-10-27 00:00:00-04:00;52.25775146484375;51.859726
2017-10-30 00:00:00-04:00;52.49031066894531;51.734615
2017-10-31 00:00:00-04:00;52.00581359863281;51.881348
2017-11-01 00:00:00-04:00;52.25775146484375;51.71318
2017-11-02 00:00:00-04:00;53.2170524597168;51.67053
2017-11-03 00:00:00-04:00;53.468990325927734;52.131184
2017-11-06 00:00:00-05:00;53.546512603759766;52.522038
2017-11-07 00:00:00-05:00;54.47674560546875;52.687786
2017-11-08 00:00:00-05:00;54.42829513549805;53.17898
2017-11-09 00:00:00-05:00;54.5155029296875;53.427376
2017-11-10 00:00:00-05:00;54.52519226074219;53.544632
2017-11-13 00:00:00-05:00;54.91279220581055;53.601166
2017-11-14 00:00:00-05:00;55.13565826416016;53.84193
2017-11-15 00:00:00-05:00;54.718990325927734;54.11416
2017-11-16 00:00:00-05:00;54.738372802734375;54.038208
2017-11-17 00:00:00-05:00;54.72868347167969;53.973312
2017-11-20 00:00:00-05:00;54.379844665527344;53.967587
2017-11-21 00:00:00-05:00;54.78682327270508;53.81721
2017-11-22 00:00:00-05:00;54.54457473754883;53.943516
2017-11-24 00:00:00-05:00;54.64147186279297;53.92564
2017-11-27 00:00:00-05:00;54.47674560546875;53.93615
2017-11-28 00:00:00-05:00;54.14728546142578;53.859016
2017-11-29 00:00:00-05:00;53.75;53.64418
2017-11-30 00:00:00-05:00;53.58526992797851;53.332695
2017-12-01 00:00:00-05:00;53.827518463134766;53.106358
2017-12-04 00:00:00-05:00;53.62403106689453;53.14716
2017-12-05 00:00:00-05:00;53.50775146484375;53.09776
2017-12-06 00:00:00-05:00;53.003875732421875;52.982662
2017-12-07 00:00:00-05:00;53.129844665527344;52.656536
2017-12-08 00:00:00-05:00;53.856590270996094;52.537987
2017-12-11 00:00:00-05:00;53.7015495300293;52.884853
2017-12-12 00:00:00-05:00;54.011627197265625;53.01966
2017-12-13 00:00:00-05:00;55.106590270996094;53.17024
2017-12-14 00:00:00-05:00;55.203487396240234;53.779015
2017-12-15 00:00:00-05:00;55.620155334472656;54.156834
2017-12-18 00:00:00-05:00;56.00775146484375;54.477917
2017-12-19 00:00:00-05:00;54.60271453857422;54.809624
2017-12-20 00:00:00-05:00;53.88565826416016;54.259888
2017-12-21 00:00:00-05:00;53.53682327270508;53.559574
2017-12-22 00:00:00-05:00;54.11821746826172;53.119972
2017-12-26 00:00:00-05:00;54.48643493652344;53.307037
2017-12-27 00:00:00-05:00;54.961238861083984;53.678093
2017-12-28 00:00:00-05:00;55.348838806152344;54.068733
2017-12-29 00:00:00-05:00;55.25193786621094;54.393063
2018-01-02 00:00:00-05:00;54.86434173583984;54.445175
2018-01-03 00:00:00-05:00;54.718990325927734;54.223625
2018-01-04 00:00:00-05:00;53.53682327270508;54.030968
2018-01-05 00:00:00-05:00;53.49806213378906;53.388508
2018-01-08 00:00:00-05:00;53.56589126586914;53.042736
2018-01-09 00:00:00-05:00;52.56782913208008;52.9979
2018-01-10 00:00:00-05:00;51.41473007202149;52.524616
2018-01-11 00:00:00-05:00;51.627906799316406;51.655975
2018-01-12 00:00:00-05:00;51.08526992797851;51.30824
2018-01-16 00:00:00-05:00;51.2984504699707;50.973167
2018-01-17 00:00:00-05:00;51.58914566040039;50.90159
2018-01-18 00:00:00-05:00;51.11434173583984;51.02009
2018-01-19 00:00:00-05:00;51.49224853515625;50.826042
2018-01-22 00:00:00-05:00;52.18992233276367;50.83672
2018-01-23 00:00:00-05:00;52.83914566040039;51.206104
2018-01-24 00:00:00-05:00;52.33526992797851;51.734753
2018-01-25 00:00:00-05:00;52.75193786621094;51.715324
2018-01-26 00:00:00-05:00;52.52907180786133;51.811665
2018-01-29 00:00:00-05:00;51.4050407409668;51.782703
2018-01-30 00:00:00-05:00;50.83333206176758;51.213913
2018-01-31 00:00:00-05:00;51.54069900512695;50.619686
2018-02-01 00:00:00-05:00;49.99031066894531;50.73647
2018-02-02 00:00:00-05:00;49.66085433959961;50.162415
2018-02-05 00:00:00-05:00;48.546512603759766;49.61079
2018-02-06 00:00:00-05:00;48.51744079589844;48.82567
2018-02-07 00:00:00-05:00;47.40310287475586;48.41155
2018-02-08 00:00:00-05:00;46.08526992797851;47.739937
2018-02-09 00:00:00-05:00;47.38372039794922;46.728268
2018-02-12 00:00:00-05:00;47.1705436706543;46.795265
2018-02-13 00:00:00-05:00;47.47092819213867;46.893597
2018-02-14 00:00:00-05:00;46.60852813720703;47.023964
2018-02-15 00:00:00-05:00;47.75193786621094;46.619587
2018-02-16 00:00:00-05:00;48.41085433959961;46.85554
2018-02-20 00:00:00-05:00;47.86821746826172;47.392914
2018-02-21 00:00:00-05:00;46.88953399658203;47.405365
2018-02-22 00:00:00-05:00;47.77131652832031;46.828686
2018-02-23 00:00:00-05:00;48.643409729003906;46.900963
2018-02-26 00:00:00-05:00;49.031009674072266;47.5065
2018-02-27 00:00:00-05:00;47.83914566040039;48.064438
2018-02-28 00:00:00-05:00;47.6550407409668;47.706997
2018-03-01 00:00:00-05:00;48.07170486450195;47.29674
2018-03-02 00:00:00-05:00;48.187984466552734;47.339935
2018-03-05 00:00:00-05:00;48.75;47.526596
2018-03-06 00:00:00-05:00;48.972869873046875;47.90889
2018-03-07 00:00:00-05:00;49.27325439453125;48.213238
2018-03-08 00:00:00-05:00;49.011627197265625;48.469933
2018-03-09 00:00:00-05:00;49.29263687133789;48.44786
2018-03-12 00:00:00-04:00;49.66085433959961;48.535595
2018-03-13 00:00:00-04:00;49.85465240478515;48.794315
2018-03-14 00:00:00-04:00;49.796512603759766;49.047546
2018-03-15 00:00:00-04:00;49.55426406860352;49.13503
2018-03-16 00:00:00-04:00;49.87403106689453;49.033512
2018-03-19 00:00:00-04:00;49.32170486450195;49.126915
2018-03-20 00:00:00-04:00;48.91473007202149;48.95089
2018-03-21 00:00:00-04:00;48.35271453857422;48.635452
2018-03-22 00:00:00-04:00;48.32364273071289;48.20996
2018-03-23 00:00:00-04:00;47.80038833618164;47.99581
2018-03-26 00:00:00-04:00;48.401161193847656;47.687016
2018-03-27 00:00:00-04:00;48.75968933105469;47.80807
2018-03-28 00:00:00-04:00;50.1550407409668;48.096775
2018-03-29 00:00:00-04:00;50.12596893310547;48.906902
2018-04-02 00:00:00-04:00;49.58333206176758;49.31214
2018-04-03 00:00:00-04:00;50.13565826416016;49.122974
2018-04-04 00:00:00-04:00;50.82364273071289;49.213043
2018-04-05 00:00:00-04:00;50.746124267578125;49.67565
2018-04-06 00:00:00-04:00;50.46511459350586;49.92686
2018-04-09 00:00:00-04:00;50.281009674072266;49.866703
2018-04-10 00:00:00-04:00;50.11627960205078;49.712788
2018-04-11 00:00:00-04:00;50.222869873046875;49.57631
2018-04-12 00:00:00-04:00;49.127906799316406;49.595356
2018-04-13 00:00:00-04:00;49.2344970703125;49.108593
2018-04-16 00:00:00-04:00;49.496124267578125;48.85813
2018-04-17 00:00:00-04:00;50.00968933105469;48.925484
2018-04-18 00:00:00-04:00;49.83526992797851;49.255543
2018-04-19 00:00:00-04:00;48.61434173583984;49.337486
2018-04-20 00:00:00-04:00;47.99418640136719;48.70867
2018-04-23 00:00:00-04:00;47.606590270996094;48.001114
2018-04-24 00:00:00-04:00;47.94573593139648;47.5029
2018-04-25 00:00:00-04:00;48.07170486450195;47.488953
2018-04-26 00:00:00-04:00;48.827518463134766;47.617126
2018-04-27 00:00:00-04:00;49.85465240478515;48.029953
2018-04-30 00:00:00-04:00;48.94379806518555;48.729843
2018-05-01 00:00:00-04:00;49.593021392822266;48.611
2018-05-02 00:00:00-04:00;49.2344970703125;48.710484
2018-05-03 00:00:00-04:00;49.69961166381836;48.639977
2018-05-04 00:00:00-04:00;50.64922332763672;48.825363
2018-05-07 00:00:00-04:00;51.03682327270508;49.43835
2018-05-08 00:00:00-04:00;50.83333206176758;49.9806
2018-05-09 00:00:00-04:00;51.230621337890625;50.097668
2018-05-10 00:00:00-04:00;51.86046600341797;50.27908
2018-05-11 00:00:00-04:00;51.34689712524414;50.711147
2018-05-14 00:00:00-04:00;51.143409729003906;50.71364
2018-05-15 00:00:00-04:00;50.11627960205078;50.55717
2018-05-16 00:00:00-04:00;50.29069900512695;49.987465
2018-05-17 00:00:00-04:00;50.11627960205078;49.782166
2018-05-18 00:00:00-04:00;50.05813980102539;49.697033
2018-05-21 00:00:00-04:00;50.687984466552734;49.65063
2018-05-22 00:00:00-04:00;50.65891647338867;49.929714
2018-05-23 00:00:00-04:00;51.33720779418945;50.074528
2018-05-24 00:00:00-04:00;51.15310287475586;50.42303
2018-05-25 00:00:00-04:00;51.2015495300293;50.505405
2018-05-29 00:00:00-04:00;51.66666793823242;50.510384
2018-05-30 00:00:00-04:00;52.0639533996582;50.737206
2018-05-31 00:00:00-04:00;51.64728546142578;51.08408
2018-06-01 00:00:00-04:00;51.39534759521485;51.052227
2018-06-04 00:00:00-04:00;51.511627197265625;50.853683
2018-06-05 00:00:00-04:00;51.356590270996094;50.817204
2018-06-06 00:00:00-04:00;51.61821746826172;50.774876
2018-06-07 00:00:00-04:00;51.69573593139648;50.89309
2018-06-08 00:00:00-04:00;51.61821746826172;51.011673
2018-06-11 00:00:00-04:00;51.7344970703125;51.01875
2018-06-12 00:00:00-04:00;52.296512603759766;51.056194
2018-06-13 00:00:00-04:00;50.77519226074219;51.358524
2018-06-14 00:00:00-04:00;51.34689712524414;50.782593
2018-06-15 00:00:00-04:00;51.327518463134766;50.662407
2018-06-18 00:00:00-04:00;51.25968933105469;50.702366
2018-06-19 00:00:00-04:00;51.22092819213867;50.714867
2018-06-20 00:00:00-04:00;51.83139419555664;50.684063
2018-06-21 00:00:00-04:00;51.86046600341797;50.95514
2018-06-22 00:00:00-04:00;52.112403869628906;51.132065
2018-06-25 00:00:00-04:00;52.55813980102539;51.304203
2018-06-26 00:00:00-04:00;52.66473007202149;51.595615
2018-06-27 00:00:00-04:00;52.83914566040039;51.797054
2018-06-28 00:00:00-04:00;52.61627960205078;51.958954
2018-06-29 00:00:00-04:00;52.122093200683594;51.92196
2018-07-02 00:00:00-04:00;51.627906799316406;51.64359
2018-07-03 00:00:00-04:00;52.47092819213867;51.26139
2018-07-05 00:00:00-04:00;53.44961166381836;51.52021
2018-07-06 00:00:00-04:00;53.856590270996094;52.244007
2018-07-09 00:00:00-04:00;53.17829513549805;52.815968
2018-07-10 00:00:00-04:00;53.75;52.65983
2018-07-11 00:00:00-04:00;53.430233001708984;52.75467
2018-07-12 00:00:00-04:00;53.7015495300293;52.709312
2018-07-13 00:00:00-04:00;53.43992233276367;52.825756
2018-07-16 00:00:00-04:00;53.20736312866211;52.790142
2018-07-17 00:00:00-04:00;53.02325439453125;52.6425
2018-07-18 00:00:00-04:00;53.2655029296875;52.47971
2018-07-19 00:00:00-04:00;54.0794563293457;52.53898
2018-07-20 00:00:00-04:00;53.769378662109375;53.013187
2018-07-23 00:00:00-04:00;53.75;53.116737
2018-07-24 00:00:00-04:00;53.246124267578125;53.067974
2018-07-25 00:00:00-04:00;54.02131652832031;52.771847
2018-07-26 00:00:00-04:00;54.031009674072266;53.00716
2018-07-27 00:00:00-04:00;53.33333206176758;53.21703
2018-07-30 00:00:00-04:00;53.65310287475586;52.94366
2018-07-31 00:00:00-04:00;54.04069900512695;52.90332
2018-08-01 00:00:00-04:00;54.24418640136719;53.13378
2018-08-02 00:00:00-04:00;55.14534759521485;53.380848
2018-08-03 00:00:00-04:00;55.88178253173828;53.931843
2018-08-06 00:00:00-04:00;55.82364273071289;54.578262
2018-08-07 00:00:00-04:00;55.47480773925781;54.821297
2018-08-08 00:00:00-04:00;55.377906799316406;54.680515
2018-08-09 00:00:00-04:00;55.21317672729492;54.541714
2018-08-10 00:00:00-04:00;54.75775146484375;54.44613
2018-08-13 00:00:00-04:00;54.961238861083984;54.21696
2018-08-14 00:00:00-04:00;55.31007766723633;54.22017
2018-08-15 00:00:00-04:00;55.82364273071289;54.446423
2018-08-16 00:00:00-04:00;56.39534759521485;54.831085
2018-08-17 00:00:00-04:00;57.02519226074219;55.28968
2018-08-20 00:00:00-04:00;56.95736312866211;55.79507
2018-08-21 00:00:00-04:00;56.7829475402832;55.96563
2018-08-22 00:00:00-04:00;56.66666793823242;55.897373
2018-08-23 00:00:00-04:00;56.637596130371094;55.799892
2018-08-24 00:00:00-04:00;56.7829475402832;55.777035
2018-08-27 00:00:00-04:00;56.56007766723633;55.881775
2018-08-28 00:00:00-04:00;57.238372802734375;55.84493
2018-08-29 00:00:00-04:00;56.70542526245117;56.156628
2018-08-30 00:00:00-04:00;56.60852813720703;56.070103
2018-08-31 00:00:00-04:00;56.753875732421875;55.91485
2018-09-04 00:00:00-04:00;56.56007766723633;55.923473
2018-09-05 00:00:00-04:00;56.812015533447266;55.86464
2018-09-06 00:00:00-04:00;56.9670524597168;55.957485
2018-09-07 00:00:00-04:00;56.33720779418945;56.096695
2018-09-10 00:00:00-04:00;56.54069900512695;55.83148
2018-09-11 00:00:00-04:00;56.211238861083984;55.756725
2018-09-12 00:00:00-04:00;56.30813980102539;55.598854
2018-09-13 00:00:00-04:00;56.33720779418945;55.570927
2018-09-14 00:00:00-04:00;55.872093200683594;55.59314
2018-09-17 00:00:00-04:00;56.36627960205078;55.36503
2018-09-18 00:00:00-04:00;55.72674560546875;55.472763
2018-09-19 00:00:00-04:00;54.893409729003906;55.245377
2018-09-20 00:00:00-04:00;55.49418640136719;54.665607
2018-09-21 00:00:00-04:00;55.222869873046875;54.672806
2018-09-24 00:00:00-04:00;54.38953399658203;54.64299
2018-09-25 00:00:00-04:00;54.70930099487305;54.184315
2018-09-26 00:00:00-04:00;54.08914566040039;54.064453
2018-09-27 00:00:00-04:00;54.379844665527344;53.755066
2018-09-28 00:00:00-04:00;55.12596893310547;53.72432
2018-10-01 00:00:00-04:00;54.8449592590332;54.12068
2018-10-02 00:00:00-04:00;55.0484504699707;54.191048
2018-10-03 00:00:00-04:00;55.0;54.238087
2018-10-04 00:00:00-04:00;54.78682327270508;54.22206
2018-10-05 00:00:00-04:00;55.29069900512695;54.101425
2018-10-08 00:00:00-04:00;56.27907180786133;54.29742
2018-10-09 00:00:00-04:00;56.753875732421875;54.943752
2018-10-10 00:00:00-04:00;55.5329475402832;55.5221
2018-10-11 00:00:00-04:00;54.22480773925781;55.10868
2018-10-12 00:00:00-04:00;54.11821746826172;54.12764
2018-10-15 00:00:00-04:00;54.42829513549805;53.62315
2018-10-16 00:00:00-04:00;55.7655029296875;53.697777
2018-10-17 00:00:00-04:00;56.24031066894531;54.508724
2018-10-18 00:00:00-04:00;56.11434173583984;55.17324
2018-10-19 00:00:00-04:00;56.6860466003418;55.29929
2018-10-22 00:00:00-04:00;55.9205436706543;55.530285
2018-10-23 00:00:00-04:00;56.656978607177734;55.26907
2018-10-24 00:00:00-04:00;57.94573593139648;55.482006
2018-10-25 00:00:00-04:00;58.372093200683594;56.343643
2018-10-26 00:00:00-04:00;57.877906799316406;57.0269
2018-10-29 00:00:00-04:00;59.39922332763672;57.001015
2018-10-30 00:00:00-04:00;59.496124267578125;57.6754
2018-10-31 00:00:00-04:00;58.401161193847656;58.150326
2018-11-01 00:00:00-04:00;59.29263687133789;57.760155
2018-11-02 00:00:00-04:00;58.39147186279297;57.963905
2018-11-05 00:00:00-05:00;59.5639533996582;57.731712
2018-11-06 00:00:00-05:00;59.651161193847656;58.204697
2018-11-07 00:00:00-05:00;60.35852813720703;58.57142
2018-11-08 00:00:00-05:00;60.54263687133789;59.058945
2018-11-09 00:00:00-05:00;60.8139533996582;59.3592
2018-11-12 00:00:00-05:00;60.93992233276367;59.591114
2018-11-13 00:00:00-05:00;60.89147186279297;59.754307
2018-11-14 00:00:00-05:00;61.211238861083984;59.806873
2018-11-15 00:00:00-05:00;60.73643493652344;60.004993
2018-11-16 00:00:00-05:00;61.812015533447266;59.88119
2018-11-19 00:00:00-05:00;61.98643493652344;60.36523
2018-11-20 00:00:00-05:00;61.879844665527344;60.75637
2018-11-21 00:00:00-05:00;61.61821746826172;60.82959
2018-11-23 00:00:00-05:00;61.43410873413086;60.674362
2018-11-26 00:00:00-05:00;61.07558059692383;60.507492
2018-11-27 00:00:00-05:00;61.70542526245117;60.28393
2018-11-28 00:00:00-05:00;61.66666793823242;60.539627
2018-11-29 00:00:00-05:00;61.879844665527344;60.69807
2018-11-30 00:00:00-05:00;62.10271453857422;60.838993
2018-12-03 00:00:00-05:00;62.4515495300293;60.995792
2018-12-04 00:00:00-05:00;62.05426406860352;61.238743
2018-12-06 00:00:00-05:00;64.15697479248047;61.134975
2018-12-07 00:00:00-05:00;63.88565826416016;62.162556
2018-12-10 00:00:00-05:00;63.62403106689453;62.58655
2018-12-11 00:00:00-05:00;64.24418640136719;62.492027
2018-12-12 00:00:00-05:00;63.14922332763672;62.728664
2018-12-13 00:00:00-05:00;64.26356506347656;62.33317
2018-12-14 00:00:00-05:00;64.28294372558594;62.71947
2018-12-17 00:00:00-05:00;62.122093200683594;63.030933
2018-12-18 00:00:00-05:00;63.04263687133789;61.991276
2018-12-19 00:00:00-05:00;62.61627960205078;61.895145
2018-12-20 00:00:00-05:00;62.19961166381836;61.822945
2018-12-21 00:00:00-05:00;61.812015533447266;61.576363
2018-12-24 00:00:00-05:00;58.401161193847656;61.230175
2018-12-26 00:00:00-05:00;60.95930099487305;59.298107
2018-12-27 00:00:00-05:00;61.34689712524414;59.617752
2018-12-28 00:00:00-05:00;61.38565826416016;60.32327
2018-12-31 00:00:00-05:00;61.08526992797851;60.593758
2019-01-02 00:00:00-05:00;60.00968933105469;60.376236
2019-01-03 00:00:00-05:00;60.54263687133789;59.61892
2019-01-04 00:00:00-05:00;60.52325439453125;59.527866
2019-01-07 00:00:00-05:00;60.348838806152344;59.610428
2019-01-08 00:00:00-05:00;61.230621337890625;59.56685
2019-01-09 00:00:00-05:00;60.988372802734375;59.967396
2019-01-10 00:00:00-05:00;61.94767379760742;60.04796
2019-01-11 00:00:00-05:00;62.296512603759766;60.512955
2019-01-14 00:00:00-05:00;61.85077667236328;60.93271
2019-01-15 00:00:00-05:00;62.761627197265625;60.84632
2019-01-16 00:00:00-05:00;62.64534759521485;61.228363
2019-01-17 00:00:00-05:00;62.80038833618164;61.417313
2019-01-18 00:00:00-05:00;62.64534759521485;61.55938
2019-01-22 00:00:00-05:00;62.761627197265625;61.54621
2019-01-23 00:00:00-05:00;62.422481536865234;61.60521
2019-01-24 00:00:00-05:00;62.26744079589844;61.485767
2019-01-25 00:00:00-05:00;63.19767379760742;61.350426
2019-01-28 00:00:00-05:00;63.94379806518555;61.805725
2019-01-29 00:00:00-05:00;64.6124038696289;62.47078
2019-01-30 00:00:00-05:00;65.47480773925781;63.08577
2019-01-31 00:00:00-05:00;66.5600814819336;63.74647
2019-02-01 00:00:00-05:00;65.72674560546875;64.58022
2019-02-04 00:00:00-05:00;66.69573974609375;64.47119
2019-02-05 00:00:00-05:00;67.17053985595703;64.851166
2019-02-06 00:00:00-05:00;67.03488159179688;65.38838
2019-02-07 00:00:00-05:00;67.92635345458984;65.57559
2019-02-08 00:00:00-05:00;67.90697479248047;66.10747
2019-02-11 00:00:00-05:00;68.22674560546875;66.37459
2019-02-12 00:00:00-05:00;67.19961547851562;66.63273
2019-02-13 00:00:00-05:00;67.42247772216797;66.199394
2019-02-14 00:00:00-05:00;67.61627960205078;66.110794
2019-02-15 00:00:00-05:00;67.91666412353516;66.287285
2019-02-19 00:00:00-05:00;67.75193786621094;66.57159
2019-02-20 00:00:00-05:00;66.67635345458984;66.588844
2019-02-21 00:00:00-05:00;67.4030990600586;65.963646
2019-02-22 00:00:00-05:00;67.57752227783203;66.053665
2019-02-25 00:00:00-05:00;67.24806213378906;66.308945
2019-02-26 00:00:00-05:00;67.02519226074219;66.22933
2019-02-27 00:00:00-05:00;66.69573974609375;66.00758
2019-02-28 00:00:00-05:00;67.0155029296875;65.72797
2019-03-01 00:00:00-05:00;66.99612426757812;65.79945
2019-03-04 00:00:00-05:00;67.38372039794922;65.86514
2019-03-05 00:00:00-05:00;67.63565826416016;66.07868
2019-03-06 00:00:00-05:00;67.35465240478516;66.292915
2019-03-07 00:00:00-05:00;67.30620574951172;66.199234
2019-03-08 00:00:00-05:00;67.58721160888672;66.0916
2019-03-11 00:00:00-04:00;68.53681945800781;66.21864
2019-03-12 00:00:00-04:00;69.14728546142578;66.827385
2019-03-13 00:00:00-04:00;69.08914947509766;67.43801
2019-03-14 00:00:00-04:00;69.68022918701172;67.59515
2019-03-15 00:00:00-04:00;69.031005859375;67.907936
2019-03-18 00:00:00-04:00;68.80814361572266;67.71347
2019-03-19 00:00:00-04:00;67.8779067993164;67.49161
2019-03-20 00:00:00-04:00;68.5465087890625;66.95592
2019-03-21 00:00:00-04:00;70.22286987304688;67.13017
2019-03-22 00:00:00-04:00;70.34883880615234;68.23781
2019-03-25 00:00:00-04:00;70.97868347167969;68.790535
2019-03-26 00:00:00-04:00;71.68605041503906;69.18638
2019-03-27 00:00:00-04:00;71.17247772216797;69.68155
2019-03-28 00:00:00-04:00;71.57946014404297;69.60258
2019-03-29 00:00:00-04:00;71.27906799316406;69.76318
2019-04-01 00:00:00-04:00;70.47480773925781;69.74365
2019-04-02 00:00:00-04:00;70.30038452148438;69.31369
2019-04-03 00:00:00-04:00;69.718994140625;69.05802
2019-04-04 00:00:00-04:00;69.56394958496094;68.71719
2019-04-05 00:00:00-04:00;70.03875732421875;68.51948
2019-04-08 00:00:00-04:00;69.76744079589844;68.72922
2019-04-09 00:00:00-04:00;68.98255920410156;68.68474
2019-04-10 00:00:00-04:00;69.53488159179688;68.16464
2019-04-11 00:00:00-04:00;69.18605041503906;68.20416
2019-04-12 00:00:00-04:00;69.09883880615234;68.106415
2019-04-15 00:00:00-04:00;69.16666412353516;67.98335
2019-04-16 00:00:00-04:00;67.1899185180664;67.954315
2019-04-17 00:00:00-04:00;65.6686019897461;66.86897
2019-04-18 00:00:00-04:00;66.40503692626953;65.520195
2019-04-22 00:00:00-04:00;65.78488159179688;65.42039
2019-04-23 00:00:00-04:00;66.9186019897461;65.239876
2019-04-24 00:00:00-04:00;67.75193786621094;65.70507
2019-04-25 00:00:00-04:00;67.90697479248047;66.33798
2019-04-26 00:00:00-04:00;68.39147186279297;66.583954
2019-04-29 00:00:00-04:00;67.34496307373047;66.82071
2019-04-30 00:00:00-04:00;67.83914947509766;66.3259
2019-05-01 00:00:00-04:00;67.82946014404297;66.3394
2019-05-02 00:00:00-04:00;68.05232238769531;66.45966
2019-05-03 00:00:00-04:00;68.12015533447266;66.65667
2019-05-06 00:00:00-04:00;67.79069519042969;66.774155
2019-05-07 00:00:00-04:00;64.56394958496094;66.624245
2019-05-08 00:00:00-04:00;64.74806213378906;64.81057
2019-05-09 00:00:00-04:00;65.27131652832031;64.05224
2019-05-10 00:00:00-04:00;66.12403106689453;64.270004
2019-05-13 00:00:00-04:00;66.37596893310547;64.93773
2019-05-14 00:00:00-04:00;66.87015533447266;65.28988
2019-05-15 00:00:00-04:00;67.1220932006836;65.54366
2019-05-16 00:00:00-04:00;67.16085052490234;65.712494
2019-05-17 00:00:00-04:00;67.1220932006836;65.77381
2019-05-20 00:00:00-04:00;66.19185638427734;65.77195
2019-05-21 00:00:00-04:00;66.9089126586914;65.28398
2019-05-22 00:00:00-04:00;67.55814361572266;65.45554
2019-05-23 00:00:00-04:00;68.39147186279297;65.997955
2019-05-24 00:00:00-04:00;68.34302520751953;66.69095
2019-05-28 00:00:00-04:00;67.57752227783203;66.90041
2019-05-29 00:00:00-04:00;66.66666412353516;66.47638
2019-05-30 00:00:00-04:00;67.07364654541016;65.77917
2019-05-31 00:00:00-04:00;67.90697479248047;65.77363
2019-06-03 00:00:00-04:00;69.10852813720703;66.37017
2019-06-04 00:00:00-04:00;68.21705627441406;67.312614
2019-06-05 00:00:00-04:00;70.23255920410156;67.15042
2019-06-06 00:00:00-04:00;70.35852813720703;68.01087
2019-06-07 00:00:00-04:00;70.39728546142578;68.54651
2019-06-10 00:00:00-04:00;69.54457092285156;68.70657
2019-06-11 00:00:00-04:00;69.99031066894531;68.26668
2019-06-12 00:00:00-04:00;70.80426025390625;68.33917
2019-06-13 00:00:00-04:00;70.44573974609375;68.95464
2019-06-14 00:00:00-04:00;70.99806213378906;69.06431
2019-06-17 00:00:00-04:00;71.00775146484375;69.32776
2019-06-18 00:00:00-04:00;70.34883880615234;69.457535
2019-06-19 00:00:00-04:00;70.94961547851562;69.13679
2019-06-20 00:00:00-04:00;71.01744079589844;69.32379
2019-06-21 00:00:00-04:00;70.00968933105469;69.527916
2019-06-24 00:00:00-04:00;69.55426025390625;69.0464
2019-06-25 00:00:00-04:00;68.22674560546875;68.542984
2019-06-26 00:00:00-04:00;66.37596893310547;67.67341
2019-06-27 00:00:00-04:00;67.26744079589844;66.34378
2019-06-28 00:00:00-04:00;66.8313980102539;66.2985
2019-07-01 00:00:00-04:00;65.92053985595703;66.222946
2019-07-02 00:00:00-04:00;66.95736694335938;65.619484
2019-07-03 00:00:00-04:00;68.468994140625;65.80579
2019-07-05 00:00:00-04:00;67.81977081298828;66.759964
2019-07-08 00:00:00-04:00;67.93605041503906;66.77657
2019-07-09 00:00:00-04:00;68.51744079589844;66.63656
2019-07-10 00:00:00-04:00;69.031005859375;66.880226
2019-07-11 00:00:00-04:00;68.468994140625;67.32508
2019-07-12 00:00:00-04:00;68.53681945800781;67.2071
2019-07-15 00:00:00-04:00;68.20736694335938;67.13068
2019-07-16 00:00:00-04:00;67.69379425048828;66.96528
2019-07-17 00:00:00-04:00;67.75193786621094;66.64849
2019-07-18 00:00:00-04:00;67.92635345458984;66.572
2019-07-19 00:00:00-04:00;66.60852813720703;66.689964
2019-07-22 00:00:00-04:00;66.37596893310547;66.03902
2019-07-23 00:00:00-04:00;67.44185638427734;65.561424
2019-07-24 00:00:00-04:00;67.15116119384766;66.00316
2019-07-25 00:00:00-04:00;66.74418640136719;66.12615
2019-07-26 00:00:00-04:00;67.38372039794922;65.85053
2019-07-29 00:00:00-04:00;68.00387573242188;66.01351
2019-07-30 00:00:00-04:00;67.84883880615234;66.470856
2019-07-31 00:00:00-04:00;67.06394958496094;66.57286
2019-08-01 00:00:00-04:00;67.50968933105469;66.11244
2019-08-02 00:00:00-04:00;67.8779067993164;66.12387
2019-08-05 00:00:00-04:00;66.82170867919922;66.43004
2019-08-06 00:00:00-04:00;67.7034912109375;66.01202
2019-08-07 00:00:00-04:00;69.10852813720703;66.22999
2019-08-08 00:00:00-04:00;69.75775146484375;67.18073
2019-08-09 00:00:00-04:00;70.42635345458984;67.956406
2019-08-12 00:00:00-04:00;70.4844970703125;68.5224
2019-08-13 00:00:00-04:00;70.03875732421875;68.70914
2019-08-14 00:00:00-04:00;69.54457092285156;68.50944
2019-08-15 00:00:00-04:00;69.97093200683594;68.18377
2019-08-16 00:00:00-04:00;70.55232238769531;68.364006
2019-08-19 00:00:00-04:00;71.11434173583984;68.86973
2019-08-20 00:00:00-04:00;70.27131652832031;69.4031
2019-08-21 00:00:00-04:00;70.39728546142578;69.10341
2019-08-22 00:00:00-04:00;70.80426025390625;68.96004
2019-08-23 00:00:00-04:00;70.25193786621094;69.20015
2019-08-26 00:00:00-04:00;70.91085052490234;69.05717
2019-08-27 00:00:00-04:00;70.8624038696289;69.32014
2019-08-28 00:00:00-04:00;71.11434173583984;69.444984
2019-08-29 00:00:00-04:00;71.6375961303711;69.59991
2019-08-30 00:00:00-04:00;71.52131652832031;69.94393
2019-09-03 00:00:00-04:00;73.12015533447266;70.02082
2019-09-04 00:00:00-04:00;74.11821746826172;70.90054
2019-09-05 00:00:00-04:00;72.6744155883789;71.86581
2019-09-06 00:00:00-04:00;73.59496307373047;71.35824
2019-09-09 00:00:00-04:00;72.91666412353516;71.52735
2019-09-10 00:00:00-04:00;71.41472625732422;71.37913
2019-09-11 00:00:00-04:00;71.33721160888672;70.510506
2019-09-12 00:00:00-04:00;72.18022918701172;70.133415
2019-09-13 00:00:00-04:00;70.3779067993164;70.59243
2019-09-16 00:00:00-04:00;71.67635345458984;69.85697
2019-09-17 00:00:00-04:00;73.42053985595703;70.11874
2019-09-18 00:00:00-04:00;73.03294372558594;71.30651
2019-09-19 00:00:00-04:00;73.27519226074219;71.5486
2019-09-20 00:00:00-04:00;73.53681945800781;71.55986
2019-09-23 00:00:00-04:00;73.68217468261719;71.68353
2019-09-24 00:00:00-04:00;73.74031066894531;71.860504
2019-09-25 00:00:00-04:00;73.76937866210938;71.99008
2019-09-26 00:00:00-04:00;74.88372039794922;72.066284
2019-09-27 00:00:00-04:00;74.73837280273438;72.73359
2019-09-30 00:00:00-04:00;74.30232238769531;72.95763
2019-10-01 00:00:00-04:00;74.45736694335938;72.72097
2019-10-02 00:00:00-04:00;74.35077667236328;72.70115
2019-10-03 00:00:00-04:00;75.39728546142578;72.71398
2019-10-04 00:00:00-04:00;75.97868347167969;73.340256
2019-10-07 00:00:00-04:00;75.40697479248047;73.95113
2019-10-08 00:00:00-04:00;75.50387573242188;73.789696
2019-10-09 00:00:00-04:00;75.8624038696289;73.69334
2019-10-10 00:00:00-04:00;76.28875732421875;73.921875
2019-10-11 00:00:00-04:00;75.47480773925781;74.315445
2019-10-14 00:00:00-04:00;75.55232238769531;74.005104
2019-10-15 00:00:00-04:00;75.6589126586914;73.86851
2019-10-16 00:00:00-04:00;76.16278839111328;73.94522
2019-10-17 00:00:00-04:00;76.1530990600586;74.30213
2019-10-18 00:00:00-04:00;77.00581359863281;74.43578
2019-10-21 00:00:00-04:00;77.47093200683594;74.91368
2019-10-22 00:00:00-04:00;77.24806213378906;75.36361
2019-10-23 00:00:00-04:00;77.8100814819336;75.35996
2019-10-24 00:00:00-04:00;78.34302520751953;75.63163
2019-10-25 00:00:00-04:00;78.3720932006836;76.090485
2019-10-28 00:00:00-04:00;78.3720932006836;76.29049
2019-10-29 00:00:00-04:00;78.34302520751953;76.33192
2019-10-30 00:00:00-04:00;79.39922332763672;76.34116
2019-10-31 00:00:00-04:00;79.25387573242188;76.987595
2019-11-01 00:00:00-04:00;78.56588745117188;77.1993
2019-11-04 00:00:00-05:00;77.6744155883789;76.80889
2019-11-05 00:00:00-05:00;75.80426025390625;76.14218
2019-11-06 00:00:00-05:00;76.3565902709961;74.91693
2019-11-07 00:00:00-05:00;75.16472625732422;74.844345
2019-11-08 00:00:00-05:00;73.9534912109375;74.33009
2019-11-11 00:00:00-05:00;74.18605041503906;73.38629
2019-11-12 00:00:00-05:00;73.41085052490234;73.11591
2019-11-13 00:00:00-05:00;74.43798065185547;72.649025
2019-11-14 00:00:00-05:00;74.84496307373047;72.97792
2019-11-15 00:00:00-05:00;75.05814361572266;73.34166
2019-11-18 00:00:00-05:00;75.84302520751953;73.48525
2019-11-19 00:00:00-05:00;75.3779067993164;73.87477
2019-11-20 00:00:00-05:00;75.57170867919922;73.73644
2019-11-21 00:00:00-05:00;74.1279067993164;73.72752
2019-11-22 00:00:00-05:00;73.8565902709961;72.95788
2019-11-25 00:00:00-05:00;73.93411254882812;72.49993
2019-11-26 00:00:00-05:00;74.35077667236328;72.48612
2019-11-27 00:00:00-05:00;75.281005859375;72.783875
2019-11-29 00:00:00-05:00;74.25387573242188;73.407745
2019-12-02 00:00:00-05:00;73.14922332763672;73.01374
2019-12-03 00:00:00-05:00;73.06201934814453;72.10561
2019-12-04 00:00:00-05:00;73.58527374267578;71.73238
2019-12-05 00:00:00-05:00;73.33333587646484;72.02156
2019-12-06 00:00:00-05:00;73.58527374267578;72.05333
2019-12-09 00:00:00-05:00;73.40116119384766;72.116585
2019-12-10 00:00:00-05:00;73.2655029296875;72.00301
2019-12-11 00:00:00-05:00;72.26744079589844;71.85013
2019-12-12 00:00:00-05:00;70.8720932006836;71.238945
2019-12-13 00:00:00-05:00;70.25193786621094;70.21631
2019-12-16 00:00:00-05:00;70.77519226074219;69.503075
2019-12-17 00:00:00-05:00;69.50581359863281;69.60823
2019-12-18 00:00:00-05:00;69.83527374267578;69.02927
2019-12-19 00:00:00-05:00;70.1065902709961;68.8459
2019-12-20 00:00:00-05:00;70.25193786621094;68.94015
2019-12-23 00:00:00-05:00;69.718994140625;69.03745
2019-12-24 00:00:00-05:00;70.11627960205078;68.71971
2019-12-26 00:00:00-05:00;70.5813980102539;68.73574
2019-12-27 00:00:00-05:00;70.97868347167969;69.035385
2019-12-30 00:00:00-05:00;70.97868347167969;69.37766
2019-12-31 00:00:00-05:00;71.3469009399414;69.47239
2020-01-02 00:00:00-05:00;70.23255920410156;69.66284
2020-01-03 00:00:00-05:00;71.50193786621094;69.13793
2020-01-06 00:00:00-05:00;71.86046600341797;69.587845
2020-01-07 00:00:00-05:00;71.87984466552734;70.11092
2020-01-08 00:00:00-05:00;72.20930480957031;70.29444
2020-01-09 00:00:00-05:00;70.97868347167969;70.479744
2020-01-10 00:00:00-05:00;71.4534912109375;69.87756
2020-01-13 00:00:00-05:00;72.63565826416016;69.86788
2020-01-14 00:00:00-05:00;72.63565826416016;70.65431
2020-01-15 00:00:00-05:00;73.62403106689453;71.02582
2020-01-16 00:00:00-05:00;73.78875732421875;71.60563
2020-01-17 00:00:00-05:00;73.98255920410156;71.90507
2020-01-21 00:00:00-05:00;75.3100814819336;72.08179
2020-01-22 00:00:00-05:00;74.50581359863281;72.90358
2020-01-23 00:00:00-05:00;74.84496307373047;72.83148
2020-01-24 00:00:00-05:00;74.73837280273438;72.90304
2020-01-27 00:00:00-05:00;75.0;72.94338
2020-01-28 00:00:00-05:00;75.70736694335938;73.15078
2020-01-29 00:00:00-05:00;75.71705627441406;73.6704
2020-01-30 00:00:00-05:00;76.531005859375;73.88993
2020-01-31 00:00:00-05:00;75.97868347167969;74.3791
2020-02-03 00:00:00-05:00;75.77519226074219;74.266045
2020-02-04 00:00:00-05:00;75.89147186279297;74.058876
2020-02-05 00:00:00-05:00;76.06588745117188;74.09635
2020-02-06 00:00:00-05:00;76.69573974609375;74.2806
2020-02-07 00:00:00-05:00;77.04457092285156;74.725395
2020-02-10 00:00:00-05:00;77.5969009399414;75.08487
2020-02-11 00:00:00-05:00;76.24031066894531;75.481544
2020-02-12 00:00:00-05:00;75.8624038696289;74.83382
2020-02-13 00:00:00-05:00;76.3469009399414;74.31759
2020-02-14 00:00:00-05:00;77.76162719726562;74.51767
2020-02-18 00:00:00-05:00;77.90697479248047;75.51355
2020-02-19 00:00:00-05:00;77.19961547851562;75.96429
2020-02-20 00:00:00-05:00;79.37015533447266;75.560486
2020-02-21 00:00:00-05:00;79.88372039794922;76.575356
2020-02-24 00:00:00-05:00;79.6220932006836;77.39691
2020-02-25 00:00:00-05:00;78.41085052490234;77.43973
2020-02-26 00:00:00-05:00;77.28681945800781;76.67201
2020-02-27 00:00:00-05:00;70.62984466552734;75.792404
2020-02-28 00:00:00-05:00;70.14534759521484;71.9317
2020-03-02 00:00:00-05:00;72.66472625732422;70.14704
2020-03-03 00:00:00-05:00;72.28681945800781;71.30734
2020-03-04 00:00:00-05:00;75.72674560546875;71.81919
2020-03-05 00:00:00-05:00;75.22286987304688;73.55789
2020-03-06 00:00:00-05:00;74.27325439453125;73.75511
2020-03-09 00:00:00-04:00;71.0465087890625;72.92109
2020-03-10 00:00:00-04:00;74.21511840820312;70.74402
2020-03-11 00:00:00-04:00;71.27906799316406;71.71087
2020-03-12 00:00:00-04:00;65.63953399658203;70.91598
2020-03-13 00:00:00-04:00;69.6899185180664;67.30529
2020-03-16 00:00:00-04:00;52.31589126586914;67.84607
2020-03-17 00:00:00-04:00;53.41085433959961;59.712727
2020-03-18 00:00:00-04:00;41.18217086791992;55.793987
2020-03-19 00:00:00-04:00;46.58914566040039;49.041546
2020-03-20 00:00:00-04:00;45.94961166381836;47.773926
2020-03-23 00:00:00-04:00;41.996124267578125;47.707794
2020-03-24 00:00:00-04:00;49.098838806152344;45.656475
2020-03-25 00:00:00-04:00;52.81007766723633;47.306534
2020-03-26 00:00:00-04:00;56.55038833618164;50.354076
2020-03-27 00:00:00-04:00;55.13565826416016;53.52014
2020-03-30 00:00:00-04:00;51.48255920410156;53.845173
2020-03-31 00:00:00-04:00;48.3139533996582;51.613495
2020-04-01 00:00:00-04:00;45.02907180786133;48.87451
2020-04-02 00:00:00-04:00;44.20542526245117;46.24562
2020-04-03 00:00:00-04:00;42.24806213378906;44.825703
2020-04-06 00:00:00-04:00;45.35852813720703;43.534054
2020-04-07 00:00:00-04:00;47.80038833618164;44.35525
2020-04-08 00:00:00-04:00;51.48255920410156;46.236988
2020-04-09 00:00:00-04:00;54.922481536865234;48.949013
2020-04-13 00:00:00-04:00;51.879844665527344;51.86544
2020-04-14 00:00:00-04:00;54.5639533996582;51.46959
2020-04-15 00:00:00-04:00;49.90310287475586;52.098286
2020-04-16 00:00:00-04:00;48.2655029296875;50.39217
2020-04-17 00:00:00-04:00;50.746124267578125;48.617092
2020-04-20 00:00:00-04:00;49.29263687133789;49.16976
2020-04-21 00:00:00-04:00;48.30426406860352;49.21948
2020-04-22 00:00:00-04:00;48.62403106689453;48.634945
2020-04-23 00:00:00-04:00;47.79069900512695;48.383255
2020-04-24 00:00:00-04:00;48.372093200683594;47.91634
2020-04-27 00:00:00-04:00;49.718990325927734;47.92411
2020-04-28 00:00:00-04:00;51.54069900512695;48.64357
2020-04-29 00:00:00-04:00;53.55620193481445;49.94769
2020-04-30 00:00:00-04:00;53.2170524597168;51.569473
2020-05-01 00:00:00-04:00;50.18410873413086;52.089314
2020-05-04 00:00:00-04:00;49.04069900512695;50.607246
2020-05-05 00:00:00-04:00;50.4360466003418;49.149834
2020-05-06 00:00:00-04:00;50.85271453857422;49.3085
2020-05-07 00:00:00-04:00;52.722869873046875;49.948925
2020-05-08 00:00:00-04:00;53.15891647338867;51.2182
2020-05-11 00:00:00-04:00;52.3449592590332;52.034767
2020-05-12 00:00:00-04:00;50.06782913208008;51.84293
2020-05-13 00:00:00-04:00;48.66279220581055;50.473274
2020-05-14 00:00:00-04:00;48.81782913208008;49.05775
2020-05-15 00:00:00-04:00;48.43992233276367;48.57144
2020-05-18 00:00:00-04:00;51.42441940307617;48.37242
2020-05-19 00:00:00-04:00;50.95930099487305;49.764114
2020-05-20 00:00:00-04:00;49.8449592590332;50.367107
2020-05-21 00:00:00-04:00;50.14534759521485;49.842506
2020-05-22 00:00:00-04:00;50.5329475402832;49.537388
2020-05-26 00:00:00-04:00;53.769378662109375;49.664314
2020-05-27 00:00:00-04:00;53.672481536865234;51.428745
2020-05-28 00:00:00-04:00;53.972869873046875;52.415222
2020-05-29 00:00:00-04:00;53.5949592590332;52.793507
2020-06-01 00:00:00-04:00;54.81589126586914;52.671288
2020-06-02 00:00:00-04:00;55.42635726928711;53.212524
2020-06-03 00:00:00-04:00;58.29457473754883;53.935944
2020-06-04 00:00:00-04:00;58.246124267578125;55.776703
2020-06-05 00:00:00-04:00;60.281009674072266;56.69968
2020-06-08 00:00:00-04:00;62.180233001708984;57.97291
2020-06-09 00:00:00-04:00;60.901161193847656;59.58133
2020-06-10 00:00:00-04:00;60.203487396240234;59.632366
2020-06-11 00:00:00-04:00;56.08526992797851;59.119415
2020-06-12 00:00:00-04:00;58.55620193481445;56.85927
2020-06-15 00:00:00-04:00;60.629844665527344;57.070667
2020-06-16 00:00:00-04:00;61.2015495300293;58.759243
2020-06-17 00:00:00-04:00;61.10465240478515;59.930832
2020-06-18 00:00:00-04:00;61.42441940307617;60.13328
2020-06-19 00:00:00-04:00;59.622093200683594;60.18508
2020-06-22 00:00:00-04:00;59.53488540649414;59.27732
2020-06-23 00:00:00-04:00;59.370155334472656;58.788906
2020-06-24 00:00:00-04:00;57.61627960205078;58.64437
2020-06-25 00:00:00-04:00;57.722869873046875;57.76125
2020-06-26 00:00:00-04:00;56.598838806152344;57.334324
2020-06-29 00:00:00-04:00;57.92635726928711;56.65574
2020-06-30 00:00:00-04:00;57.6550407409668;56.98824
2020-07-01 00:00:00-04:00;59.19573593139648;57.107586
2020-07-02 00:00:00-04:00;59.20542526245117;57.845062
2020-07-06 00:00:00-04:00;58.39147186279297;58.18705
2020-07-07 00:00:00-04:00;56.753875732421875;57.79043
2020-07-08 00:00:00-04:00;56.71511459350586;56.676838
2020-07-09 00:00:00-04:00;55.348838806152344;56.135612
2020-07-10 00:00:00-04:00;55.222869873046875;55.36402
2020-07-13 00:00:00-04:00;55.06782913208008;54.94924
2020-07-14 00:00:00-04:00;55.7655029296875;54.74218
2020-07-15 00:00:00-04:00;56.812015533447266;55.00432
2020-07-16 00:00:00-04:00;55.872093200683594;55.67178
2020-07-17 00:00:00-04:00;56.77325439453125;55.4696
2020-07-20 00:00:00-04:00;55.60077667236328;55.656372
2020-07-21 00:00:00-04:00;55.41666793823242;55.20206
2020-07-22 00:00:00-04:00;56.6860466003418;54.824356
2020-07-23 00:00:00-04:00;55.57170486450195;55.350075
2020-07-24 00:00:00-04:00;55.63953399658203;55.158703
2020-07-27 00:00:00-04:00;56.82170486450195;54.974
2020-07-28 00:00:00-04:00;57.99418640136719;55.5048
2020-07-29 00:00:00-04:00;58.74031066894531;56.447945
2020-07-30 00:00:00-04:00;58.672481536865234;57.25769
2020-07-31 00:00:00-04:00;58.187984466552734;57.497368
2020-08-03 00:00:00-04:00;57.56782913208008;57.26107
2020-08-04 00:00:00-04:00;59.94186019897461;56.824467
2020-08-05 00:00:00-04:00;60.41666793823242;57.910316
2020-08-06 00:00:00-04:00;60.21317672729492;58.883358
2020-08-07 00:00:00-04:00;60.77519226074219;59.11332
2020-08-10 00:00:00-04:00;60.52325439453125;59.375065
2020-08-11 00:00:00-04:00;60.73643493652344;59.393257
2020-08-12 00:00:00-04:00;61.046512603759766;59.52252
2020-08-13 00:00:00-04:00;59.52519226074219;59.79882
2020-08-14 00:00:00-04:00;59.11821746826172;59.16583
2020-08-17 00:00:00-04:00;60.05813980102539;58.590137
2020-08-18 00:00:00-04:00;59.6705436706543;58.90063
2020-08-19 00:00:00-04:00;58.187984466552734;58.978466
2020-08-20 00:00:00-04:00;59.11821746826172;58.173725
2020-08-21 00:00:00-04:00;59.22480773925781;58.176537
2020-08-24 00:00:00-04:00;60.503875732421875;58.370224
2020-08-25 00:00:00-04:00;60.629844665527344;59.11722
2020-08-26 00:00:00-04:00;59.76744079589844;59.52135
2020-08-27 00:00:00-04:00;60.562015533447266;59.131763
2020-08-28 00:00:00-04:00;61.472869873046875;59.26982
2020-08-31 00:00:00-04:00;60.106590270996094;59.92116
2020-09-01 00:00:00-04:00;60.51356506347656;59.54922
2020-09-02 00:00:00-04:00;61.569766998291016;59.456528
2020-09-03 00:00:00-04:00;62.24806213378906;60.05217
2020-09-04 00:00:00-04:00;62.37403106689453;60.76583
2020-09-08 00:00:00-04:00;62.0155029296875;61.105534
2020-09-09 00:00:00-04:00;62.62596893310547;60.978786
2020-09-10 00:00:00-04:00;61.7829475402832;61.20778
2020-09-11 00:00:00-04:00;61.39534759521485;60.95026
2020-09-14 00:00:00-04:00;63.468990325927734;60.60432
2020-09-15 00:00:00-04:00;63.769378662109375;61.58755
2020-09-16 00:00:00-04:00;63.38178253173828;62.342506
2020-09-17 00:00:00-04:00;62.08333206176758;62.341923
2020-09-18 00:00:00-04:00;60.41666793823242;61.53163
2020-09-21 00:00:00-04:00;58.22674560546875;60.27999
2020-09-22 00:00:00-04:00;58.75;58.670925
2020-09-23 00:00:00-04:00;57.19961166381836;58.295868
2020-09-24 00:00:00-04:00;56.88953399658203;57.55638
2020-09-25 00:00:00-04:00;58.07170486450195;56.975895
2020-09-28 00:00:00-04:00;59.75775146484375;57.298985
2020-09-29 00:00:00-04:00;59.20542526245117;58.37282
2020-09-30 00:00:00-04:00;58.86627960205078;58.525055
2020-10-01 00:00:00-04:00;60.348838806152344;58.170166
2020-10-02 00:00:00-04:00;61.879844665527344;58.707066
2020-10-05 00:00:00-04:00;61.288761138916016;59.88921
2020-10-06 00:00:00-04:00;60.95930099487305;60.124924
2020-10-07 00:00:00-04:00;60.7655029296875;59.88241
2020-10-08 00:00:00-04:00;61.77325439453125;59.662148
2020-10-09 00:00:00-04:00;61.230621337890625;60.18021
2020-10-12 00:00:00-04:00;61.36627960205078;60.257942
2020-10-13 00:00:00-04:00;59.75775146484375;60.298767
2020-10-14 00:00:00-04:00;59.10852813720703;59.48851
2020-10-15 00:00:00-04:00;58.53682327270508;58.73391
2020-10-16 00:00:00-04:00;58.65310287475586;58.19137
2020-10-19 00:00:00-04:00;56.92829513549805;58.084244
2020-10-20 00:00:00-04:00;57.26744079589844;57.20491
2020-10-21 00:00:00-04:00;57.8294563293457;56.857616
2020-10-22 00:00:00-04:00;58.22674560546875;57.065292
2020-10-23 00:00:00-04:00;58.86627960205078;57.395897
2020-10-26 00:00:00-04:00;57.97480773925781;57.81106
2020-10-27 00:00:00-04:00;56.90891647338867;57.474823
2020-10-28 00:00:00-04:00;56.01744079589844;56.650745
2020-10-29 00:00:00-04:00;56.70542526245117;55.806953
2020-10-30 00:00:00-04:00;56.06589126586914;55.840008
2020-11-02 00:00:00-05:00;57.79069900512695;55.680393
2020-11-03 00:00:00-05:00;57.41279220581055;56.428013
2020-11-04 00:00:00-05:00;56.6860466003418;56.646446
2020-11-05 00:00:00-05:00;56.2015495300293;56.224586
2020-11-06 00:00:00-05:00;56.19186019897461;55.69533
2020-11-09 00:00:00-05:00;59.68992233276367;55.48385
2020-11-10 00:00:00-05:00;62.66473007202149;57.273376
2020-11-11 00:00:00-05:00;61.472869873046875;59.88107
2020-11-12 00:00:00-05:00;59.85465240478515;60.278965
2020-11-13 00:00:00-05:00;61.0949592590332;59.18961
2020-11-16 00:00:00-05:00;62.47092819213867;59.28922
2020-11-17 00:00:00-05:00;60.872093200683594;60.393787
2020-11-18 00:00:00-05:00;59.29263687133789;60.198067
2020-11-19 00:00:00-05:00;59.21511459350586;59.110134
2020-11-20 00:00:00-05:00;58.51744079589844;58.56467
2020-11-23 00:00:00-05:00;59.00193786621094;58.14446
2020-11-24 00:00:00-05:00;59.922481536865234;58.26241
2020-11-25 00:00:00-05:00;60.94961166381836;58.84907
2020-11-27 00:00:00-05:00;59.72868347167969;59.63632
2020-11-30 00:00:00-05:00;58.11046600341797;59.26941
2020-12-01 00:00:00-05:00;58.49806213378906;58.0781
2020-12-02 00:00:00-05:00;58.89534759521485;57.708206
2020-12-03 00:00:00-05:00;59.19573593139648;57.946075
2020-12-04 00:00:00-05:00;59.36046600341797;58.286663
2020-12-07 00:00:00-05:00;58.86627960205078;58.47592
2020-12-08 00:00:00-05:00;58.527130126953125;58.229996
2020-12-09 00:00:00-05:00;58.80813980102539;57.875835
2020-12-10 00:00:00-05:00;58.07170486450195;57.875385
2020-12-11 00:00:00-05:00;58.58526992797851;57.56402
2020-12-14 00:00:00-05:00;58.74031066894531;57.648884
2020-12-15 00:00:00-05:00;59.83526992797851;57.823456
2020-12-16 00:00:00-05:00;59.44767379760742;58.458157
2020-12-17 00:00:00-05:00;59.137596130371094;58.557964
2020-12-18 00:00:00-05:00;57.67441940307617;58.330513
2020-12-21 00:00:00-05:00;57.91666793823242;57.450394
2020-12-22 00:00:00-05:00;59.04069900512695;57.155018
2020-12-23 00:00:00-05:00;58.58526992797851;57.749004
2020-12-24 00:00:00-05:00;59.19573593139648;57.887337
2020-12-28 00:00:00-05:00;59.85465240478515;58.139435
2020-12-29 00:00:00-05:00;59.0794563293457;58.57994
2020-12-30 00:00:00-05:00;59.379844665527344;58.37164
2020-12-31 00:00:00-05:00;60.24224853515625;58.34305
2021-01-04 00:00:00-05:00;58.003875732421875;58.83619
2021-01-05 00:00:00-05:00;58.29457473754883;57.968933
2021-01-06 00:00:00-05:00;57.80038833618164;57.565266
2021-01-07 00:00:00-05:00;57.07364273071289;57.264034
2021-01-08 00:00:00-05:00;57.887596130371094;56.8
2021-01-11 00:00:00-05:00;57.577518463134766;56.991524
2021-01-12 00:00:00-05:00;56.01744079589844;56.996414
2021-01-13 00:00:00-05:00;55.988372802734375;56.12994
2021-01-14 00:00:00-05:00;56.03682327270508;55.59859
2021-01-15 00:00:00-05:00;56.83139419555664;55.466072
2021-01-19 00:00:00-05:00;56.33720779418945;55.868244
2021-01-20 00:00:00-05:00;57.151161193847656;55.82689
2021-01-21 00:00:00-05:00;57.25775146484375;56.10294
2021-01-22 00:00:00-05:00;57.9844970703125;56.30015
2021-01-25 00:00:00-05:00;58.50775146484375;56.7248
2021-01-26 00:00:00-05:00;58.788761138916016;57.19808
2021-01-27 00:00:00-05:00;58.488372802734375;57.539017
2021-01-28 00:00:00-05:00;59.06007766723633;57.50692
2021-01-29 00:00:00-05:00;57.22868347167969;57.7569
2021-02-01 00:00:00-05:00;58.29457473754883;56.998688
2021-02-02 00:00:00-05:00;58.44961166381836;57.11323
2021-02-03 00:00:00-05:00;58.58526992797851;57.42708
2021-02-04 00:00:00-05:00;59.06007766723633;57.655575
2021-02-05 00:00:00-05:00;59.2829475402832;57.961514
2021-02-08 00:00:00-05:00;59.011627197265625;58.202763
2021-02-09 00:00:00-05:00;59.82558059692383;58.145554
2021-02-10 00:00:00-05:00;60.562015533447266;58.50764
2021-02-11 00:00:00-05:00;60.97868347167969;59.121063
2021-02-12 00:00:00-05:00;60.52325439453125;59.620716
2021-02-16 00:00:00-05:00;59.78682327270508;59.554977
2021-02-17 00:00:00-05:00;59.8449592590332;59.076603
2021-02-18 00:00:00-05:00;59.031009674072266;58.90283
2021-02-19 00:00:00-05:00;59.19573593139648;58.51006
2021-02-22 00:00:00-05:00;60.17441940307617;58.425636
2021-02-23 00:00:00-05:00;60.44573593139648;58.955788
2021-02-24 00:00:00-05:00;60.4360466003418;59.384052
2021-02-25 00:00:00-05:00;59.680233001708984;59.487957
2021-02-26 00:00:00-05:00;58.39147186279297;59.063354
2021-03-01 00:00:00-05:00;58.63372039794922;58.161858
2021-03-02 00:00:00-05:00;58.49806213378906;57.888947
2021-03-03 00:00:00-05:00;58.89534759521485;57.84145
2021-03-04 00:00:00-05:00;57.606590270996094;58.05021
2021-03-05 00:00:00-05:00;58.10077667236328;57.47362
2021-03-08 00:00:00-05:00;58.56589126586914;57.337868
2021-03-09 00:00:00-05:00;58.827518463134766;57.589756
2021-03-10 00:00:00-05:00;59.5155029296875;57.86824
2021-03-11 00:00:00-05:00;59.90310287475586;58.305573
2021-03-12 00:00:00-05:00;60.97868347167969;58.68034
2021-03-15 00:00:00-04:00;61.937984466552734;59.366615
2021-03-16 00:00:00-04:00;61.97674560546875;60.188965
2021-03-17 00:00:00-04:00;61.89922332763672;60.54926
2021-03-18 00:00:00-04:00;61.25;60.59272
2021-03-19 00:00:00-04:00;59.83526992797851;60.271736
2021-03-22 00:00:00-04:00;60.52325439453125;59.422848
2021-03-23 00:00:00-04:00;60.99806213378906;59.434902
2021-03-24 00:00:00-04:00;61.269378662109375;59.874363
2021-03-25 00:00:00-04:00;61.92829513549805;60.24418
2021-03-26 00:00:00-04:00;62.22868347167969;60.684196
2021-03-29 00:00:00-04:00;62.218990325927734;60.996635
2021-03-30 00:00:00-04:00;62.13178253173828;61.081146
2021-03-31 00:00:00-04:00;61.531009674072266;61.042587
2021-04-01 00:00:00-04:00;63.09108352661133;60.7197
2021-04-05 00:00:00-04:00;63.22674560546875;61.40626
2021-04-06 00:00:00-04:00;63.11046600341797;61.918182
2021-04-07 00:00:00-04:00;63.51744079589844;62.002216
2021-04-08 00:00:00-04:00;63.38178253173828;62.18127
2021-04-09 00:00:00-04:00;63.16860580444336;62.216145
2021-04-12 00:00:00-04:00;63.63372039794922;62.120434
2021-04-13 00:00:00-04:00;63.953487396240234;62.33862
2021-04-14 00:00:00-04:00;63.33333206176758;62.66055
2021-04-15 00:00:00-04:00;64.84496307373047;62.469307
2021-04-16 00:00:00-04:00;64.94185638427734;63.12888
2021-04-19 00:00:00-04:00;65.25193786621094;63.569046
2021-04-20 00:00:00-04:00;66.46318054199219;63.85156
2021-04-21 00:00:00-04:00;67.1899185180664;64.58701
2021-04-22 00:00:00-04:00;66.93798065185547;65.33182
2021-04-23 00:00:00-04:00;67.24806213378906;65.46991
2021-04-26 00:00:00-04:00;67.17053985595703;65.62447
2021-04-27 00:00:00-04:00;66.72480773925781;65.698616
2021-04-28 00:00:00-04:00;66.47286987304688;65.52866
2021-04-29 00:00:00-04:00;67.16085052490234;65.34447
2021-04-30 00:00:00-04:00;67.00581359863281;65.68993
2021-05-03 00:00:00-04:00;66.55038452148438;65.82704
2021-05-04 00:00:00-04:00;66.96705627441406;65.58942
2021-05-05 00:00:00-04:00;65.05814361572266;65.67565
2021-05-06 00:00:00-04:00;65.45542907714844;64.74115
2021-05-07 00:00:00-04:00;65.98837280273438;64.47562
2021-05-10 00:00:00-04:00;65.44573974609375;64.78837
2021-05-11 00:00:00-04:00;64.1375961303711;64.67706
2021-05-12 00:00:00-04:00;62.73255920410156;63.827053
2021-05-13 00:00:00-04:00;62.703487396240234;62.64681
2021-05-14 00:00:00-04:00;63.3139533996582;62.154938
2021-05-17 00:00:00-04:00;63.372093200683594;62.39995
2021-05-18 00:00:00-04:00;63.44961166381836;62.585526
2021-05-19 00:00:00-04:00;63.62403106689453;62.602093
2021-05-20 00:00:00-04:00;64.83527374267578;62.612507
2021-05-21 00:00:00-04:00;64.5155029296875;63.231007
2021-05-24 00:00:00-04:00;66.02713012695312;63.36051
2021-05-25 00:00:00-04:00;66.70542907714844;64.12312
2021-05-26 00:00:00-04:00;66.97674560546875;64.865654
2021-05-27 00:00:00-04:00;66.09496307373047;65.27312
2021-05-28 00:00:00-04:00;66.27906799316406;64.9098
2021-06-01 00:00:00-04:00;67.19961547851562;64.82268
2021-06-02 00:00:00-04:00;68.42053985595703;65.40958
2021-06-03 00:00:00-04:00;68.01356506347656;66.4293
2021-06-04 00:00:00-04:00;68.23643493652344;66.62268
2021-06-07 00:00:00-04:00;68.1686019897461;66.685394
2021-06-08 00:00:00-04:00;68.27519226074219;66.69505
2021-06-09 00:00:00-04:00;68.75968933105469;66.804344
2021-06-10 00:00:00-04:00;68.87596893310547;67.164474
2021-06-11 00:00:00-04:00;68.19767761230469;67.412285
2021-06-14 00:00:00-04:00;68.41085052490234;67.11894
2021-06-15 00:00:00-04:00;67.45155334472656;67.073784
2021-06-16 00:00:00-04:00;66.32752227783203;66.60658
2021-06-17 00:00:00-04:00;66.11434173583984;65.795906
2021-06-18 00:00:00-04:00;64.76744079589844;65.3645
2021-06-21 00:00:00-04:00;65.94961547851562;64.55643
2021-06-22 00:00:00-04:00;65.3875961303711;64.81967
2021-06-23 00:00:00-04:00;65.32946014404297;64.737816
2021-06-24 00:00:00-04:00;64.92247772216797;64.5518
2021-06-25 00:00:00-04:00;66.01744079589844;64.19789
2021-06-28 00:00:00-04:00;65.72674560546875;64.60287
2021-06-29 00:00:00-04:00;65.84302520751953;64.68369
2021-06-30 00:00:00-04:00;64.67053985595703;64.686356
2021-07-01 00:00:00-04:00;64.97093200683594;64.030945
2021-07-02 00:00:00-04:00;65.3875961303711;63.86339
2021-07-06 00:00:00-04:00;66.13372039794922;64.123146
2021-07-07 00:00:00-04:00;66.0755844116211;64.67778
2021-07-08 00:00:00-04:00;65.79457092285156;64.85721
2021-07-09 00:00:00-04:00;66.7344970703125;64.6858
2021-07-12 00:00:00-04:00;67.15116119384766;65.086006
2021-07-13 00:00:00-04:00;66.33721160888672;65.56403
2021-07-14 00:00:00-04:00;66.72480773925781;65.30632
2021-07-15 00:00:00-04:00;67.13178253173828;65.325325
2021-07-16 00:00:00-04:00;67.4030990600586;65.63182
2021-07-19 00:00:00-04:00;66.56977081298828;65.952354
2021-07-20 00:00:00-04:00;68.07170867919922;65.618034
2021-07-21 00:00:00-04:00;68.00387573242188;66.22805
2021-07-22 00:00:00-04:00;67.74224853515625;66.57053
2021-07-23 00:00:00-04:00;68.29457092285156;66.500755
2021-07-26 00:00:00-04:00;68.468994140625;66.724846
2021-07-27 00:00:00-04:00;68.83721160888672;66.9699
2021-07-28 00:00:00-04:00;68.14922332763672;67.2756
2021-07-29 00:00:00-04:00;68.04263305664062;67.02534
2021-07-30 00:00:00-04:00;68.11046600341797;66.81848
2021-08-02 00:00:00-04:00;67.76162719726562;66.82559
2021-08-03 00:00:00-04:00;68.22674560546875;66.69306
2021-08-04 00:00:00-04:00;67.97480773925781;66.88211
2021-08-05 00:00:00-04:00;68.59496307373047;66.85408
2021-08-06 00:00:00-04:00;68.43022918701172;67.13691
2021-08-09 00:00:00-04:00;68.43022918701172;67.18213
2021-08-10 00:00:00-04:00;67.91666412353516;67.15303
2021-08-11 00:00:00-04:00;68.71124267578125;66.85666
2021-08-12 00:00:00-04:00;68.73062133789062;67.16144
2021-08-13 00:00:00-04:00;69.718994140625;67.37778
2021-08-16 00:00:00-04:00;70.27131652832031;67.96789
2021-08-17 00:00:00-04:00;70.06782531738281;68.51363
2021-08-18 00:00:00-04:00;69.48643493652344;68.56523
2021-08-19 00:00:00-04:00;69.32170867919922;68.20319
2021-08-20 00:00:00-04:00;69.68022918701172;67.97806
2021-08-23 00:00:00-04:00;68.93411254882812;68.17311
2021-08-24 00:00:00-04:00;68.6434097290039;67.91899
2021-08-25 00:00:00-04:00;68.73062133789062;67.608955
2021-08-26 00:00:00-04:00;68.77906799316406;67.55072
2021-08-27 00:00:00-04:00;69.3313980102539;67.597145
2021-08-30 00:00:00-04:00;69.8255844116211;67.91407
2021-08-31 00:00:00-04:00;69.98062133789062;68.30657
2021-09-01 00:00:00-04:00;70.16472625732422;68.50571
2021-09-02 00:00:00-04:00;70.42635345458984;68.62983
2021-09-03 00:00:00-04:00;70.05814361572266;68.81218
2021-09-07 00:00:00-04:00;69.00193786621094;68.69769
2021-09-08 00:00:00-04:00;69.47674560546875;68.06062
2021-09-09 00:00:00-04:00;67.50968933105469;68.0642
2021-09-10 00:00:00-04:00;65.81394958496094;67.12259
2021-09-13 00:00:00-04:00;66.40503692626953;65.75481
2021-09-14 00:00:00-04:00;66.09496307373047;65.541435
2021-09-15 00:00:00-04:00;66.33721160888672;65.47079
2021-09-16 00:00:00-04:00;66.26937866210938;65.52815
2021-09-17 00:00:00-04:00;65.5813980102539;65.44546
2021-09-20 00:00:00-04:00;65.51356506347656;64.95605
2021-09-21 00:00:00-04:00;65.16472625732422;64.64463
2021-09-22 00:00:00-04:00;65.6589126586914;64.3577
2021-09-23 00:00:00-04:00;65.67829132080078;64.503815
2021-09-24 00:00:00-04:00;64.39922332763672;64.60524
2021-09-27 00:00:00-04:00;63.643409729003906;63.912758
2021-09-28 00:00:00-04:00;62.9844970703125;63.123314
2021-09-29 00:00:00-04:00;64.00193786621094;62.484657
2021-09-30 00:00:00-04:00;62.848838806152344;62.817043
2021-10-01 00:00:00-04:00;63.80813980102539;62.45339
2021-10-04 00:00:00-04:00;64.43798065185547;62.660286
2021-10-05 00:00:00-04:00;64.19573974609375;63.125877
2021-10-06 00:00:00-04:00;65.64922332763672;63.166546
2021-10-07 00:00:00-04:00;65.71705627441406;63.86268
2021-10-08 00:00:00-04:00;65.11627960205078;64.2466
2021-10-11 00:00:00-04:00;65.6589126586914;64.00707
2021-10-12 00:00:00-04:00;66.47286987304688;64.14138
2021-10-13 00:00:00-04:00;66.6279067993164;64.73492
2021-10-14 00:00:00-04:00;67.46124267578125;65.12662
2021-10-15 00:00:00-04:00;67.5;65.691605
2021-10-18 00:00:00-04:00;68.1686019897461;65.95276
2021-10-19 00:00:00-04:00;67.86821746826172;66.38677
2021-10-20 00:00:00-04:00;69.14728546142578;66.43742
2021-10-21 00:00:00-04:00;68.96318054199219;67.13557
2021-10-22 00:00:00-04:00;69.52519226074219;67.41086
2021-10-25 00:00:00-04:00;71.57946014404297;67.77147
2021-10-26 00:00:00-04:00;71.80232238769531;69.075035
2021-10-27 00:00:00-04:00;71.0465087890625;69.793076
2021-10-28 00:00:00-04:00;70.88178253173828;69.525154
2021-10-29 00:00:00-04:00;69.21511840820312;69.261375
2021-11-01 00:00:00-04:00;68.66278839111328;68.36114
2021-11-02 00:00:00-04:00;69.75775146484375;67.75262
2021-11-03 00:00:00-04:00;70.03875732421875;68.24724
2021-11-04 00:00:00-04:00;69.06977081298828;68.73517
2021-11-05 00:00:00-04:00;69.54457092285156;68.302826
2021-11-08 00:00:00-05:00;69.25387573242188;68.23874
2021-11-09 00:00:00-05:00;68.75968933105469;68.11386
2021-11-10 00:00:00-05:00;68.93411254882812;67.78908
2021-11-11 00:00:00-05:00;70.1744155883789;67.73718
2021-11-12 00:00:00-05:00;70.4844970703125;68.433975
2021-11-15 00:00:00-05:00;71.13999938964844;68.92299
2021-11-16 00:00:00-05:00;71.41000366210938;69.37091
2021-11-17 00:00:00-05:00;71.97000122070312;69.64387
2021-11-18 00:00:00-05:00;71.04000091552734;70.031204
2021-11-19 00:00:00-05:00;70.91000366210938;69.6897
2021-11-22 00:00:00-05:00;70.69000244140625;69.44508
2021-11-23 00:00:00-05:00;69.9000015258789;69.31818
2021-11-24 00:00:00-05:00;70.63999938964844;68.90085
2021-11-26 00:00:00-05:00;69.47000122070312;69.14415
2021-11-29 00:00:00-05:00;69.80000305175781;68.68189
2021-11-30 00:00:00-05:00;67.91999816894531;68.58665
2021-12-01 00:00:00-05:00;65.91999816894531;67.57739
2021-12-02 00:00:00-05:00;67.5199966430664;66.01739
2021-12-03 00:00:00-05:00;67.25;66.258644
2021-12-06 00:00:00-05:00;68.08000183105469;66.46104
2021-12-07 00:00:00-05:00;68.38999938964844;66.88223
2021-12-08 00:00:00-05:00;68.8499984741211;67.13185
2021-12-09 00:00:00-05:00;67.36000061035156;67.37599
2021-12-10 00:00:00-05:00;66.94000244140625;66.618546
2021-12-13 00:00:00-05:00;68.16000366210938;65.99113
2021-12-14 00:00:00-05:00;67.29000091552734;66.49431
2021-12-15 00:00:00-05:00;67.22000122070312;66.382126
2021-12-16 00:00:00-05:00;67.66999816894531;66.17894
2021-12-17 00:00:00-05:00;67.77999877929688;66.325966
2021-12-20 00:00:00-05:00;67.26000213623047;66.487495
2021-12-21 00:00:00-05:00;68.7300033569336;66.24945
2021-12-22 00:00:00-05:00;69.13999938964844;66.89988
2021-12-23 00:00:00-05:00;69.22000122070312;67.48425
2021-12-27 00:00:00-05:00;70.94000244140625;67.69448
2021-12-28 00:00:00-05:00;71.4000015258789;68.65343
2021-12-29 00:00:00-05:00;71.9000015258789;69.35768
2021-12-30 00:00:00-05:00;71.91000366210938;69.83892
2021-12-31 00:00:00-05:00;71.58999633789062;70.004326
2022-01-03 00:00:00-05:00;71.19999694824219;69.90011
2022-01-04 00:00:00-05:00;72.25;69.69138
2022-01-05 00:00:00-05:00;71.08000183105469;70.265434
2022-01-06 00:00:00-05:00;71.41000366210938;69.96273
2022-01-07 00:00:00-05:00;71.41000366210938;69.9324
2022-01-10 00:00:00-05:00;71.62999725341797;69.98954
2022-01-11 00:00:00-05:00;71.29000091552734;70.15683
2022-01-12 00:00:00-05:00;71.87000274658203;70.03568
2022-01-13 00:00:00-05:00;71.69999694824219;70.27057
2022-01-14 00:00:00-05:00;71.5;70.30496
2022-01-18 00:00:00-05:00;69.7300033569336;70.16979
2022-01-19 00:00:00-05:00;68.56999969482422;69.130974
2022-01-20 00:00:00-05:00;67.31999969482422;68.04759
2022-01-21 00:00:00-05:00;67.91999816894531;67.03343
2022-01-24 00:00:00-05:00;68.41000366210938;67.02491
2022-01-25 00:00:00-05:00;68.91999816894531;67.39841
2022-01-26 00:00:00-05:00;67.93000030517578;67.764725
2022-01-27 00:00:00-05:00;67.76000213623047;67.245346
2022-01-28 00:00:00-05:00;69.48999786376953;66.78853
2022-01-31 00:00:00-05:00;69.41000366210938;67.581795
2022-02-01 00:00:00-05:00;69.12999725341797;67.98613
2022-02-02 00:00:00-05:00;69.80000305175781;67.86098
2022-02-03 00:00:00-05:00;68.66999816894531;68.094635
2022-02-04 00:00:00-05:00;68.19000244140625;67.632
2022-02-07 00:00:00-05:00;68.04000091552734;67.13786
2022-02-08 00:00:00-05:00;67.55000305175781;66.92205
2022-02-09 00:00:00-05:00;68.55999755859375;66.64823
2022-02-10 00:00:00-05:00;67.23999786376953;67.08943
2022-02-11 00:00:00-05:00;67.48999786376953;66.607414
2022-02-14 00:00:00-05:00;66.88999938964844;66.40433
2022-02-15 00:00:00-05:00;67.05000305175781;66.04733
2022-02-16 00:00:00-05:00;67.44000244140625;65.98022
2022-02-17 00:00:00-05:00;67.12000274658203;66.19833
2022-02-18 00:00:00-05:00;66.62999725341797;66.11563
2022-02-22 00:00:00-05:00;66.04000091552734;65.74541
2022-02-23 00:00:00-05:00;65.25;65.2461
2022-02-24 00:00:00-05:00;65.73999786376953;64.63347
2022-02-25 00:00:00-05:00;67.4000015258789;64.663956
2022-02-28 00:00:00-05:00;66.08999633789062;65.6589
2022-03-01 00:00:00-05:00;65.81999969482422;65.39515
2022-03-02 00:00:00-05:00;66.0999984741211;64.90771
2022-03-03 00:00:00-05:00;66.62000274658203;64.858215
2022-03-04 00:00:00-05:00;66.81999969482422;65.21166
2022-03-07 00:00:00-05:00;64.66999816894531;65.50053
2022-03-08 00:00:00-05:00;64.9000015258789;64.41452
2022-03-09 00:00:00-05:00;65.16999816894531;63.94687
2022-03-10 00:00:00-05:00;64.81999969482422;64.05731
2022-03-11 00:00:00-05:00;65.3499984741211;64.0009
2022-03-14 00:00:00-04:00;64.87999725341797;64.20114
2022-03-15 00:00:00-04:00;65.12000274658203;64.027115
2022-03-16 00:00:00-04:00;65.5999984741211;64.00962
2022-03-17 00:00:00-04:00;66.48999786376953;64.27747
2022-03-18 00:00:00-04:00;66.87999725341797;64.888275
2022-03-21 00:00:00-04:00;66.58000183105469;65.34944
2022-03-22 00:00:00-04:00;67.44999694824219;65.30899
2022-03-23 00:00:00-04:00;66.9000015258789;65.70196
2022-03-24 00:00:00-04:00;66.77999877929688;65.64327
2022-03-25 00:00:00-04:00;67.94999694824219;65.51869
2022-03-28 00:00:00-04:00;68.72000122070312;66.13747
2022-03-29 00:00:00-04:00;70.62000274658203;66.91294
2022-03-30 00:00:00-04:00;70.27999877929688;68.24076
2022-03-31 00:00:00-04:00;69.30000305175781;68.564445
2022-04-01 00:00:00-04:00;70.9000015258789;67.99353
2022-04-04 00:00:00-04:00;70.56999969482422;68.628716
2022-04-05 00:00:00-04:00;70.66999816894531;68.93219
2022-04-06 00:00:00-04:00;71.77999877929688;69.075195
2022-04-07 00:00:00-04:00;71.62000274658203;69.74414
2022-04-08 00:00:00-04:00;72.16000366210938;69.98176
2022-04-11 00:00:00-04:00;71.5199966430664;70.31309
2022-04-12 00:00:00-04:00;71.55999755859375;70.110146
2022-04-13 00:00:00-04:00;72.19000244140625;70.03
2022-04-14 00:00:00-04:00;72.61000061035156;70.41973
2022-04-18 00:00:00-04:00;73.25;70.87412
2022-04-19 00:00:00-04:00;74.12000274658203;71.38184
2022-04-20 00:00:00-04:00;74.93000030517578;72.03164
2022-04-21 00:00:00-04:00;74.55999755859375;72.713905
2022-04-22 00:00:00-04:00;73.54000091552734;72.73193
2022-04-25 00:00:00-04:00;72.75;72.10953
2022-04-26 00:00:00-04:00;71.93000030517578;71.462845
2022-04-27 00:00:00-04:00;71.66000366210938;70.88486
2022-04-28 00:00:00-04:00;72.70999908447266;70.60871
2022-04-29 00:00:00-04:00;69.36000061035156;71.14893
2022-05-02 00:00:00-04:00;67.37999725341797;69.54977
2022-05-03 00:00:00-04:00;67.66999816894531;67.604546
2022-05-04 00:00:00-04:00;68.58000183105469;67.06207
2022-05-05 00:00:00-04:00;67.0999984741211;67.57591
2022-05-06 00:00:00-04:00;66.12000274658203;67.005005
2022-05-09 00:00:00-04:00;64.55999755859375;65.98241
2022-05-10 00:00:00-04:00;63.5;64.65389
2022-05-11 00:00:00-04:00;63.79999923706055;63.538326
2022-05-12 00:00:00-04:00;65.38999938964844;63.28568
2022-05-13 00:00:00-04:00;67.41000366210938;64.109535
2022-05-16 00:00:00-04:00;68.05999755859375;65.55626
2022-05-17 00:00:00-04:00;68.61000061035156;66.37347
2022-05-18 00:00:00-04:00;67.55999755859375;66.75794
2022-05-19 00:00:00-04:00;67.1500015258789;66.24705
2022-05-20 00:00:00-04:00;67.98999786376953;65.78345
2022-05-23 00:00:00-04:00;67.22000122070312;66.18299
2022-05-24 00:00:00-04:00;68.44000244140625;66.10101
2022-05-25 00:00:00-04:00;69.18000030517578;66.67814
2022-05-26 00:00:00-04:00;68.06999969482422;67.392265
2022-05-27 00:00:00-04:00;69.3499984741211;67.039635
2022-05-31 00:00:00-04:00;68.22000122070312;67.46797
2022-06-01 00:00:00-04:00;68.08000183105469;67.15711
2022-06-02 00:00:00-04:00;68.44000244140625;66.8932
2022-06-03 00:00:00-04:00;67.36000061035156;67.04196
2022-06-06 00:00:00-04:00;66.9800033569336;66.59002
2022-06-07 00:00:00-04:00;68.05999755859375;66.139015
2022-06-08 00:00:00-04:00;67.11000061035156;66.576126
2022-06-09 00:00:00-04:00;66.27999877929688;66.338356
2022-06-10 00:00:00-04:00;65.95999908447266;65.66937
2022-06-13 00:00:00-04:00;63.209999084472656;65.18867
2022-06-14 00:00:00-04:00;62.790000915527344;63.590225
2022-06-15 00:00:00-04:00;64.80000305175781;62.61539
2022-06-16 00:00:00-04:00;64.2300033569336;63.414543
2022-06-17 00:00:00-04:00;64.87000274658203;63.62624
2022-06-21 00:00:00-04:00;65.47000122070312;63.82899
2022-06-22 00:00:00-04:00;66.38999938964844;64.14158
2022-06-23 00:00:00-04:00;67.98999786376953;64.72726
2022-06-24 00:00:00-04:00;69.19000244140625;65.82543
2022-06-27 00:00:00-04:00;69.44000244140625;66.92844
2022-06-28 00:00:00-04:00;69.12999725341797;67.433784
2022-06-29 00:00:00-04:00;69.36000061035156;67.37712
2022-06-30 00:00:00-04:00;68.26000213623047;67.487015
2022-07-01 00:00:00-04:00;70.1500015258789;67.053116
2022-07-05 00:00:00-04:00;69.29000091552734;67.94355
2022-07-06 00:00:00-04:00;69.5;68.028114
2022-07-07 00:00:00-04:00;68.79000091552734;68.05764
2022-07-08 00:00:00-04:00;68.9800033569336;67.69592
2022-07-11 00:00:00-04:00;69.55999755859375;67.65612
2022-07-12 00:00:00-04:00;69.36000061035156;68.039795
2022-07-13 00:00:00-04:00;68.05000305175781;68.12419
2022-07-14 00:00:00-04:00;68.44999694824219;67.375786
2022-07-15 00:00:00-04:00;70.30999755859375;67.221565
2022-07-18 00:00:00-04:00;69.47000122070312;68.30218
2022-07-19 00:00:00-04:00;70.08000183105469;68.36845
2022-07-20 00:00:00-04:00;70.25;68.52083
2022-07-21 00:00:00-04:00;70.58000183105469;68.67532
2022-07-22 00:00:00-04:00;71.3499984741211;68.927055
2022-07-25 00:00:00-04:00;71.61000061035156;69.46774
2022-07-26 00:00:00-04:00;72.43000030517578;69.84305
2022-07-27 00:00:00-04:00;71.87000274658203;70.405136
2022-07-28 00:00:00-04:00;73.54000091552734;70.321686
2022-07-29 00:00:00-04:00;73.98999786376953;71.16606
2022-08-01 00:00:00-04:00;73.66999816894531;71.86642
2022-08-02 00:00:00-04:00;72.80000305175781;71.90038
2022-08-03 00:00:00-04:00;72.0;71.36462
2022-08-04 00:00:00-04:00;72.47000122070312;70.746254
2022-08-05 00:00:00-04:00;72.76000213623047;70.878944
2022-08-08 00:00:00-04:00;73.26000213623047;71.23449
2022-08-09 00:00:00-04:00;73.55000305175781;71.64153
2022-08-10 00:00:00-04:00;74.12999725341797;71.902695
2022-08-11 00:00:00-04:00;73.86000061035156;72.26597
2022-08-12 00:00:00-04:00;74.66999816894531;72.2401
2022-08-15 00:00:00-04:00;74.75;72.64486
2022-08-16 00:00:00-04:00;73.69999694824219;72.90193
2022-08-17 00:00:00-04:00;73.58000183105469;72.386246
2022-08-18 00:00:00-04:00;72.98999786376953;72.08154
2022-08-19 00:00:00-04:00;72.91000366210938;71.73811
2022-08-22 00:00:00-04:00;71.79000091552734;71.60788
2022-08-23 00:00:00-04:00;70.61000061035156;70.97689
2022-08-24 00:00:00-04:00;70.63999938964844;70.04016
2022-08-25 00:00:00-04:00;71.0199966430664;69.70192
2022-08-26 00:00:00-04:00;69.91000366210938;69.87168
2022-08-29 00:00:00-04:00;69.98999786376953;69.33208
2022-08-30 00:00:00-04:00;68.97000122070312;69.02275
2022-08-31 00:00:00-04:00;68.27999877929688;68.355644
2022-09-01 00:00:00-04:00;68.44999694824219;67.67147
2022-09-02 00:00:00-04:00;67.69000244140625;67.50276
2022-09-06 00:00:00-04:00;67.75;67.07375
2022-09-07 00:00:00-04:00;68.2699966430664;66.864914
2022-09-08 00:00:00-04:00;66.36000061035156;67.06026
2022-09-09 00:00:00-04:00;66.79000091552734;66.1034
2022-09-12 00:00:00-04:00;67.5999984741211;65.78932
2022-09-13 00:00:00-04:00;65.91000366210938;66.20945
2022-09-14 00:00:00-04:00;65.41000366210938;65.52278
2022-09-15 00:00:00-04:00;63.43000030517578;64.799736
2022-09-16 00:00:00-04:00;64.30999755859375;63.4795
2022-09-19 00:00:00-04:00;63.970001220703125;63.376507
2022-09-20 00:00:00-04:00;63.09000015258789;63.336098
2022-09-21 00:00:00-04:00;62.540000915527344;62.7972
2022-09-22 00:00:00-04:00;62.5;62.16311
2022-09-23 00:00:00-04:00;61.810001373291016;61.8542
2022-09-26 00:00:00-04:00;60.900001525878906;61.39615
2022-09-27 00:00:00-04:00;59.4900016784668;60.682697
2022-09-28 00:00:00-04:00;60.369998931884766;59.603992
2022-09-29 00:00:00-04:00;57.95000076293945;59.560444
2022-09-30 00:00:00-04:00;58.20000076293945;58.43117
2022-10-03 00:00:00-04:00;59.220001220703125;57.88314
2022-10-04 00:00:00-04:00;60.27000045776367;58.250557
2022-10-05 00:00:00-04:00;59.52000045776367;59.03676
2022-10-06 00:00:00-04:00;58.52000045776367;58.930378
2022-10-07 00:00:00-04:00;58.029998779296875;58.16232
2022-10-10 00:00:00-04:00;57.349998474121094;57.5043
2022-10-11 00:00:00-04:00;58.060001373291016;56.944935
2022-10-12 00:00:00-04:00;57.529998779296875;57.11545
2022-10-13 00:00:00-04:00;57.54999923706055;57.01915
2022-10-14 00:00:00-04:00;55.540000915527344;56.905724
2022-10-17 00:00:00-04:00;57.4900016784668;55.806225
2022-10-18 00:00:00-04:00;58.630001068115234;56.17917
2022-10-19 00:00:00-04:00;57.83000183105469;57.173225
2022-10-20 00:00:00-04:00;57.470001220703125;57.20884
2022-10-21 00:00:00-04:00;57.630001068115234;56.827396
2022-10-24 00:00:00-04:00;59.0099983215332;56.697174
2022-10-25 00:00:00-04:00;60.4900016784668;57.43062
2022-10-26 00:00:00-04:00;60.599998474121094;58.647842
2022-10-27 00:00:00-04:00;61.13999938964844;59.23147
2022-10-28 00:00:00-04:00;62.310001373291016;59.617546
2022-10-31 00:00:00-04:00;62.27000045776367;60.382668
2022-11-01 00:00:00-04:00;62.209999084472656;60.764843
2022-11-02 00:00:00-04:00;61.06999969482422;60.863045
2022-11-03 00:00:00-04:00;61.630001068115234;60.318134
2022-11-04 00:00:00-04:00;63.0099983215332;60.374496
2022-11-07 00:00:00-05:00;63.130001068115234;61.28667
2022-11-08 00:00:00-05:00;63.34000015258789;61.845356
2022-11-09 00:00:00-05:00;63.25;62.085518
2022-11-10 00:00:00-05:00;65.37000274658203;62.080406
2022-11-11 00:00:00-05:00;64.9800033569336;63.20491
2022-11-14 00:00:00-05:00;64.08000183105469;63.612072
2022-11-15 00:00:00-05:00;64.73999786376953;63.16678
2022-11-16 00:00:00-05:00;63.84000015258789;63.26677
2022-11-17 00:00:00-05:00;64.41000366210938;62.97506
2022-11-18 00:00:00-05:00;64.69999694824219;63.148685
2022-11-21 00:00:00-05:00;65.30000305175781;63.462204
2022-11-22 00:00:00-05:00;65.30000305175781;63.915775
2022-11-23 00:00:00-05:00;64.5199966430664;64.08638
2022-11-25 00:00:00-05:00;64.8499984741211;63.679718
2022-11-28 00:00:00-05:00;61.7400016784668;63.638718
2022-11-29 00:00:00-05:00;62.29999923706055;62.068558
2022-11-30 00:00:00-05:00;63.06999969482422;61.569492
2022-12-01 00:00:00-05:00;62.810001373291016;61.990578
2022-12-02 00:00:00-05:00;62.900001525878906;62.126312
2022-12-05 00:00:00-05:00;62.2400016784668;62.100506
2022-12-06 00:00:00-05:00;62.709999084472656;61.663578
2022-12-07 00:00:00-05:00;63.56999969482422;61.66255
2022-12-08 00:00:00-05:00;64.05999755859375;62.1828
2022-12-09 00:00:00-05:00;64.44999694824219;62.69739
2022-12-12 00:00:00-05:00;64.66999816894531;63.05856
2022-12-13 00:00:00-05:00;64.95999908447266;63.268955
2022-12-14 00:00:00-05:00;64.66000366210938;63.490215
2022-12-15 00:00:00-05:00;64.63999938964844;63.441082
2022-12-16 00:00:00-05:00;63.47999954223633;63.40566
2022-12-19 00:00:00-05:00;63.540000915527344;62.816647
2022-12-20 00:00:00-05:00;63.11000061035156;62.58219
2022-12-21 00:00:00-05:00;64.23999786376953;62.355404
2022-12-22 00:00:00-05:00;63.45000076293945;62.8769
2022-12-23 00:00:00-05:00;64.41000366210938;62.745407
2022-12-27 00:00:00-05:00;64.11000061035156;63.069492
2022-12-28 00:00:00-05:00;63.22999954223633;63.086037
2022-12-29 00:00:00-05:00;64.02999877929688;62.566235
2022-12-30 00:00:00-05:00;63.43000030517578;62.724804
2023-01-03 00:00:00-05:00;63.79999923706055;62.58985
2023-01-04 00:00:00-05:00;64.61000061035156;62.684856
2023-01-05 00:00:00-05:00;63.38999938964844;63.181774
2023-01-06 00:00:00-05:00;64.08000183105469;62.761806
2023-01-09 00:00:00-05:00;64.69999694824219;62.820915
2023-01-10 00:00:00-05:00;64.13999938964844;63.266533
2023-01-11 00:00:00-05:00;66.0;63.191067
2023-01-12 00:00:00-05:00;66.55000305175781;64.0702
2023-01-13 00:00:00-05:00;66.19000244140625;64.8357
2023-01-17 00:00:00-05:00;66.88999938964844;64.878044
2023-01-18 00:00:00-05:00;66.04000091552734;65.17246
2023-01-19 00:00:00-05:00;65.30999755859375;64.90624
2023-01-20 00:00:00-05:00;66.37999725341797;64.38639
2023-01-23 00:00:00-05:00;66.93000030517578;64.79331
2023-01-24 00:00:00-05:00;67.16000366210938;65.41647
