Date;RE;close_predicted
2017-10-18 00:00:00-04:00;235.0;235.21822
2017-10-19 00:00:00-04:00;237.25;235.0467
2017-10-20 00:00:00-04:00;236.6699981689453;235.29338
2017-10-23 00:00:00-04:00;235.8500061035156;235.57841
2017-10-24 00:00:00-04:00;234.27999877929688;235.69453
2017-10-25 00:00:00-04:00;232.94000244140625;235.38536
2017-10-26 00:00:00-04:00;234.9499969482422;234.76875
2017-10-27 00:00:00-04:00;236.9499969482422;234.89165
2017-10-30 00:00:00-04:00;239.1199951171875;235.75685
2017-10-31 00:00:00-04:00;237.4499969482422;237.11696
2017-11-01 00:00:00-04:00;234.7899932861328;237.6422
2017-11-02 00:00:00-04:00;227.44000244140625;237.00633
2017-11-03 00:00:00-04:00;227.83999633789065;234.27495
2017-11-06 00:00:00-05:00;228.4600067138672;232.08965
2017-11-07 00:00:00-05:00;227.02999877929688;231.05383
2017-11-08 00:00:00-05:00;228.36000061035156;230.32327
2017-11-09 00:00:00-05:00;230.7899932861328;230.23514
2017-11-10 00:00:00-05:00;231.13999938964844;230.92091
2017-11-13 00:00:00-05:00;228.5500030517578;231.56436
2017-11-14 00:00:00-05:00;226.1300048828125;231.15256
2017-11-15 00:00:00-05:00;229.27000427246097;229.86217
2017-11-16 00:00:00-05:00;225.47000122070312;229.6415
2017-11-17 00:00:00-05:00;226.32000732421875;228.75229
2017-11-20 00:00:00-05:00;223.83999633789065;228.22603
2017-11-21 00:00:00-05:00;222.25;227.26749
2017-11-22 00:00:00-05:00;219.2400054931641;226.05954
2017-11-24 00:00:00-05:00;217.6699981689453;224.33292
2017-11-27 00:00:00-05:00;223.07000732421875;222.59566
2017-11-28 00:00:00-05:00;225.0099945068359;222.93912
2017-11-29 00:00:00-05:00;222.7400054931641;224.22725
2017-11-30 00:00:00-05:00;219.6000061035156;224.58385
2017-12-01 00:00:00-05:00;218.05999755859375;223.56572
2017-12-04 00:00:00-05:00;213.55999755859375;222.03705
2017-12-05 00:00:00-05:00;212.1499938964844;219.6481
2017-12-06 00:00:00-05:00;211.05999755859375;217.47975
2017-12-07 00:00:00-05:00;210.36000061035156;215.82654
2017-12-08 00:00:00-05:00;212.27999877929688;214.66405
2017-12-11 00:00:00-05:00;217.47000122070312;214.5068
2017-12-12 00:00:00-05:00;219.82000732421875;216.04803
2017-12-13 00:00:00-05:00;216.9199981689453;218.05869
2017-12-14 00:00:00-05:00;217.6999969482422;218.53896
2017-12-15 00:00:00-05:00;222.11000061035156;218.55995
2017-12-18 00:00:00-05:00;219.22000122070312;219.69113
2017-12-19 00:00:00-05:00;218.8800048828125;219.97086
2017-12-20 00:00:00-05:00;216.5099945068359;219.86696
2017-12-21 00:00:00-05:00;218.44000244140625;219.071
2017-12-22 00:00:00-05:00;218.9499969482422;218.97075
2017-12-26 00:00:00-05:00;219.72999572753903;219.3009
2017-12-27 00:00:00-05:00;219.97999572753903;219.88322
2017-12-28 00:00:00-05:00;222.57000732421875;220.39574
2017-12-29 00:00:00-05:00;221.2599945068359;221.4283
2018-01-02 00:00:00-05:00;216.47000122070312;221.87044
2018-01-03 00:00:00-05:00;219.77000427246097;220.65594
2018-01-04 00:00:00-05:00;221.77000427246097;220.36104
2018-01-05 00:00:00-05:00;222.3500061035156;221.04468
2018-01-08 00:00:00-05:00;218.75;221.9591
2018-01-09 00:00:00-05:00;216.9499969482422;221.58838
2018-01-10 00:00:00-05:00;219.97000122070312;220.46828
2018-01-11 00:00:00-05:00;222.80999755859375;220.397
2018-01-12 00:00:00-05:00;224.1999969482422;221.4794
2018-01-16 00:00:00-05:00;222.75;222.89337
2018-01-17 00:00:00-05:00;226.0;223.45467
2018-01-18 00:00:00-05:00;223.2400054931641;224.46695
2018-01-19 00:00:00-05:00;224.6000061035156;224.4844
2018-01-22 00:00:00-05:00;230.5;224.64378
2018-01-23 00:00:00-05:00;231.63999938964844;226.48965
2018-01-24 00:00:00-05:00;231.9600067138672;228.51567
2018-01-25 00:00:00-05:00;230.92999267578125;229.9818
2018-01-26 00:00:00-05:00;229.25;230.50656
2018-01-29 00:00:00-05:00;228.82000732421875;230.18468
2018-01-30 00:00:00-05:00;227.4499969482422;229.72446
2018-01-31 00:00:00-05:00;229.8000030517578;229.11644
2018-02-01 00:00:00-05:00;230.13999938964844;229.42155
2018-02-02 00:00:00-05:00;229.61000061035156;230.00972
2018-02-05 00:00:00-05:00;225.42999267578125;230.32724
2018-02-06 00:00:00-05:00;242.32000732421875;229.28111
2018-02-07 00:00:00-05:00;246.6999969482422;232.92648
2018-02-08 00:00:00-05:00;241.05999755859375;237.76282
2018-02-09 00:00:00-05:00;239.77000427246097;239.5939
2018-02-12 00:00:00-05:00;239.47999572753903;239.57758
2018-02-13 00:00:00-05:00;238.17999267578125;239.07468
2018-02-14 00:00:00-05:00;242.58999633789065;238.45587
2018-02-15 00:00:00-05:00;242.38999938964844;239.41852
2018-02-16 00:00:00-05:00;243.2599945068359;240.53008
2018-02-20 00:00:00-05:00;243.2599945068359;241.57787
2018-02-21 00:00:00-05:00;239.94000244140625;242.24731
2018-02-22 00:00:00-05:00;239.3999938964844;241.69943
2018-02-23 00:00:00-05:00;242.94000244140625;240.91812
2018-02-26 00:00:00-05:00;241.6300048828125;241.37897
2018-02-27 00:00:00-05:00;243.17999267578125;241.70825
2018-02-28 00:00:00-05:00;240.2400054931641;242.32175
2018-03-01 00:00:00-05:00;238.3800048828125;241.97458
2018-03-02 00:00:00-05:00;239.0;240.98317
2018-03-05 00:00:00-05:00;254.3500061035156;240.34723
2018-03-06 00:00:00-05:00;254.6999969482422;244.25926
2018-03-07 00:00:00-05:00;255.57000732421875;248.06139
2018-03-08 00:00:00-05:00;257.30999755859375;250.64346
2018-03-09 00:00:00-05:00;262.6199951171875;252.39342
2018-03-12 00:00:00-04:00;261.3900146484375;254.79964
2018-03-13 00:00:00-04:00;261.7699890136719;256.33603
2018-03-14 00:00:00-04:00;260.3699951171875;257.37494
2018-03-15 00:00:00-04:00;259.3699951171875;257.7087
2018-03-16 00:00:00-04:00;261.3999938964844;257.65652
2018-03-19 00:00:00-04:00;262.6700134277344;258.22665
2018-03-20 00:00:00-04:00;260.260009765625;259.2268
2018-03-21 00:00:00-04:00;259.5899963378906;259.4312
2018-03-22 00:00:00-04:00;253.2899932861328;259.229
2018-03-23 00:00:00-04:00;248.6300048828125;257.3663
2018-03-26 00:00:00-04:00;252.4499969482422;254.5455
2018-03-27 00:00:00-04:00;250.6999969482422;253.52736
2018-03-28 00:00:00-04:00;258.3299865722656;252.90355
2018-03-29 00:00:00-04:00;256.82000732421875;254.60262
2018-04-02 00:00:00-04:00;254.4199981689453;255.77225
2018-04-03 00:00:00-04:00;257.0400085449219;255.62114
2018-04-04 00:00:00-04:00;258.2699890136719;255.77464
2018-04-05 00:00:00-04:00;256.3900146484375;256.2642
2018-04-06 00:00:00-04:00;254.25;256.1904
2018-04-09 00:00:00-04:00;257.8399963378906;255.44016
2018-04-10 00:00:00-04:00;256.20001220703125;255.75642
2018-04-11 00:00:00-04:00;260.0;255.83124
2018-04-12 00:00:00-04:00;250.6499938964844;256.8475
2018-04-13 00:00:00-04:00;249.19000244140625;255.24275
2018-04-16 00:00:00-04:00;250.9199981689453;253.13268
2018-04-17 00:00:00-04:00;247.42999267578125;252.10559
2018-04-18 00:00:00-04:00;243.8699951171875;250.83572
2018-04-19 00:00:00-04:00;242.3500061035156;248.97385
2018-04-20 00:00:00-04:00;246.9900054931641;247.12712
2018-04-23 00:00:00-04:00;245.36000061035156;247.11334
2018-04-24 00:00:00-04:00;244.6499938964844;247.06467
2018-04-25 00:00:00-04:00;240.44000244140625;246.71286
2018-04-26 00:00:00-04:00;231.91000366210935;245.13452
2018-04-27 00:00:00-04:00;236.72000122070312;241.38951
2018-04-30 00:00:00-04:00;232.6699981689453;239.63077
2018-05-01 00:00:00-04:00;232.8999938964844;237.90114
2018-05-02 00:00:00-04:00;228.1699981689453;236.78786
2018-05-03 00:00:00-04:00;226.1499938964844;234.79402
2018-05-04 00:00:00-04:00;227.52000427246097;232.56062
2018-05-07 00:00:00-04:00;226.5399932861328;231.28935
2018-05-08 00:00:00-04:00;227.1699981689453;230.34561
2018-05-09 00:00:00-04:00;227.9499969482422;229.86957
2018-05-10 00:00:00-04:00;228.19000244140625;229.76492
2018-05-11 00:00:00-04:00;228.2899932861328;229.74048
2018-05-14 00:00:00-04:00;226.91000366210935;229.6702
2018-05-15 00:00:00-04:00;228.02000427246097;229.15363
2018-05-16 00:00:00-04:00;229.07000732421875;228.9614
2018-05-17 00:00:00-04:00;227.8000030517578;229.19882
2018-05-18 00:00:00-04:00;226.5399932861328;229.10628
2018-05-21 00:00:00-04:00;228.9199981689453;228.58888
2018-05-22 00:00:00-04:00;229.0399932861328;228.7918
2018-05-23 00:00:00-04:00;226.5399932861328;229.1609
2018-05-24 00:00:00-04:00;226.52999877929688;228.7495
2018-05-25 00:00:00-04:00;227.44000244140625;228.25587
2018-05-29 00:00:00-04:00;224.72000122070312;228.17294
2018-05-30 00:00:00-04:00;225.5099945068359;227.48955
2018-05-31 00:00:00-04:00;225.2899932861328;227.10054
2018-06-01 00:00:00-04:00;225.9199981689453;226.8603
2018-06-04 00:00:00-04:00;226.67999267578125;226.91197
2018-06-05 00:00:00-04:00;226.52000427246097;227.21307
2018-06-06 00:00:00-04:00;228.1000061035156;227.40298
2018-06-07 00:00:00-04:00;230.0800018310547;227.90938
2018-06-08 00:00:00-04:00;230.32000732421875;228.8601
2018-06-11 00:00:00-04:00;228.47999572753903;229.65732
2018-06-12 00:00:00-04:00;227.2899932861328;229.61826
2018-06-13 00:00:00-04:00;227.33999633789065;229.05013
2018-06-14 00:00:00-04:00;226.0;228.59396
2018-06-15 00:00:00-04:00;226.6000061035156;228.0103
2018-06-18 00:00:00-04:00;226.75;227.7995
2018-06-19 00:00:00-04:00;229.22999572753903;227.8168
2018-06-20 00:00:00-04:00;230.1300048828125;228.57225
2018-06-21 00:00:00-04:00;228.6699981689453;229.48734
2018-06-22 00:00:00-04:00;230.0;229.6855
2018-06-25 00:00:00-04:00;232.6699981689453;229.967
2018-06-26 00:00:00-04:00;229.8999938964844;230.92397
2018-06-27 00:00:00-04:00;228.72000122070312;230.98543
2018-06-28 00:00:00-04:00;231.47999572753903;230.47563
2018-06-29 00:00:00-04:00;230.47999572753903;230.78497
2018-07-02 00:00:00-04:00;227.16000366210935;230.97812
2018-07-03 00:00:00-04:00;226.38999938964844;230.1774
2018-07-05 00:00:00-04:00;230.63999938964844;229.17926
2018-07-06 00:00:00-04:00;230.4600067138672;229.67802
2018-07-09 00:00:00-04:00;235.0099945068359;230.37599
2018-07-10 00:00:00-04:00;234.22000122070312;232.12256
2018-07-11 00:00:00-04:00;233.75;233.26775
2018-07-12 00:00:00-04:00;232.8500061035156;233.6879
2018-07-13 00:00:00-04:00;231.5500030517578;233.51907
2018-07-16 00:00:00-04:00;235.17999267578125;232.94505
2018-07-17 00:00:00-04:00;235.11000061035156;233.53944
2018-07-18 00:00:00-04:00;236.32000732421875;234.2827
2018-07-19 00:00:00-04:00;234.3000030517578;235.16501
2018-07-20 00:00:00-04:00;224.82000732421875;235.21535
2018-07-23 00:00:00-04:00;225.2599945068359;232.42508
2018-07-24 00:00:00-04:00;223.47999572753903;229.99028
2018-07-25 00:00:00-04:00;223.6199951171875;228.07549
2018-07-26 00:00:00-04:00;227.25;227.05652
2018-07-27 00:00:00-04:00;226.19000244140625;227.60574
2018-07-30 00:00:00-04:00;223.7400054931641;227.98943
2018-07-31 00:00:00-04:00;218.3500061035156;227.37334
2018-08-01 00:00:00-04:00;219.8699951171875;225.08131
2018-08-02 00:00:00-04:00;219.97000122070312;223.49606
2018-08-03 00:00:00-04:00;220.69000244140625;222.6801
2018-08-06 00:00:00-04:00;218.8999938964844;222.54189
2018-08-07 00:00:00-04:00;218.36000061035156;222.06096
2018-08-08 00:00:00-04:00;217.13999938964844;221.4087
2018-08-09 00:00:00-04:00;215.2100067138672;220.51762
2018-08-10 00:00:00-04:00;215.1699981689453;219.27887
2018-08-13 00:00:00-04:00;214.9199981689453;218.3263
2018-08-14 00:00:00-04:00;214.66000366210935;217.68224
2018-08-15 00:00:00-04:00;216.2100067138672;217.23291
2018-08-16 00:00:00-04:00;217.5099945068359;217.37538
2018-08-17 00:00:00-04:00;218.3999938964844;217.9393
2018-08-20 00:00:00-04:00;220.3999938964844;218.61365
2018-08-21 00:00:00-04:00;220.27999877929688;219.59467
2018-08-22 00:00:00-04:00;219.9900054931641;220.25182
2018-08-23 00:00:00-04:00;220.08999633789065;220.50168
2018-08-24 00:00:00-04:00;220.8500061035156;220.60023
2018-08-27 00:00:00-04:00;222.4900054931641;220.88167
2018-08-28 00:00:00-04:00;222.4499969482422;221.6269
2018-08-29 00:00:00-04:00;222.86000061035156;222.26544
2018-08-30 00:00:00-04:00;222.4199981689453;222.78986
2018-08-31 00:00:00-04:00;223.02000427246097;222.99887
2018-09-04 00:00:00-04:00;221.55999755859375;223.25075
2018-09-05 00:00:00-04:00;221.1000061035156;223.05669
2018-09-06 00:00:00-04:00;219.30999755859375;222.71786
2018-09-07 00:00:00-04:00;215.4900054931641;221.98987
2018-09-10 00:00:00-04:00;209.83999633789065;220.36572
2018-09-11 00:00:00-04:00;210.5099945068359;217.48798
2018-09-12 00:00:00-04:00;214.0099945068359;215.45726
2018-09-13 00:00:00-04:00;220.69000244140625;215.3636
2018-09-14 00:00:00-04:00;223.3800048828125;217.69049
2018-09-17 00:00:00-04:00;223.2599945068359;220.49823
2018-09-18 00:00:00-04:00;225.72999572753903;222.24524
2018-09-19 00:00:00-04:00;229.55999755859375;223.66551
2018-09-20 00:00:00-04:00;231.6999969482422;225.56143
2018-09-21 00:00:00-04:00;233.1300048828125;227.5828
2018-09-24 00:00:00-04:00;228.75;229.40965
2018-09-25 00:00:00-04:00;229.05999755859375;229.41454
2018-09-26 00:00:00-04:00;227.7899932861328;229.12885
2018-09-27 00:00:00-04:00;228.19000244140625;228.65628
2018-09-28 00:00:00-04:00;228.47000122070312;228.55519
2018-10-01 00:00:00-04:00;224.3800048828125;228.76498
2018-10-02 00:00:00-04:00;227.1199951171875;227.89632
2018-10-03 00:00:00-04:00;225.9600067138672;227.81357
2018-10-04 00:00:00-04:00;226.8800048828125;227.66
2018-10-05 00:00:00-04:00;226.9600067138672;227.79602
2018-10-08 00:00:00-04:00;227.1999969482422;227.95866
2018-10-09 00:00:00-04:00;229.5099945068359;228.1118
2018-10-10 00:00:00-04:00;217.72999572753903;228.82768
2018-10-11 00:00:00-04:00;215.0;226.15268
2018-10-12 00:00:00-04:00;212.9900054931641;222.70804
2018-10-15 00:00:00-04:00;214.52000427246097;219.70766
2018-10-16 00:00:00-04:00;215.3999938964844;218.3495
2018-10-17 00:00:00-04:00;216.0099945068359;218.13474
2018-10-18 00:00:00-04:00;211.1199951171875;218.35687
2018-10-19 00:00:00-04:00;216.17999267578125;217.0686
2018-10-22 00:00:00-04:00;212.6300048828125;217.0861
2018-10-23 00:00:00-04:00;209.9499969482422;216.36572
2018-10-24 00:00:00-04:00;205.0800018310547;214.86691
2018-10-25 00:00:00-04:00;207.5500030517578;212.23296
2018-10-26 00:00:00-04:00;205.02999877929688;210.86954
2018-10-29 00:00:00-04:00;206.4600067138672;209.60745
2018-10-30 00:00:00-04:00;219.4900054931641;209.16615
2018-10-31 00:00:00-04:00;217.86000061035156;212.74675
2018-11-01 00:00:00-04:00;219.77000427246097;215.60829
2018-11-02 00:00:00-04:00;219.30999755859375;217.65672
2018-11-05 00:00:00-05:00;221.3500061035156;218.53856
2018-11-06 00:00:00-05:00;223.5099945068359;219.40292
2018-11-07 00:00:00-05:00;224.05999755859375;220.67918
2018-11-08 00:00:00-05:00;222.57000732421875;221.90286
2018-11-09 00:00:00-05:00;221.22000122070312;222.36942
2018-11-12 00:00:00-05:00;213.8300018310547;222.181
2018-11-13 00:00:00-05:00;214.1999969482422;219.90549
2018-11-14 00:00:00-05:00;212.16000366210935;218.04999
2018-11-15 00:00:00-05:00;214.5;216.48071
2018-11-16 00:00:00-05:00;216.42999267578125;216.25314
2018-11-19 00:00:00-05:00;215.80999755859375;216.99918
2018-11-20 00:00:00-05:00;215.5;217.49332
2018-11-21 00:00:00-05:00;214.5;217.54648
2018-11-23 00:00:00-05:00;214.2400054931641;217.09616
2018-11-26 00:00:00-05:00;217.1999969482422;216.55759
2018-11-27 00:00:00-05:00;214.5800018310547;217.01775
2018-11-28 00:00:00-05:00;216.55999755859375;216.85406
2018-11-29 00:00:00-05:00;220.1199951171875;217.11714
2018-11-30 00:00:00-05:00;222.0800018310547;218.39833
2018-12-03 00:00:00-05:00;224.41000366210935;220.0588
2018-12-04 00:00:00-05:00;222.5;221.8773
2018-12-06 00:00:00-05:00;225.44000244140625;222.55045
2018-12-07 00:00:00-05:00;228.8699951171875;223.52513
2018-12-10 00:00:00-05:00;230.1699981689453;225.27075
2018-12-11 00:00:00-05:00;222.6999969482422;227.05995
2018-12-12 00:00:00-05:00;220.02000427246097;226.20941
2018-12-13 00:00:00-05:00;217.72999572753903;224.26007
2018-12-14 00:00:00-05:00;215.30999755859375;222.1597
2018-12-17 00:00:00-05:00;217.77999877929688;220.19914
2018-12-18 00:00:00-05:00;219.66000366210935;219.72044
2018-12-19 00:00:00-05:00;220.16000366210935;220.34131
2018-12-20 00:00:00-05:00;216.2400054931641;221.10825
2018-12-21 00:00:00-05:00;213.27000427246097;220.42387
2018-12-24 00:00:00-05:00;205.7599945068359;218.64658
2018-12-26 00:00:00-05:00;210.2400054931641;215.03215
2018-12-27 00:00:00-05:00;214.83999633789065;213.42563
2018-12-28 00:00:00-05:00;216.02999877929688;214.2649
2018-12-31 00:00:00-05:00;217.7599945068359;215.77531
2019-01-02 00:00:00-05:00;213.66000366210935;217.28027
2019-01-03 00:00:00-05:00;208.8000030517578;216.94852
2019-01-04 00:00:00-05:00;214.91000366210935;214.77556
2019-01-07 00:00:00-05:00;211.3699951171875;214.58633
2019-01-08 00:00:00-05:00;213.3999938964844;214.08215
2019-01-09 00:00:00-05:00;211.9900054931641;214.2631
2019-01-10 00:00:00-05:00;214.44000244140625;214.14308
2019-01-11 00:00:00-05:00;213.1699981689453;214.64688
2019-01-14 00:00:00-05:00;213.67999267578125;214.75916
2019-01-15 00:00:00-05:00;215.47999572753903;214.84724
2019-01-16 00:00:00-05:00;212.72000122070312;215.39859
2019-01-17 00:00:00-05:00;215.3300018310547;215.10849
2019-01-18 00:00:00-05:00;216.69000244140625;215.43031
2019-01-22 00:00:00-05:00;214.6699981689453;216.2111
2019-01-23 00:00:00-05:00;217.6000061035156;216.2889
2019-01-24 00:00:00-05:00;215.72000122070312;216.97557
2019-01-25 00:00:00-05:00;213.4199981689453;217.07335
2019-01-28 00:00:00-05:00;214.27999877929688;216.34514
2019-01-29 00:00:00-05:00;214.11000061035156;215.90944
2019-01-30 00:00:00-05:00;219.27000427246097;215.70052
2019-01-31 00:00:00-05:00;219.0500030517578;217.11716
2019-02-01 00:00:00-05:00;222.2899932861328;218.41864
2019-02-04 00:00:00-05:00;219.66000366210935;220.11284
2019-02-05 00:00:00-05:00;220.4499969482422;220.54773
2019-02-06 00:00:00-05:00;222.3000030517578;220.71732
2019-02-07 00:00:00-05:00;222.5;221.32683
2019-02-08 00:00:00-05:00;221.8000030517578;221.97697
2019-02-11 00:00:00-05:00;220.3800048828125;222.27101
2019-02-12 00:00:00-05:00;212.38999938964844;222.00739
2019-02-13 00:00:00-05:00;214.47000122070312;219.48448
2019-02-14 00:00:00-05:00;214.0399932861328;217.84691
2019-02-15 00:00:00-05:00;216.92999267578125;216.96788
2019-02-19 00:00:00-05:00;219.57000732421875;217.44806
2019-02-20 00:00:00-05:00;221.6499938964844;218.82764
2019-02-21 00:00:00-05:00;222.80999755859375;220.4601
2019-02-22 00:00:00-05:00;223.91000366210935;221.81363
2019-02-25 00:00:00-05:00;223.1999969482422;222.8638
2019-02-26 00:00:00-05:00;222.80999755859375;223.25835
2019-02-27 00:00:00-05:00;224.2899932861328;223.26846
2019-02-28 00:00:00-05:00;226.11000061035156;223.65668
2019-03-01 00:00:00-05:00;225.38999938964844;224.60223
2019-03-04 00:00:00-05:00;224.8800048828125;225.22466
2019-03-05 00:00:00-05:00;223.02999877929688;225.43135
2019-03-06 00:00:00-05:00;222.11000061035156;224.96825
2019-03-07 00:00:00-05:00;218.13999938964844;224.27466
2019-03-08 00:00:00-05:00;216.77999877929688;222.70125
2019-03-11 00:00:00-04:00;217.92999267578125;221.09322
2019-03-12 00:00:00-04:00;218.22999572753903;220.38211
2019-03-13 00:00:00-04:00;218.30999755859375;220.2487
2019-03-14 00:00:00-04:00;219.0099945068359;220.2905
2019-03-15 00:00:00-04:00;219.0500030517578;220.47894
2019-03-18 00:00:00-04:00;220.38999938964844;220.57498
2019-03-19 00:00:00-04:00;218.88999938964844;220.93134
2019-03-20 00:00:00-04:00;211.9499969482422;220.77594
2019-03-21 00:00:00-04:00;215.47999572753903;218.56192
2019-03-22 00:00:00-04:00;214.9900054931641;217.53967
2019-03-25 00:00:00-04:00;214.8000030517578;217.10031
2019-03-26 00:00:00-04:00;215.47999572753903;216.92966
2019-03-27 00:00:00-04:00;214.6499938964844;217.03311
2019-03-28 00:00:00-04:00;215.3699951171875;216.8791
2019-03-29 00:00:00-04:00;215.9600067138672;216.85611
2019-04-01 00:00:00-04:00;217.3300018310547;217.00746
2019-04-02 00:00:00-04:00;214.88999938964844;217.51976
2019-04-03 00:00:00-04:00;216.13999938964844;217.24397
2019-04-04 00:00:00-04:00;215.2899932861328;217.18648
2019-04-05 00:00:00-04:00;216.30999755859375;216.97485
2019-04-08 00:00:00-04:00;217.94000244140625;217.09865
2019-04-09 00:00:00-04:00;214.69000244140625;217.74106
2019-04-10 00:00:00-04:00;216.80999755859375;217.38315
2019-04-11 00:00:00-04:00;221.91000366210935;217.46419
2019-04-12 00:00:00-04:00;226.33999633789065;219.09041
2019-04-15 00:00:00-04:00;226.2100067138672;221.8357
2019-04-16 00:00:00-04:00;229.3000030517578;223.85994
2019-04-17 00:00:00-04:00;228.69000244140625;225.81982
2019-04-18 00:00:00-04:00;229.0399932861328;226.93001
2019-04-22 00:00:00-04:00;228.5099945068359;227.60518
2019-04-23 00:00:00-04:00;229.77000427246097;227.89473
2019-04-24 00:00:00-04:00;231.27999877929688;228.46104
2019-04-25 00:00:00-04:00;228.5;229.44167
2019-04-26 00:00:00-04:00;230.7100067138672;229.50455
2019-04-29 00:00:00-04:00;231.30999755859375;229.97076
2019-04-30 00:00:00-04:00;235.5;230.60474
2019-05-01 00:00:00-04:00;236.4600067138672;232.27733
2019-05-02 00:00:00-04:00;236.7899932861328;233.93178
2019-05-03 00:00:00-04:00;238.66000366210935;235.10257
2019-05-06 00:00:00-04:00;237.7899932861328;236.26796
2019-05-07 00:00:00-04:00;246.88999938964844;236.83636
2019-05-08 00:00:00-04:00;241.88999938964844;239.62833
2019-05-09 00:00:00-04:00;245.66000366210935;240.72368
2019-05-10 00:00:00-04:00;248.7400054931641;242.0812
2019-05-13 00:00:00-04:00;246.55999755859375;243.93182
2019-05-14 00:00:00-04:00;248.4499969482422;244.77081
2019-05-15 00:00:00-04:00;248.2599945068359;245.65663
2019-05-16 00:00:00-04:00;249.4199981689453;246.29039
2019-05-17 00:00:00-04:00;248.2599945068359;247.06142
2019-05-20 00:00:00-04:00;249.5099945068359;247.37506
2019-05-21 00:00:00-04:00;249.3300018310547;247.87712
2019-05-22 00:00:00-04:00;250.3300018310547;248.26953
2019-05-23 00:00:00-04:00;251.6000061035156;248.82405
2019-05-24 00:00:00-04:00;249.91000366210935;249.60982
2019-05-28 00:00:00-04:00;244.05999755859375;249.75677
2019-05-29 00:00:00-04:00;244.6300048828125;248.13693
2019-05-30 00:00:00-04:00;245.4199981689453;246.809
2019-05-31 00:00:00-04:00;247.66000366210935;246.29153
2019-06-03 00:00:00-04:00;251.92999267578125;246.81567
2019-06-04 00:00:00-04:00;248.27000427246097;248.55638
2019-06-05 00:00:00-04:00;253.30999755859375;248.9385
2019-06-06 00:00:00-04:00;252.91000366210935;250.12
2019-06-07 00:00:00-04:00;252.6499938964844;250.95117
2019-06-10 00:00:00-04:00;252.1699981689453;251.3503
2019-06-11 00:00:00-04:00;249.0500030517578;251.39447
2019-06-12 00:00:00-04:00;250.27999877929688;250.5477
2019-06-13 00:00:00-04:00;250.11000061035156;250.16174
2019-06-14 00:00:00-04:00;251.0500030517578;250.04703
2019-06-17 00:00:00-04:00;250.16000366210935;250.33658
2019-06-18 00:00:00-04:00;250.13999938964844;250.3881
2019-06-19 00:00:00-04:00;251.9600067138672;250.33704
2019-06-20 00:00:00-04:00;252.55999755859375;250.75107
2019-06-21 00:00:00-04:00;250.1499938964844;251.29735
2019-06-24 00:00:00-04:00;251.5099945068359;251.03137
2019-06-25 00:00:00-04:00;251.30999755859375;251.00674
2019-06-26 00:00:00-04:00;242.92999267578125;251.01111
2019-06-27 00:00:00-04:00;244.36000061035156;248.7918
2019-06-28 00:00:00-04:00;247.17999267578125;247.15884
2019-07-01 00:00:00-04:00;250.47999572753903;247.03577
2019-07-02 00:00:00-04:00;251.13999938964844;248.26147
2019-07-03 00:00:00-04:00;254.9600067138672;249.51868
2019-07-05 00:00:00-04:00;254.5099945068359;251.26717
2019-07-08 00:00:00-04:00;254.5099945068359;252.3236
2019-07-09 00:00:00-04:00;257.3900146484375;252.80598
2019-07-10 00:00:00-04:00;258.2699890136719;253.76761
2019-07-11 00:00:00-04:00;256.8800048828125;254.81918
2019-07-12 00:00:00-04:00;257.7200012207031;255.2259
2019-07-15 00:00:00-04:00;258.29998779296875;255.61183
2019-07-16 00:00:00-04:00;255.27000427246097;256.0835
2019-07-17 00:00:00-04:00;251.2100067138672;255.68019
2019-07-18 00:00:00-04:00;252.05999755859375;254.1724
2019-07-19 00:00:00-04:00;252.0099945068359;253.18994
2019-07-22 00:00:00-04:00;253.41000366210935;252.73326
2019-07-23 00:00:00-04:00;253.2100067138672;252.97302
2019-07-24 00:00:00-04:00;255.0;253.22043
2019-07-25 00:00:00-04:00;255.52000427246097;253.80232
2019-07-26 00:00:00-04:00;259.5199890136719;254.34608
2019-07-29 00:00:00-04:00;256.79998779296875;255.72162
2019-07-30 00:00:00-04:00;251.69000244140625;256.0761
2019-07-31 00:00:00-04:00;246.63999938964844;254.67987
2019-08-01 00:00:00-04:00;244.3300018310547;251.99307
2019-08-02 00:00:00-04:00;243.1199951171875;249.35474
2019-08-05 00:00:00-04:00;239.1499938964844;247.39435
2019-08-06 00:00:00-04:00;244.8500061035156;245.23952
2019-08-07 00:00:00-04:00;248.1999969482422;245.25955
2019-08-08 00:00:00-04:00;251.6000061035156;246.63597
2019-08-09 00:00:00-04:00;251.83999633789065;248.64723
2019-08-12 00:00:00-04:00;250.0500030517578;249.99635
2019-08-13 00:00:00-04:00;252.63999938964844;250.08987
2019-08-14 00:00:00-04:00;246.55999755859375;250.48459
2019-08-15 00:00:00-04:00;246.75;249.22539
2019-08-16 00:00:00-04:00;249.2899932861328;248.10196
2019-08-19 00:00:00-04:00;249.9199981689453;248.1635
2019-08-20 00:00:00-04:00;246.7899932861328;248.74733
2019-08-21 00:00:00-04:00;247.8500061035156;248.416
2019-08-22 00:00:00-04:00;248.8500061035156;248.21204
2019-08-23 00:00:00-04:00;244.8800048828125;248.36487
2019-08-26 00:00:00-04:00;247.1699981689453;247.48853
2019-08-27 00:00:00-04:00;245.5500030517578;247.26054
2019-08-28 00:00:00-04:00;239.5099945068359;246.84038
2019-08-29 00:00:00-04:00;239.88999938964844;244.88252
2019-08-30 00:00:00-04:00;235.8800048828125;243.2823
2019-09-03 00:00:00-04:00;241.6699981689453;241.23761
2019-09-04 00:00:00-04:00;246.36000061035156;241.35194
2019-09-05 00:00:00-04:00;248.7400054931641;243.22275
2019-09-06 00:00:00-04:00;249.0;245.44011
2019-09-09 00:00:00-04:00;251.77000427246097;246.89072
2019-09-10 00:00:00-04:00;251.02000427246097;248.2838
2019-09-11 00:00:00-04:00;254.82000732421875;248.95805
2019-09-12 00:00:00-04:00;251.6999969482422;250.29425
2019-09-13 00:00:00-04:00;256.3900146484375;250.57518
2019-09-16 00:00:00-04:00;254.9499969482422;251.84444
2019-09-17 00:00:00-04:00;260.44000244140625;252.62134
2019-09-18 00:00:00-04:00;261.75;254.5618
2019-09-19 00:00:00-04:00;262.2900085449219;256.52655
2019-09-20 00:00:00-04:00;264.5;258.0103
2019-09-23 00:00:00-04:00;265.0;259.492
2019-09-24 00:00:00-04:00;266.760009765625;260.67017
2019-09-25 00:00:00-04:00;263.05999755859375;261.93134
2019-09-26 00:00:00-04:00;266.3599853515625;261.90082
2019-09-27 00:00:00-04:00;265.9800109863281;262.54007
2019-09-30 00:00:00-04:00;266.0899963378906;263.13226
2019-10-01 00:00:00-04:00;263.8500061035156;263.63614
2019-10-02 00:00:00-04:00;259.20001220703125;263.41
2019-10-03 00:00:00-04:00;257.6099853515625;261.9091
2019-10-04 00:00:00-04:00;259.70001220703125;260.24307
2019-10-07 00:00:00-04:00;254.66000366210935;259.7265
2019-10-08 00:00:00-04:00;250.4499969482422;258.3837
2019-10-09 00:00:00-04:00;250.47999572753903;256.1507
2019-10-10 00:00:00-04:00;249.5;254.40417
2019-10-11 00:00:00-04:00;250.5;253.07767
2019-10-14 00:00:00-04:00;250.61000061035156;252.51527
2019-10-15 00:00:00-04:00;251.5399932861328;252.25931
2019-10-16 00:00:00-04:00;252.72000122070312;252.28748
2019-10-17 00:00:00-04:00;249.4600067138672;252.56589
2019-10-18 00:00:00-04:00;251.0800018310547;251.83362
2019-10-21 00:00:00-04:00;253.02000427246097;251.45761
2019-10-22 00:00:00-04:00;248.5099945068359;251.79083
2019-10-23 00:00:00-04:00;249.3000030517578;250.96725
2019-10-24 00:00:00-04:00;249.6699981689453;250.31647
2019-10-25 00:00:00-04:00;248.58999633789065;250.02098
2019-10-28 00:00:00-04:00;247.02000427246097;249.63377
2019-10-29 00:00:00-04:00;256.239990234375;248.91516
2019-10-30 00:00:00-04:00;254.5500030517578;250.82214
2019-10-31 00:00:00-04:00;257.0899963378906;252.25363
2019-11-01 00:00:00-04:00;259.3500061035156;253.69296
2019-11-04 00:00:00-05:00;258.42999267578125;255.1785
2019-11-05 00:00:00-05:00;259.17999267578125;255.9224
2019-11-06 00:00:00-05:00;261.67999267578125;256.46747
2019-11-07 00:00:00-05:00;263.5899963378906;257.5177
2019-11-08 00:00:00-05:00;265.3500061035156;258.9326
2019-11-11 00:00:00-05:00;266.6600036621094;260.4883
2019-11-12 00:00:00-05:00;269.75;261.93817
2019-11-13 00:00:00-05:00;266.9100036621094;263.72943
2019-11-14 00:00:00-05:00;268.5;264.29987
2019-11-15 00:00:00-05:00;267.1700134277344;264.87244
2019-11-18 00:00:00-05:00;267.44000244140625;264.99673
2019-11-19 00:00:00-05:00;267.0199890136719;265.15628
2019-11-20 00:00:00-05:00;267.7099914550781;265.25275
2019-11-21 00:00:00-05:00;267.1000061035156;265.5568
2019-11-22 00:00:00-05:00;267.2300109863281;265.6947
2019-11-25 00:00:00-05:00;269.82000732421875;265.8073
2019-11-26 00:00:00-05:00;272.3699951171875;266.57114
2019-11-27 00:00:00-05:00;272.760009765625;267.91156
2019-11-29 00:00:00-05:00;271.260009765625;269.027
2019-12-02 00:00:00-05:00;268.80999755859375;269.29663
2019-12-03 00:00:00-05:00;265.82000732421875;268.63864
2019-12-04 00:00:00-05:00;267.5;267.2545
2019-12-05 00:00:00-05:00;268.3999938964844;266.6887
2019-12-06 00:00:00-05:00;268.95001220703125;266.8295
2019-12-09 00:00:00-05:00;271.55999755859375;267.2628
2019-12-10 00:00:00-05:00;270.29998779296875;268.26202
2019-12-11 00:00:00-05:00;271.010009765625;268.6702
2019-12-12 00:00:00-05:00;275.05999755859375;268.93668
2019-12-13 00:00:00-05:00;274.6700134277344;270.11765
2019-12-16 00:00:00-05:00;276.3699951171875;271.02692
2019-12-17 00:00:00-05:00;279.010009765625;272.00974
2019-12-18 00:00:00-05:00;276.1199951171875;273.36523
2019-12-19 00:00:00-05:00;275.54998779296875;273.62854
2019-12-20 00:00:00-05:00;277.2799987792969;273.4374
2019-12-23 00:00:00-05:00;273.5;273.717
2019-12-24 00:00:00-05:00;274.5;273.1282
2019-12-26 00:00:00-05:00;274.57000732421875;272.858
2019-12-27 00:00:00-05:00;276.010009765625;272.81943
2019-12-30 00:00:00-05:00;277.45001220703125;273.25876
2019-12-31 00:00:00-05:00;276.8399963378906;274.03198
2020-01-02 00:00:00-05:00;278.1499938964844;274.43994
2020-01-03 00:00:00-05:00;277.239990234375;274.93326
2020-01-06 00:00:00-05:00;276.5899963378906;275.0364
2020-01-07 00:00:00-05:00;274.1700134277344;274.86133
2020-01-08 00:00:00-05:00;273.3399963378906;274.08292
2020-01-09 00:00:00-05:00;276.239990234375;273.25165
2020-01-10 00:00:00-05:00;274.8299865722656;273.48132
2020-01-13 00:00:00-05:00;275.9599914550781;273.54593
2020-01-14 00:00:00-05:00;274.6499938964844;273.82138
2020-01-15 00:00:00-05:00;275.5400085449219;273.67102
2020-01-16 00:00:00-05:00;277.42999267578125;273.67642
2020-01-17 00:00:00-05:00;279.9700012207031;274.19397
2020-01-21 00:00:00-05:00;280.0;275.31042
2020-01-22 00:00:00-05:00;281.0;276.1759
2020-01-23 00:00:00-05:00;280.9200134277344;276.9188
2020-01-24 00:00:00-05:00;277.3500061035156;277.3529
2020-01-27 00:00:00-05:00;272.67999267578125;276.67993
2020-01-28 00:00:00-05:00;275.1400146484375;274.82733
2020-01-29 00:00:00-05:00;274.6199951171875;274.03308
2020-01-30 00:00:00-05:00;276.8800048828125;273.71683
2020-01-31 00:00:00-05:00;276.57000732421875;274.2403
2020-02-03 00:00:00-05:00;279.5899963378906;274.6578
2020-02-04 00:00:00-05:00;277.5899963378906;275.61667
2020-02-05 00:00:00-05:00;283.29998779296875;275.79422
2020-02-06 00:00:00-05:00;280.45001220703125;277.16125
2020-02-07 00:00:00-05:00;282.5799865722656;277.594
2020-02-10 00:00:00-05:00;285.8800048828125;278.21594
2020-02-11 00:00:00-05:00;291.6400146484375;279.52786
2020-02-12 00:00:00-05:00;287.67999267578125;282.06918
2020-02-13 00:00:00-05:00;291.7799987792969;283.02982
2020-02-14 00:00:00-05:00;291.3699951171875;284.34937
2020-02-18 00:00:00-05:00;289.7900085449219;285.24075
2020-02-19 00:00:00-05:00;290.5799865722656;285.4355
2020-02-20 00:00:00-05:00;287.92999267578125;285.70093
2020-02-21 00:00:00-05:00;289.8500061035156;285.33414
2020-02-24 00:00:00-05:00;283.0400085449219;285.5345
2020-02-25 00:00:00-05:00;278.54998779296875;284.1536
2020-02-26 00:00:00-05:00;273.2300109863281;281.79617
2020-02-27 00:00:00-05:00;261.80999755859375;278.69922
2020-02-28 00:00:00-05:00;247.8800048828125;273.6176
2020-03-02 00:00:00-05:00;258.1600036621094;266.19012
2020-03-03 00:00:00-05:00;253.44000244140625;263.30292
2020-03-04 00:00:00-05:00;269.3900146484375;261.25018
2020-03-05 00:00:00-05:00;257.17999267578125;264.08688
2020-03-06 00:00:00-05:00;253.5099945068359;263.53296
2020-03-09 00:00:00-04:00;234.77000427246097;260.9658
2020-03-10 00:00:00-04:00;240.4499969482422;253.52261
2020-03-11 00:00:00-04:00;227.9499969482422;248.75407
2020-03-12 00:00:00-04:00;200.82000732421875;242.96227
2020-03-13 00:00:00-04:00;213.08999633789065;231.46014
2020-03-16 00:00:00-04:00;182.61000061035156;225.31978
2020-03-17 00:00:00-04:00;198.02999877929688;214.113
2020-03-18 00:00:00-04:00;188.7100067138672;209.16046
2020-03-19 00:00:00-04:00;187.2400054931641;204.6033
2020-03-20 00:00:00-04:00;194.6499938964844;200.74928
2020-03-23 00:00:00-04:00;171.9600067138672;199.92863
2020-03-24 00:00:00-04:00;185.5800018310547;193.19946
2020-03-25 00:00:00-04:00;174.8300018310547;190.49544
2020-03-26 00:00:00-04:00;195.3300018310547;186.48177
2020-03-27 00:00:00-04:00;189.2899932861328;189.22177
2020-03-30 00:00:00-04:00;198.4900054931641;190.94843
2020-03-31 00:00:00-04:00;192.4199981689453;194.16295
2020-04-01 00:00:00-04:00;181.2400054931641;194.66612
2020-04-02 00:00:00-04:00;187.6699981689453;190.8696
2020-04-03 00:00:00-04:00;178.02000427246094;189.0494
2020-04-06 00:00:00-04:00;189.92999267578125;185.79346
2020-04-07 00:00:00-04:00;191.25;186.85234
2020-04-08 00:00:00-04:00;197.8000030517578;189.23929
2020-04-09 00:00:00-04:00;212.3000030517578;193.01988
2020-04-13 00:00:00-04:00;202.13999938964844;199.98839
2020-04-14 00:00:00-04:00;203.1199951171875;202.32077
2020-04-15 00:00:00-04:00;191.02999877929688;202.78093
2020-04-16 00:00:00-04:00;187.1499938964844;199.19438
2020-04-17 00:00:00-04:00;196.3500061035156;194.82426
2020-04-20 00:00:00-04:00;190.52000427246097;194.68556
2020-04-21 00:00:00-04:00;179.60000610351562;194.34152
2020-04-22 00:00:00-04:00;179.3800048828125;190.8815
2020-04-23 00:00:00-04:00;177.08999633789062;187.54712
2020-04-24 00:00:00-04:00;170.80999755859375;184.69319
2020-04-27 00:00:00-04:00;175.72000122070312;181.07509
2020-04-28 00:00:00-04:00;179.64999389648438;179.80566
2020-04-29 00:00:00-04:00;184.4499969482422;180.70563
2020-04-30 00:00:00-04:00;173.1300048828125;183.16286
2020-05-01 00:00:00-04:00;165.00999450683594;181.64137
2020-05-04 00:00:00-04:00;162.82000732421875;176.8917
2020-05-05 00:00:00-04:00;167.7100067138672;172.1115
2020-05-06 00:00:00-04:00;164.47000122070312;170.48485
2020-05-07 00:00:00-04:00;173.8300018310547;169.43422
2020-05-08 00:00:00-04:00;176.8000030517578;171.60446
2020-05-11 00:00:00-04:00;178.99000549316406;174.70117
2020-05-12 00:00:00-04:00;172.00999450683594;177.43733
2020-05-13 00:00:00-04:00;164.22000122070312;176.87738
2020-05-14 00:00:00-04:00;161.72000122070312;173.18416
2020-05-15 00:00:00-04:00;168.94000244140625;169.1684
2020-05-18 00:00:00-04:00;180.36000061035156;168.7604
2020-05-19 00:00:00-04:00;186.36000061035156;173.13286
2020-05-20 00:00:00-04:00;199.22999572753903;179.12697
2020-05-21 00:00:00-04:00;206.0099945068359;187.11243
2020-05-22 00:00:00-04:00;205.67999267578125;194.65565
2020-05-26 00:00:00-04:00;203.32000732421875;199.22299
2020-05-27 00:00:00-04:00;203.05999755859375;200.75476
2020-05-28 00:00:00-04:00;204.5099945068359;201.09888
2020-05-29 00:00:00-04:00;198.41000366210935;201.79198
2020-06-01 00:00:00-04:00;193.77000427246097;200.95076
2020-06-02 00:00:00-04:00;206.0500030517578;198.90012
2020-06-03 00:00:00-04:00;213.2599945068359;200.97357
2020-06-04 00:00:00-04:00;217.1300048828125;205.73419
2020-06-05 00:00:00-04:00;226.1499938964844;210.67113
2020-06-08 00:00:00-04:00;231.07000732421875;216.392
2020-06-09 00:00:00-04:00;227.4600067138672;221.6451
2020-06-10 00:00:00-04:00;221.69000244140625;223.9364
2020-06-11 00:00:00-04:00;211.0;223.1571
2020-06-12 00:00:00-04:00;214.9499969482422;219.08394
2020-06-15 00:00:00-04:00;216.8800048828125;216.94644
2020-06-16 00:00:00-04:00;220.5800018310547;216.95035
2020-06-17 00:00:00-04:00;215.9199981689453;218.75581
2020-06-18 00:00:00-04:00;215.5;219.07635
2020-06-19 00:00:00-04:00;215.72999572753903;218.65132
2020-06-22 00:00:00-04:00;213.3699951171875;218.16371
2020-06-23 00:00:00-04:00;213.0099945068359;217.1555
2020-06-24 00:00:00-04:00;206.0;216.25044
2020-06-25 00:00:00-04:00;207.27000427246097;213.69844
2020-06-26 00:00:00-04:00;200.8699951171875;211.90816
2020-06-29 00:00:00-04:00;202.52999877929688;209.1145
2020-06-30 00:00:00-04:00;206.1999969482422;207.42955
2020-07-01 00:00:00-04:00;203.88999938964844;207.61752
2020-07-02 00:00:00-04:00;200.9499969482422;207.498
2020-07-06 00:00:00-04:00;205.9900054931641;206.33037
2020-07-07 00:00:00-04:00;203.72000122070312;206.5786
2020-07-08 00:00:00-04:00;204.41000366210935;206.41513
2020-07-09 00:00:00-04:00;198.05999755859375;206.3237
2020-07-10 00:00:00-04:00;206.7899932861328;204.40637
2020-07-13 00:00:00-04:00;207.67999267578125;205.1187
2020-07-14 00:00:00-04:00;211.44000244140625;206.59184
2020-07-15 00:00:00-04:00;218.2899932861328;208.81216
2020-07-16 00:00:00-04:00;223.1000061035156;212.35817
2020-07-17 00:00:00-04:00;222.6199951171875;216.35175
2020-07-20 00:00:00-04:00;219.8500061035156;218.90652
2020-07-21 00:00:00-04:00;220.5800018310547;219.43001
2020-07-22 00:00:00-04:00;223.80999755859375;219.55478
2020-07-23 00:00:00-04:00;223.05999755859375;220.64635
2020-07-24 00:00:00-04:00;224.0099945068359;221.61273
2020-07-27 00:00:00-04:00;220.8000030517578;222.61026
2020-07-28 00:00:00-04:00;216.32000732421875;222.45538
2020-07-29 00:00:00-04:00;219.94000244140625;220.86221
2020-07-30 00:00:00-04:00;216.08999633789065;220.52777
2020-07-31 00:00:00-04:00;218.7899932861328;219.66196
2020-08-03 00:00:00-04:00;220.9600067138672;219.74675
2020-08-04 00:00:00-04:00;217.16000366210935;220.66034
2020-08-05 00:00:00-04:00;219.1199951171875;220.37357
2020-08-06 00:00:00-04:00;223.66000366210935;220.34901
2020-08-07 00:00:00-04:00;232.19000244140625;221.65536
2020-08-10 00:00:00-04:00;231.8800048828125;225.2649
2020-08-11 00:00:00-04:00;228.27000427246097;228.0995
2020-08-12 00:00:00-04:00;227.72000122070312;228.66971
2020-08-13 00:00:00-04:00;225.2599945068359;228.28874
2020-08-14 00:00:00-04:00;225.27999877929688;227.21687
2020-08-17 00:00:00-04:00;221.92999267578125;226.49886
2020-08-18 00:00:00-04:00;220.72000122070312;225.32521
2020-08-19 00:00:00-04:00;217.30999755859375;224.1728
2020-08-20 00:00:00-04:00;216.36000061035156;222.4983
2020-08-21 00:00:00-04:00;213.80999755859375;220.98944
2020-08-24 00:00:00-04:00;218.6300048828125;219.30208
2020-08-25 00:00:00-04:00;218.83999633789065;219.45398
2020-08-26 00:00:00-04:00;216.97000122070312;220.04128
2020-08-27 00:00:00-04:00;221.8800048828125;219.9015
2020-08-28 00:00:00-04:00;221.6699981689453;220.87277
2020-08-31 00:00:00-04:00;220.0800018310547;221.67848
2020-09-01 00:00:00-04:00;217.8699951171875;221.66534
2020-09-02 00:00:00-04:00;217.91000366210935;220.78569
2020-09-03 00:00:00-04:00;216.0;220.00574
2020-09-04 00:00:00-04:00;215.5500030517578;219.03436
2020-09-08 00:00:00-04:00;211.5500030517578;218.2559
2020-09-09 00:00:00-04:00;213.58999633789065;216.68013
2020-09-10 00:00:00-04:00;207.58999633789065;215.99194
2020-09-11 00:00:00-04:00;206.33999633789065;214.06877
2020-09-14 00:00:00-04:00;209.6999969482422;212.06758
2020-09-15 00:00:00-04:00;206.1199951171875;211.64238
2020-09-16 00:00:00-04:00;206.27999877929688;210.73851
2020-09-17 00:00:00-04:00;204.9600067138672;209.96324
2020-09-18 00:00:00-04:00;201.3500061035156;209.0145
2020-09-21 00:00:00-04:00;202.30999755859375;207.23659
2020-09-22 00:00:00-04:00;200.11000061035156;206.04747
2020-09-23 00:00:00-04:00;197.1000061035156;204.75958
2020-09-24 00:00:00-04:00;199.6699981689453;202.96883
2020-09-25 00:00:00-04:00;198.63999938964844;202.32317
2020-09-28 00:00:00-04:00;201.6000061035156;201.86829
2020-09-29 00:00:00-04:00;199.77999877929688;202.3964
2020-09-30 00:00:00-04:00;197.5399932861328;202.40141
2020-10-01 00:00:00-04:00;196.92999267578125;201.52467
2020-10-02 00:00:00-04:00;198.66000366210935;200.47198
2020-10-05 00:00:00-04:00;203.97999572753903;200.22737
2020-10-06 00:00:00-04:00;199.82000732421875;201.84142
2020-10-07 00:00:00-04:00;198.3300018310547;202.19095
2020-10-08 00:00:00-04:00;204.08999633789065;201.57146
2020-10-09 00:00:00-04:00;204.94000244140625;202.5343
2020-10-12 00:00:00-04:00;205.6999969482422;203.88873
2020-10-13 00:00:00-04:00;202.5099945068359;205.10822
2020-10-14 00:00:00-04:00;202.36000061035156;204.93846
2020-10-15 00:00:00-04:00;201.8000030517578;204.41449
2020-10-16 00:00:00-04:00;200.8000030517578;203.87543
2020-10-19 00:00:00-04:00;197.2899932861328;203.30637
2020-10-20 00:00:00-04:00;199.83999633789065;201.96346
2020-10-21 00:00:00-04:00;205.47000122070312;201.62141
2020-10-22 00:00:00-04:00;207.0399932861328;203.32056
2020-10-23 00:00:00-04:00;214.02000427246097;205.42986
2020-10-26 00:00:00-04:00;209.11000061035156;208.8463
2020-10-27 00:00:00-04:00;202.1000061035156;209.94547
2020-10-28 00:00:00-04:00;196.1999969482422;207.99126
2020-10-29 00:00:00-04:00;202.11000061035156;204.2354
2020-10-30 00:00:00-04:00;197.0800018310547;203.11531
2020-11-02 00:00:00-05:00;207.0;201.84901
2020-11-03 00:00:00-05:00;215.63999938964844;203.86885
2020-11-04 00:00:00-05:00;211.63999938964844;208.53908
2020-11-05 00:00:00-05:00;211.8300018310547;211.01515
2020-11-06 00:00:00-05:00;210.67999267578125;211.92203
2020-11-09 00:00:00-05:00;231.69000244140625;211.72392
2020-11-10 00:00:00-05:00;240.1999969482422;217.39844
2020-11-11 00:00:00-05:00;235.02999877929688;225.2122
2020-11-12 00:00:00-05:00;230.3000030517578;229.35703
2020-11-13 00:00:00-05:00;232.30999755859375;229.74536
2020-11-16 00:00:00-05:00;238.8000030517578;229.72777
2020-11-17 00:00:00-05:00;238.38999938964844;231.75255
2020-11-18 00:00:00-05:00;235.1300048828125;233.82632
2020-11-19 00:00:00-05:00;233.8300018310547;234.48358
2020-11-20 00:00:00-05:00;231.1000061035156;234.30063
2020-11-23 00:00:00-05:00;233.72999572753903;233.33932
2020-11-24 00:00:00-05:00;241.5399932861328;233.37175
2020-11-25 00:00:00-05:00;237.4900054931641;235.92743
2020-11-27 00:00:00-05:00;233.4499969482422;237.17657
2020-11-30 00:00:00-05:00;227.3300018310547;236.49889
2020-12-01 00:00:00-05:00;230.7100067138672;233.84387
2020-12-02 00:00:00-05:00;232.38999938964844;232.57375
2020-12-03 00:00:00-05:00;232.57000732421875;232.67812
2020-12-04 00:00:00-05:00;234.63999938964844;233.195
2020-12-07 00:00:00-05:00;230.32000732421875;234.14558
2020-12-08 00:00:00-05:00;234.7400054931641;233.59598
2020-12-09 00:00:00-05:00;236.0;233.99307
2020-12-10 00:00:00-05:00;235.82000732421875;234.83313
2020-12-11 00:00:00-05:00;231.6199951171875;235.44888
2020-12-14 00:00:00-05:00;229.6999969482422;234.61447
2020-12-15 00:00:00-05:00;233.27000427246097;233.15695
2020-12-16 00:00:00-05:00;233.3699951171875;233.06493
2020-12-17 00:00:00-05:00;235.16000366210935;233.45087
2020-12-18 00:00:00-05:00;232.52999877929688;234.32419
2020-12-21 00:00:00-05:00;229.13999938964844;234.25035
2020-12-22 00:00:00-05:00;228.13999938964844;232.97571
2020-12-23 00:00:00-05:00;229.5500030517578;231.53891
2020-12-24 00:00:00-05:00;229.17999267578125;230.9802
2020-12-28 00:00:00-05:00;230.77999877929688;230.7748
2020-12-29 00:00:00-05:00;229.3300018310547;231.15582
2020-12-30 00:00:00-05:00;230.36000061035156;231.10146
2020-12-31 00:00:00-05:00;234.08999633789065;231.17517
2021-01-04 00:00:00-05:00;228.11000061035156;232.25131
2021-01-05 00:00:00-05:00;226.22999572753903;231.54256
2021-01-06 00:00:00-05:00;239.63999938964844;230.05962
2021-01-07 00:00:00-05:00;241.36000061035156;232.61806
2021-01-08 00:00:00-05:00;238.97000122070312;235.87381
2021-01-11 00:00:00-05:00;237.25;237.46552
2021-01-12 00:00:00-05:00;239.4199981689453;237.5183
2021-01-13 00:00:00-05:00;238.2400054931641;237.77693
2021-01-14 00:00:00-05:00;235.1999969482422;237.79793
2021-01-15 00:00:00-05:00;231.1999969482422;237.03876
2021-01-19 00:00:00-05:00;232.7400054931641;235.32677
2021-01-20 00:00:00-05:00;236.5800018310547;234.4525
2021-01-21 00:00:00-05:00;231.8000030517578;235.22571
2021-01-22 00:00:00-05:00;228.9199981689453;234.85754
2021-01-25 00:00:00-05:00;228.25;233.45955
2021-01-26 00:00:00-05:00;227.1699981689453;232.02968
2021-01-27 00:00:00-05:00;218.92999267578125;230.78038
2021-01-28 00:00:00-05:00;217.1000061035156;227.71715
2021-01-29 00:00:00-05:00;211.0800018310547;224.6613
2021-02-01 00:00:00-05:00;211.5;220.93446
2021-02-02 00:00:00-05:00;214.11000061035156;218.36041
2021-02-03 00:00:00-05:00;214.27999877929688;217.62672
2021-02-04 00:00:00-05:00;220.92999267578125;217.54955
2021-02-05 00:00:00-05:00;219.3999938964844;219.3435
2021-02-08 00:00:00-05:00;225.19000244140625;220.37448
2021-02-09 00:00:00-05:00;233.0399932861328;222.28864
2021-02-10 00:00:00-05:00;234.69000244140625;225.87265
2021-02-11 00:00:00-05:00;244.9499969482422;229.06387
2021-02-12 00:00:00-05:00;243.5399932861328;233.87573
2021-02-16 00:00:00-05:00;240.44000244140625;237.05453
2021-02-17 00:00:00-05:00;242.72000122070312;237.93498
2021-02-18 00:00:00-05:00;240.8999938964844;238.70364
2021-02-19 00:00:00-05:00;239.3000030517578;238.93541
2021-02-22 00:00:00-05:00;241.80999755859375;238.76688
2021-02-23 00:00:00-05:00;239.97999572753903;239.44072
2021-02-24 00:00:00-05:00;244.72000122070312;239.75063
2021-02-25 00:00:00-05:00;238.97000122070312;241.24522
2021-02-26 00:00:00-05:00;241.80999755859375;240.99985
2021-03-01 00:00:00-05:00;242.63999938964844;241.18834
2021-03-02 00:00:00-05:00;241.9199981689453;241.68369
2021-03-03 00:00:00-05:00;242.22999572753903;241.94061
2021-03-04 00:00:00-05:00;239.67999267578125;242.14752
2021-03-05 00:00:00-05:00;246.8999938964844;241.58665
2021-03-08 00:00:00-05:00;251.0399932861328;243.00987
2021-03-09 00:00:00-05:00;247.1499938964844;245.60153
2021-03-10 00:00:00-05:00;250.22000122070312;246.51758
2021-03-11 00:00:00-05:00;249.4199981689453;247.4767
2021-03-12 00:00:00-05:00;252.82000732421875;247.91585
2021-03-15 00:00:00-04:00;255.97000122070312;249.07077
2021-03-16 00:00:00-04:00;253.3699951171875;250.93718
2021-03-17 00:00:00-04:00;251.27999877929688;251.69913
2021-03-18 00:00:00-04:00;251.9499969482422;251.39876
2021-03-19 00:00:00-04:00;245.8300018310547;251.17946
2021-03-22 00:00:00-04:00;243.8800048828125;249.51784
2021-03-23 00:00:00-04:00;241.36000061035156;247.62595
2021-03-24 00:00:00-04:00;242.9499969482422;245.71321
2021-03-25 00:00:00-04:00;247.86000061035156;244.92932
2021-03-26 00:00:00-04:00;250.1499938964844;246.027
2021-03-29 00:00:00-04:00;254.08999633789065;247.76929
2021-03-30 00:00:00-04:00;254.2899932861328;249.99829
2021-03-31 00:00:00-04:00;247.80999755859375;251.4942
2021-04-01 00:00:00-04:00;251.11000061035156;250.47203
2021-04-05 00:00:00-04:00;251.0099945068359;250.06038
2021-04-06 00:00:00-04:00;253.5800018310547;250.01888
2021-04-07 00:00:00-04:00;255.7599945068359;250.88905
2021-04-08 00:00:00-04:00;253.3000030517578;252.31604
2021-04-09 00:00:00-04:00;254.77000427246097;252.72829
2021-04-12 00:00:00-04:00;254.97999572753903;253.12485
2021-04-13 00:00:00-04:00;256.07000732421875;253.4584
2021-04-14 00:00:00-04:00;259.45001220703125;254.00652
2021-04-15 00:00:00-04:00;262.79998779296875;255.36899
2021-04-16 00:00:00-04:00;262.1000061035156;257.39096
2021-04-19 00:00:00-04:00;264.0;258.70023
2021-04-20 00:00:00-04:00;262.42999267578125;259.89212
2021-04-21 00:00:00-04:00;267.6400146484375;260.2674
2021-04-22 00:00:00-04:00;264.510009765625;261.7755
2021-04-23 00:00:00-04:00;266.82000732421875;262.30585
2021-04-26 00:00:00-04:00;266.0;263.10522
2021-04-27 00:00:00-04:00;267.04998779296875;263.54355
2021-04-28 00:00:00-04:00;266.1199951171875;264.10016
2021-04-29 00:00:00-04:00;272.45001220703125;264.31445
2021-04-30 00:00:00-04:00;276.95001220703125;266.09702
2021-05-03 00:00:00-04:00;272.07000732421875;268.86807
2021-05-04 00:00:00-04:00;273.4200134277344;269.6532
2021-05-05 00:00:00-04:00;273.1099853515625;270.0352
2021-05-06 00:00:00-04:00;273.32000732421875;270.16293
2021-05-07 00:00:00-04:00;273.1000061035156;270.36526
2021-05-10 00:00:00-04:00;272.80999755859375;270.56476
2021-05-11 00:00:00-04:00;265.57000732421875;270.69788
2021-05-12 00:00:00-04:00;262.44000244140625;268.9393
2021-05-13 00:00:00-04:00;270.9599914550781;266.54666
2021-05-14 00:00:00-04:00;271.42999267578125;267.09708
2021-05-17 00:00:00-04:00;272.1099853515625;268.35526
2021-05-18 00:00:00-04:00;271.510009765625;269.47418
2021-05-19 00:00:00-04:00;269.20001220703125;269.8852
2021-05-20 00:00:00-04:00;268.4200134277344;269.30502
2021-05-21 00:00:00-04:00;264.2900085449219;268.47238
2021-05-24 00:00:00-04:00;263.57000732421875;266.82956
2021-05-25 00:00:00-04:00;254.44000244140625;265.415
2021-05-26 00:00:00-04:00;254.6999969482422;262.1829
2021-05-27 00:00:00-04:00;259.92999267578125;259.67142
2021-05-28 00:00:00-04:00;259.9599914550781;259.5653
2021-06-01 00:00:00-04:00;259.79998779296875;260.05698
2021-06-02 00:00:00-04:00;257.0899963378906;260.3286
2021-06-03 00:00:00-04:00;257.0;259.54428
2021-06-04 00:00:00-04:00;259.3699951171875;258.6155
2021-06-07 00:00:00-04:00;257.7900085449219;258.5449
2021-06-08 00:00:00-04:00;259.1700134277344;258.27643
2021-06-09 00:00:00-04:00;257.6499938964844;258.3817
2021-06-10 00:00:00-04:00;254.8800048828125;258.09476
2021-06-11 00:00:00-04:00;253.83999633789065;257.0421
2021-06-14 00:00:00-04:00;254.02999877929688;255.86337
2021-06-15 00:00:00-04:00;256.5799865722656;255.1148
2021-06-16 00:00:00-04:00;254.19000244140625;255.41924
2021-06-17 00:00:00-04:00;245.52999877929688;255.21861
2021-06-18 00:00:00-04:00;236.2100067138672;252.58827
2021-06-21 00:00:00-04:00;243.5800018310547;247.69044
2021-06-22 00:00:00-04:00;244.44000244140625;245.85878
2021-06-23 00:00:00-04:00;245.77999877929688;245.73415
2021-06-24 00:00:00-04:00;252.61000061035156;246.38919
2021-06-25 00:00:00-04:00;256.239990234375;248.6644
2021-06-28 00:00:00-04:00;251.5500030517578;251.33643
2021-06-29 00:00:00-04:00;253.0;251.74826
2021-06-30 00:00:00-04:00;252.0099945068359;251.74158
2021-07-01 00:00:00-04:00;256.82000732421875;251.39088
2021-07-02 00:00:00-04:00;252.3500061035156;252.47583
2021-07-06 00:00:00-04:00;248.3800048828125;252.44017
2021-07-07 00:00:00-04:00;250.97999572753903;251.12054
2021-07-08 00:00:00-04:00;242.9900054931641;250.66438
2021-07-09 00:00:00-04:00;247.86000061035156;248.51135
2021-07-12 00:00:00-04:00;248.8999938964844;248.01913
2021-07-13 00:00:00-04:00;244.6699981689453;248.41777
2021-07-14 00:00:00-04:00;245.2100067138672;247.74376
2021-07-15 00:00:00-04:00;246.3699951171875;247.08589
2021-07-16 00:00:00-04:00;246.77999877929688;246.91101
2021-07-19 00:00:00-04:00;236.67999267578125;247.00339
2021-07-20 00:00:00-04:00;241.25;244.35876
2021-07-21 00:00:00-04:00;244.52999877929688;243.10573
2021-07-22 00:00:00-04:00;242.72000122070312;243.54155
2021-07-23 00:00:00-04:00;242.7899932861328;243.76746
2021-07-26 00:00:00-04:00;243.58999633789065;243.7857
2021-07-27 00:00:00-04:00;245.02999877929688;243.86635
2021-07-28 00:00:00-04:00;243.3999938964844;244.27867
2021-07-29 00:00:00-04:00;247.5800018310547;244.16547
2021-07-30 00:00:00-04:00;252.8300018310547;245.07614
2021-08-02 00:00:00-04:00;254.7599945068359;247.35902
2021-08-03 00:00:00-04:00;259.80999755859375;249.71333
2021-08-04 00:00:00-04:00;258.19000244140625;252.59935
2021-08-05 00:00:00-04:00;259.17999267578125;254.16847
2021-08-06 00:00:00-04:00;262.6700134277344;255.17662
2021-08-09 00:00:00-04:00;262.75;256.7333
2021-08-10 00:00:00-04:00;264.2900085449219;258.06018
2021-08-11 00:00:00-04:00;268.80999755859375;259.41495
2021-08-12 00:00:00-04:00;271.4200134277344;261.61798
2021-08-13 00:00:00-04:00;272.9200134277344;264.05795
2021-08-16 00:00:00-04:00;271.67999267578125;266.1836
2021-08-17 00:00:00-04:00;273.67999267578125;267.24194
2021-08-18 00:00:00-04:00;271.5799865722656;268.30173
2021-08-19 00:00:00-04:00;271.42999267578125;268.58435
2021-08-20 00:00:00-04:00;271.94000244140625;268.69156
2021-08-23 00:00:00-04:00;272.8299865722656;268.9825
2021-08-24 00:00:00-04:00;272.1700134277344;269.56424
2021-08-25 00:00:00-04:00;272.7099914550781;269.91718
2021-08-26 00:00:00-04:00;266.3699951171875;270.27322
2021-08-27 00:00:00-04:00;267.9100036621094;268.88577
2021-08-30 00:00:00-04:00;263.0199890136719;267.98386
2021-08-31 00:00:00-04:00;264.8999938964844;266.28137
2021-09-01 00:00:00-04:00;261.25;265.50156
2021-09-02 00:00:00-04:00;259.1300048828125;264.25555
2021-09-03 00:00:00-04:00;256.6400146484375;262.72946
2021-09-07 00:00:00-04:00;252.17999267578125;260.93002
2021-09-08 00:00:00-04:00;263.42999267578125;258.43814
2021-09-09 00:00:00-04:00;260.0799865722656;259.5385
2021-09-10 00:00:00-04:00;255.33999633789065;260.18854
2021-09-13 00:00:00-04:00;257.1400146484375;259.10498
2021-09-14 00:00:00-04:00;253.91000366210935;258.27032
2021-09-15 00:00:00-04:00;253.38999938964844;256.87128
2021-09-16 00:00:00-04:00;252.32000732421875;255.66327
2021-09-17 00:00:00-04:00;255.86000061035156;254.611
2021-09-20 00:00:00-04:00;253.32000732421875;254.8757
2021-09-21 00:00:00-04:00;252.8999938964844;254.64594
2021-09-22 00:00:00-04:00;253.3800048828125;254.17606
2021-09-23 00:00:00-04:00;255.22000122070312;253.85735
2021-09-24 00:00:00-04:00;255.7400054931641;254.14255
2021-09-27 00:00:00-04:00;258.8900146484375;254.59213
2021-09-28 00:00:00-04:00;254.38999938964844;255.73378
2021-09-29 00:00:00-04:00;253.0399932861328;255.41591
2021-09-30 00:00:00-04:00;250.77999877929688;254.4612
2021-10-01 00:00:00-04:00;252.02999877929688;253.08742
2021-10-04 00:00:00-04:00;250.41000366210935;252.47461
2021-10-05 00:00:00-04:00;255.77000427246097;251.87497
2021-10-06 00:00:00-04:00;260.8500061035156;252.9229
2021-10-07 00:00:00-04:00;266.07000732421875;255.3441
2021-10-08 00:00:00-04:00;268.6000061035156;258.5882
2021-10-11 00:00:00-04:00;265.44000244140625;261.47833
2021-10-12 00:00:00-04:00;265.7900085449219;262.37994
2021-10-13 00:00:00-04:00;266.19000244140625;262.60364
2021-10-14 00:00:00-04:00;277.8699951171875;262.81934
2021-10-15 00:00:00-04:00;278.4599914550781;266.22333
2021-10-18 00:00:00-04:00;276.3500061035156;269.50217
2021-10-19 00:00:00-04:00;276.6400146484375;271.10477
2021-10-20 00:00:00-04:00;279.010009765625;271.84534
2021-10-21 00:00:00-04:00;279.5799865722656;272.85587
2021-10-22 00:00:00-04:00;280.9200134277344;273.90695
2021-10-25 00:00:00-04:00;282.6400146484375;275.10703
2021-10-26 00:00:00-04:00;286.6199951171875;276.48407
2021-10-27 00:00:00-04:00;280.17999267578125;278.54056
2021-10-28 00:00:00-04:00;267.3999938964844;278.46463
2021-10-29 00:00:00-04:00;261.5;274.70923
2021-11-01 00:00:00-04:00;265.4200134277344;269.92493
2021-11-02 00:00:00-04:00;273.80999755859375;267.70395
2021-11-03 00:00:00-04:00;273.9700012207031;269.22375
2021-11-04 00:00:00-04:00;268.80999755859375;271.13492
2021-11-05 00:00:00-04:00;273.54998779296875;270.9097
2021-11-08 00:00:00-05:00;273.69000244140625;271.2365
2021-11-09 00:00:00-05:00;272.44000244140625;271.51617
2021-11-10 00:00:00-05:00;270.32000732421875;271.3525
2021-11-11 00:00:00-05:00;272.82000732421875;270.57428
2021-11-12 00:00:00-05:00;274.1499938964844;270.5753
2021-11-15 00:00:00-05:00;275.5;271.1377
2021-11-16 00:00:00-05:00;278.5400085449219;272.00064
2021-11-17 00:00:00-05:00;278.1300048828125;273.39795
2021-11-18 00:00:00-05:00;274.3999938964844;274.30417
2021-11-19 00:00:00-05:00;267.1099853515625;273.80447
2021-11-22 00:00:00-05:00;273.8699951171875;271.27744
2021-11-23 00:00:00-05:00;279.489990234375;270.95175
2021-11-24 00:00:00-05:00;277.8999938964844;272.84332
2021-11-26 00:00:00-05:00;268.3999938964844;274.2381
2021-11-29 00:00:00-05:00;264.3699951171875;272.4928
2021-11-30 00:00:00-05:00;256.3800048828125;269.47656
2021-12-01 00:00:00-05:00;256.8999938964844;265.14453
2021-12-02 00:00:00-05:00;263.8299865722656;262.19757
2021-12-03 00:00:00-05:00;262.4700012207031;262.48117
2021-12-06 00:00:00-05:00;266.9700012207031;263.0558
2021-12-07 00:00:00-05:00;270.8900146484375;264.48126
2021-12-08 00:00:00-05:00;273.8299865722656;266.4085
2021-12-09 00:00:00-05:00;271.19000244140625;268.3877
2021-12-10 00:00:00-05:00;269.9700012207031;268.8911
2021-12-13 00:00:00-05:00;267.4800109863281;268.5139
2021-12-14 00:00:00-05:00;269.7099914550781;267.45776
2021-12-15 00:00:00-05:00;269.8800048828125;267.29926
2021-12-16 00:00:00-05:00;270.55999755859375;267.56915
2021-12-17 00:00:00-05:00;266.92999267578125;268.0864
2021-12-20 00:00:00-05:00;261.6700134277344;267.5366
2021-12-21 00:00:00-05:00;264.8399963378906;265.53278
2021-12-22 00:00:00-05:00;263.07000732421875;264.7017
2021-12-23 00:00:00-05:00;267.0199890136719;264.02853
2021-12-27 00:00:00-05:00;271.2200012207031;264.6751
2021-12-28 00:00:00-05:00;274.2300109863281;266.4674
2021-12-29 00:00:00-05:00;276.20001220703125;268.6208
2021-12-30 00:00:00-05:00;274.2099914550781;270.5255
2021-12-31 00:00:00-05:00;273.9200134277344;271.12695
2022-01-03 00:00:00-05:00;272.7900085449219;271.14066
2022-01-04 00:00:00-05:00;272.8699951171875;270.79684
2022-01-05 00:00:00-05:00;269.25;270.63055
2022-01-06 00:00:00-05:00;274.30999755859375;269.73242
2022-01-07 00:00:00-05:00;279.1700134277344;270.3572
2022-01-10 00:00:00-05:00;280.20001220703125;272.44247
2022-01-11 00:00:00-05:00;285.6400146484375;274.421
2022-01-12 00:00:00-05:00;283.0199890136719;277.0337
2022-01-13 00:00:00-05:00;284.6000061035156;278.1717
2022-01-14 00:00:00-05:00;290.29998779296875;278.99597
2022-01-18 00:00:00-05:00;290.8999938964844;280.99704
2022-01-19 00:00:00-05:00;287.3399963378906;282.85913
2022-01-20 00:00:00-05:00;287.1000061035156;283.23715
2022-01-21 00:00:00-05:00;284.0299987792969;283.1598
2022-01-24 00:00:00-05:00;284.1099853515625;282.3477
2022-01-25 00:00:00-05:00;285.2900085449219;281.81213
2022-01-26 00:00:00-05:00;281.760009765625;281.94376
2022-01-27 00:00:00-05:00;277.94000244140625;281.36258
2022-01-28 00:00:00-05:00;280.75;279.8532
2022-01-31 00:00:00-05:00;283.3999938964844;279.35114
2022-02-01 00:00:00-05:00;284.5299987792969;279.94934
2022-02-02 00:00:00-05:00;290.2099914550781;280.86917
2022-02-03 00:00:00-05:00;285.239990234375;282.9123
2022-02-04 00:00:00-05:00;285.989990234375;283.15616
2022-02-07 00:00:00-05:00;286.760009765625;283.0316
2022-02-08 00:00:00-05:00;290.3699951171875;283.0584
2022-02-09 00:00:00-05:00;289.1199951171875;284.10413
2022-02-10 00:00:00-05:00;291.44000244140625;284.76367
2022-02-11 00:00:00-05:00;294.92999267578125;285.71298
2022-02-14 00:00:00-05:00;293.1199951171875;287.2894
2022-02-15 00:00:00-05:00;300.6300048828125;288.03583
2022-02-16 00:00:00-05:00;303.0799865722656;290.2473
2022-02-17 00:00:00-05:00;302.760009765625;292.67337
2022-02-18 00:00:00-05:00;304.4200134277344;294.2747
2022-02-22 00:00:00-05:00;300.44000244140625;295.58163
2022-02-23 00:00:00-05:00;300.0799865722656;295.47186
2022-02-24 00:00:00-05:00;291.5;295.12952
2022-02-25 00:00:00-05:00;302.32000732421875;292.88058
2022-02-28 00:00:00-05:00;298.2200012207031;293.8113
2022-03-01 00:00:00-05:00;284.0899963378906;294.24448
2022-03-02 00:00:00-05:00;292.6700134277344;290.95688
2022-03-03 00:00:00-05:00;289.1099853515625;290.01007
2022-03-04 00:00:00-05:00;282.4100036621094;289.07474
2022-03-07 00:00:00-05:00;267.3500061035156;286.82413
2022-03-08 00:00:00-05:00;267.3599853515625;281.15482
2022-03-09 00:00:00-05:00;275.4800109863281;276.5034
2022-03-10 00:00:00-05:00;273.7900085449219;275.7354
2022-03-11 00:00:00-05:00;271.4100036621094;275.6809
2022-03-14 00:00:00-04:00;272.010009765625;274.94644
2022-03-15 00:00:00-04:00;278.760009765625;274.1203
2022-03-16 00:00:00-04:00;283.3999938964844;275.05978
2022-03-17 00:00:00-04:00;285.17999267578125;277.1399
2022-03-18 00:00:00-04:00;286.6600036621094;279.0827
2022-03-21 00:00:00-04:00;286.8999938964844;280.5605
2022-03-22 00:00:00-04:00;292.2900085449219;281.41382
2022-03-23 00:00:00-04:00;291.8399963378906;283.22778
2022-03-24 00:00:00-04:00;295.0;284.60437
2022-03-25 00:00:00-04:00;299.010009765625;286.2971
2022-03-28 00:00:00-04:00;297.7699890136719;288.56894
2022-03-29 00:00:00-04:00;302.5799865722656;289.97058
2022-03-30 00:00:00-04:00;304.7200012207031;291.9862
2022-03-31 00:00:00-04:00;301.3800048828125;294.07828
2022-04-01 00:00:00-04:00;307.1000061035156;294.7561
2022-04-04 00:00:00-04:00;297.2900085449219;296.41287
2022-04-05 00:00:00-04:00;298.8800048828125;295.42606
2022-04-06 00:00:00-04:00;297.5400085449219;294.7299
2022-04-07 00:00:00-04:00;296.5400085449219;294.14203
2022-04-08 00:00:00-04:00;297.82000732421875;293.6906
2022-04-11 00:00:00-04:00;296.9599914550781;293.80798
2022-04-12 00:00:00-04:00;289.9200134277344;293.81522
2022-04-13 00:00:00-04:00;291.7699890136719;292.0267
2022-04-14 00:00:00-04:00;290.57000732421875;290.866
2022-04-18 00:00:00-04:00;290.07000732421875;289.94974
2022-04-19 00:00:00-04:00;291.1300048828125;289.28876
2022-04-20 00:00:00-04:00;297.42999267578125;289.1236
2022-04-21 00:00:00-04:00;293.05999755859375;290.63202
2022-04-22 00:00:00-04:00;286.17999267578125;290.8177
2022-04-25 00:00:00-04:00;284.239990234375;288.81766
2022-04-26 00:00:00-04:00;278.510009765625;286.44232
2022-04-27 00:00:00-04:00;284.79998779296875;283.38846
2022-04-28 00:00:00-04:00;282.6600036621094;282.86963
2022-04-29 00:00:00-04:00;274.7099914550781;282.5858
2022-05-02 00:00:00-04:00;277.42999267578125;280.34695
2022-05-03 00:00:00-04:00;279.5299987792969;278.93582
2022-05-04 00:00:00-04:00;286.20001220703125;278.64255
2022-05-05 00:00:00-04:00;284.1400146484375;280.3555
2022-05-06 00:00:00-04:00;287.32000732421875;281.29053
2022-05-09 00:00:00-04:00;280.55999755859375;282.3763
2022-05-10 00:00:00-04:00;279.2900085449219;281.28815
2022-05-11 00:00:00-04:00;278.55999755859375;279.72464
2022-05-12 00:00:00-04:00;273.989990234375;278.44464
2022-05-13 00:00:00-04:00;280.0199890136719;276.59442
2022-05-16 00:00:00-04:00;282.3800048828125;276.8271
2022-05-17 00:00:00-04:00;289.5299987792969;278.07172
2022-05-18 00:00:00-04:00;280.3900146484375;280.89023
2022-05-19 00:00:00-04:00;276.3399963378906;280.63205
2022-05-20 00:00:00-04:00;270.57000732421875;278.61133
2022-05-23 00:00:00-04:00;274.4200134277344;275.3816
2022-05-24 00:00:00-04:00;273.94000244140625;274.0775
2022-05-25 00:00:00-04:00;274.4200134277344;273.67377
2022-05-26 00:00:00-04:00;279.2099914550781;273.75482
2022-05-27 00:00:00-04:00;284.7900085449219;275.0509
2022-05-31 00:00:00-04:00;282.5;277.50052
2022-06-01 00:00:00-04:00;278.5199890136719;278.66122
2022-06-02 00:00:00-04:00;281.6300048828125;277.99948
2022-06-03 00:00:00-04:00;280.2900085449219;277.9136
2022-06-06 00:00:00-04:00;285.3900146484375;277.73932
2022-06-07 00:00:00-04:00;288.2099914550781;279.0137
2022-06-08 00:00:00-04:00;281.7900085449219;280.95355
2022-06-09 00:00:00-04:00;277.92999267578125;280.7447
2022-06-10 00:00:00-04:00;278.1000061035156;279.1045
2022-06-13 00:00:00-04:00;269.67999267578125;277.7765
2022-06-14 00:00:00-04:00;272.6700134277344;274.9408
2022-06-15 00:00:00-04:00;275.260009765625;273.56116
2022-06-16 00:00:00-04:00;265.0;273.70276
2022-06-17 00:00:00-04:00;269.1199951171875;271.48514
2022-06-21 00:00:00-04:00;270.8900146484375;270.39542
2022-06-22 00:00:00-04:00;271.5799865722656;270.3101
2022-06-23 00:00:00-04:00;272.2300109863281;270.61304
2022-06-24 00:00:00-04:00;283.19000244140625;270.95
2022-06-27 00:00:00-04:00;283.0299987792969;273.9046
2022-06-28 00:00:00-04:00;280.42999267578125;276.31683
2022-06-29 00:00:00-04:00;278.5400085449219;277.0064
2022-06-30 00:00:00-04:00;280.2799987792969;276.51236
2022-07-01 00:00:00-04:00;283.7799987792969;276.42987
2022-07-05 00:00:00-04:00;277.4200134277344;277.5197
2022-07-06 00:00:00-04:00;281.5;276.9968
2022-07-07 00:00:00-04:00;285.6700134277344;277.3723
2022-07-08 00:00:00-04:00;280.7200012207031;278.9429
2022-07-11 00:00:00-04:00;279.8599853515625;279.03555
2022-07-12 00:00:00-04:00;276.8500061035156;278.52692
2022-07-13 00:00:00-04:00;276.92999267578125;277.29697
2022-07-14 00:00:00-04:00;263.1400146484375;276.41083
2022-07-15 00:00:00-04:00;263.17999267578125;272.43268
2022-07-18 00:00:00-04:00;261.6300048828125;269.09396
2022-07-19 00:00:00-04:00;269.9800109863281;266.6679
2022-07-20 00:00:00-04:00;269.54998779296875;267.48438
2022-07-21 00:00:00-04:00;270.239990234375;268.57523
2022-07-22 00:00:00-04:00;271.94000244140625;269.3095
2022-07-25 00:00:00-04:00;273.80999755859375;269.90628
2022-07-26 00:00:00-04:00;271.82000732421875;270.61517
2022-07-27 00:00:00-04:00;271.1199951171875;270.5338
2022-07-28 00:00:00-04:00;258.260009765625;270.09778
2022-07-29 00:00:00-04:00;261.3500061035156;266.40765
2022-08-01 00:00:00-04:00;252.36000061035156;264.03473
2022-08-02 00:00:00-04:00;249.27999877929688;260.524
2022-08-03 00:00:00-04:00;253.22000122070312;257.16162
2022-08-04 00:00:00-04:00;251.80999755859375;255.97311
2022-08-05 00:00:00-04:00;255.66000366210935;255.27559
2022-08-08 00:00:00-04:00;257.79998779296875;255.78319
2022-08-09 00:00:00-04:00;260.82000732421875;256.75873
2022-08-10 00:00:00-04:00;264.30999755859375;258.11536
2022-08-11 00:00:00-04:00;271.2200012207031;259.86087
2022-08-12 00:00:00-04:00;275.54998779296875;262.82944
2022-08-15 00:00:00-04:00;275.1400146484375;266.1553
2022-08-16 00:00:00-04:00;277.29998779296875;268.2837
2022-08-17 00:00:00-04:00;278.1700134277344;269.98065
2022-08-18 00:00:00-04:00;282.19000244140625;271.32504
2022-08-19 00:00:00-04:00;281.5;273.34106
2022-08-22 00:00:00-04:00;274.6600036621094;274.8144
2022-08-23 00:00:00-04:00;272.6700134277344;274.0381
2022-08-24 00:00:00-04:00;273.7099914550781;272.62048
2022-08-25 00:00:00-04:00;276.8299865722656;271.9808
2022-08-26 00:00:00-04:00;272.9200134277344;272.73456
2022-08-29 00:00:00-04:00;272.1300048828125;272.63263
2022-08-30 00:00:00-04:00;269.5;272.14362
2022-08-31 00:00:00-04:00;269.04998779296875;271.017
2022-09-01 00:00:00-04:00;272.3500061035156;270.01144
2022-09-02 00:00:00-04:00;274.010009765625;270.24582
2022-09-06 00:00:00-04:00;274.3999938964844;271.12122
2022-09-07 00:00:00-04:00;281.4200134277344;271.8911
2022-09-08 00:00:00-04:00;285.5299987792969;274.10498
2022-09-09 00:00:00-04:00;282.69000244140625;276.89297
2022-09-12 00:00:00-04:00;282.8299865722656;278.07217
2022-09-13 00:00:00-04:00;279.4800109863281;278.4794
2022-09-14 00:00:00-04:00;280.1499938964844;277.7667
2022-09-15 00:00:00-04:00;285.0199890136719;277.3468
2022-09-16 00:00:00-04:00;283.07000732421875;278.53677
2022-09-19 00:00:00-04:00;284.0199890136719;279.30417
2022-09-20 00:00:00-04:00;271.4599914550781;279.9778
2022-09-21 00:00:00-04:00;260.82000732421875;277.18536
2022-09-22 00:00:00-04:00;257.5;271.8269
2022-09-23 00:00:00-04:00;255.1199951171875;266.87213
2022-09-26 00:00:00-04:00;245.7899932861328;263.2064
2022-09-27 00:00:00-04:00;253.8500061035156;258.6864
2022-09-28 00:00:00-04:00;259.44000244140625;257.45883
2022-09-29 00:00:00-04:00;267.5;258.73822
2022-09-30 00:00:00-04:00;262.44000244140625;262.0382
2022-10-03 00:00:00-04:00;265.8900146484375;262.96704
2022-10-04 00:00:00-04:00;276.94000244140625;263.5891
2022-10-05 00:00:00-04:00;273.7300109863281;266.67926
2022-10-06 00:00:00-04:00;272.30999755859375;268.44836
2022-10-07 00:00:00-04:00;264.42999267578125;268.92316
2022-10-10 00:00:00-04:00;267.5;266.90207
2022-10-11 00:00:00-04:00;267.69000244140625;265.91022
2022-10-12 00:00:00-04:00;260.8399963378906;265.74963
2022-10-13 00:00:00-04:00;273.8800048828125;264.19708
2022-10-14 00:00:00-04:00;270.30999755859375;266.29004
2022-10-17 00:00:00-04:00;273.6499938964844;267.6076
2022-10-18 00:00:00-04:00;278.260009765625;269.10574
2022-10-19 00:00:00-04:00;279.67999267578125;271.23804
2022-10-20 00:00:00-04:00;270.010009765625;273.13962
2022-10-21 00:00:00-04:00;279.8800048828125;271.8373
2022-10-24 00:00:00-04:00;284.3900146484375;272.8291
2022-10-25 00:00:00-04:00;283.05999755859375;275.32568
2022-10-26 00:00:00-04:00;281.5799865722656;277.0893
2022-10-27 00:00:00-04:00;301.760009765625;277.69684
2022-10-28 00:00:00-04:00;321.6400146484375;283.03122
2022-10-31 00:00:00-04:00;322.6600036621094;292.69778
2022-11-01 00:00:00-04:00;316.0299987792969;300.08768
2022-11-02 00:00:00-04:00;321.8699951171875;302.64044
2022-11-03 00:00:00-04:00;331.07000732421875;304.76242
2022-11-04 00:00:00-04:00;333.1600036621094;308.6547
2022-11-07 00:00:00-05:00;328.7699890136719;312.53854
2022-11-08 00:00:00-05:00;325.67999267578125;314.35904
2022-11-09 00:00:00-05:00;320.0400085449219;314.6397
2022-11-10 00:00:00-05:00;320.19000244140625;313.45435
2022-11-11 00:00:00-05:00;308.7099914550781;312.73776
2022-11-14 00:00:00-05:00;310.0799865722656;309.9375
2022-11-15 00:00:00-05:00;316.2099914550781;308.17514
2022-11-16 00:00:00-05:00;317.3999938964844;308.8292
2022-11-17 00:00:00-05:00;317.3800048828125;310.12375
2022-11-18 00:00:00-05:00;323.489990234375;310.99655
2022-11-21 00:00:00-05:00;324.04998779296875;312.766
2022-11-22 00:00:00-05:00;327.25;314.13617
2022-11-23 00:00:00-05:00;328.9100036621094;315.65707
2022-11-25 00:00:00-05:00;334.4200134277344;317.05182
2022-11-28 00:00:00-05:00;329.1400146484375;319.26907
2022-11-29 00:00:00-05:00;332.79998779296875;319.70084
2022-11-30 00:00:00-05:00;337.94000244140625;320.54092
2022-12-01 00:00:00-05:00;330.3399963378906;322.46686
2022-12-02 00:00:00-05:00;333.4700012207031;322.3186
2022-12-05 00:00:00-05:00;330.5899963378906;322.60345
2022-12-06 00:00:00-05:00;336.760009765625;322.2952
2022-12-07 00:00:00-05:00;332.95001220703125;323.5403
2022-12-08 00:00:00-05:00;333.739990234375;323.86737
2022-12-09 00:00:00-05:00;332.55999755859375;324.1207
2022-12-12 00:00:00-05:00;332.5400085449219;324.00146
2022-12-13 00:00:00-05:00;331.3500061035156;323.89417
2022-12-14 00:00:00-05:00;325.3900146484375;323.59586
2022-12-15 00:00:00-05:00;322.489990234375;322.0208
2022-12-16 00:00:00-05:00;323.1099853515625;320.06897
2022-12-19 00:00:00-05:00;322.3800048828125;318.88303
2022-12-20 00:00:00-05:00;327.010009765625;318.13388
2022-12-21 00:00:00-05:00;335.2300109863281;318.7933
2022-12-22 00:00:00-05:00;332.79998779296875;321.34982
2022-12-23 00:00:00-05:00;334.9200134277344;322.711
2022-12-27 00:00:00-05:00;336.0799865722656;323.6933
2022-12-28 00:00:00-05:00;333.95001220703125;324.4298
2022-12-29 00:00:00-05:00;334.8599853515625;324.4027
2022-12-30 00:00:00-05:00;331.2699890136719;324.50943
2023-01-03 00:00:00-05:00;333.3800048828125;323.86725
2023-01-04 00:00:00-05:00;341.0899963378906;323.87344
2023-01-05 00:00:00-05:00;342.1400146484375;325.8626
2023-01-06 00:00:00-05:00;351.3999938964844;327.8496
2023-01-09 00:00:00-05:00;352.69000244140625;331.2305
2023-01-10 00:00:00-05:00;358.95001220703125;333.92856
2023-01-11 00:00:00-05:00;352.7699890136719;336.94937
2023-01-12 00:00:00-05:00;349.6099853515625;337.61337
2023-01-13 00:00:00-05:00;352.9100036621094;337.0033
2023-01-17 00:00:00-05:00;346.6700134277344;337.2692
2023-01-18 00:00:00-05:00;345.4800109863281;336.48517
2023-01-19 00:00:00-05:00;344.489990234375;335.69547
2023-01-20 00:00:00-05:00;338.32000732421875;335.06262
2023-01-23 00:00:00-05:00;338.9100036621094;333.39084
2023-01-24 00:00:00-05:00;343.31500244140625;332.24976
