Date;SBAC;close_predicted
2018-07-18 00:00:00-04:00;162.44000244140625;162.4748
2018-07-19 00:00:00-04:00;162.6300048828125;161.965
2018-07-20 00:00:00-04:00;162.25999450683594;161.70251
2018-07-23 00:00:00-04:00;161.50999450683594;161.4877
2018-07-24 00:00:00-04:00;160.32000732421875;161.10435
2018-07-25 00:00:00-04:00;160.67999267578125;160.40297
2018-07-26 00:00:00-04:00;161.42999267578125;160.02736
2018-07-27 00:00:00-04:00;160.07000732421875;160.1508
2018-07-30 00:00:00-04:00;158.2100067138672;159.85435
2018-07-31 00:00:00-04:00;158.25;158.88408
2018-08-01 00:00:00-04:00;161.57000732421875;158.135
2018-08-02 00:00:00-04:00;157.1999969482422;158.92871
2018-08-03 00:00:00-04:00;158.49000549316406;158.23886
2018-08-06 00:00:00-04:00;158.8699951171875;157.86314
2018-08-07 00:00:00-04:00;158.05999755859375;157.83061
2018-08-08 00:00:00-04:00;157.22000122070312;157.60706
2018-08-09 00:00:00-04:00;156.9499969482422;157.10979
2018-08-10 00:00:00-04:00;156.10000610351562;156.63599
2018-08-13 00:00:00-04:00;155.1999969482422;156.06033
2018-08-14 00:00:00-04:00;154.8000030517578;155.3773
2018-08-15 00:00:00-04:00;155.0500030517578;154.8044
2018-08-16 00:00:00-04:00;155.6999969482422;154.58018
2018-08-17 00:00:00-04:00;157.82000732421875;154.75476
2018-08-20 00:00:00-04:00;157.89999389648438;155.67949
2018-08-21 00:00:00-04:00;156.61000061035156;156.39445
2018-08-22 00:00:00-04:00;154.10000610351562;156.24152
2018-08-23 00:00:00-04:00;154.19000244140625;155.00174
2018-08-24 00:00:00-04:00;156.02999877929688;154.03558
2018-08-27 00:00:00-04:00;156.80999755859375;154.24318
2018-08-28 00:00:00-04:00;156.63999938964844;154.98781
2018-08-29 00:00:00-04:00;157.52999877929688;155.488
2018-08-30 00:00:00-04:00;154.25999450683594;155.98462
2018-08-31 00:00:00-04:00;155.22999572753906;155.08307
2018-09-04 00:00:00-04:00;155.9199981689453;154.52628
2018-09-05 00:00:00-04:00;156.72999572753906;154.5652
2018-09-06 00:00:00-04:00;158.05999755859375;155.06445
2018-09-07 00:00:00-04:00;158.17999267578125;155.94527
2018-09-10 00:00:00-04:00;159.10000610351562;156.5735
2018-09-11 00:00:00-04:00;158.25999450683594;157.16576
2018-09-12 00:00:00-04:00;158.5;157.18617
2018-09-13 00:00:00-04:00;161.02999877929688;157.13884
2018-09-14 00:00:00-04:00;159.66000366210938;158.01509
2018-09-17 00:00:00-04:00;159.5800018310547;158.3116
2018-09-18 00:00:00-04:00;160.8000030517578;158.31607
2018-09-19 00:00:00-04:00;160.50999450683594;158.68684
2018-09-20 00:00:00-04:00;160.82000732421875;158.92406
2018-09-21 00:00:00-04:00;160.52999877929688;159.15903
2018-09-24 00:00:00-04:00;159.44000244140625;159.20879
2018-09-25 00:00:00-04:00;158.77000427246094;158.8233
2018-09-26 00:00:00-04:00;158.50999450683594;158.27267
2018-09-27 00:00:00-04:00;158.5;157.84897
2018-09-28 00:00:00-04:00;160.6300048828125;157.66254
2018-10-01 00:00:00-04:00;157.38999938964844;158.38335
2018-10-02 00:00:00-04:00;156.4199981689453;157.8848
2018-10-03 00:00:00-04:00;154.61000061035156;156.90656
2018-10-04 00:00:00-04:00;153.24000549316406;155.56537
2018-10-05 00:00:00-04:00;152.82000732421875;154.22926
2018-10-08 00:00:00-04:00;154.89999389648438;153.32718
2018-10-09 00:00:00-04:00;155.83999633789062;153.65689
2018-10-10 00:00:00-04:00;153.0;154.47812
2018-10-11 00:00:00-04:00;146.64999389648438;154.0076
2018-10-12 00:00:00-04:00;147.61000061035156;151.07259
2018-10-15 00:00:00-04:00;149.1300048828125;149.0091
2018-10-16 00:00:00-04:00;152.8800048828125;148.61249
2018-10-17 00:00:00-04:00;152.33999633789062;150.18398
2018-10-18 00:00:00-04:00;153.30999755859375;151.37126
2018-10-19 00:00:00-04:00;154.3800048828125;152.1749
2018-10-22 00:00:00-04:00;153.57000732421875;152.80568
2018-10-23 00:00:00-04:00;153.97000122070312;152.78374
2018-10-24 00:00:00-04:00;154.4600067138672;152.72772
2018-10-25 00:00:00-04:00;156.1300048828125;152.88278
2018-10-26 00:00:00-04:00;151.2100067138672;153.65797
2018-10-29 00:00:00-04:00;154.75999450683594;152.56067
2018-10-30 00:00:00-04:00;162.22000122070312;152.6987
2018-10-31 00:00:00-04:00;162.1699981689453;155.79465
2018-11-01 00:00:00-04:00;163.8300018310547;158.3638
2018-11-02 00:00:00-04:00;164.8699951171875;160.22765
2018-11-05 00:00:00-05:00;166.6199951171875;161.42159
2018-11-06 00:00:00-05:00;166.2100067138672;162.56439
2018-11-07 00:00:00-05:00;170.61000061035156;163.12901
2018-11-08 00:00:00-05:00;171.52000427246094;164.95312
2018-11-09 00:00:00-05:00;171.50999450683594;166.74121
2018-11-12 00:00:00-05:00;171.89999389648438;167.82318
2018-11-13 00:00:00-05:00;172.47000122070312;168.45383
2018-11-14 00:00:00-05:00;172.0399932861328;168.97931
2018-11-15 00:00:00-05:00;170.1699981689453;169.20064
2018-11-16 00:00:00-05:00;172.02000427246094;168.68973
2018-11-19 00:00:00-05:00;173.13999938964844;168.95454
2018-11-20 00:00:00-05:00;168.77000427246094;169.78589
2018-11-21 00:00:00-05:00;167.61000061035156;168.92226
2018-11-23 00:00:00-05:00;165.63999938964844;167.60864
2018-11-26 00:00:00-05:00;166.0500030517578;166.08588
2018-11-27 00:00:00-05:00;165.1999969482422;165.36278
2018-11-28 00:00:00-05:00;168.36000061035156;164.89232
2018-11-29 00:00:00-05:00;168.5500030517578;165.79298
2018-11-30 00:00:00-05:00;170.80999755859375;166.67737
2018-12-03 00:00:00-05:00;169.9600067138672;167.89104
2018-12-04 00:00:00-05:00;169.8300018310547;168.27725
2018-12-06 00:00:00-05:00;171.50999450683594;168.1789
2018-12-07 00:00:00-05:00;168.1699981689453;168.57233
2018-12-10 00:00:00-05:00;168.8699951171875;167.76958
2018-12-11 00:00:00-05:00;171.2899932861328;167.28113
2018-12-12 00:00:00-05:00;168.97000122070312;167.97636
2018-12-13 00:00:00-05:00;172.22000122070312;167.89969
2018-12-14 00:00:00-05:00;172.5;168.80281
2018-12-17 00:00:00-05:00;164.61000061035156;169.65523
2018-12-18 00:00:00-05:00;165.44000244140625;167.34238
2018-12-19 00:00:00-05:00;165.10000610351562;165.49324
2018-12-20 00:00:00-05:00;163.39999389648438;164.49155
2018-12-21 00:00:00-05:00;161.7899932861328;163.61847
2018-12-24 00:00:00-05:00;158.1300048828125;162.59535
2018-12-26 00:00:00-05:00;164.27000427246094;160.64903
2018-12-27 00:00:00-05:00;163.19000244140625;161.4069
2018-12-28 00:00:00-05:00;162.49000549316406;162.12836
2018-12-31 00:00:00-05:00;161.88999938964844;162.19673
2019-01-02 00:00:00-05:00;160.75;161.73691
2019-01-03 00:00:00-05:00;162.5399932861328;160.8644
2019-01-04 00:00:00-05:00;162.94000244140625;160.8628
2019-01-07 00:00:00-05:00;164.58999633789062;161.22926
2019-01-08 00:00:00-05:00;167.25999450683594;162.10347
2019-01-09 00:00:00-05:00;164.94000244140625;163.64413
2019-01-10 00:00:00-05:00;168.0500030517578;163.83627
2019-01-11 00:00:00-05:00;169.7899932861328;164.65848
2019-01-14 00:00:00-05:00;169.16000366210938;165.9077
2019-01-15 00:00:00-05:00;170.5;166.53421
2019-01-16 00:00:00-05:00;172.57000732421875;167.22215
2019-01-17 00:00:00-05:00;173.4600067138672;168.39526
2019-01-18 00:00:00-05:00;173.0500030517578;169.5504
2019-01-22 00:00:00-05:00;173.16000366210938;170.09758
2019-01-23 00:00:00-05:00;175.5;170.3316
2019-01-24 00:00:00-05:00;176.52999877929688;171.26808
2019-01-25 00:00:00-05:00;177.27000427246094;172.41216
2019-01-28 00:00:00-05:00;177.6199951171875;173.4264
2019-01-29 00:00:00-05:00;178.75999450683594;174.12297
2019-01-30 00:00:00-05:00;178.80999755859375;174.87471
2019-01-31 00:00:00-05:00;182.52999877929688;175.38037
2019-02-01 00:00:00-05:00;181.13999938964844;176.96954
2019-02-04 00:00:00-05:00;182.4600067138672;177.6992
2019-02-05 00:00:00-05:00;184.58999633789065;178.39609
2019-02-06 00:00:00-05:00;181.4199981689453;179.56633
2019-02-07 00:00:00-05:00;183.6499938964844;179.28577
2019-02-08 00:00:00-05:00;183.22000122070312;179.60274
2019-02-11 00:00:00-05:00;183.97000122070312;179.84618
2019-02-12 00:00:00-05:00;183.2100067138672;180.30241
2019-02-13 00:00:00-05:00;184.33999633789065;180.39114
2019-02-14 00:00:00-05:00;184.19000244140625;180.781
2019-02-15 00:00:00-05:00;185.5;181.05157
2019-02-19 00:00:00-05:00;183.5500030517578;181.65921
2019-02-20 00:00:00-05:00;182.9900054931641;181.4156
2019-02-21 00:00:00-05:00;182.66000366210935;180.88544
2019-02-22 00:00:00-05:00;182.5500030517578;180.4246
2019-02-25 00:00:00-05:00;181.08999633789065;180.18489
2019-02-26 00:00:00-05:00;180.9900054931641;179.62242
2019-02-27 00:00:00-05:00;180.41000366210935;179.199
2019-02-28 00:00:00-05:00;180.55999755859375;178.79083
2019-03-01 00:00:00-05:00;182.11000061035156;178.61063
2019-03-04 00:00:00-05:00;182.47999572753903;179.09167
2019-03-05 00:00:00-05:00;182.1000061035156;179.62846
2019-03-06 00:00:00-05:00;182.3000030517578;179.76639
2019-03-07 00:00:00-05:00;183.3800048828125;179.76947
2019-03-08 00:00:00-05:00;183.47000122070312;180.09534
2019-03-11 00:00:00-04:00;185.91000366210935;180.3902
2019-03-12 00:00:00-04:00;187.1199951171875;181.40656
2019-03-13 00:00:00-04:00;188.9600067138672;182.5788
2019-03-14 00:00:00-04:00;189.44000244140625;183.91206
2019-03-15 00:00:00-04:00;190.9499969482422;184.85298
2019-03-18 00:00:00-04:00;191.55999755859375;185.8155
2019-03-19 00:00:00-04:00;191.88999938964844;186.59914
2019-03-20 00:00:00-04:00;192.61000061035156;187.15755
2019-03-21 00:00:00-04:00;196.07000732421875;187.72589
2019-03-22 00:00:00-04:00;197.1199951171875;189.32759
2019-03-25 00:00:00-04:00;195.5800018310547;190.90192
2019-03-26 00:00:00-04:00;195.0;191.26917
2019-03-27 00:00:00-04:00;193.75;191.00919
2019-03-28 00:00:00-04:00;194.92999267578125;190.34457
2019-03-29 00:00:00-04:00;199.66000366210935;190.39426
2019-04-01 00:00:00-04:00;197.91000366210935;192.35326
2019-04-02 00:00:00-04:00;199.63999938964844;193.34573
2019-04-03 00:00:00-04:00;200.1199951171875;194.25989
2019-04-04 00:00:00-04:00;198.1300048828125;194.89267
2019-04-05 00:00:00-04:00;201.0099945068359;194.50334
2019-04-08 00:00:00-04:00;201.4900054931641;195.09306
2019-04-09 00:00:00-04:00;201.19000244140625;195.88864
2019-04-10 00:00:00-04:00;202.52999877929688;196.33235
2019-04-11 00:00:00-04:00;203.32000732421875;196.98616
2019-04-12 00:00:00-04:00;204.2400054931641;197.69957
2019-04-15 00:00:00-04:00;203.11000061035156;198.46005
2019-04-16 00:00:00-04:00;198.8800048828125;198.52232
2019-04-17 00:00:00-04:00;197.3000030517578;196.94963
2019-04-18 00:00:00-04:00;198.17999267578125;195.19301
2019-04-22 00:00:00-04:00;199.3699951171875;194.5694
2019-04-23 00:00:00-04:00;199.97999572753903;195.00385
2019-04-24 00:00:00-04:00;200.83999633789065;195.73665
2019-04-25 00:00:00-04:00;199.52999877929688;196.46315
2019-04-26 00:00:00-04:00;201.07000732421875;196.32779
2019-04-29 00:00:00-04:00;199.80999755859375;196.52354
2019-04-30 00:00:00-04:00;203.72999572753903;196.24753
2019-05-01 00:00:00-04:00;203.80999755859375;197.35486
2019-05-02 00:00:00-04:00;204.19000244140625;198.32635
2019-05-03 00:00:00-04:00;206.9199981689453;198.9529
2019-05-06 00:00:00-04:00;206.0399932861328;200.14328
2019-05-07 00:00:00-04:00;204.3500061035156;200.62552
2019-05-08 00:00:00-04:00;207.94000244140625;200.15323
2019-05-09 00:00:00-04:00;207.30999755859375;200.9544
2019-05-10 00:00:00-04:00;210.38999938964844;201.54468
2019-05-13 00:00:00-04:00;209.27000427246097;202.95116
2019-05-14 00:00:00-04:00;209.47000122070312;203.54167
2019-05-15 00:00:00-04:00;210.3999938964844;203.76123
2019-05-16 00:00:00-04:00;212.30999755859375;204.14288
2019-05-17 00:00:00-04:00;209.97999572753903;205.11292
2019-05-20 00:00:00-04:00;203.22999572753903;205.02643
2019-05-21 00:00:00-04:00;205.5;202.43304
2019-05-22 00:00:00-04:00;206.83999633789065;201.26035
2019-05-23 00:00:00-04:00;210.02999877929688;201.52313
2019-05-24 00:00:00-04:00;208.7400054931641;203.21
2019-05-28 00:00:00-04:00;203.8300018310547;203.99461
2019-05-29 00:00:00-04:00;203.77000427246097;202.41818
2019-05-30 00:00:00-04:00;212.61000061035156;200.90604
2019-05-31 00:00:00-04:00;216.41000366210935;203.1862
2019-06-03 00:00:00-04:00;217.4199981689453;206.70763
2019-06-04 00:00:00-04:00;217.4600067138672;209.2083
2019-06-05 00:00:00-04:00;220.72000122070312;210.2
2019-06-06 00:00:00-04:00;221.47999572753903;211.4493
2019-06-07 00:00:00-04:00;220.5;212.48883
2019-06-10 00:00:00-04:00;221.5399932861328;212.76813
2019-06-11 00:00:00-04:00;223.27000427246097;213.21965
2019-06-12 00:00:00-04:00;226.8500061035156;214.23189
2019-06-13 00:00:00-04:00;224.5;216.27487
2019-06-14 00:00:00-04:00;226.5;216.87642
2019-06-17 00:00:00-04:00;227.75;217.61694
2019-06-18 00:00:00-04:00;229.5500030517578;218.53284
2019-06-19 00:00:00-04:00;233.47999572753903;219.78043
2019-06-20 00:00:00-04:00;233.67999267578125;221.9597
2019-06-21 00:00:00-04:00;231.91000366210935;223.4539
2019-06-24 00:00:00-04:00;232.52000427246097;223.52405
2019-06-25 00:00:00-04:00;228.3300018310547;223.50555
2019-06-26 00:00:00-04:00;223.5;222.14214
2019-06-27 00:00:00-04:00;224.8300018310547;219.60028
2019-06-28 00:00:00-04:00;224.83999633789065;218.57072
2019-07-01 00:00:00-04:00;224.9900054931641;218.50902
2019-07-02 00:00:00-04:00;230.4199981689453;218.82652
2019-07-03 00:00:00-04:00;234.2899932861328;220.92328
2019-07-05 00:00:00-04:00;232.61000061035156;223.68848
2019-07-08 00:00:00-04:00;233.4199981689453;224.6002
2019-07-09 00:00:00-04:00;234.75;224.82278
2019-07-10 00:00:00-04:00;235.97000122070312;225.19833
2019-07-11 00:00:00-04:00;235.17999267578125;225.91328
2019-07-12 00:00:00-04:00;233.97000122070312;226.18109
2019-07-15 00:00:00-04:00;235.27000427246097;225.88144
2019-07-16 00:00:00-04:00;232.30999755859375;226.11333
2019-07-17 00:00:00-04:00;231.8500061035156;225.41675
2019-07-18 00:00:00-04:00;231.8000030517578;224.75676
2019-07-19 00:00:00-04:00;228.3999938964844;224.45053
2019-07-22 00:00:00-04:00;230.3000030517578;223.25522
2019-07-23 00:00:00-04:00;233.1699981689453;223.09952
2019-07-24 00:00:00-04:00;234.0800018310547;224.24448
2019-07-25 00:00:00-04:00;233.7899932861328;225.44618
2019-07-26 00:00:00-04:00;236.82000732421875;225.92361
2019-07-29 00:00:00-04:00;236.97999572753903;226.9727
2019-07-30 00:00:00-04:00;248.42999267578125;227.66454
2019-07-31 00:00:00-04:00;245.41000366210935;231.89795
2019-08-01 00:00:00-04:00;246.7899932861328;233.83118
2019-08-02 00:00:00-04:00;248.6199951171875;234.79326
2019-08-05 00:00:00-04:00;244.97999572753903;235.68054
2019-08-06 00:00:00-04:00;247.97999572753903;234.98831
2019-08-07 00:00:00-04:00;247.72999572753903;235.47493
2019-08-08 00:00:00-04:00;252.55999755859375;236.06871
2019-08-09 00:00:00-04:00;254.2899932861328;238.22423
2019-08-12 00:00:00-04:00;254.83999633789065;240.35387
2019-08-13 00:00:00-04:00;259.7699890136719;241.67535
2019-08-14 00:00:00-04:00;254.75;243.87617
2019-08-15 00:00:00-04:00;259.8500061035156;243.51959
2019-08-16 00:00:00-04:00;260.2900085449219;244.62604
2019-08-19 00:00:00-04:00;260.8399963378906;245.75827
2019-08-20 00:00:00-04:00;260.04998779296875;246.69067
2019-08-21 00:00:00-04:00;260.4200134277344;246.94818
2019-08-22 00:00:00-04:00;260.5299987792969;247.15613
2019-08-23 00:00:00-04:00;260.79998779296875;247.39203
2019-08-26 00:00:00-04:00;264.989990234375;247.72101
2019-08-27 00:00:00-04:00;264.8399963378906;249.42311
2019-08-28 00:00:00-04:00;263.1499938964844;250.58545
2019-08-29 00:00:00-04:00;262.5199890136719;250.51826
2019-08-30 00:00:00-04:00;262.42999267578125;250.01984
2019-09-03 00:00:00-04:00;265.8699951171875;249.7058
2019-09-04 00:00:00-04:00;269.2799987792969;250.85516
2019-09-05 00:00:00-04:00;263.20001220703125;252.9856
2019-09-06 00:00:00-04:00;262.3800048828125;252.23154
2019-09-09 00:00:00-04:00;252.0;250.95357
2019-09-10 00:00:00-04:00;241.08999633789065;246.70302
2019-09-11 00:00:00-04:00;242.2400054931641;240.35054
2019-09-12 00:00:00-04:00;245.8999938964844;237.11975
2019-09-13 00:00:00-04:00;243.52000427246097;237.53093
2019-09-16 00:00:00-04:00;246.2899932861328;237.78102
2019-09-17 00:00:00-04:00;252.9900054931641;238.60867
2019-09-18 00:00:00-04:00;253.38999938964844;241.11786
2019-09-19 00:00:00-04:00;251.2100067138672;242.61942
2019-09-20 00:00:00-04:00;256.7699890136719;242.17906
2019-09-23 00:00:00-04:00;255.57000732421875;243.24278
2019-09-24 00:00:00-04:00;254.77000427246097;243.64755
2019-09-25 00:00:00-04:00;246.0099945068359;243.47559
2019-09-26 00:00:00-04:00;245.97000122070312;240.30379
2019-09-27 00:00:00-04:00;236.8300018310547;238.07649
2019-09-30 00:00:00-04:00;241.1499938964844;234.13358
2019-10-01 00:00:00-04:00;237.0800018310547;233.31055
2019-10-02 00:00:00-04:00;233.77999877929688;232.23091
2019-10-03 00:00:00-04:00;237.27999877929688;230.4661
2019-10-04 00:00:00-04:00;236.5800018310547;230.4262
2019-10-07 00:00:00-04:00;236.3500061035156;230.40068
2019-10-08 00:00:00-04:00;237.16000366210935;230.15987
2019-10-09 00:00:00-04:00;238.63999938964844;230.07721
2019-10-10 00:00:00-04:00;242.82000732421875;230.42981
2019-10-11 00:00:00-04:00;241.47000122070312;232.03636
2019-10-14 00:00:00-04:00;240.86000061035156;232.5918
2019-10-15 00:00:00-04:00;239.0099945068359;232.35254
2019-10-16 00:00:00-04:00;232.94000244140625;231.35463
2019-10-17 00:00:00-04:00;240.0399932861328;228.60747
2019-10-18 00:00:00-04:00;244.1000061035156;229.2708
2019-10-21 00:00:00-04:00;245.8300018310547;231.8573
2019-10-22 00:00:00-04:00;244.97999572753903;234.25616
2019-10-23 00:00:00-04:00;247.97999572753903;235.05118
2019-10-24 00:00:00-04:00;246.55999755859375;236.02362
2019-10-25 00:00:00-04:00;244.1499938964844;236.05112
2019-10-28 00:00:00-04:00;242.5099945068359;235.09856
2019-10-29 00:00:00-04:00;238.67999267578125;233.91653
2019-10-30 00:00:00-04:00;241.88999938964844;232.06642
2019-10-31 00:00:00-04:00;240.6499938964844;232.17685
2019-11-01 00:00:00-04:00;240.17999267578125;232.33257
2019-11-04 00:00:00-05:00;234.6000061035156;232.29408
2019-11-05 00:00:00-05:00;228.7599945068359;230.26726
2019-11-06 00:00:00-05:00;231.5;226.72345
2019-11-07 00:00:00-05:00;226.72999572753903;225.43716
2019-11-08 00:00:00-05:00;228.4600067138672;223.67339
2019-11-11 00:00:00-05:00;228.6199951171875;223.22232
2019-11-12 00:00:00-05:00;226.38999938964844;223.2269
2019-11-13 00:00:00-05:00;231.32000732421875;222.43658
2019-11-14 00:00:00-05:00;234.97999572753903;223.36713
2019-11-15 00:00:00-05:00;237.2599945068359;225.36356
2019-11-18 00:00:00-05:00;236.16000366210935;227.31438
2019-11-19 00:00:00-05:00;239.9900054931641;227.79726
2019-11-20 00:00:00-05:00;240.75;228.9321
2019-11-21 00:00:00-05:00;237.7100067138672;229.90617
2019-11-22 00:00:00-05:00;232.3500061035156;229.38269
2019-11-25 00:00:00-05:00;231.5399932861328;226.99544
2019-11-26 00:00:00-05:00;237.08999633789065;225.14186
2019-11-27 00:00:00-05:00;237.5399932861328;226.33868
2019-11-29 00:00:00-05:00;236.47000122070312;227.94113
2019-12-02 00:00:00-05:00;232.13999938964844;228.5109
2019-12-03 00:00:00-05:00;234.97000122070312;226.9981
2019-12-04 00:00:00-05:00;235.36000061035156;226.65234
2019-12-05 00:00:00-05:00;235.94000244140625;226.88834
2019-12-06 00:00:00-05:00;236.4900054931641;227.3981
2019-12-09 00:00:00-05:00;237.75;227.90797
2019-12-10 00:00:00-05:00;235.6000061035156;228.57867
2019-12-11 00:00:00-05:00;235.77000427246097;228.19963
2019-12-12 00:00:00-05:00;228.0500030517578;227.81404
2019-12-13 00:00:00-05:00;235.47999572753903;224.97575
2019-12-16 00:00:00-05:00;234.67999267578125;225.52525
2019-12-17 00:00:00-05:00;227.6000061035156;226.3601
2019-12-18 00:00:00-05:00;233.8999938964844;224.47223
2019-12-19 00:00:00-05:00;238.1499938964844;224.9488
2019-12-20 00:00:00-05:00;241.22000122070312;227.15588
2019-12-23 00:00:00-05:00;240.61000061035156;229.75325
2019-12-24 00:00:00-05:00;240.1499938964844;230.88234
2019-12-26 00:00:00-05:00;241.2599945068359;230.88217
2019-12-27 00:00:00-05:00;241.41000366210935;230.98428
2019-12-30 00:00:00-05:00;238.4900054931641;231.18431
2019-12-31 00:00:00-05:00;240.9900054931641;230.4194
2020-01-02 00:00:00-05:00;238.8699951171875;230.75894
2020-01-03 00:00:00-05:00;241.02999877929688;230.53804
2020-01-06 00:00:00-05:00;241.25;231.11453
2020-01-07 00:00:00-05:00;237.4499969482422;231.69241
2020-01-08 00:00:00-05:00;240.02999877929688;230.71204
2020-01-09 00:00:00-05:00;241.1999969482422;230.73686
2020-01-10 00:00:00-05:00;244.8300018310547;231.39377
2020-01-13 00:00:00-05:00;250.0500030517578;233.16412
2020-01-14 00:00:00-05:00;248.66000366210935;236.10762
2020-01-15 00:00:00-05:00;249.5;237.35875
2020-01-16 00:00:00-05:00;250.72999572753903;237.86789
2020-01-17 00:00:00-05:00;252.0399932861328;238.37712
2020-01-21 00:00:00-05:00;254.44000244140625;239.17836
2020-01-22 00:00:00-05:00;252.61000061035156;240.59448
2020-01-23 00:00:00-05:00;255.0099945068359;240.93217
2020-01-24 00:00:00-05:00;253.1499938964844;241.77646
2020-01-27 00:00:00-05:00;252.7400054931641;241.7587
2020-01-28 00:00:00-05:00;251.75;241.52754
2020-01-29 00:00:00-05:00;249.33999633789065;241.11237
2020-01-30 00:00:00-05:00;253.7400054931641;240.14064
2020-01-31 00:00:00-05:00;249.55999755859375;241.10663
2020-02-03 00:00:00-05:00;249.5800018310547;240.65988
2020-02-04 00:00:00-05:00;254.1699981689453;240.1629
2020-02-05 00:00:00-05:00;254.57000732421875;241.43668
2020-02-06 00:00:00-05:00;256.5;242.62294
2020-02-07 00:00:00-05:00;258.82000732421875;243.85188
2020-02-10 00:00:00-05:00;264.739990234375;245.21718
2020-02-11 00:00:00-05:00;284.0;247.93207
2020-02-12 00:00:00-05:00;292.80999755859375;256.1759
2020-02-13 00:00:00-05:00;289.7799987792969;264.38177
2020-02-14 00:00:00-05:00;294.6099853515625;267.22745
2020-02-18 00:00:00-05:00;291.7200012207031;269.05444
2020-02-19 00:00:00-05:00;289.8500061035156;268.8788
2020-02-20 00:00:00-05:00;292.1300048828125;268.1944
2020-02-21 00:00:00-05:00;295.6499938964844;268.99942
2020-02-24 00:00:00-05:00;295.510009765625;271.34586
2020-02-25 00:00:00-05:00;291.0899963378906;273.1001
2020-02-26 00:00:00-05:00;288.2799987792969;272.55267
2020-02-27 00:00:00-05:00;271.8900146484375;271.02026
2020-02-28 00:00:00-05:00;265.0899963378906;264.7956
2020-03-02 00:00:00-05:00;285.04998779296875;258.74557
2020-03-03 00:00:00-05:00;286.6600036621094;262.67746
2020-03-04 00:00:00-05:00;303.239990234375;267.48767
2020-03-05 00:00:00-05:00;300.32000732421875;275.5292
2020-03-06 00:00:00-05:00;285.57000732421875;278.53815
2020-03-09 00:00:00-04:00;264.7099914550781;273.7117
2020-03-10 00:00:00-04:00;281.8900146484375;262.73886
2020-03-11 00:00:00-04:00;274.70001220703125;261.94904
2020-03-12 00:00:00-04:00;263.9599914550781;261.79977
2020-03-13 00:00:00-04:00;281.8900146484375;258.68832
2020-03-16 00:00:00-04:00;256.7099914550781;262.3926
2020-03-17 00:00:00-04:00;274.4599914550781;257.00797
2020-03-18 00:00:00-04:00;260.25;258.2372
2020-03-19 00:00:00-04:00;245.13999938964844;255.16463
2020-03-20 00:00:00-04:00;229.3300018310547;247.67249
2020-03-23 00:00:00-04:00;215.4600067138672;237.40918
2020-03-24 00:00:00-04:00;242.2400054931641;226.75906
2020-03-25 00:00:00-04:00;243.13999938964844;230.11122
2020-03-26 00:00:00-04:00;264.489990234375;235.35129
2020-03-27 00:00:00-04:00;261.3800048828125;245.38322
2020-03-30 00:00:00-04:00;278.6600036621094;249.51588
2020-03-31 00:00:00-04:00;269.9700012207031;255.50522
2020-04-01 00:00:00-04:00;260.4700012207031;255.35313
2020-04-02 00:00:00-04:00;274.94000244140625;250.736
2020-04-03 00:00:00-04:00;264.79998779296875;252.50151
2020-04-06 00:00:00-04:00;277.4599914550781;251.7192
2020-04-07 00:00:00-04:00;276.6600036621094;255.51697
2020-04-08 00:00:00-04:00;302.05999755859375;258.216
2020-04-09 00:00:00-04:00;305.80999755859375;268.0896
2020-04-13 00:00:00-04:00;289.0;275.49075
2020-04-14 00:00:00-04:00;302.6099853515625;272.82532
2020-04-15 00:00:00-04:00;301.82000732421875;274.05972
2020-04-16 00:00:00-04:00;308.70001220703125;275.4027
2020-04-17 00:00:00-04:00;314.8299865722656;278.9775
2020-04-20 00:00:00-04:00;300.2699890136719;283.4999
2020-04-21 00:00:00-04:00;294.0299987792969;281.21393
2020-04-22 00:00:00-04:00;306.55999755859375;276.93546
2020-04-23 00:00:00-04:00;306.6700134277344;278.87653
2020-04-24 00:00:00-04:00;305.7900085449219;281.51974
2020-04-27 00:00:00-04:00;308.79998779296875;282.9326
2020-04-28 00:00:00-04:00;305.30999755859375;284.33356
2020-04-29 00:00:00-04:00;291.4700012207031;283.80414
2020-04-30 00:00:00-04:00;289.9200134277344;278.67908
2020-05-01 00:00:00-04:00;286.760009765625;274.92105
2020-05-04 00:00:00-04:00;288.5;272.53116
2020-05-05 00:00:00-04:00;294.510009765625;272.4988
2020-05-06 00:00:00-04:00;288.3500061035156;275.01605
2020-05-07 00:00:00-04:00;286.1300048828125;274.56558
2020-05-08 00:00:00-04:00;291.8599853515625;272.77792
2020-05-11 00:00:00-04:00;296.55999755859375;273.29147
2020-05-12 00:00:00-04:00;289.1700134277344;275.4887
2020-05-13 00:00:00-04:00;284.0899963378906;274.37268
2020-05-14 00:00:00-04:00;282.92999267578125;271.36945
2020-05-15 00:00:00-04:00;284.1000061035156;269.04407
2020-05-18 00:00:00-04:00;289.3299865722656;268.50607
2020-05-19 00:00:00-04:00;284.29998779296875;270.44427
2020-05-20 00:00:00-04:00;283.75;270.1798
2020-05-21 00:00:00-04:00;281.2900085449219;269.29016
2020-05-22 00:00:00-04:00;289.9599914550781;267.7343
2020-05-26 00:00:00-04:00;293.489990234375;269.6956
2020-05-27 00:00:00-04:00;302.8900146484375;272.52167
2020-05-28 00:00:00-04:00;310.69000244140625;277.15622
2020-05-29 00:00:00-04:00;314.1300048828125;282.1447
2020-06-01 00:00:00-04:00;317.67999267578125;285.54214
2020-06-02 00:00:00-04:00;318.260009765625;287.88623
2020-06-03 00:00:00-04:00;314.95001220703125;288.9813
2020-06-04 00:00:00-04:00;300.5899963378906;288.34882
2020-06-05 00:00:00-04:00;297.17999267578125;283.2942
2020-06-08 00:00:00-04:00;294.6400146484375;279.29443
2020-06-09 00:00:00-04:00;308.25;277.15176
2020-06-10 00:00:00-04:00;306.1199951171875;281.43503
2020-06-11 00:00:00-04:00;290.0;284.17755
2020-06-12 00:00:00-04:00;297.3699951171875;279.75992
2020-06-15 00:00:00-04:00;299.3699951171875;278.3952
2020-06-16 00:00:00-04:00;302.0400085449219;278.90823
2020-06-17 00:00:00-04:00;297.8900146484375;280.57358
2020-06-18 00:00:00-04:00;289.2900085449219;280.17078
2020-06-19 00:00:00-04:00;302.29998779296875;276.6097
2020-06-22 00:00:00-04:00;297.1199951171875;278.4845
2020-06-23 00:00:00-04:00;293.7799987792969;278.7519
2020-06-24 00:00:00-04:00;287.7699890136719;277.52338
2020-06-25 00:00:00-04:00;289.2900085449219;274.5057
2020-06-26 00:00:00-04:00;294.19000244140625;273.1669
2020-06-29 00:00:00-04:00;289.17999267578125;274.52307
2020-06-30 00:00:00-04:00;297.9200134277344;274.08813
2020-07-01 00:00:00-04:00;301.3500061035156;276.33984
2020-07-02 00:00:00-04:00;300.5799865722656;278.91022
2020-07-06 00:00:00-04:00;302.3900146484375;279.83298
2020-07-07 00:00:00-04:00;305.489990234375;280.3936
2020-07-08 00:00:00-04:00;303.17999267578125;281.5438
2020-07-09 00:00:00-04:00;307.7799987792969;281.48627
2020-07-10 00:00:00-04:00;304.4200134277344;282.83618
2020-07-13 00:00:00-04:00;291.7300109863281;282.7084
2020-07-14 00:00:00-04:00;297.1199951171875;278.29193
2020-07-15 00:00:00-04:00;292.9100036621094;277.20303
2020-07-16 00:00:00-04:00;291.55999755859375;276.10086
2020-07-17 00:00:00-04:00;297.6400146484375;275.3431
2020-07-20 00:00:00-04:00;300.7799987792969;277.05804
2020-07-21 00:00:00-04:00;296.8500061035156;279.34885
2020-07-22 00:00:00-04:00;298.20001220703125;279.12463
2020-07-23 00:00:00-04:00;298.67999267578125;278.7884
2020-07-24 00:00:00-04:00;298.67999267578125;278.648
2020-07-27 00:00:00-04:00;304.489990234375;278.65076
2020-07-28 00:00:00-04:00;312.239990234375;280.6474
2020-07-29 00:00:00-04:00;317.57000732421875;284.57346
2020-07-30 00:00:00-04:00;311.4100036621094;288.52927
2020-07-31 00:00:00-04:00;311.5400085449219;288.2335
2020-08-03 00:00:00-04:00;305.3900146484375;287.25604
2020-08-04 00:00:00-04:00;310.30999755859375;284.69595
2020-08-05 00:00:00-04:00;306.4800109863281;285.08658
2020-08-06 00:00:00-04:00;307.3299865722656;284.8382
2020-08-07 00:00:00-04:00;311.2799987792969;285.0964
2020-08-10 00:00:00-04:00;300.8299865722656;286.6485
2020-08-11 00:00:00-04:00;295.6400146484375;284.20093
2020-08-12 00:00:00-04:00;304.3900146484375;280.5602
2020-08-13 00:00:00-04:00;304.6300048828125;281.46216
2020-08-14 00:00:00-04:00;303.1700134277344;282.99203
2020-08-17 00:00:00-04:00;307.739990234375;283.40982
2020-08-18 00:00:00-04:00;307.4700012207031;284.7334
2020-08-19 00:00:00-04:00;298.2200012207031;285.2899
2020-08-20 00:00:00-04:00;299.80999755859375;282.29117
2020-08-21 00:00:00-04:00;305.44000244140625;280.6635
2020-08-24 00:00:00-04:00;301.5199890136719;282.064
2020-08-25 00:00:00-04:00;304.4700012207031;282.16446
2020-08-26 00:00:00-04:00;303.4599914550781;282.93655
2020-08-27 00:00:00-04:00;305.92999267578125;282.9757
2020-08-28 00:00:00-04:00;306.19000244140625;283.622
2020-08-31 00:00:00-04:00;306.07000732421875;284.08
2020-09-01 00:00:00-04:00;306.6199951171875;284.21387
2020-09-02 00:00:00-04:00;314.1700134277344;284.38235
2020-09-03 00:00:00-04:00;306.7699890136719;286.9772
2020-09-04 00:00:00-04:00;300.2900085449219;286.2326
2020-09-08 00:00:00-04:00;305.7900085449219;283.12906
2020-09-09 00:00:00-04:00;313.3599853515625;282.99634
2020-09-10 00:00:00-04:00;303.3800048828125;286.1592
2020-09-11 00:00:00-04:00;304.57000732421875;285.12424
2020-09-14 00:00:00-04:00;309.69000244140625;284.17975
2020-09-15 00:00:00-04:00;323.3500061035156;285.32028
2020-09-16 00:00:00-04:00;322.1400146484375;290.8523
2020-09-17 00:00:00-04:00;312.3500061035156;293.841
2020-09-18 00:00:00-04:00;308.70001220703125;291.41248
2020-09-21 00:00:00-04:00;305.05999755859375;287.92
2020-09-22 00:00:00-04:00;313.20001220703125;284.99014
2020-09-23 00:00:00-04:00;305.1300048828125;286.7431
2020-09-24 00:00:00-04:00;306.2699890136719;286.07697
2020-09-25 00:00:00-04:00;314.0199890136719;285.7638
2020-09-28 00:00:00-04:00;310.4800109863281;288.10654
2020-09-29 00:00:00-04:00;313.8699951171875;288.50214
2020-09-30 00:00:00-04:00;318.4800109863281;289.35815
2020-10-01 00:00:00-04:00;315.17999267578125;291.22446
2020-10-02 00:00:00-04:00;318.1199951171875;291.17734
2020-10-05 00:00:00-04:00;321.92999267578125;291.75232
2020-10-06 00:00:00-04:00;315.0400085449219;293.3848
2020-10-07 00:00:00-04:00;313.30999755859375;292.1642
2020-10-08 00:00:00-04:00;315.32000732421875;290.5623
2020-10-09 00:00:00-04:00;314.6300048828125;290.45938
2020-10-12 00:00:00-04:00;313.92999267578125;290.63483
2020-10-13 00:00:00-04:00;308.82000732421875;290.65155
2020-10-14 00:00:00-04:00;306.6000061035156;288.9577
2020-10-15 00:00:00-04:00;310.5400085449219;287.1011
2020-10-16 00:00:00-04:00;310.25;287.49832
2020-10-19 00:00:00-04:00;307.7799987792969;288.07196
2020-10-20 00:00:00-04:00;306.6099853515625;287.55417
2020-10-21 00:00:00-04:00;307.2699890136719;286.60312
2020-10-22 00:00:00-04:00;294.010009765625;286.20065
2020-10-23 00:00:00-04:00;302.1099853515625;281.73993
2020-10-26 00:00:00-04:00;303.3299865722656;281.49258
2020-10-27 00:00:00-04:00;301.8299865722656;282.5894
2020-10-28 00:00:00-04:00;295.4200134277344;282.9366
2020-10-29 00:00:00-04:00;295.0199890136719;280.6731
2020-10-30 00:00:00-04:00;290.3699951171875;278.77307
2020-11-02 00:00:00-05:00;293.5199890136719;276.31284
2020-11-03 00:00:00-05:00;291.010009765625;276.08078
2020-11-04 00:00:00-05:00;302.0199890136719;275.5497
2020-11-05 00:00:00-05:00;305.82000732421875;278.82785
2020-11-06 00:00:00-05:00;306.6199951171875;282.22025
2020-11-09 00:00:00-05:00;297.4700012207031;283.91757
2020-11-10 00:00:00-05:00;290.6400146484375;281.1026
2020-11-11 00:00:00-05:00;298.5899963378906;276.52475
2020-11-12 00:00:00-05:00;296.9700012207031;276.68805
2020-11-13 00:00:00-05:00;304.0;277.42926
2020-11-16 00:00:00-05:00;295.4100036621094;280.41092
2020-11-17 00:00:00-05:00;298.7799987792969;279.31235
2020-11-18 00:00:00-05:00;298.5199890136719;278.98843
2020-11-19 00:00:00-05:00;297.760009765625;278.7711
2020-11-20 00:00:00-05:00;290.1000061035156;278.50214
2020-11-23 00:00:00-05:00;286.2699890136719;275.8515
2020-11-24 00:00:00-05:00;279.8900146484375;272.85895
2020-11-25 00:00:00-05:00;282.6099853515625;269.25912
2020-11-27 00:00:00-05:00;285.7300109863281;268.37134
2020-11-30 00:00:00-05:00;287.17999267578125;269.55844
2020-12-01 00:00:00-05:00;288.7799987792969;270.98056
2020-12-02 00:00:00-05:00;284.4800109863281;272.02542
2020-12-03 00:00:00-05:00;286.3999938964844;270.75156
2020-12-04 00:00:00-05:00;286.45001220703125;270.1151
2020-12-07 00:00:00-05:00;283.7900085449219;269.85858
2020-12-08 00:00:00-05:00;280.8500061035156;268.942
2020-12-09 00:00:00-05:00;275.8800048828125;267.37045
2020-12-10 00:00:00-05:00;275.6000061035156;264.79245
2020-12-11 00:00:00-05:00;275.6199951171875;263.23056
2020-12-14 00:00:00-05:00;274.1700134277344;262.68658
2020-12-15 00:00:00-05:00;276.2900085449219;262.1341
2020-12-16 00:00:00-05:00;275.760009765625;262.4738
2020-12-17 00:00:00-05:00;282.0400085449219;262.50153
2020-12-18 00:00:00-05:00;276.92999267578125;264.42026
2020-12-21 00:00:00-05:00;274.9200134277344;263.8831
2020-12-22 00:00:00-05:00;275.9200134277344;262.335
2020-12-23 00:00:00-05:00;272.9800109863281;261.59503
2020-12-24 00:00:00-05:00;275.0199890136719;260.43945
2020-12-28 00:00:00-05:00;276.25;260.51413
2020-12-29 00:00:00-05:00;276.0;261.213
2020-12-30 00:00:00-05:00;274.55999755859375;261.5783
2020-12-31 00:00:00-05:00;282.1300048828125;261.12662
2021-01-04 00:00:00-05:00;275.6300048828125;263.2064
2021-01-05 00:00:00-05:00;272.5799865722656;262.52148
2021-01-06 00:00:00-05:00;264.6400146484375;260.58313
2021-01-07 00:00:00-05:00;265.25;256.65488
2021-01-08 00:00:00-05:00;267.82000732421875;254.56438
2021-01-11 00:00:00-05:00;260.3599853515625;254.87581
2021-01-12 00:00:00-05:00;261.2099914550781;253.10335
2021-01-13 00:00:00-05:00;265.4200134277344;251.97751
2021-01-14 00:00:00-05:00;264.1199951171875;252.8053
2021-01-15 00:00:00-05:00;269.1000061035156;253.09526
2021-01-19 00:00:00-05:00;269.1400146484375;254.66595
2021-01-20 00:00:00-05:00;272.5400085449219;255.54842
2021-01-21 00:00:00-05:00;272.69000244140625;256.86588
2021-01-22 00:00:00-05:00;272.7099914550781;257.5482
2021-01-25 00:00:00-05:00;276.5299987792969;257.72464
2021-01-26 00:00:00-05:00;277.4800109863281;258.99515
2021-01-27 00:00:00-05:00;271.70001220703125;260.22046
2021-01-28 00:00:00-05:00;269.8599853515625;258.93323
2021-01-29 00:00:00-05:00;268.6700134277344;257.20123
2021-02-01 00:00:00-05:00;278.2699890136719;255.92851
2021-02-02 00:00:00-05:00;281.8999938964844;258.78806
2021-02-03 00:00:00-05:00;272.1199951171875;262.38815
2021-02-04 00:00:00-05:00;274.239990234375;260.99496
2021-02-05 00:00:00-05:00;273.8599853515625;259.86307
2021-02-08 00:00:00-05:00;267.010009765625;259.18378
2021-02-09 00:00:00-05:00;266.6600036621094;256.7987
2021-02-10 00:00:00-05:00;266.0199890136719;255.24652
2021-02-11 00:00:00-05:00;265.0199890136719;254.49626
2021-02-12 00:00:00-05:00;263.94000244140625;254.01865
2021-02-16 00:00:00-05:00;259.5;253.44493
2021-02-17 00:00:00-05:00;259.55999755859375;251.555
2021-02-18 00:00:00-05:00;262.79998779296875;250.24861
2021-02-19 00:00:00-05:00;261.7699890136719;250.72964
2021-02-22 00:00:00-05:00;259.70001220703125;250.95038
2021-02-23 00:00:00-05:00;248.7899932861328;250.19972
2021-02-24 00:00:00-05:00;250.5099945068359;245.78847
2021-02-25 00:00:00-05:00;256.5199890136719;243.24513
2021-02-26 00:00:00-05:00;255.1300048828125;244.37526
2021-03-01 00:00:00-05:00;247.94000244140625;245.3168
2021-03-02 00:00:00-05:00;246.3300018310547;243.19283
2021-03-03 00:00:00-05:00;239.16000366210935;240.67453
2021-03-04 00:00:00-05:00;235.9199981689453;236.72711
2021-03-05 00:00:00-05:00;242.19000244140625;233.25034
2021-03-08 00:00:00-05:00;242.82000732421875;233.65474
2021-03-09 00:00:00-05:00;247.97000122070312;234.90247
2021-03-10 00:00:00-05:00;249.83999633789065;237.33107
2021-03-11 00:00:00-05:00;258.6300048828125;239.1839
2021-03-12 00:00:00-05:00;261.0199890136719;242.75362
2021-03-15 00:00:00-04:00;265.4800109863281;245.54823
2021-03-16 00:00:00-04:00;269.92999267578125;248.20848
2021-03-17 00:00:00-04:00;267.7200012207031;250.97563
2021-03-18 00:00:00-04:00;267.6700134277344;251.6818
2021-03-19 00:00:00-04:00;266.07000732421875;251.71132
2021-03-22 00:00:00-04:00;274.1000061035156;251.22607
2021-03-23 00:00:00-04:00;274.1400146484375;253.86784
2021-03-24 00:00:00-04:00;272.4599914550781;256.09717
2021-03-25 00:00:00-04:00;272.3599853515625;256.72006
2021-03-26 00:00:00-04:00;282.57000732421875;256.71838
2021-03-29 00:00:00-04:00;281.3999938964844;260.1509
2021-03-30 00:00:00-04:00;276.239990234375;262.30737
2021-03-31 00:00:00-04:00;277.54998779296875;261.48523
2021-04-01 00:00:00-04:00;281.17999267578125;260.94485
2021-04-05 00:00:00-04:00;285.1099853515625;262.0971
2021-04-06 00:00:00-04:00;285.4599914550781;264.5576
2021-04-07 00:00:00-04:00;284.19000244140625;266.28012
2021-04-08 00:00:00-04:00;279.6400146484375;266.58087
2021-04-09 00:00:00-04:00;275.69000244140625;264.9348
2021-04-12 00:00:00-04:00;280.489990234375;262.50433
2021-04-13 00:00:00-04:00;282.1300048828125;262.91983
2021-04-14 00:00:00-04:00;281.0299987792969;264.45203
2021-04-15 00:00:00-04:00;288.44000244140625;265.17014
2021-04-16 00:00:00-04:00;288.3299865722656;267.7936
2021-04-19 00:00:00-04:00;288.0899963378906;269.33563
2021-04-20 00:00:00-04:00;292.0199890136719;269.74838
2021-04-21 00:00:00-04:00;291.3500061035156;270.98874
2021-04-22 00:00:00-04:00;294.57000732421875;271.57657
2021-04-23 00:00:00-04:00;296.489990234375;272.91006
2021-04-26 00:00:00-04:00;296.7799987792969;274.42026
2021-04-27 00:00:00-04:00;294.7799987792969;275.37335
2021-04-28 00:00:00-04:00;297.8800048828125;275.12357
2021-04-29 00:00:00-04:00;298.0799865722656;275.88397
2021-04-30 00:00:00-04:00;299.7200012207031;276.6317
2021-05-03 00:00:00-04:00;298.6600036621094;277.6706
2021-05-04 00:00:00-04:00;296.8999938964844;277.9457
2021-05-05 00:00:00-04:00;294.2099914550781;277.41153
2021-05-06 00:00:00-04:00;291.54998779296875;276.17126
2021-05-07 00:00:00-04:00;290.9100036621094;274.656
2021-05-10 00:00:00-04:00;292.05999755859375;273.77518
2021-05-11 00:00:00-04:00;291.45001220703125;273.9597
2021-05-12 00:00:00-04:00;284.25;274.1073
2021-05-13 00:00:00-04:00;283.1700134277344;271.75357
2021-05-14 00:00:00-04:00;288.6199951171875;269.68295
2021-05-17 00:00:00-04:00;288.5;270.5052
2021-05-18 00:00:00-04:00;291.3299865722656;271.47498
2021-05-19 00:00:00-04:00;288.3900146484375;272.8615
2021-05-20 00:00:00-04:00;293.1099853515625;272.46036
2021-05-21 00:00:00-04:00;290.92999267578125;273.35214
2021-05-24 00:00:00-04:00;296.5400085449219;273.22705
2021-05-25 00:00:00-04:00;298.739990234375;274.84393
2021-05-26 00:00:00-04:00;298.4800109863281;276.67566
2021-05-27 00:00:00-04:00;297.1400146484375;277.51923
2021-05-28 00:00:00-04:00;298.1199951171875;277.25018
2021-06-01 00:00:00-04:00;302.2699890136719;277.24234
2021-06-02 00:00:00-04:00;309.6099853515625;278.75824
2021-06-03 00:00:00-04:00;309.42999267578125;282.33896
2021-06-04 00:00:00-04:00;312.7300109863281;284.4245
2021-06-07 00:00:00-04:00;315.20001220703125;286.19632
2021-06-08 00:00:00-04:00;317.4200134277344;287.74695
2021-06-09 00:00:00-04:00;316.7099914550781;289.24677
2021-06-10 00:00:00-04:00;318.6499938964844;289.82843
2021-06-11 00:00:00-04:00;317.3399963378906;290.72083
2021-06-14 00:00:00-04:00;320.010009765625;290.92813
2021-06-15 00:00:00-04:00;319.7300109863281;291.9656
2021-06-16 00:00:00-04:00;317.2900085449219;292.66516
2021-06-17 00:00:00-04:00;321.8800048828125;292.2753
2021-06-18 00:00:00-04:00;318.44000244140625;293.49832
2021-06-21 00:00:00-04:00;321.1199951171875;293.3409
2021-06-22 00:00:00-04:00;321.0299987792969;294.00757
2021-06-23 00:00:00-04:00;317.2200012207031;294.47958
2021-06-24 00:00:00-04:00;315.7300109863281;293.49878
2021-06-25 00:00:00-04:00;319.1000061035156;292.3324
2021-06-28 00:00:00-04:00;322.8399963378906;292.92493
2021-06-29 00:00:00-04:00;322.010009765625;294.85703
2021-06-30 00:00:00-04:00;318.70001220703125;295.76764
2021-07-01 00:00:00-04:00;320.0400085449219;294.85498
2021-07-02 00:00:00-04:00;322.8399963378906;294.46146
2021-07-06 00:00:00-04:00;326.20001220703125;295.31653
2021-07-07 00:00:00-04:00;330.79998779296875;297.13538
2021-07-08 00:00:00-04:00;328.9100036621094;299.67966
2021-07-09 00:00:00-04:00;329.3299865722656;300.30646
2021-07-12 00:00:00-04:00;330.6000061035156;300.3239
2021-07-13 00:00:00-04:00;329.1499938964844;300.62036
2021-07-14 00:00:00-04:00;331.7799987792969;300.44553
2021-07-15 00:00:00-04:00;332.32000732421875;301.27103
2021-07-16 00:00:00-04:00;334.1099853515625;302.10614
2021-07-19 00:00:00-04:00;334.5299987792969;303.15912
2021-07-20 00:00:00-04:00;335.29998779296875;303.83932
2021-07-21 00:00:00-04:00;331.9599914550781;304.35898
2021-07-22 00:00:00-04:00;334.1000061035156;303.51425
2021-07-23 00:00:00-04:00;337.0400085449219;303.64853
2021-07-26 00:00:00-04:00;338.19000244140625;304.92392
2021-07-27 00:00:00-04:00;340.7900085449219;306.18552
2021-07-28 00:00:00-04:00;340.32000732421875;307.61548
2021-07-29 00:00:00-04:00;338.44000244140625;308.10297
2021-07-30 00:00:00-04:00;340.989990234375;307.54312
2021-08-02 00:00:00-04:00;342.3599853515625;307.9625
2021-08-03 00:00:00-04:00;346.0199890136719;308.86273
2021-08-04 00:00:00-04:00;349.07000732421875;310.6487
2021-08-05 00:00:00-04:00;346.92999267578125;312.61844
2021-08-06 00:00:00-04:00;347.010009765625;312.82913
2021-08-09 00:00:00-04:00;346.5899963378906;312.62802
2021-08-10 00:00:00-04:00;341.29998779296875;312.3665
2021-08-11 00:00:00-04:00;346.489990234375;310.67984
2021-08-12 00:00:00-04:00;350.2200012207031;311.49902
2021-08-13 00:00:00-04:00;353.80999755859375;313.62802
2021-08-16 00:00:00-04:00;352.45001220703125;316.05423
2021-08-17 00:00:00-04:00;359.70001220703125;316.66162
2021-08-18 00:00:00-04:00;353.6499938964844;318.84146
2021-08-19 00:00:00-04:00;359.8599853515625;318.0685
2021-08-20 00:00:00-04:00;362.1600036621094;319.2946
2021-08-23 00:00:00-04:00;358.0899963378906;320.9505
2021-08-24 00:00:00-04:00;352.6400146484375;320.60672
2021-08-25 00:00:00-04:00;349.5799865722656;318.44122
2021-08-26 00:00:00-04:00;350.4800109863281;316.2896
2021-08-27 00:00:00-04:00;352.8299865722656;315.8297
2021-08-30 00:00:00-04:00;358.6400146484375;316.89453
2021-08-31 00:00:00-04:00;358.9700012207031;319.59033
2021-09-01 00:00:00-04:00;366.3800048828125;321.07767
2021-09-02 00:00:00-04:00;366.7099914550781;323.72345
2021-09-03 00:00:00-04:00;366.4800109863281;324.97333
2021-09-07 00:00:00-04:00;365.1600036621094;325.14053
2021-09-08 00:00:00-04:00;368.5799865722656;324.5797
2021-09-09 00:00:00-04:00;359.6499938964844;325.41187
2021-09-10 00:00:00-04:00;352.82000732421875;323.3379
2021-09-13 00:00:00-04:00;352.6600036621094;319.97382
2021-09-14 00:00:00-04:00;356.57000732421875;318.35846
2021-09-15 00:00:00-04:00;355.4599914550781;319.43158
2021-09-16 00:00:00-04:00;355.42999267578125;320.17532
2021-09-17 00:00:00-04:00;352.70001220703125;320.3909
2021-09-20 00:00:00-04:00;353.42999267578125;319.33682
2021-09-21 00:00:00-04:00;354.3500061035156;318.76788
2021-09-22 00:00:00-04:00;358.4800109863281;318.8429
2021-09-23 00:00:00-04:00;353.6499938964844;320.31442
2021-09-24 00:00:00-04:00;344.92999267578125;319.61353
2021-09-27 00:00:00-04:00;336.0;316.09375
2021-09-28 00:00:00-04:00;331.6000061035156;311.14288
2021-09-29 00:00:00-04:00;332.7799987792969;307.36417
2021-09-30 00:00:00-04:00;330.57000732421875;306.44186
2021-10-01 00:00:00-04:00;333.57000732421875;305.9606
2021-10-04 00:00:00-04:00;334.1600036621094;306.71033
2021-10-05 00:00:00-04:00;330.760009765625;307.18237
2021-10-06 00:00:00-04:00;336.82000732421875;305.95596
2021-10-07 00:00:00-04:00;337.8999938964844;306.76776
2021-10-08 00:00:00-04:00;329.8599853515625;307.65042
2021-10-11 00:00:00-04:00;329.82000732421875;305.3705
2021-10-12 00:00:00-04:00;333.9200134277344;303.6216
2021-10-13 00:00:00-04:00;326.70001220703125;304.18564
2021-10-14 00:00:00-04:00;326.8699951171875;302.60062
2021-10-15 00:00:00-04:00;326.8999938964844;301.5456
2021-10-18 00:00:00-04:00;323.3999938964844;301.07175
2021-10-19 00:00:00-04:00;332.17999267578125;299.81912
2021-10-20 00:00:00-04:00;336.30999755859375;301.9018
2021-10-21 00:00:00-04:00;340.1600036621094;304.70242
2021-10-22 00:00:00-04:00;345.6199951171875;307.23593
2021-10-25 00:00:00-04:00;349.2200012207031;309.85583
2021-10-26 00:00:00-04:00;354.1300048828125;312.01526
2021-10-27 00:00:00-04:00;349.3500061035156;314.395
2021-10-28 00:00:00-04:00;353.0199890136719;313.93246
2021-10-29 00:00:00-04:00;345.3299865722656;314.51434
2021-11-01 00:00:00-04:00;347.3999938964844;312.62784
2021-11-02 00:00:00-04:00;358.3399963378906;312.3145
2021-11-03 00:00:00-04:00;352.0;316.18692
2021-11-04 00:00:00-04:00;346.4700012207031;316.7909
2021-11-05 00:00:00-04:00;344.2099914550781;314.7698
2021-11-08 00:00:00-05:00;347.989990234375;312.60626
2021-11-09 00:00:00-05:00;349.4599914550781;312.96768
2021-11-10 00:00:00-05:00;342.5199890136719;314.2632
2021-11-11 00:00:00-05:00;342.92999267578125;312.88782
2021-11-12 00:00:00-05:00;343.7699890136719;311.8961
2021-11-15 00:00:00-05:00;348.07000732421875;311.7337
2021-11-16 00:00:00-05:00;347.3800048828125;313.25375
2021-11-17 00:00:00-05:00;350.2900085449219;313.9956
2021-11-18 00:00:00-05:00;345.239990234375;315.04953
2021-11-19 00:00:00-05:00;344.989990234375;313.8226
2021-11-22 00:00:00-05:00;343.82000732421875;312.76813
2021-11-23 00:00:00-05:00;348.95001220703125;311.96054
2021-11-24 00:00:00-05:00;354.4599914550781;313.41016
2021-11-26 00:00:00-05:00;351.04998779296875;316.2753
2021-11-29 00:00:00-05:00;355.57000732421875;316.65643
2021-11-30 00:00:00-05:00;343.79998779296875;317.71576
2021-12-01 00:00:00-05:00;339.29998779296875;314.41226
2021-12-02 00:00:00-05:00;348.0400085449219;310.83475
2021-12-03 00:00:00-05:00;348.69000244140625;312.10004
2021-12-06 00:00:00-05:00;348.1600036621094;313.98935
2021-12-07 00:00:00-05:00;360.07000732421875;314.86893
2021-12-08 00:00:00-05:00;358.989990234375;318.72543
2021-12-09 00:00:00-05:00;353.0;320.37793
2021-12-10 00:00:00-05:00;358.92999267578125;318.69797
2021-12-13 00:00:00-05:00;365.0199890136719;319.16315
2021-12-14 00:00:00-05:00;363.5;321.76202
2021-12-15 00:00:00-05:00;370.1799926757813;322.96677
2021-12-16 00:00:00-05:00;370.5;325.42902
2021-12-17 00:00:00-05:00;375.8800048828125;326.74826
2021-12-20 00:00:00-05:00;374.3599853515625;328.87872
2021-12-21 00:00:00-05:00;372.739990234375;329.44852
2021-12-22 00:00:00-05:00;377.5899963378906;329.02573
2021-12-23 00:00:00-05:00;374.2799987792969;330.32657
2021-12-27 00:00:00-05:00;383.3599853515625;330.3036
2021-12-28 00:00:00-05:00;384.7300109863281;333.1457
2021-12-29 00:00:00-05:00;384.9500122070313;335.29965
2021-12-30 00:00:00-05:00;388.55999755859375;336.23486
2021-12-31 00:00:00-05:00;389.0199890136719;337.51437
2022-01-03 00:00:00-05:00;379.8699951171875;338.28094
2022-01-04 00:00:00-05:00;369.4599914550781;335.7774
2022-01-05 00:00:00-05:00;350.7699890136719;331.09995
2022-01-06 00:00:00-05:00;349.1700134277344;323.13678
2022-01-07 00:00:00-05:00;347.9100036621094;318.99548
2022-01-10 00:00:00-05:00;342.5799865722656;317.82312
2022-01-11 00:00:00-05:00;341.69000244140625;316.4327
2022-01-12 00:00:00-05:00;338.510009765625;315.36923
2022-01-13 00:00:00-05:00;334.17999267578125;313.59244
2022-01-14 00:00:00-05:00;326.2699890136719;310.96396
2022-01-18 00:00:00-05:00;326.0400085449219;306.80637
2022-01-19 00:00:00-05:00;321.2300109863281;304.35168
2022-01-20 00:00:00-05:00;316.79998779296875;301.83752
2022-01-21 00:00:00-05:00;312.3399963378906;299.1199
2022-01-24 00:00:00-05:00;326.5400085449219;296.1506
2022-01-25 00:00:00-05:00;325.5400085449219;299.0901
2022-01-26 00:00:00-05:00;315.760009765625;300.94815
2022-01-27 00:00:00-05:00;306.17999267578125;298.1157
2022-01-28 00:00:00-05:00;317.760009765625;292.37823
2022-01-31 00:00:00-05:00;325.44000244140625;292.67563
2022-02-01 00:00:00-05:00;322.3699951171875;296.50232
2022-02-02 00:00:00-05:00;323.57000732421875;297.93344
2022-02-03 00:00:00-05:00;321.70001220703125;298.22998
2022-02-04 00:00:00-05:00;321.54998779296875;297.1979
2022-02-07 00:00:00-05:00;321.55999755859375;296.3166
2022-02-08 00:00:00-05:00;318.3299865722656;295.9517
2022-02-09 00:00:00-05:00;326.29998779296875;294.90164
2022-02-10 00:00:00-05:00;318.0799865722656;296.94183
2022-02-11 00:00:00-05:00;312.010009765625;295.76587
2022-02-14 00:00:00-05:00;309.3500061035156;292.64813
2022-02-15 00:00:00-05:00;309.05999755859375;289.87534
2022-02-16 00:00:00-05:00;303.8299865722656;288.62903
2022-02-17 00:00:00-05:00;295.9800109863281;286.73245
2022-02-18 00:00:00-05:00;290.82000732421875;283.14923
2022-02-22 00:00:00-05:00;297.0799865722656;279.32526
2022-02-23 00:00:00-05:00;291.3500061035156;279.41492
2022-02-24 00:00:00-05:00;302.29998779296875;278.27063
2022-02-25 00:00:00-05:00;306.8699951171875;280.94434
2022-02-28 00:00:00-05:00;303.3900146484375;284.14685
2022-03-01 00:00:00-05:00;316.69000244140625;284.32474
2022-03-02 00:00:00-05:00;321.1400146484375;287.88336
2022-03-03 00:00:00-05:00;326.0299987792969;291.42822
2022-03-04 00:00:00-05:00;330.8999938964844;294.62744
2022-03-07 00:00:00-05:00;331.8999938964844;297.5204
2022-03-08 00:00:00-05:00;324.8999938964844;299.09958
2022-03-09 00:00:00-05:00;326.19000244140625;297.38495
2022-03-10 00:00:00-05:00;328.7799987792969;296.6186
2022-03-11 00:00:00-05:00;320.8800048828125;297.58914
2022-03-14 00:00:00-04:00;320.70001220703125;296.1484
2022-03-15 00:00:00-04:00;322.239990234375;295.21582
2022-03-16 00:00:00-04:00;325.8599853515625;295.5011
2022-03-17 00:00:00-04:00;330.07000732421875;297.20642
2022-03-18 00:00:00-04:00;330.6300048828125;299.6836
2022-03-21 00:00:00-04:00;327.6000061035156;301.08463
2022-03-22 00:00:00-04:00;322.7300109863281;300.4375
2022-03-23 00:00:00-04:00;320.4800109863281;298.1267
2022-03-24 00:00:00-04:00;325.4100036621094;296.09604
2022-03-25 00:00:00-04:00;328.989990234375;296.9976
2022-03-28 00:00:00-04:00;333.8900146484375;299.30844
2022-03-29 00:00:00-04:00;340.760009765625;302.27423
2022-03-30 00:00:00-04:00;342.9800109863281;305.84357
2022-03-31 00:00:00-04:00;344.1000061035156;308.10025
2022-04-01 00:00:00-04:00;350.6000061035156;309.1107
2022-04-04 00:00:00-04:00;355.0799865722656;311.4054
2022-04-05 00:00:00-04:00;360.5700073242187;314.18893
2022-04-06 00:00:00-04:00;370.0899963378906;317.4259
2022-04-07 00:00:00-04:00;369.2900085449219;322.07272
2022-04-08 00:00:00-04:00;372.7200012207031;324.1165
2022-04-11 00:00:00-04:00;361.2999877929687;325.73856
2022-04-12 00:00:00-04:00;354.4800109863281;322.8246
2022-04-13 00:00:00-04:00;354.6099853515625;318.9549
2022-04-14 00:00:00-04:00;355.3800048828125;317.52185
2022-04-18 00:00:00-04:00;355.9599914550781;318.0852
2022-04-19 00:00:00-04:00;360.9100036621094;319.22977
2022-04-20 00:00:00-04:00;372.0700073242187;321.48242
2022-04-21 00:00:00-04:00;370.1600036621094;326.1032
2022-04-22 00:00:00-04:00;366.3599853515625;327.69016
2022-04-25 00:00:00-04:00;359.94000244140625;326.4741
2022-04-26 00:00:00-04:00;351.20001220703125;323.30832
2022-04-27 00:00:00-04:00;348.8699951171875;318.98914
2022-04-28 00:00:00-04:00;359.239990234375;316.4822
2022-04-29 00:00:00-04:00;347.1099853515625;319.34467
2022-05-02 00:00:00-04:00;337.8800048828125;317.87186
2022-05-03 00:00:00-04:00;348.8999938964844;313.51224
2022-05-04 00:00:00-04:00;351.739990234375;314.332
2022-05-05 00:00:00-04:00;342.3699951171875;316.5097
2022-05-06 00:00:00-04:00;342.0899963378906;314.73007
2022-05-09 00:00:00-04:00;323.1000061035156;312.9177
2022-05-10 00:00:00-04:00;315.3399963378906;305.83136
2022-05-11 00:00:00-04:00;315.04998779296875;299.23093
2022-05-12 00:00:00-04:00;323.3999938964844;296.23804
2022-05-13 00:00:00-04:00;334.1700134277344;298.43478
2022-05-16 00:00:00-04:00;328.42999267578125;303.86874
2022-05-17 00:00:00-04:00;325.3699951171875;304.65637
2022-05-18 00:00:00-04:00;314.0899963378906;302.5928
2022-05-19 00:00:00-04:00;319.1099853515625;296.98285
2022-05-20 00:00:00-04:00;326.6199951171875;295.26736
2022-05-23 00:00:00-04:00;334.1000061035156;297.7518
2022-05-24 00:00:00-04:00;347.07000732421875;302.25378
2022-05-25 00:00:00-04:00;346.3599853515625;308.70883
2022-05-26 00:00:00-04:00;338.45001220703125;311.30258
2022-05-27 00:00:00-04:00;347.55999755859375;308.86917
2022-05-31 00:00:00-04:00;336.6099853515625;309.65964
2022-06-01 00:00:00-04:00;331.0799865722656;307.2091
2022-06-02 00:00:00-04:00;335.9700012207031;304.144
2022-06-03 00:00:00-04:00;329.55999755859375;304.4436
2022-06-06 00:00:00-04:00;333.6700134277344;303.4071
2022-06-07 00:00:00-04:00;337.8399963378906;304.20398
2022-06-08 00:00:00-04:00;337.8399963378906;306.19647
2022-06-09 00:00:00-04:00;333.6499938964844;307.2619
2022-06-10 00:00:00-04:00;325.5299987792969;306.08017
2022-06-13 00:00:00-04:00;308.70001220703125;302.39847
2022-06-14 00:00:00-04:00;297.05999755859375;294.84705
2022-06-15 00:00:00-04:00;301.3900146484375;286.99738
2022-06-16 00:00:00-04:00;290.8699951171875;284.83633
2022-06-17 00:00:00-04:00;292.0400085449219;281.7179
2022-06-21 00:00:00-04:00;303.239990234375;280.40097
2022-06-22 00:00:00-04:00;311.739990234375;283.4272
2022-06-23 00:00:00-04:00;325.8399963378906;288.1143
2022-06-24 00:00:00-04:00;327.7300109863281;294.7651
2022-06-27 00:00:00-04:00;324.4200134277344;298.18625
2022-06-28 00:00:00-04:00;315.010009765625;297.58005
2022-06-29 00:00:00-04:00;317.2300109863281;293.2109
2022-06-30 00:00:00-04:00;320.04998779296875;291.31015
2022-07-01 00:00:00-04:00;330.4599914550781;292.17145
2022-07-05 00:00:00-04:00;324.7099914550781;296.9164
2022-07-06 00:00:00-04:00;327.1300048828125;298.03842
2022-07-07 00:00:00-04:00;326.3299865722656;298.60178
2022-07-08 00:00:00-04:00;324.2099914550781;298.33365
2022-07-11 00:00:00-04:00;324.30999755859375;297.44373
2022-07-12 00:00:00-04:00;318.42999267578125;297.0818
2022-07-13 00:00:00-04:00;320.05999755859375;295.25003
2022-07-14 00:00:00-04:00;318.010009765625;294.80832
2022-07-15 00:00:00-04:00;320.75;294.28067
2022-07-18 00:00:00-04:00;313.510009765625;295.00583
2022-07-19 00:00:00-04:00;322.7699890136719;293.18985
2022-07-20 00:00:00-04:00;314.8599853515625;294.8652
2022-07-21 00:00:00-04:00;320.5400085449219;293.62592
2022-07-22 00:00:00-04:00;320.80999755859375;294.3748
2022-07-25 00:00:00-04:00;320.44000244140625;295.06003
2022-07-26 00:00:00-04:00;323.8599853515625;295.24875
2022-07-27 00:00:00-04:00;320.4599914550781;296.28897
2022-07-28 00:00:00-04:00;334.6700134277344;295.76944
2022-07-29 00:00:00-04:00;335.7900085449219;299.89148
2022-08-01 00:00:00-04:00;332.8500061035156;302.94824
2022-08-02 00:00:00-04:00;338.1700134277344;303.17407
2022-08-03 00:00:00-04:00;343.8699951171875;304.3647
2022-08-04 00:00:00-04:00;346.2799987792969;306.9501
2022-08-05 00:00:00-04:00;345.3999938964844;309.30215
2022-08-08 00:00:00-04:00;344.9800109863281;310.12268
2022-08-09 00:00:00-04:00;345.57000732421875;310.1482
2022-08-10 00:00:00-04:00;350.3599853515625;310.33823
2022-08-11 00:00:00-04:00;343.489990234375;312.21262
2022-08-12 00:00:00-04:00;350.0400085449219;311.3295
2022-08-15 00:00:00-04:00;355.1300048828125;312.724
2022-08-16 00:00:00-04:00;348.0299987792969;315.45282
2022-08-17 00:00:00-04:00;346.7699890136719;314.74554
2022-08-18 00:00:00-04:00;344.3699951171875;313.45984
2022-08-19 00:00:00-04:00;344.489990234375;312.04266
2022-08-22 00:00:00-04:00;338.9800109863281;311.63382
2022-08-23 00:00:00-04:00;333.75;310.0412
2022-08-24 00:00:00-04:00;332.9700012207031;307.561
2022-08-25 00:00:00-04:00;338.95001220703125;306.07428
2022-08-26 00:00:00-04:00;330.2799987792969;307.57004
2022-08-29 00:00:00-04:00;331.4200134277344;306.00125
2022-08-30 00:00:00-04:00;324.6199951171875;305.01953
2022-08-31 00:00:00-04:00;325.25;302.29147
2022-09-01 00:00:00-04:00;326.3999938964844;300.90768
2022-09-02 00:00:00-04:00;318.2099914550781;300.84274
2022-09-06 00:00:00-04:00;319.57000732421875;298.3885
2022-09-07 00:00:00-04:00;327.1600036621094;297.14993
2022-09-08 00:00:00-04:00;329.2099914550781;299.12192
2022-09-09 00:00:00-04:00;330.7699890136719;301.21155
2022-09-12 00:00:00-04:00;333.3800048828125;302.51154
2022-09-13 00:00:00-04:00;317.5299987792969;303.52625
2022-09-14 00:00:00-04:00;316.2200012207031;298.61386
2022-09-15 00:00:00-04:00;307.5;294.81506
2022-09-16 00:00:00-04:00;311.75;290.4978
2022-09-19 00:00:00-04:00;311.6199951171875;290.05133
2022-09-20 00:00:00-04:00;302.42999267578125;290.6473
2022-09-21 00:00:00-04:00;300.260009765625;288.09433
2022-09-22 00:00:00-04:00;295.2900085449219;285.336
2022-09-23 00:00:00-04:00;294.7699890136719;282.11978
2022-09-26 00:00:00-04:00;286.4800109863281;280.23654
2022-09-27 00:00:00-04:00;284.2099914550781;276.76544
2022-09-28 00:00:00-04:00;291.510009765625;273.8952
2022-09-29 00:00:00-04:00;282.2699890136719;274.83456
2022-09-30 00:00:00-04:00;284.6499938964844;272.81607
2022-10-03 00:00:00-04:00;288.92999267578125;271.78363
2022-10-04 00:00:00-04:00;293.4200134277344;272.5535
2022-10-05 00:00:00-04:00;283.1199951171875;274.58508
2022-10-06 00:00:00-04:00;268.0199890136719;272.15884
2022-10-07 00:00:00-04:00;262.3999938964844;264.8592
2022-10-10 00:00:00-04:00;256.45001220703125;258.2302
2022-10-11 00:00:00-04:00;255.22999572753903;253.13478
2022-10-12 00:00:00-04:00;244.5800018310547;250.62521
2022-10-13 00:00:00-04:00;249.75;246.28578
2022-10-14 00:00:00-04:00;242.1000061035156;245.14961
2022-10-17 00:00:00-04:00;253.13999938964844;242.30342
2022-10-18 00:00:00-04:00;258.260009765625;243.83928
2022-10-19 00:00:00-04:00;252.4900054931641;246.87502
2022-10-20 00:00:00-04:00;247.9600067138672;246.38376
2022-10-21 00:00:00-04:00;248.1999969482422;243.39749
2022-10-24 00:00:00-04:00;247.33999633789065;241.09695
2022-10-25 00:00:00-04:00;256.6000061035156;239.6996
2022-10-26 00:00:00-04:00;258.7799987792969;242.34856
2022-10-27 00:00:00-04:00;260.239990234375;245.26735
2022-10-28 00:00:00-04:00;270.010009765625;247.15349
2022-10-31 00:00:00-04:00;269.8999938964844;250.99068
2022-11-01 00:00:00-04:00;275.760009765625;253.14664
2022-11-02 00:00:00-04:00;268.3500061035156;255.82993
2022-11-03 00:00:00-04:00;270.29998779296875;254.75659
2022-11-04 00:00:00-04:00;272.30999755859375;254.23524
2022-11-07 00:00:00-05:00;277.1400146484375;254.95642
2022-11-08 00:00:00-05:00;278.760009765625;257.5028
2022-11-09 00:00:00-05:00;274.7300109863281;259.87863
2022-11-10 00:00:00-05:00;296.8699951171875;259.73724
2022-11-11 00:00:00-05:00;297.9800109863281;266.68356
2022-11-14 00:00:00-05:00;289.4100036621094;271.92377
2022-11-15 00:00:00-05:00;295.17999267578125;271.3003
2022-11-16 00:00:00-05:00;296.0199890136719;271.7128
2022-11-17 00:00:00-05:00;287.8599853515625;272.55927
2022-11-18 00:00:00-05:00;290.67999267578125;270.71893
2022-11-21 00:00:00-05:00;295.6199951171875;270.53384
2022-11-22 00:00:00-05:00;294.05999755859375;272.677
2022-11-23 00:00:00-05:00;297.6099853515625;273.90414
2022-11-25 00:00:00-05:00;296.5400085449219;275.58807
2022-11-28 00:00:00-05:00;293.260009765625;276.1168
2022-11-29 00:00:00-05:00;294.54998779296875;275.09207
2022-11-30 00:00:00-05:00;299.29998779296875;274.77866
2022-12-01 00:00:00-05:00;301.2099914550781;276.471
2022-12-02 00:00:00-05:00;295.25;278.45074
2022-12-05 00:00:00-05:00;293.5199890136719;277.5189
2022-12-06 00:00:00-05:00;288.67999267578125;275.90955
2022-12-07 00:00:00-05:00;287.70001220703125;273.42307
2022-12-08 00:00:00-05:00;289.2699890136719;271.8716
2022-12-09 00:00:00-05:00;288.19000244140625;271.9619
2022-12-12 00:00:00-05:00;290.5299987792969;272.05875
2022-12-13 00:00:00-05:00;301.4800109863281;272.85413
2022-12-14 00:00:00-05:00;294.3900146484375;276.91345
2022-12-15 00:00:00-05:00;288.6499938964844;277.00378
2022-12-16 00:00:00-05:00;280.2900085449219;274.2302
2022-12-19 00:00:00-05:00;277.4599914550781;269.4171
2022-12-20 00:00:00-05:00;278.3599853515625;265.82617
2022-12-21 00:00:00-05:00;280.67999267578125;264.81317
2022-12-22 00:00:00-05:00;280.0899963378906;265.78006
2022-12-23 00:00:00-05:00;282.510009765625;266.42657
2022-12-27 00:00:00-05:00;282.5;267.28183
2022-12-28 00:00:00-05:00;278.70001220703125;267.48187
2022-12-29 00:00:00-05:00;284.8900146484375;265.9899
2022-12-30 00:00:00-05:00;280.30999755859375;266.86136
2023-01-03 00:00:00-05:00;281.739990234375;266.1853
2023-01-04 00:00:00-05:00;292.6300048828125;266.02585
2023-01-05 00:00:00-05:00;281.3699951171875;269.64474
2023-01-06 00:00:00-05:00;291.45001220703125;268.37866
2023-01-09 00:00:00-05:00;291.3900146484375;270.11145
2023-01-10 00:00:00-05:00;293.8299865722656;271.42572
2023-01-11 00:00:00-05:00;306.0899963378906;272.87943
2023-01-12 00:00:00-05:00;306.44000244140625;277.6964
2023-01-13 00:00:00-05:00;306.54998779296875;280.77036
2023-01-17 00:00:00-05:00;302.82000732421875;281.9273
2023-01-18 00:00:00-05:00;292.4800109863281;280.83417
2023-01-19 00:00:00-05:00;294.45001220703125;276.6044
2023-01-20 00:00:00-05:00;296.80999755859375;274.8883
2023-01-23 00:00:00-05:00;286.2699890136719;275.68762
2023-01-24 00:00:00-05:00;288.5199890136719;273.39
