Date;STZ;close_predicted
2017-02-02 00:00:00-05:00;149.27000427246094;143.3119
2017-02-03 00:00:00-05:00;149.07000732421875;143.2141
2017-02-06 00:00:00-05:00;149.77000427246094;143.08052
2017-02-07 00:00:00-05:00;152.0;143.06818
2017-02-08 00:00:00-05:00;154.5800018310547;143.43306
2017-02-09 00:00:00-05:00;155.72999572753906;144.20795
2017-02-10 00:00:00-05:00;155.4499969482422;145.08203
2017-02-13 00:00:00-05:00;155.49000549316406;145.73633
2017-02-14 00:00:00-05:00;155.88999938964844;146.20062
2017-02-15 00:00:00-05:00;156.2100067138672;146.59192
2017-02-16 00:00:00-05:00;158.50999450683594;146.95049
2017-02-17 00:00:00-05:00;161.32000732421875;147.59494
2017-02-21 00:00:00-05:00;160.08999633789062;148.61081
2017-02-22 00:00:00-05:00;160.1999969482422;149.31985
2017-02-23 00:00:00-05:00;153.60000610351562;149.82454
2017-02-24 00:00:00-05:00;158.85000610351562;149.19913
2017-02-27 00:00:00-05:00;157.8000030517578;149.24406
2017-02-28 00:00:00-05:00;158.80999755859375;149.32188
2017-03-01 00:00:00-05:00;159.61000061035156;149.56516
2017-03-02 00:00:00-05:00;158.42999267578125;149.91353
2017-03-03 00:00:00-05:00;158.75999450683594;150.0382
2017-03-06 00:00:00-05:00;157.8000030517578;150.13037
2017-03-07 00:00:00-05:00;157.2100067138672;150.05804
2017-03-08 00:00:00-05:00;156.3800048828125;149.88277
2017-03-09 00:00:00-05:00;155.7899932861328;149.6044
2017-03-10 00:00:00-05:00;157.55999755859375;149.28018
2017-03-13 00:00:00-04:00;158.38999938964844;149.28314
2017-03-14 00:00:00-04:00;159.1199951171875;149.49042
2017-03-15 00:00:00-04:00;162.1199951171875;149.80464
2017-03-16 00:00:00-04:00;162.0399932861328;150.51083
2017-03-17 00:00:00-04:00;161.75;151.13866
2017-03-20 00:00:00-04:00;162.5500030517578;151.56253
2017-03-21 00:00:00-04:00;164.61000061035156;151.96255
2017-03-22 00:00:00-04:00;164.1999969482422;152.58394
2017-03-23 00:00:00-04:00;162.72000122070312;153.07991
2017-03-24 00:00:00-04:00;164.05999755859375;153.2345
2017-03-27 00:00:00-04:00;163.67999267578125;153.47821
2017-03-28 00:00:00-04:00;162.42999267578125;153.65744
2017-03-29 00:00:00-04:00;163.69000244140625;153.61978
2017-03-30 00:00:00-04:00;162.44000244140625;153.72981
2017-03-31 00:00:00-04:00;162.07000732421875;153.68698
2017-04-03 00:00:00-04:00;161.66000366210938;153.57112
2017-04-04 00:00:00-04:00;161.50999450683594;153.40886
2017-04-05 00:00:00-04:00;161.39999389648438;153.25566
2017-04-06 00:00:00-04:00;171.77000427246094;153.12566
2017-04-07 00:00:00-04:00;170.3699951171875;154.52153
2017-04-10 00:00:00-04:00;171.27000427246094;155.77782
2017-04-11 00:00:00-04:00;170.35000610351562;156.82613
2017-04-12 00:00:00-04:00;169.9600067138672;157.44597
2017-04-13 00:00:00-04:00;168.9499969482422;157.78703
2017-04-17 00:00:00-04:00;170.1199951171875;157.87378
2017-04-18 00:00:00-04:00;172.2100067138672;158.0747
2017-04-19 00:00:00-04:00;171.94000244140625;158.57985
2017-04-20 00:00:00-04:00;172.9499969482422;159.03386
2017-04-21 00:00:00-04:00;172.08999633789062;159.52078
2017-04-24 00:00:00-04:00;173.02999877929688;159.80072
2017-04-25 00:00:00-04:00;172.5399932861328;160.1067
2017-04-26 00:00:00-04:00;170.47999572753906;160.30217
2017-04-27 00:00:00-04:00;171.05999755859375;160.16399
2017-04-28 00:00:00-04:00;172.5399932861328;160.06271
2017-05-01 00:00:00-04:00;172.07000732421875;160.21245
2017-05-02 00:00:00-04:00;174.5800018310547;160.34314
2017-05-03 00:00:00-04:00;173.74000549316406;160.77849
2017-05-04 00:00:00-04:00;177.1999969482422;161.0837
2017-05-05 00:00:00-04:00;178.50999450683594;161.74829
2017-05-08 00:00:00-04:00;179.52000427246094;162.53386
2017-05-09 00:00:00-04:00;177.77000427246094;163.3102
2017-05-10 00:00:00-04:00;177.57000732421875;163.68456
2017-05-11 00:00:00-04:00;178.2899932861328;163.85715
2017-05-12 00:00:00-04:00;178.57000732421875;164.05754
2017-05-15 00:00:00-04:00;180.27999877929688;164.28513
2017-05-16 00:00:00-04:00;182.2100067138672;164.70895
2017-05-17 00:00:00-04:00;180.67999267578125;165.35081
2017-05-18 00:00:00-04:00;180.83999633789065;165.71782
2017-05-19 00:00:00-04:00;182.94000244140625;165.95369
2017-05-22 00:00:00-04:00;184.13999938964844;166.38425
2017-05-23 00:00:00-04:00;180.86000061035156;166.942
2017-05-24 00:00:00-04:00;178.8300018310547;167.00645
2017-05-25 00:00:00-04:00;180.13999938964844;166.67424
2017-05-26 00:00:00-04:00;180.92999267578125;166.49666
2017-05-30 00:00:00-04:00;180.5099945068359;166.52943
2017-05-31 00:00:00-04:00;182.75;166.56882
2017-06-01 00:00:00-04:00;184.69000244140625;166.88066
2017-06-02 00:00:00-04:00;184.77000427246097;167.43864
2017-06-05 00:00:00-04:00;184.5099945068359;167.94191
2017-06-06 00:00:00-04:00;185.8300018310547;168.27792
2017-06-07 00:00:00-04:00;184.5399932861328;168.66016
2017-06-08 00:00:00-04:00;183.4499969482422;168.82428
2017-06-09 00:00:00-04:00;181.0;168.76897
2017-06-12 00:00:00-04:00;179.13999938964844;168.37978
2017-06-13 00:00:00-04:00;179.5500030517578;167.77272
2017-06-14 00:00:00-04:00;179.89999389648438;167.31082
2017-06-15 00:00:00-04:00;180.3000030517578;167.05011
2017-06-16 00:00:00-04:00;180.8800048828125;166.9505
2017-06-19 00:00:00-04:00;183.27999877929688;166.97699
2017-06-20 00:00:00-04:00;184.5500030517578;167.31749
2017-06-21 00:00:00-04:00;184.5;167.8119
2017-06-22 00:00:00-04:00;184.11000061035156;168.21487
2017-06-23 00:00:00-04:00;184.57000732421875;168.44366
2017-06-26 00:00:00-04:00;182.47000122070312;168.63248
2017-06-27 00:00:00-04:00;182.27999877929688;168.52046
2017-06-28 00:00:00-04:00;183.67999267578125;168.33723
2017-06-29 00:00:00-04:00;192.7899932861328;168.36488
2017-06-30 00:00:00-04:00;193.72999572753903;169.57495
2017-07-03 00:00:00-04:00;191.72999572753903;170.94084
2017-07-05 00:00:00-04:00;193.9199981689453;171.76617
2017-07-06 00:00:00-04:00;193.7599945068359;172.50093
2017-07-07 00:00:00-04:00;193.52000427246097;173.05342
2017-07-10 00:00:00-04:00;193.82000732421875;173.42957
2017-07-11 00:00:00-04:00;193.88999938964844;173.73456
2017-07-12 00:00:00-04:00;197.1000061035156;173.98871
2017-07-13 00:00:00-04:00;196.25;174.5649
2017-07-14 00:00:00-04:00;198.32000732421875;175.02626
2017-07-17 00:00:00-04:00;196.6000061035156;175.58815
2017-07-18 00:00:00-04:00;197.17999267578125;175.87267
2017-07-19 00:00:00-04:00;198.3000030517578;176.08688
2017-07-20 00:00:00-04:00;198.1199951171875;176.38223
2017-07-21 00:00:00-04:00;198.52000427246097;176.63426
2017-07-24 00:00:00-04:00;196.0;176.87077
2017-07-25 00:00:00-04:00;193.6699981689453;176.78133
2017-07-26 00:00:00-04:00;193.3800048828125;176.36353
2017-07-27 00:00:00-04:00;194.4600067138672;175.93056
2017-07-28 00:00:00-04:00;194.58999633789065;175.73692
2017-07-31 00:00:00-04:00;193.3500061035156;175.68138
2017-08-01 00:00:00-04:00;194.75;175.52972
2017-08-02 00:00:00-04:00;193.5099945068359;175.53104
2017-08-03 00:00:00-04:00;193.0399932861328;175.43669
2017-08-04 00:00:00-04:00;193.82000732421875;175.27225
2017-08-07 00:00:00-04:00;194.97000122070312;175.21219
2017-08-08 00:00:00-04:00;194.67999267578125;175.32857
2017-08-09 00:00:00-04:00;195.38999938964844;175.43214
2017-08-10 00:00:00-04:00;194.69000244140625;175.57828
2017-08-11 00:00:00-04:00;195.6499938964844;175.62225
2017-08-14 00:00:00-04:00;197.19000244140625;175.73192
2017-08-15 00:00:00-04:00;198.6999969482422;176.01459
2017-08-16 00:00:00-04:00;198.57000732421875;176.4537
2017-08-17 00:00:00-04:00;197.0800018310547;176.81964
2017-08-18 00:00:00-04:00;197.8800048828125;176.91
2017-08-21 00:00:00-04:00;198.1199951171875;176.9921
2017-08-22 00:00:00-04:00;196.7400054931641;177.09932
2017-08-23 00:00:00-04:00;196.72999572753903;177.04652
2017-08-24 00:00:00-04:00;196.8800048828125;176.961
2017-08-25 00:00:00-04:00;198.32000732421875;176.91396
2017-08-28 00:00:00-04:00;197.8800048828125;177.05556
2017-08-29 00:00:00-04:00;198.3999938964844;177.1748
2017-08-30 00:00:00-04:00;199.5399932861328;177.31021
2017-08-31 00:00:00-04:00;200.1000061035156;177.54643
2017-09-01 00:00:00-04:00;200.22999572753903;177.8223
2017-09-05 00:00:00-04:00;201.08999633789065;178.05966
2017-09-06 00:00:00-04:00;202.52000427246097;178.32613
2017-09-07 00:00:00-04:00;202.2100067138672;178.70258
2017-09-08 00:00:00-04:00;202.38999938964844;178.99811
2017-09-11 00:00:00-04:00;203.6999969482422;179.22151
2017-09-12 00:00:00-04:00;204.6199951171875;179.5229
2017-09-13 00:00:00-04:00;204.4499969482422;179.89032
2017-09-14 00:00:00-04:00;204.3800048828125;180.18118
2017-09-15 00:00:00-04:00;203.3999938964844;180.37866
2017-09-18 00:00:00-04:00;203.8999938964844;180.40996
2017-09-19 00:00:00-04:00;202.3300018310547;180.44785
2017-09-20 00:00:00-04:00;201.77000427246097;180.33095
2017-09-21 00:00:00-04:00;201.02000427246097;180.13857
2017-09-22 00:00:00-04:00;201.80999755859375;179.89992
2017-09-25 00:00:00-04:00;200.61000061035156;179.79288
2017-09-26 00:00:00-04:00;200.4499969482422;179.62836
2017-09-27 00:00:00-04:00;199.8000030517578;179.45807
2017-09-28 00:00:00-04:00;199.3000030517578;179.25537
2017-09-29 00:00:00-04:00;199.4499969482422;179.03194
2017-10-02 00:00:00-04:00;199.3500061035156;178.86717
2017-10-03 00:00:00-04:00;199.0800018310547;178.74486
2017-10-04 00:00:00-04:00;201.17999267578125;178.62704
2017-10-05 00:00:00-04:00;209.25;178.75775
2017-10-06 00:00:00-04:00;210.11000061035156;179.79703
2017-10-09 00:00:00-04:00;208.19000244140625;180.95024
2017-10-10 00:00:00-04:00;207.9600067138672;181.62527
2017-10-11 00:00:00-04:00;207.7400054931641;181.96216
2017-10-12 00:00:00-04:00;207.3999938964844;182.12547
2017-10-13 00:00:00-04:00;208.55999755859375;182.19519
2017-10-16 00:00:00-04:00;210.4499969482422;182.36514
2017-10-17 00:00:00-04:00;213.63999938964844;182.74318
2017-10-18 00:00:00-04:00;211.7899932861328;183.43213
2017-10-19 00:00:00-04:00;211.97999572753903;183.87532
2017-10-20 00:00:00-04:00;211.25;184.14278
2017-10-23 00:00:00-04:00;211.7100067138672;184.24275
2017-10-24 00:00:00-04:00;212.6499938964844;184.33078
2017-10-25 00:00:00-04:00;212.47999572753903;184.51149
2017-10-26 00:00:00-04:00;211.7400054931641;184.67628
2017-10-27 00:00:00-04:00;211.8999938964844;184.72665
2017-10-30 00:00:00-04:00;213.0;184.7502
2017-10-31 00:00:00-04:00;219.08999633789065;184.88185
2017-11-01 00:00:00-04:00;216.0;185.62532
2017-11-02 00:00:00-04:00;214.32000732421875;186.1047
2017-11-03 00:00:00-04:00;215.91000366210935;186.18068
2017-11-06 00:00:00-05:00;215.8000030517578;186.28061
2017-11-07 00:00:00-05:00;215.47999572753903;186.39177
2017-11-08 00:00:00-05:00;217.6300048828125;186.45634
2017-11-09 00:00:00-05:00;218.1300048828125;186.70502
2017-11-10 00:00:00-05:00;218.6699981689453;187.01976
2017-11-13 00:00:00-05:00;220.7599945068359;187.32794
2017-11-14 00:00:00-05:00;218.08999633789065;187.76288
2017-11-15 00:00:00-05:00;217.16000366210935;187.89925
2017-11-16 00:00:00-05:00;217.33999633789065;187.80373
2017-11-17 00:00:00-05:00;216.2899932861328;187.69716
2017-11-20 00:00:00-05:00;217.5800018310547;187.53458
2017-11-21 00:00:00-05:00;219.7599945068359;187.51646
2017-11-22 00:00:00-05:00;220.4499969482422;187.76997
2017-11-24 00:00:00-05:00;221.8800048828125;188.11723
2017-11-27 00:00:00-05:00;220.1199951171875;188.53233
2017-11-28 00:00:00-05:00;220.02000427246097;188.71025
2017-11-29 00:00:00-05:00;214.36000061035156;188.74771
2017-11-30 00:00:00-05:00;217.58999633789065;188.22437
2017-12-01 00:00:00-05:00;218.6000061035156;187.92657
2017-12-04 00:00:00-05:00;216.33999633789065;187.93225
2017-12-05 00:00:00-05:00;216.82000732421875;187.8088
2017-12-06 00:00:00-05:00;216.92999267578125;187.69008
2017-12-07 00:00:00-05:00;216.8500061035156;187.62039
2017-12-08 00:00:00-05:00;217.97999572753903;187.57095
2017-12-11 00:00:00-05:00;219.3699951171875;187.64134
2017-12-12 00:00:00-05:00;220.0099945068359;187.86635
2017-12-13 00:00:00-05:00;218.5800018310547;188.14417
2017-12-14 00:00:00-05:00;222.75;188.2314
2017-12-15 00:00:00-05:00;224.44000244140625;188.61415
2017-12-18 00:00:00-05:00;222.4199981689453;189.1931
2017-12-19 00:00:00-05:00;223.22999572753903;189.50172
2017-12-20 00:00:00-05:00;223.5099945068359;189.7054
2017-12-21 00:00:00-05:00;224.6000061035156;189.88226
2017-12-22 00:00:00-05:00;223.80999755859375;190.1204
2017-12-26 00:00:00-05:00;225.5099945068359;190.26793
2017-12-27 00:00:00-05:00;225.97999572753903;190.50095
2017-12-28 00:00:00-05:00;227.97999572753903;190.77359
2017-12-29 00:00:00-05:00;228.57000732421875;191.17229
2018-01-02 00:00:00-05:00;226.55999755859375;191.5866
2018-01-03 00:00:00-05:00;227.5;191.72922
2018-01-04 00:00:00-05:00;225.7899932861328;191.82317
2018-01-05 00:00:00-05:00;219.8800048828125;191.76434
2018-01-08 00:00:00-05:00;216.83999633789065;191.1398
2018-01-09 00:00:00-05:00;222.0800018310547;190.1779
2018-01-10 00:00:00-05:00;219.36000061035156;189.83789
2018-01-11 00:00:00-05:00;219.0500030517578;189.59093
2018-01-12 00:00:00-05:00;217.52000427246097;189.33482
2018-01-16 00:00:00-05:00;217.7599945068359;188.98816
2018-01-17 00:00:00-05:00;219.22000122070312;188.69363
2018-01-18 00:00:00-05:00;217.2899932861328;188.62225
2018-01-19 00:00:00-05:00;218.27999877929688;188.45572
2018-01-22 00:00:00-05:00;219.32000732421875;188.35623
2018-01-23 00:00:00-05:00;220.77999877929688;188.40582
2018-01-24 00:00:00-05:00;222.02999877929688;188.61972
2018-01-25 00:00:00-05:00;221.30999755859375;188.94499
2018-01-26 00:00:00-05:00;223.63999938964844;189.15425
2018-01-29 00:00:00-05:00;220.7400054931641;189.47626
2018-01-30 00:00:00-05:00;220.0500030517578;189.51564
2018-01-31 00:00:00-05:00;219.47000122070312;189.36488
2018-02-01 00:00:00-05:00;220.69000244140625;189.1578
2018-02-02 00:00:00-05:00;215.88999938964844;189.10442
2018-02-05 00:00:00-05:00;211.0;188.68459
2018-02-06 00:00:00-05:00;216.2899932861328;187.74509
2018-02-07 00:00:00-05:00;214.1499938964844;187.35918
2018-02-08 00:00:00-05:00;208.72999572753903;187.09859
2018-02-09 00:00:00-05:00;210.2599945068359;186.36166
2018-02-12 00:00:00-05:00;213.0099945068359;185.75285
2018-02-13 00:00:00-05:00;213.47000122070312;185.62225
2018-02-14 00:00:00-05:00;214.0;185.70847
2018-02-15 00:00:00-05:00;216.80999755859375;185.85619
2018-02-16 00:00:00-05:00;219.4499969482422;186.2371
2018-02-20 00:00:00-05:00;217.3300018310547;186.85152
2018-02-21 00:00:00-05:00;213.7899932861328;187.18239
2018-02-22 00:00:00-05:00;213.11000061035156;186.98047
2018-02-23 00:00:00-05:00;217.4600067138672;186.59258
2018-02-26 00:00:00-05:00;218.0399932861328;186.68991
2018-02-27 00:00:00-05:00;218.0500030517578;187.00949
2018-02-28 00:00:00-05:00;215.47999572753903;187.29926
2018-03-01 00:00:00-05:00;215.9499969482422;187.25511
2018-03-02 00:00:00-05:00;219.83999633789065;187.14722
2018-03-05 00:00:00-05:00;219.52000427246097;187.44054
2018-03-06 00:00:00-05:00;222.55999755859375;187.78578
2018-03-07 00:00:00-05:00;223.91000366210935;188.32532
2018-03-08 00:00:00-05:00;227.6999969482422;188.9396
2018-03-09 00:00:00-05:00;230.33999633789065;189.77257
2018-03-12 00:00:00-04:00;230.1499938964844;190.7358
2018-03-13 00:00:00-04:00;227.94000244140625;191.5
2018-03-14 00:00:00-04:00;227.38999938964844;191.82391
2018-03-15 00:00:00-04:00;226.88999938964844;191.89098
2018-03-16 00:00:00-04:00;228.5399932861328;191.85834
2018-03-19 00:00:00-04:00;226.3500061035156;191.9739
2018-03-20 00:00:00-04:00;227.61000061035156;191.95287
2018-03-21 00:00:00-04:00;226.07000732421875;191.98276
2018-03-22 00:00:00-04:00;224.22999572753903;191.91913
2018-03-23 00:00:00-04:00;220.9199981689453;191.66255
2018-03-26 00:00:00-04:00;220.3500061035156;191.11069
2018-03-27 00:00:00-04:00;218.47000122070312;190.53194
2018-03-28 00:00:00-04:00;220.4900054931641;189.93178
2018-03-29 00:00:00-04:00;227.9199981689453;189.63539
2018-04-02 00:00:00-04:00;228.16000366210935;190.19359
2018-04-03 00:00:00-04:00;225.08999633789065;190.92767
2018-04-04 00:00:00-04:00;226.4499969482422;191.20363
2018-04-05 00:00:00-04:00;229.92999267578125;191.35025
2018-04-06 00:00:00-04:00;227.19000244140625;191.76698
2018-04-09 00:00:00-04:00;226.2100067138672;191.96458
2018-04-10 00:00:00-04:00;226.07000732421875;191.92201
2018-04-11 00:00:00-04:00;225.4499969482422;191.8194
2018-04-12 00:00:00-04:00;224.22000122070312;191.68587
2018-04-13 00:00:00-04:00;223.88999938964844;191.47064
2018-04-16 00:00:00-04:00;227.02000427246097;191.24814
2018-04-17 00:00:00-04:00;231.3999938964844;191.35954
2018-04-18 00:00:00-04:00;232.16000366210935;191.95877
2018-04-19 00:00:00-04:00;229.6199951171875;192.64091
2018-04-20 00:00:00-04:00;227.5800018310547;192.93736
2018-04-23 00:00:00-04:00;228.2599945068359;192.83725
2018-04-24 00:00:00-04:00;226.22999572753903;192.70676
2018-04-25 00:00:00-04:00;226.8699951171875;192.4624
2018-04-26 00:00:00-04:00;228.72999572753903;192.28394
2018-04-27 00:00:00-04:00;234.22000122070312;192.35445
2018-04-30 00:00:00-04:00;233.1300048828125;192.96936
2018-05-01 00:00:00-04:00;229.67999267578125;193.54533
2018-05-02 00:00:00-04:00;226.8000030517578;193.6244
2018-05-03 00:00:00-04:00;224.07000732421875;193.25592
2018-05-04 00:00:00-04:00;221.27999877929688;192.60814
2018-05-07 00:00:00-04:00;223.8000030517578;191.79315
2018-05-08 00:00:00-04:00;221.4600067138672;191.3431
2018-05-09 00:00:00-04:00;221.97000122070312;190.94597
2018-05-10 00:00:00-04:00;220.38999938964844;190.65259
2018-05-11 00:00:00-04:00;220.22999572753903;190.31953
2018-05-14 00:00:00-04:00;221.82000732421875;190.005
2018-05-15 00:00:00-04:00;221.77000427246097;189.91042
2018-05-16 00:00:00-04:00;221.4600067138672;189.90294
2018-05-17 00:00:00-04:00;222.1499938964844;189.87231
2018-05-18 00:00:00-04:00;220.3000030517578;189.88965
2018-05-21 00:00:00-04:00;219.33999633789065;189.7495
2018-05-22 00:00:00-04:00;215.9199981689453;189.48265
2018-05-23 00:00:00-04:00;216.5800018310547;188.92635
2018-05-24 00:00:00-04:00;216.9600067138672;188.45128
2018-05-25 00:00:00-04:00;216.80999755859375;188.17348
2018-05-29 00:00:00-04:00;219.7400054931641;187.9994
2018-05-30 00:00:00-04:00;224.83999633789065;188.15474
2018-05-31 00:00:00-04:00;223.0800018310547;188.85149
2018-06-01 00:00:00-04:00;222.75;189.38892
2018-06-04 00:00:00-04:00;225.8300018310547;189.66495
2018-06-05 00:00:00-04:00;225.27000427246097;190.08022
2018-06-06 00:00:00-04:00;224.36000061035156;190.42683
2018-06-07 00:00:00-04:00;223.52999877929688;190.57718
2018-06-08 00:00:00-04:00;227.27999877929688;190.56229
2018-06-11 00:00:00-04:00;226.08999633789065;190.84746
2018-06-12 00:00:00-04:00;229.7100067138672;191.09985
2018-06-13 00:00:00-04:00;229.22999572753903;191.57396
2018-06-14 00:00:00-04:00;232.17999267578125;192.00256
2018-06-15 00:00:00-04:00;233.02000427246097;192.5486
2018-06-18 00:00:00-04:00;232.2599945068359;193.11006
2018-06-19 00:00:00-04:00;231.8500061035156;193.47635
2018-06-20 00:00:00-04:00;231.5;193.65979
2018-06-21 00:00:00-04:00;231.36000061035156;193.7305
2018-06-22 00:00:00-04:00;231.52000427246097;193.75525
2018-06-25 00:00:00-04:00;228.0399932861328;193.78941
2018-06-26 00:00:00-04:00;229.6499938964844;193.53654
2018-06-27 00:00:00-04:00;229.41000366210935;193.36009
2018-06-28 00:00:00-04:00;232.3300018310547;193.2771
2018-06-29 00:00:00-04:00;218.8699951171875;193.4798
2018-07-02 00:00:00-04:00;215.91000366210935;192.59744
2018-07-03 00:00:00-04:00;214.9900054931641;191.14801
2018-07-05 00:00:00-04:00;215.7400054931641;189.85219
2018-07-06 00:00:00-04:00;214.97999572753903;188.99602
2018-07-09 00:00:00-04:00;218.3000030517578;188.4056
2018-07-10 00:00:00-04:00;217.97999572753903;188.29903
2018-07-11 00:00:00-04:00;217.3500061035156;188.32639
2018-07-12 00:00:00-04:00;217.52000427246097;188.27322
2018-07-13 00:00:00-04:00;215.5;188.19421
2018-07-16 00:00:00-04:00;213.4499969482422;187.92697
2018-07-17 00:00:00-04:00;213.8500061035156;187.4482
2018-07-18 00:00:00-04:00;214.36000061035156;187.04733
2018-07-19 00:00:00-04:00;215.82000732421875;186.82408
2018-07-20 00:00:00-04:00;215.9600067138672;186.83983
2018-07-23 00:00:00-04:00;215.0;186.92958
2018-07-24 00:00:00-04:00;214.6000061035156;186.90634
2018-07-25 00:00:00-04:00;215.1499938964844;186.79732
2018-07-26 00:00:00-04:00;214.6300048828125;186.73843
2018-07-27 00:00:00-04:00;213.9499969482422;186.66327
2018-07-30 00:00:00-04:00;209.6699981689453;186.52646
2018-07-31 00:00:00-04:00;210.22999572753903;185.98354
2018-08-01 00:00:00-04:00;208.4600067138672;185.47249
2018-08-02 00:00:00-04:00;207.94000244140625;184.94339
2018-08-03 00:00:00-04:00;214.0099945068359;184.46432
2018-08-06 00:00:00-04:00;212.52000427246097;184.70914
2018-08-07 00:00:00-04:00;217.1300048828125;184.9852
2018-08-08 00:00:00-04:00;214.41000366210935;185.59828
2018-08-09 00:00:00-04:00;214.77999877929688;185.91486
2018-08-10 00:00:00-04:00;213.3000030517578;186.05939
2018-08-13 00:00:00-04:00;213.8300018310547;185.99232
2018-08-14 00:00:00-04:00;221.80999755859375;185.93008
2018-08-15 00:00:00-04:00;208.27000427246097;186.67546
2018-08-16 00:00:00-04:00;202.47999572753903;186.23445
2018-08-17 00:00:00-04:00;203.92999267578125;184.83139
2018-08-20 00:00:00-04:00;202.8999938964844;183.64622
2018-08-21 00:00:00-04:00;200.4900054931641;182.76364
2018-08-22 00:00:00-04:00;203.36000061035156;181.91576
2018-08-23 00:00:00-04:00;204.8800048828125;181.53741
2018-08-24 00:00:00-04:00;207.6000061035156;181.53696
2018-08-27 00:00:00-04:00;210.2599945068359;181.89075
2018-08-28 00:00:00-04:00;207.1699981689453;182.50887
2018-08-29 00:00:00-04:00;209.25;182.71744
2018-08-30 00:00:00-04:00;208.7599945068359;182.92764
2018-08-31 00:00:00-04:00;208.1999969482422;183.06192
2018-09-04 00:00:00-04:00;211.11000061035156;183.08318
2018-09-05 00:00:00-04:00;209.75;183.36578
2018-09-06 00:00:00-04:00;208.6199951171875;183.54446
2018-09-07 00:00:00-04:00;211.72000122070312;183.51953
2018-09-10 00:00:00-04:00;212.05999755859375;183.75499
2018-09-11 00:00:00-04:00;215.2599945068359;184.07466
2018-09-12 00:00:00-04:00;215.9900054931641;184.65445
2018-09-13 00:00:00-04:00;214.8300018310547;185.26021
2018-09-14 00:00:00-04:00;212.0500030517578;185.60893
2018-09-17 00:00:00-04:00;212.3300018310547;185.52304
2018-09-18 00:00:00-04:00;213.52000427246097;185.35905
2018-09-19 00:00:00-04:00;215.1699981689453;185.3636
2018-09-20 00:00:00-04:00;218.57000732421875;185.60008
2018-09-21 00:00:00-04:00;216.94000244140625;186.18758
2018-09-24 00:00:00-04:00;216.32000732421875;186.59302
2018-09-25 00:00:00-04:00;214.5099945068359;186.76
2018-09-26 00:00:00-04:00;213.7599945068359;186.6517
2018-09-27 00:00:00-04:00;214.94000244140625;186.42029
2018-09-28 00:00:00-04:00;215.6199951171875;186.34058
2018-10-01 00:00:00-04:00;213.32000732421875;186.41284
2018-10-02 00:00:00-04:00;212.72999572753903;186.29198
2018-10-03 00:00:00-04:00;210.7599945068359;186.06274
2018-10-04 00:00:00-04:00;222.1000061035156;185.67108
2018-10-05 00:00:00-04:00;223.17999267578125;186.41676
2018-10-08 00:00:00-04:00;228.6699981689453;187.49902
2018-10-09 00:00:00-04:00;226.27000427246097;188.87111
2018-10-10 00:00:00-04:00;221.61000061035156;189.79619
2018-10-11 00:00:00-04:00;217.77000427246097;189.90218
2018-10-12 00:00:00-04:00;225.69000244140625;189.38095
2018-10-15 00:00:00-04:00;223.7100067138672;189.55556
2018-10-16 00:00:00-04:00;226.9600067138672;189.84044
2018-10-17 00:00:00-04:00;227.1999969482422;190.33414
2018-10-18 00:00:00-04:00;225.08999633789065;190.82942
2018-10-19 00:00:00-04:00;222.92999267578125;191.00485
2018-10-22 00:00:00-04:00;219.16000366210935;190.83647
2018-10-23 00:00:00-04:00;214.8800048828125;190.27124
2018-10-24 00:00:00-04:00;212.17999267578125;189.3233
2018-10-25 00:00:00-04:00;213.1499938964844;188.2287
2018-10-26 00:00:00-04:00;209.9600067138672;187.4485
2018-10-29 00:00:00-04:00;202.75;186.66103
2018-10-30 00:00:00-04:00;198.47000122070312;185.30455
2018-10-31 00:00:00-04:00;199.22999572753903;183.6014
2018-11-01 00:00:00-04:00;200.8800048828125;182.25569
2018-11-02 00:00:00-04:00;201.32000732421875;181.50601
2018-11-05 00:00:00-05:00;200.3000030517578;181.12044
2018-11-06 00:00:00-05:00;204.0;180.7671
2018-11-07 00:00:00-05:00;206.75;180.83571
2018-11-08 00:00:00-05:00;204.72000122070312;181.2792
2018-11-09 00:00:00-05:00;203.1300048828125;181.48196
2018-11-12 00:00:00-05:00;201.97000122070312;181.35396
2018-11-13 00:00:00-05:00;199.63999938964844;181.02611
2018-11-14 00:00:00-05:00;197.30999755859375;180.47456
2018-11-15 00:00:00-05:00;197.44000244140625;179.73492
2018-11-16 00:00:00-05:00;196.52999877929688;179.12332
2018-11-19 00:00:00-05:00;193.38999938964844;178.59647
2018-11-20 00:00:00-05:00;190.72000122070312;177.85603
2018-11-21 00:00:00-05:00;194.2100067138672;176.89984
2018-11-23 00:00:00-05:00;192.83999633789065;176.47151
2018-11-26 00:00:00-05:00;194.11000061035156;176.14383
2018-11-27 00:00:00-05:00;195.8000030517578;176.01949
2018-11-28 00:00:00-05:00;201.32000732421875;176.1453
2018-11-29 00:00:00-05:00;196.2100067138672;176.90257
2018-11-30 00:00:00-05:00;195.7599945068359;177.08182
2018-12-03 00:00:00-05:00;198.2100067138672;176.95326
2018-12-04 00:00:00-05:00;191.1699981689453;177.0467
2018-12-06 00:00:00-05:00;190.72000122070312;176.42076
2018-12-07 00:00:00-05:00;188.61000061035156;175.65431
2018-12-10 00:00:00-05:00;187.3000030517578;174.80867
2018-12-11 00:00:00-05:00;188.77000427246097;173.98535
2018-12-12 00:00:00-05:00;186.72999572753903;173.51945
2018-12-13 00:00:00-05:00;182.6300048828125;173.01436
2018-12-14 00:00:00-05:00;181.27000427246097;172.09763
2018-12-17 00:00:00-05:00;176.0500030517578;171.07872
2018-12-18 00:00:00-05:00;172.6199951171875;169.62216
2018-12-19 00:00:00-05:00;172.08999633789062;167.92137
2018-12-20 00:00:00-05:00;166.8800048828125;166.44485
2018-12-21 00:00:00-05:00;162.17999267578125;164.67613
2018-12-24 00:00:00-05:00;156.9499969482422;162.55571
2018-12-26 00:00:00-05:00;163.4199981689453;160.05713
2018-12-27 00:00:00-05:00;163.5;158.81248
2018-12-28 00:00:00-05:00;162.86000061035156;158.13866
2018-12-31 00:00:00-05:00;160.82000732421875;157.58235
2019-01-02 00:00:00-05:00;164.0399932861328;156.79584
2019-01-03 00:00:00-05:00;161.60000610351562;156.48987
2019-01-04 00:00:00-05:00;166.6199951171875;155.97986
2019-01-07 00:00:00-05:00;170.1199951171875;156.17822
2019-01-08 00:00:00-05:00;172.33999633789062;156.9585
2019-01-09 00:00:00-05:00;150.94000244140625;157.97853
2019-01-10 00:00:00-05:00;159.92999267578125;155.81819
2019-01-11 00:00:00-05:00;159.2100067138672;154.52989
2019-01-14 00:00:00-05:00;160.86000061035156;153.68968
2019-01-15 00:00:00-05:00;160.52999877929688;153.40442
2019-01-16 00:00:00-05:00;159.8800048828125;153.23703
2019-01-17 00:00:00-05:00;160.36000061035156;153.00111
2019-01-18 00:00:00-05:00;164.14999389648438;152.83018
2019-01-22 00:00:00-05:00;164.72999572753906;153.23497
2019-01-23 00:00:00-05:00;165.58999633789062;153.75844
2019-01-24 00:00:00-05:00;164.7899932861328;154.29684
2019-01-25 00:00:00-05:00;166.8000030517578;154.58807
2019-01-28 00:00:00-05:00;167.89999389648438;155.03654
2019-01-29 00:00:00-05:00;168.14999389648438;155.58847
2019-01-30 00:00:00-05:00;170.61000061035156;156.08896
2019-01-31 00:00:00-05:00;173.66000366210938;156.81789
2019-02-01 00:00:00-05:00;173.75;157.87753
2019-02-04 00:00:00-05:00;172.80999755859375;158.80576
2019-02-05 00:00:00-05:00;174.72000122070312;159.37325
2019-02-06 00:00:00-05:00;172.2899932861328;160.0004
2019-02-07 00:00:00-05:00;174.0500030517578;160.20404
2019-02-08 00:00:00-05:00;175.22000122070312;160.52016
2019-02-11 00:00:00-05:00;172.77000427246094;160.98184
2019-02-12 00:00:00-05:00;171.94000244140625;161.07413
2019-02-13 00:00:00-05:00;174.77000427246094;160.95209
2019-02-14 00:00:00-05:00;173.9600067138672;161.20056
2019-02-15 00:00:00-05:00;174.91000366210938;161.40398
2019-02-19 00:00:00-05:00;174.72000122070312;161.68317
2019-02-20 00:00:00-05:00;166.97999572753906;161.89839
2019-02-21 00:00:00-05:00;165.64999389648438;161.02419
2019-02-22 00:00:00-05:00;169.05999755859375;159.87927
2019-02-25 00:00:00-05:00;167.14999389648438;159.40222
2019-02-26 00:00:00-05:00;169.41000366210938;158.96762
2019-02-27 00:00:00-05:00;169.25;158.93187
2019-02-28 00:00:00-05:00;169.16000366210938;158.96227
2019-03-01 00:00:00-05:00;171.94000244140625;158.96742
2019-03-04 00:00:00-05:00;170.6300048828125;159.32323
2019-03-05 00:00:00-05:00;167.47000122070312;159.50139
2019-03-06 00:00:00-05:00;166.05999755859375;159.15254
2019-03-07 00:00:00-05:00;167.63999938964844;158.54625
2019-03-08 00:00:00-05:00;166.19000244140625;158.23419
2019-03-11 00:00:00-04:00;168.3300018310547;157.87878
2019-03-12 00:00:00-04:00;168.80999755859375;157.87988
2019-03-13 00:00:00-04:00;170.66000366210938;158.02774
2019-03-14 00:00:00-04:00;170.61000061035156;158.42056
2019-03-15 00:00:00-04:00;170.4499969482422;158.76587
2019-03-18 00:00:00-04:00;171.0800018310547;158.9892
2019-03-19 00:00:00-04:00;167.3300018310547;159.21397
2019-03-20 00:00:00-04:00;164.60000610351562;158.88283
2019-03-21 00:00:00-04:00;169.38999938964844;158.11253
2019-03-22 00:00:00-04:00;169.52999877929688;158.07098
2019-03-25 00:00:00-04:00;168.0399932861328;158.26482
2019-03-26 00:00:00-04:00;171.7100067138672;158.26324
2019-03-27 00:00:00-04:00;170.1199951171875;158.69719
2019-03-28 00:00:00-04:00;172.5;158.92352
2019-03-29 00:00:00-04:00;175.3300018310547;159.36487
2019-04-01 00:00:00-04:00;177.58999633789062;160.1452
2019-04-02 00:00:00-04:00;176.7100067138672;161.14467
2019-04-03 00:00:00-04:00;179.69000244140625;161.85593
2019-04-04 00:00:00-04:00;191.4499969482422;162.73178
2019-04-05 00:00:00-04:00;193.3000030517578;165.00383
2019-04-08 00:00:00-04:00;192.33999633789065;167.3572
2019-04-09 00:00:00-04:00;190.88999938964844;169.062
2019-04-10 00:00:00-04:00;190.1000061035156;170.03716
2019-04-11 00:00:00-04:00;191.1699981689453;170.55164
2019-04-12 00:00:00-04:00;190.52999877929688;171.02496
2019-04-15 00:00:00-04:00;190.9199981689453;171.37079
2019-04-16 00:00:00-04:00;190.0099945068359;171.69646
2019-04-17 00:00:00-04:00;191.5800018310547;171.87218
2019-04-18 00:00:00-04:00;198.8000030517578;172.18073
2019-04-22 00:00:00-04:00;205.4600067138672;173.33202
2019-04-23 00:00:00-04:00;207.47999572753903;175.23549
2019-04-24 00:00:00-04:00;210.13999938964844;177.11934
2019-04-25 00:00:00-04:00;212.16000366210935;178.83398
2019-04-26 00:00:00-04:00;212.16000366210935;180.33453
2019-04-29 00:00:00-04:00;212.5399932861328;181.46202
2019-04-30 00:00:00-04:00;211.6699981689453;182.30205
2019-05-01 00:00:00-04:00;212.08999633789065;182.8292
2019-05-02 00:00:00-04:00;209.1199951171875;183.23398
2019-05-03 00:00:00-04:00;211.3999938964844;183.25943
2019-05-06 00:00:00-04:00;210.41000366210935;183.42339
2019-05-07 00:00:00-04:00;207.8699951171875;183.5465
2019-05-08 00:00:00-04:00;207.19000244140625;183.38098
2019-05-09 00:00:00-04:00;201.88999938964844;183.10492
2019-05-10 00:00:00-04:00;203.22999572753903;182.3402
2019-05-13 00:00:00-04:00;201.05999755859375;181.73499
2019-05-14 00:00:00-04:00;205.3300018310547;181.13002
2019-05-15 00:00:00-04:00;204.9900054931641;181.09782
2019-05-16 00:00:00-04:00;206.8000030517578;181.22005
2019-05-17 00:00:00-04:00;204.7899932861328;181.5106
2019-05-20 00:00:00-04:00;203.0500030517578;181.56227
2019-05-21 00:00:00-04:00;205.0;181.32535
2019-05-22 00:00:00-04:00;204.97000122070312;181.26227
2019-05-23 00:00:00-04:00;206.2100067138672;181.28413
2019-05-24 00:00:00-04:00;198.67999267578125;181.44858
2019-05-28 00:00:00-04:00;194.2400054931641;180.82893
2019-05-29 00:00:00-04:00;188.8999938964844;179.60648
2019-05-30 00:00:00-04:00;187.2899932861328;177.92325
2019-05-31 00:00:00-04:00;176.4499969482422;176.31651
2019-06-03 00:00:00-04:00;177.22999572753906;173.87866
2019-06-04 00:00:00-04:00;184.44000244140625;171.77783
2019-06-05 00:00:00-04:00;187.0;171.1054
2019-06-06 00:00:00-04:00;184.16000366210935;171.25926
2019-06-07 00:00:00-04:00;188.3999938964844;171.17479
2019-06-10 00:00:00-04:00;191.9600067138672;171.45056
2019-06-11 00:00:00-04:00;194.9600067138672;172.14278
2019-06-12 00:00:00-04:00;189.32000732421875;173.10466
2019-06-13 00:00:00-04:00;189.33999633789065;173.22925
2019-06-14 00:00:00-04:00;187.6300048828125;173.06165
2019-06-17 00:00:00-04:00;187.22999572753903;172.67227
2019-06-18 00:00:00-04:00;181.97000122070312;172.28087
2019-06-19 00:00:00-04:00;184.32000732421875;171.36821
2019-06-20 00:00:00-04:00;185.7400054931641;170.78882
2019-06-21 00:00:00-04:00;183.72999572753903;170.62003
2019-06-24 00:00:00-04:00;181.2599945068359;170.34932
2019-06-25 00:00:00-04:00;183.8999938964844;169.78033
2019-06-26 00:00:00-04:00;185.02000427246097;169.55705
2019-06-27 00:00:00-04:00;188.2100067138672;169.61397
2019-06-28 00:00:00-04:00;196.94000244140625;170.10197
2019-07-01 00:00:00-04:00;196.08999633789065;171.61948
2019-07-02 00:00:00-04:00;198.66000366210935;172.94322
2019-07-03 00:00:00-04:00;199.8999938964844;174.1674
2019-07-05 00:00:00-04:00;197.4900054931641;175.22295
2019-07-08 00:00:00-04:00;200.1000061035156;175.73524
2019-07-09 00:00:00-04:00;198.0399932861328;176.29477
2019-07-10 00:00:00-04:00;200.7899932861328;176.55923
2019-07-11 00:00:00-04:00;197.6699981689453;177.01068
2019-07-12 00:00:00-04:00;199.6000061035156;177.1048
2019-07-15 00:00:00-04:00;198.58999633789065;177.29747
2019-07-16 00:00:00-04:00;197.8800048828125;177.39636
2019-07-17 00:00:00-04:00;199.3800048828125;177.37791
2019-07-18 00:00:00-04:00;202.6000061035156;177.50874
2019-07-19 00:00:00-04:00;201.57000732421875;178.02477
2019-07-22 00:00:00-04:00;201.1699981689453;178.42937
2019-07-23 00:00:00-04:00;202.2899932861328;178.65176
2019-07-24 00:00:00-04:00;204.08999633789065;178.89818
2019-07-25 00:00:00-04:00;203.0099945068359;179.30782
2019-07-26 00:00:00-04:00;203.9199981689453;179.56792
2019-07-29 00:00:00-04:00;199.0;179.82053
2019-07-30 00:00:00-04:00;200.9499969482422;179.50291
2019-07-31 00:00:00-04:00;196.82000732421875;179.2949
2019-08-01 00:00:00-04:00;193.6000061035156;178.76244
2019-08-02 00:00:00-04:00;192.7400054931641;177.89723
2019-08-05 00:00:00-04:00;186.69000244140625;177.04485
2019-08-06 00:00:00-04:00;187.19000244140625;175.72722
2019-08-07 00:00:00-04:00;188.16000366210935;174.60693
2019-08-08 00:00:00-04:00;193.2599945068359;173.918
2019-08-09 00:00:00-04:00;194.1499938964844;174.07619
2019-08-12 00:00:00-04:00;193.0500030517578;174.50789
2019-08-13 00:00:00-04:00;196.52999877929688;174.7343
2019-08-14 00:00:00-04:00;193.36000061035156;175.20457
2019-08-15 00:00:00-04:00;194.3999938964844;175.27156
2019-08-16 00:00:00-04:00;198.7899932861328;175.30609
2019-08-19 00:00:00-04:00;201.8000030517578;175.8324
2019-08-20 00:00:00-04:00;202.47999572753903;176.72696
2019-08-21 00:00:00-04:00;202.8500061035156;177.58328
2019-08-22 00:00:00-04:00;201.66000366210935;178.25769
2019-08-23 00:00:00-04:00;198.5099945068359;178.6
2019-08-26 00:00:00-04:00;202.44000244140625;178.44025
2019-08-27 00:00:00-04:00;198.19000244140625;178.62067
2019-08-28 00:00:00-04:00;201.8300018310547;178.44646
2019-08-29 00:00:00-04:00;204.6300048828125;178.59593
2019-08-30 00:00:00-04:00;204.3500061035156;179.1402
2019-09-03 00:00:00-04:00;208.3500061035156;179.64417
2019-09-04 00:00:00-04:00;210.17999267578125;180.42973
2019-09-05 00:00:00-04:00;204.92999267578125;181.32039
2019-09-06 00:00:00-04:00;204.75;181.48601
2019-09-09 00:00:00-04:00;206.75;181.36516
2019-09-10 00:00:00-04:00;208.17999267578125;181.44325
2019-09-11 00:00:00-04:00;206.77000427246097;181.74965
2019-09-12 00:00:00-04:00;203.97000122070312;181.91653
2019-09-13 00:00:00-04:00;204.07000732421875;181.70473
2019-09-16 00:00:00-04:00;203.83999633789065;181.44121
2019-09-17 00:00:00-04:00;205.75;181.22548
2019-09-18 00:00:00-04:00;207.3300018310547;181.2825
2019-09-19 00:00:00-04:00;207.33999633789065;181.57999
2019-09-20 00:00:00-04:00;205.1000061035156;181.87251
2019-09-23 00:00:00-04:00;205.77000427246097;181.84966
2019-09-24 00:00:00-04:00;205.0399932861328;181.79779
2019-09-25 00:00:00-04:00;204.0;181.6937
2019-09-26 00:00:00-04:00;206.07000732421875;181.49306
2019-09-27 00:00:00-04:00;206.0;181.52827
2019-09-30 00:00:00-04:00;207.27999877929688;181.6324
2019-10-01 00:00:00-04:00;209.41000366210935;181.85426
2019-10-02 00:00:00-04:00;206.7899932861328;182.27885
2019-10-03 00:00:00-04:00;194.2599945068359;182.396
2019-10-04 00:00:00-04:00;193.7400054931641;181.07106
2019-10-07 00:00:00-04:00;188.7400054931641;179.51797
2019-10-08 00:00:00-04:00;189.52000427246097;177.7861
2019-10-09 00:00:00-04:00;191.4600067138672;176.47871
2019-10-10 00:00:00-04:00;192.7100067138672;175.81697
2019-10-11 00:00:00-04:00;193.0800018310547;175.6012
2019-10-14 00:00:00-04:00;192.97000122070312;175.54915
2019-10-15 00:00:00-04:00;196.7599945068359;175.48914
2019-10-16 00:00:00-04:00;198.47999572753903;175.82779
2019-10-17 00:00:00-04:00;197.2899932861328;176.37744
2019-10-18 00:00:00-04:00;197.02000427246097;176.69957
2019-10-21 00:00:00-04:00;194.5800018310547;176.82776
2019-10-22 00:00:00-04:00;196.80999755859375;176.60065
2019-10-23 00:00:00-04:00;197.5399932861328;176.57582
2019-10-24 00:00:00-04:00;196.69000244140625;176.71974
2019-10-25 00:00:00-04:00;195.83999633789065;176.78336
2019-10-28 00:00:00-04:00;192.9199981689453;176.70528
2019-10-29 00:00:00-04:00;192.97999572753903;176.27754
2019-10-30 00:00:00-04:00;191.5399932861328;175.8522
2019-10-31 00:00:00-04:00;190.3300018310547;175.3772
2019-11-01 00:00:00-04:00;191.0;174.85637
2019-11-04 00:00:00-05:00;193.9199981689453;174.51222
2019-11-05 00:00:00-05:00;191.72000122070312;174.62689
2019-11-06 00:00:00-05:00;193.2100067138672;174.58316
2019-11-07 00:00:00-05:00;190.27999877929688;174.64159
2019-11-08 00:00:00-05:00;187.55999755859375;174.37381
2019-11-11 00:00:00-05:00;184.52000427246097;173.74483
2019-11-12 00:00:00-05:00;183.8300018310547;172.80084
2019-11-13 00:00:00-05:00;184.0099945068359;171.90334
2019-11-14 00:00:00-05:00;182.86000061035156;171.24861
2019-11-15 00:00:00-05:00;179.64999389648438;170.66261
2019-11-18 00:00:00-05:00;174.88999938964844;169.81358
2019-11-19 00:00:00-05:00;180.9600067138672;168.46907
2019-11-20 00:00:00-05:00;185.86000061035156;168.01093
2019-11-21 00:00:00-05:00;186.6300048828125;168.50359
2019-11-22 00:00:00-05:00;181.22000122070312;169.19426
2019-11-25 00:00:00-05:00;183.57000732421875;169.0586
2019-11-26 00:00:00-05:00;184.05999755859375;168.9722
2019-11-27 00:00:00-05:00;185.75;168.9884
2019-11-29 00:00:00-05:00;186.05999755859375;169.23901
2019-12-02 00:00:00-05:00;186.0800018310547;169.52939
2019-12-03 00:00:00-05:00;184.4900054931641;169.75775
2019-12-04 00:00:00-05:00;184.2899932861328;169.7189
2019-12-05 00:00:00-05:00;182.4600067138672;169.59178
2019-12-06 00:00:00-05:00;183.6499938964844;169.25632
2019-12-09 00:00:00-05:00;181.27000427246097;169.09128
2019-12-10 00:00:00-05:00;180.92999267578125;168.72783
2019-12-11 00:00:00-05:00;181.6199951171875;168.34387
2019-12-12 00:00:00-05:00;179.7899932861328;168.12529
2019-12-13 00:00:00-05:00;182.05999755859375;167.77226
2019-12-16 00:00:00-05:00;182.88999938964844;167.73059
2019-12-17 00:00:00-05:00;183.1199951171875;167.88074
2019-12-18 00:00:00-05:00;183.67999267578125;168.06271
2019-12-19 00:00:00-05:00;185.82000732421875;168.26459
2019-12-20 00:00:00-05:00;188.8999938964844;168.68169
2019-12-23 00:00:00-05:00;188.0399932861328;169.43748
2019-12-24 00:00:00-05:00;186.8300018310547;170.00407
2019-12-26 00:00:00-05:00;189.66000366210935;170.23517
2019-12-27 00:00:00-05:00;189.22999572753903;170.67114
2019-12-30 00:00:00-05:00;188.3699951171875;171.03731
2019-12-31 00:00:00-05:00;189.75;171.20804
2020-01-02 00:00:00-05:00;188.3000030517578;171.4621
2020-01-03 00:00:00-05:00;189.52999877929688;171.5288
2020-01-06 00:00:00-05:00;190.3999938964844;171.68405
2020-01-07 00:00:00-05:00;183.6000061035156;171.94803
2020-01-08 00:00:00-05:00;190.2899932861328;171.38304
2020-01-09 00:00:00-05:00;193.58999633789065;171.5059
2020-01-10 00:00:00-05:00;188.3800048828125;172.22192
2020-01-13 00:00:00-05:00;188.44000244140625;172.31909
2020-01-14 00:00:00-05:00;190.8300018310547;172.19936
2020-01-15 00:00:00-05:00;190.8500061035156;172.34474
2020-01-16 00:00:00-05:00;190.86000061035156;172.55513
2020-01-17 00:00:00-05:00;189.9499969482422;172.73628
2020-01-21 00:00:00-05:00;190.22999572753903;172.76134
2020-01-22 00:00:00-05:00;191.94000244140625;172.77312
2020-01-23 00:00:00-05:00;193.97000122070312;172.98915
2020-01-24 00:00:00-05:00;191.55999755859375;173.45863
2020-01-27 00:00:00-05:00;190.8999938964844;173.6119
2020-01-28 00:00:00-05:00;192.75;173.5549
2020-01-29 00:00:00-05:00;192.5800018310547;173.6784
2020-01-30 00:00:00-05:00;190.7899932861328;173.82428
2020-01-31 00:00:00-05:00;188.3000030517578;173.73773
2020-02-03 00:00:00-05:00;189.1199951171875;173.31546
2020-02-04 00:00:00-05:00;192.88999938964844;172.99701
2020-02-05 00:00:00-05:00;197.13999938964844;173.23851
2020-02-06 00:00:00-05:00;199.8000030517578;174.07962
2020-02-07 00:00:00-05:00;200.33999633789065;175.18166
2020-02-10 00:00:00-05:00;200.07000732421875;176.13814
2020-02-11 00:00:00-05:00;199.94000244140625;176.79001
2020-02-12 00:00:00-05:00;198.72000122070312;177.20084
2020-02-13 00:00:00-05:00;201.19000244140625;177.34004
2020-02-14 00:00:00-05:00;203.8300018310547;177.66953
2020-02-18 00:00:00-05:00;203.82000732421875;178.3039
2020-02-19 00:00:00-05:00;206.63999938964844;178.89438
2020-02-20 00:00:00-05:00;208.33999633789065;179.63866
2020-02-21 00:00:00-05:00;207.3999938964844;180.45395
2020-02-24 00:00:00-05:00;201.5399932861328;181.01202
2020-02-25 00:00:00-05:00;195.2899932861328;180.7556
2020-02-26 00:00:00-05:00;190.97000122070312;179.65703
2020-02-27 00:00:00-05:00;175.66000366210938;178.12248
2020-02-28 00:00:00-05:00;172.3800048828125;175.1384
2020-03-02 00:00:00-05:00;177.22000122070312;171.9754
2020-03-03 00:00:00-05:00;177.58999633789062;170.08572
2020-03-04 00:00:00-05:00;185.9600067138672;169.03174
2020-03-05 00:00:00-05:00;182.77000427246097;169.37967
2020-03-06 00:00:00-05:00;179.07000732421875;169.55798
2020-03-09 00:00:00-04:00;164.24000549316406;169.08617
2020-03-10 00:00:00-04:00;165.32000732421875;166.63858
2020-03-11 00:00:00-04:00;155.07000732421875;164.26323
2020-03-12 00:00:00-04:00;131.42999267578125;161.1246
2020-03-13 00:00:00-04:00;132.97999572753906;155.2102
2020-03-16 00:00:00-04:00;124.75;149.8474
2020-03-17 00:00:00-04:00;124.4499969482422;144.48499
2020-03-18 00:00:00-04:00;121.25;140.02446
2020-03-19 00:00:00-04:00;123.05999755859376;136.00154
2020-03-20 00:00:00-04:00;119.6999969482422;132.96323
2020-03-23 00:00:00-04:00;105.63999938964844;129.98605
2020-03-24 00:00:00-04:00;123.81999969482422;124.97406
2020-03-25 00:00:00-04:00;126.61000061035156;123.38183
2020-03-26 00:00:00-04:00;140.69000244140625;123.32259
2020-03-27 00:00:00-04:00;144.8800048828125;125.99603
2020-03-30 00:00:00-04:00;146.44000244140625;129.27127
2020-03-31 00:00:00-04:00;143.36000061035156;132.0839
2020-04-01 00:00:00-04:00;136.8800048828125;133.55447
2020-04-02 00:00:00-04:00;131.22000122070312;133.2923
2020-04-03 00:00:00-04:00;132.1699981689453;131.76625
2020-04-06 00:00:00-04:00;142.25999450683594;130.49524
2020-04-07 00:00:00-04:00;149.58999633789062;131.36288
2020-04-08 00:00:00-04:00;157.77000427246094;133.83855
2020-04-09 00:00:00-04:00;166.24000549316406;137.48676
2020-04-13 00:00:00-04:00;157.6300048828125;141.90416
2020-04-14 00:00:00-04:00;167.8300018310547;144.07303
2020-04-15 00:00:00-04:00;162.36000061035156;146.86119
2020-04-16 00:00:00-04:00;162.14999389648438;148.36989
2020-04-17 00:00:00-04:00;162.6999969482422;149.31252
2020-04-20 00:00:00-04:00;156.6199951171875;150.06856
2020-04-21 00:00:00-04:00;153.02000427246094;149.79669
2020-04-22 00:00:00-04:00;155.22000122070312;148.86241
2020-04-23 00:00:00-04:00;153.0500030517578;148.35481
2020-04-24 00:00:00-04:00;158.8300018310547;147.78795
2020-04-27 00:00:00-04:00;163.14999389648438;148.22246
2020-04-28 00:00:00-04:00;167.42999267578125;149.45157
2020-04-29 00:00:00-04:00;169.4199981689453;151.21892
2020-04-30 00:00:00-04:00;164.69000244140625;152.98183
2020-05-01 00:00:00-04:00;161.57000732421875;153.64977
2020-05-04 00:00:00-04:00;163.75;153.46307
2020-05-05 00:00:00-04:00;163.00999450683594;153.46121
2020-05-06 00:00:00-04:00;165.47999572753906;153.45865
2020-05-07 00:00:00-04:00;164.77000427246094;153.85094
2020-05-08 00:00:00-04:00;166.05999755859375;154.17056
2020-05-11 00:00:00-04:00;163.3000030517578;154.59467
2020-05-12 00:00:00-04:00;160.52000427246094;154.56229
2020-05-13 00:00:00-04:00;155.32000732421875;154.03442
2020-05-14 00:00:00-04:00;157.9600067138672;152.7614
2020-05-15 00:00:00-04:00;158.49000549316406;151.97502
2020-05-18 00:00:00-04:00;168.50999450683594;151.57942
2020-05-19 00:00:00-04:00;168.89999389648438;152.82523
2020-05-20 00:00:00-04:00;172.47000122070312;154.22583
2020-05-21 00:00:00-04:00;171.0;155.81871
2020-05-22 00:00:00-04:00;172.30999755859375;156.86034
2020-05-26 00:00:00-04:00;176.41000366210938;157.71886
2020-05-27 00:00:00-04:00;179.3800048828125;158.93056
2020-05-28 00:00:00-04:00;175.44000244140625;160.40067
2020-05-29 00:00:00-04:00;172.6999969482422;161.10008
2020-06-01 00:00:00-04:00;173.25;161.1039
2020-06-02 00:00:00-04:00;173.22999572753906;161.04453
2020-06-03 00:00:00-04:00;174.82000732421875;161.03639
2020-06-04 00:00:00-04:00;175.72999572753906;161.29576
2020-06-05 00:00:00-04:00;181.4199981689453;161.70906
2020-06-08 00:00:00-04:00;185.92999267578125;162.83205
2020-06-09 00:00:00-04:00;183.3999938964844;164.47505
2020-06-10 00:00:00-04:00;180.3000030517578;165.5457
2020-06-11 00:00:00-04:00;168.6699981689453;165.8244
2020-06-12 00:00:00-04:00;170.27999877929688;164.36188
2020-06-15 00:00:00-04:00;173.69000244140625;163.00194
2020-06-16 00:00:00-04:00;177.4600067138672;162.49475
2020-06-17 00:00:00-04:00;178.7100067138672;162.86063
2020-06-18 00:00:00-04:00;184.25;163.51886
2020-06-19 00:00:00-04:00;181.41000366210935;164.78496
2020-06-22 00:00:00-04:00;179.7100067138672;165.5296
2020-06-23 00:00:00-04:00;180.4600067138672;165.73293
2020-06-24 00:00:00-04:00;171.66000366210938;165.85144
2020-06-25 00:00:00-04:00;173.3300018310547;164.82896
2020-06-26 00:00:00-04:00;168.99000549316406;163.95874
2020-06-29 00:00:00-04:00;174.1699981689453;162.79852
2020-06-30 00:00:00-04:00;174.9499969482422;162.51004
2020-07-01 00:00:00-04:00;185.8800048828125;162.62189
2020-07-02 00:00:00-04:00;185.8000030517578;164.21281
2020-07-06 00:00:00-04:00;186.4900054931641;165.77477
2020-07-07 00:00:00-04:00;182.4600067138672;167.0133
2020-07-08 00:00:00-04:00;183.47999572753903;167.35788
2020-07-09 00:00:00-04:00;182.38999938964844;167.5326
2020-07-10 00:00:00-04:00;184.92999267578125;167.53374
2020-07-13 00:00:00-04:00;179.69000244140625;167.84544
2020-07-14 00:00:00-04:00;179.17999267578125;167.54771
2020-07-15 00:00:00-04:00;182.6300048828125;167.09523
2020-07-16 00:00:00-04:00;181.2400054931641;167.15814
2020-07-17 00:00:00-04:00;180.61000061035156;167.19438
2020-07-20 00:00:00-04:00;177.60000610351562;167.12788
2020-07-21 00:00:00-04:00;180.77000427246097;166.6645
2020-07-22 00:00:00-04:00;179.49000549316406;166.59668
2020-07-23 00:00:00-04:00;179.0;166.50189
2020-07-24 00:00:00-04:00;179.85000610351562;166.35161
2020-07-27 00:00:00-04:00;178.88999938964844;166.31902
2020-07-28 00:00:00-04:00;179.52000427246094;166.20216
2020-07-29 00:00:00-04:00;181.61000061035156;166.16165
2020-07-30 00:00:00-04:00;180.8300018310547;166.41222
2020-07-31 00:00:00-04:00;178.1999969482422;166.58308
2020-08-03 00:00:00-04:00;173.2899932861328;166.35114
2020-08-04 00:00:00-04:00;171.69000244140625;165.43387
2020-08-05 00:00:00-04:00;173.42999267578125;164.33446
2020-08-06 00:00:00-04:00;171.08999633789062;163.6729
2020-08-07 00:00:00-04:00;172.27000427246094;162.97955
2020-08-10 00:00:00-04:00;171.4499969482422;162.56357
2020-08-11 00:00:00-04:00;172.8699951171875;162.18199
2020-08-12 00:00:00-04:00;175.5;162.05367
2020-08-13 00:00:00-04:00;176.6199951171875;162.34161
2020-08-14 00:00:00-04:00;176.02999877929688;162.7967
2020-08-17 00:00:00-04:00;173.69000244140625;163.08861
2020-08-18 00:00:00-04:00;178.17999267578125;162.9461
2020-08-19 00:00:00-04:00;180.0;163.30493
2020-08-20 00:00:00-04:00;178.33999633789062;163.96419
2020-08-21 00:00:00-04:00;179.2899932861328;164.33699
2020-08-24 00:00:00-04:00;181.4900054931641;164.66434
2020-08-25 00:00:00-04:00;180.17999267578125;165.19785
2020-08-26 00:00:00-04:00;181.36000061035156;165.51228
2020-08-27 00:00:00-04:00;182.6499938964844;165.85495
2020-08-28 00:00:00-04:00;185.3699951171875;166.3062
2020-08-31 00:00:00-04:00;184.47999572753903;167.04253
2020-09-01 00:00:00-04:00;185.94000244140625;167.58643
2020-09-02 00:00:00-04:00;188.0099945068359;168.14214
2020-09-03 00:00:00-04:00;190.5800018310547;168.84659
2020-09-04 00:00:00-04:00;191.52000427246097;169.76445
2020-09-08 00:00:00-04:00;187.7599945068359;170.65787
2020-09-09 00:00:00-04:00;189.92999267578125;170.89929
2020-09-10 00:00:00-04:00;188.72999572753903;171.1825
2020-09-11 00:00:00-04:00;188.80999755859375;171.31166
2020-09-14 00:00:00-04:00;195.30999755859375;171.40489
2020-09-15 00:00:00-04:00;196.58999633789065;172.26213
2020-09-16 00:00:00-04:00;193.1999969482422;173.30612
2020-09-17 00:00:00-04:00;192.2100067138672;173.75847
2020-09-18 00:00:00-04:00;187.80999755859375;173.82143
2020-09-21 00:00:00-04:00;185.05999755859375;173.27959
2020-09-22 00:00:00-04:00;188.5;172.3951
2020-09-23 00:00:00-04:00;186.57000732421875;172.05579
2020-09-24 00:00:00-04:00;181.8699951171875;171.75244
2020-09-25 00:00:00-04:00;181.82000732421875;170.95348
2020-09-28 00:00:00-04:00;185.4499969482422;170.17014
2020-09-29 00:00:00-04:00;187.52000427246097;170.01334
2020-09-30 00:00:00-04:00;189.5099945068359;170.3137
2020-10-01 00:00:00-04:00;184.61000061035156;170.8804
2020-10-02 00:00:00-04:00;185.6000061035156;170.7714
2020-10-05 00:00:00-04:00;183.6000061035156;170.59007
2020-10-06 00:00:00-04:00;180.5800018310547;170.20154
2020-10-07 00:00:00-04:00;181.47999572753903;169.48294
2020-10-08 00:00:00-04:00;185.1499938964844;168.94614
2020-10-09 00:00:00-04:00;186.6499938964844;169.04019
2020-10-12 00:00:00-04:00;187.0099945068359;169.46367
2020-10-13 00:00:00-04:00;187.52999877929688;169.8959
2020-10-14 00:00:00-04:00;183.11000061035156;170.26895
2020-10-15 00:00:00-04:00;181.5500030517578;169.9963
2020-10-16 00:00:00-04:00;181.47999572753903;169.41237
2020-10-19 00:00:00-04:00;180.63999938964844;168.88492
2020-10-20 00:00:00-04:00;180.3300018310547;168.40762
2020-10-21 00:00:00-04:00;179.63999938964844;168.0134
2020-10-22 00:00:00-04:00;178.39999389648438;167.63683
2020-10-23 00:00:00-04:00;179.4600067138672;167.18153
2020-10-26 00:00:00-04:00;174.97000122070312;166.92462
2020-10-27 00:00:00-04:00;172.16000366210938;166.20392
2020-10-28 00:00:00-04:00;165.00999450683594;165.13791
2020-10-29 00:00:00-04:00;165.85000610351562;163.28265
2020-10-30 00:00:00-04:00;165.22999572753906;161.71548
2020-11-02 00:00:00-05:00;176.38999938964844;160.48734
2020-11-03 00:00:00-05:00;184.83999633789065;161.08151
2020-11-04 00:00:00-05:00;180.8500061035156;163.0831
2020-11-05 00:00:00-05:00;183.47999572753903;164.38573
2020-11-06 00:00:00-05:00;185.77999877929688;165.46922
2020-11-09 00:00:00-05:00;200.75;166.52255
2020-11-10 00:00:00-05:00;200.55999755859375;169.21242
2020-11-11 00:00:00-05:00;194.52999877929688;171.6902
2020-11-12 00:00:00-05:00;194.8999938964844;172.81119
2020-11-13 00:00:00-05:00;202.0099945068359;173.36258
2020-11-16 00:00:00-05:00;206.1000061035156;174.54063
2020-11-17 00:00:00-05:00;205.0500030517578;176.16837
2020-11-18 00:00:00-05:00;203.75;177.45665
2020-11-19 00:00:00-05:00;204.2100067138672;178.22144
2020-11-20 00:00:00-05:00;200.57000732421875;178.75026
2020-11-23 00:00:00-05:00;201.5800018310547;178.75218
2020-11-24 00:00:00-05:00;207.8000030517578;178.74908
2020-11-25 00:00:00-05:00;204.6999969482422;179.47566
2020-11-27 00:00:00-05:00;204.80999755859375;179.95692
2020-11-30 00:00:00-05:00;205.83999633789065;180.24643
2020-12-01 00:00:00-05:00;205.7400054931641;180.54283
2020-12-02 00:00:00-05:00;204.9900054931641;180.78867
2020-12-03 00:00:00-05:00;209.77999877929688;180.89825
2020-12-04 00:00:00-05:00;213.7899932861328;181.45758
2020-12-07 00:00:00-05:00;212.0399932861328;182.46608
2020-12-08 00:00:00-05:00;213.0099945068359;183.19394
2020-12-09 00:00:00-05:00;209.3800048828125;183.74597
2020-12-10 00:00:00-05:00;207.2899932861328;183.7775
2020-12-11 00:00:00-05:00;205.2899932861328;183.44106
2020-12-14 00:00:00-05:00;207.0;182.9043
2020-12-15 00:00:00-05:00;212.25;182.63487
2020-12-16 00:00:00-05:00;214.80999755859375;183.0762
2020-12-17 00:00:00-05:00;217.8000030517578;183.89674
2020-12-18 00:00:00-05:00;218.67999267578125;184.90744
2020-12-21 00:00:00-05:00;214.4600067138672;185.81172
2020-12-22 00:00:00-05:00;212.9499969482422;186.05446
2020-12-23 00:00:00-05:00;215.47999572753903;185.88197
2020-12-24 00:00:00-05:00;215.80999755859375;185.91393
2020-12-28 00:00:00-05:00;218.63999938964844;186.08656
2020-12-29 00:00:00-05:00;217.44000244140625;186.53914
2020-12-30 00:00:00-05:00;218.2100067138672;186.8725
2020-12-31 00:00:00-05:00;219.0500030517578;187.14597
2021-01-04 00:00:00-05:00;216.7400054931641;187.43448
2021-01-05 00:00:00-05:00;216.88999938964844;187.45413
2021-01-06 00:00:00-05:00;223.72000122070312;187.39346
2021-01-07 00:00:00-05:00;228.8699951171875;187.9936
2021-01-08 00:00:00-05:00;230.2100067138672;189.17963
2021-01-11 00:00:00-05:00;226.8800048828125;190.37589
2021-01-12 00:00:00-05:00;228.08999633789065;190.9698
2021-01-13 00:00:00-05:00;224.57000732421875;191.32144
2021-01-14 00:00:00-05:00;223.8999938964844;191.26466
2021-01-15 00:00:00-05:00;219.9900054931641;191.03151
2021-01-19 00:00:00-05:00;222.91000366210935;190.49281
2021-01-20 00:00:00-05:00;227.5099945068359;190.24054
2021-01-21 00:00:00-05:00;228.69000244140625;190.61105
2021-01-22 00:00:00-05:00;226.91000366210935;191.20612
2021-01-25 00:00:00-05:00;222.1699981689453;191.54114
2021-01-26 00:00:00-05:00;219.8500061035156;191.26512
2021-01-27 00:00:00-05:00;213.32000732421875;190.63174
2021-01-28 00:00:00-05:00;216.8500061035156;189.4695
2021-01-29 00:00:00-05:00;210.92999267578125;188.71515
2021-02-01 00:00:00-05:00;215.05999755859375;187.78503
2021-02-02 00:00:00-05:00;217.72999572753903;187.33093
2021-02-03 00:00:00-05:00;216.3000030517578;187.42366
2021-02-04 00:00:00-05:00;223.5099945068359;187.49344
2021-02-05 00:00:00-05:00;227.92999267578125;188.16185
2021-02-08 00:00:00-05:00;228.6300048828125;189.29045
2021-02-09 00:00:00-05:00;233.8000030517578;190.32832
2021-02-10 00:00:00-05:00;240.33999633789065;191.51904
2021-02-11 00:00:00-05:00;236.38999938964844;193.07515
2021-02-12 00:00:00-05:00;241.27000427246097;194.08014
2021-02-16 00:00:00-05:00;232.0;195.02089
2021-02-17 00:00:00-05:00;228.4600067138672;195.0668
2021-02-18 00:00:00-05:00;226.17999267578125;194.42606
2021-02-19 00:00:00-05:00;223.2100067138672;193.60165
2021-02-22 00:00:00-05:00;222.4900054931641;192.69629
2021-02-23 00:00:00-05:00;222.3800048828125;191.92201
2021-02-24 00:00:00-05:00;223.92999267578125;191.37386
2021-02-25 00:00:00-05:00;217.92999267578125;191.15329
2021-02-26 00:00:00-05:00;214.13999938964844;190.54402
2021-03-01 00:00:00-05:00;217.75;189.524
2021-03-02 00:00:00-05:00;218.1499938964844;188.93979
2021-03-03 00:00:00-05:00;216.05999755859375;188.70908
2021-03-04 00:00:00-05:00;211.1499938964844;188.40872
2021-03-05 00:00:00-05:00;217.0099945068359;187.6487
2021-03-08 00:00:00-05:00;220.6300048828125;187.43477
2021-03-09 00:00:00-05:00;227.1000061035156;187.83679
2021-03-10 00:00:00-05:00;227.05999755859375;188.90253
2021-03-11 00:00:00-05:00;228.61000061035156;189.90509
2021-03-12 00:00:00-05:00;229.38999938964844;190.73189
2021-03-15 00:00:00-04:00;229.86000061035156;191.38736
2021-03-16 00:00:00-04:00;230.6300048828125;191.89009
2021-03-17 00:00:00-04:00;233.0099945068359;192.31621
2021-03-18 00:00:00-04:00;231.07000732421875;192.84999
2021-03-19 00:00:00-04:00;234.6999969482422;193.16216
2021-03-22 00:00:00-04:00;230.72000122070312;193.62245
2021-03-23 00:00:00-04:00;229.0800018310547;193.74918
2021-03-24 00:00:00-04:00;229.67999267578125;193.55246
2021-03-25 00:00:00-04:00;231.16000366210935;193.38095
2021-03-26 00:00:00-04:00;235.30999755859375;193.41858
2021-03-29 00:00:00-04:00;235.97999572753903;193.88327
2021-03-30 00:00:00-04:00;233.9499969482422;194.45506
2021-03-31 00:00:00-04:00;228.0;194.72885
2021-04-01 00:00:00-04:00;229.6199951171875;194.32187
2021-04-05 00:00:00-04:00;230.27999877929688;193.89359
2021-04-06 00:00:00-04:00;236.3000030517578;193.6986
2021-04-07 00:00:00-04:00;234.94000244140625;194.1338
2021-04-08 00:00:00-04:00;224.2100067138672;194.60037
2021-04-09 00:00:00-04:00;224.1499938964844;193.99875
2021-04-12 00:00:00-04:00;226.30999755859375;193.08034
2021-04-13 00:00:00-04:00;226.57000732421875;192.56122
2021-04-14 00:00:00-04:00;228.82000732421875;192.34654
2021-04-15 00:00:00-04:00;234.6000061035156;192.45155
2021-04-16 00:00:00-04:00;238.86000061035156;193.1227
2021-04-19 00:00:00-04:00;237.6000061035156;194.18369
2021-04-20 00:00:00-04:00;238.30999755859375;194.99408
2021-04-21 00:00:00-04:00;241.1300048828125;195.54132
2021-04-22 00:00:00-04:00;238.3300018310547;196.1305
2021-04-23 00:00:00-04:00;240.5800018310547;196.41817
2021-04-26 00:00:00-04:00;238.5099945068359;196.68907
2021-04-27 00:00:00-04:00;238.3500061035156;196.79625
2021-04-28 00:00:00-04:00;237.8999938964844;196.7878
2021-04-29 00:00:00-04:00;241.6000061035156;196.74043
2021-04-30 00:00:00-04:00;240.32000732421875;196.99135
2021-05-03 00:00:00-04:00;243.02000427246097;197.23349
2021-05-04 00:00:00-04:00;240.0;197.5809
2021-05-05 00:00:00-04:00;239.6999969482422;197.6917
2021-05-06 00:00:00-04:00;241.6199951171875;197.61989
2021-05-07 00:00:00-04:00;240.9199981689453;197.68901
2021-05-10 00:00:00-04:00;239.19000244140625;197.76813
2021-05-11 00:00:00-04:00;234.0399932861328;197.67812
2021-05-12 00:00:00-04:00;229.75;197.13594
2021-05-13 00:00:00-04:00;231.0;196.18312
2021-05-14 00:00:00-04:00;234.44000244140625;195.42207
2021-05-17 00:00:00-04:00;235.8699951171875;195.23705
2021-05-18 00:00:00-04:00;234.11000061035156;195.41139
2021-05-19 00:00:00-04:00;232.3800048828125;195.47949
2021-05-20 00:00:00-04:00;236.1000061035156;195.30124
2021-05-21 00:00:00-04:00;237.27999877929688;195.37436
2021-05-24 00:00:00-04:00;236.47999572753903;195.65909
2021-05-25 00:00:00-04:00;237.94000244140625;195.85944
2021-05-26 00:00:00-04:00;237.19000244140625;196.07921
2021-05-27 00:00:00-04:00;236.9900054931641;196.21477
2021-05-28 00:00:00-04:00;239.72000122070312;196.25946
2021-06-01 00:00:00-04:00;237.3500061035156;196.49246
2021-06-02 00:00:00-04:00;239.30999755859375;196.58052
2021-06-03 00:00:00-04:00;238.6499938964844;196.71062
2021-06-04 00:00:00-04:00;239.25;196.81808
2021-06-07 00:00:00-04:00;239.0800018310547;196.92023
2021-06-08 00:00:00-04:00;238.3699951171875;197.00133
2021-06-09 00:00:00-04:00;236.6699981689453;196.99638
2021-06-10 00:00:00-04:00;237.1699981689453;196.8281
2021-06-11 00:00:00-04:00;237.88999938964844;196.67615
2021-06-14 00:00:00-04:00;236.3699951171875;196.64761
2021-06-15 00:00:00-04:00;236.0800018310547;196.54947
2021-06-16 00:00:00-04:00;233.97000122070312;196.40225
2021-06-17 00:00:00-04:00;229.7400054931641;196.11092
2021-06-18 00:00:00-04:00;221.25;195.47385
2021-06-21 00:00:00-04:00;225.94000244140625;194.13377
2021-06-22 00:00:00-04:00;224.6999969482422;193.21753
2021-06-23 00:00:00-04:00;224.25;192.66093
2021-06-24 00:00:00-04:00;226.0;192.24335
2021-06-25 00:00:00-04:00;228.6000061035156;192.09395
2021-06-28 00:00:00-04:00;229.38999938964844;192.27692
2021-06-29 00:00:00-04:00;230.97999572753903;192.57576
2021-06-30 00:00:00-04:00;233.88999938964844;192.9443
2021-07-01 00:00:00-04:00;232.02999877929688;193.48994
2021-07-02 00:00:00-04:00;231.4199981689453;193.81624
2021-07-06 00:00:00-04:00;229.4600067138672;193.9071
2021-07-07 00:00:00-04:00;227.0800018310547;193.75189
2021-07-08 00:00:00-04:00;227.0099945068359;193.3509
2021-07-09 00:00:00-04:00;227.69000244140625;192.96387
2021-07-12 00:00:00-04:00;226.4600067138672;192.75543
2021-07-13 00:00:00-04:00;225.4499969482422;192.55309
2021-07-14 00:00:00-04:00;225.77999877929688;192.28836
2021-07-15 00:00:00-04:00;224.9600067138672;192.08507
2021-07-16 00:00:00-04:00;224.0099945068359;191.88058
2021-07-19 00:00:00-04:00;222.02000427246097;191.62357
2021-07-20 00:00:00-04:00;225.1699981689453;191.22377
2021-07-21 00:00:00-04:00;225.8500061035156;191.13518
2021-07-22 00:00:00-04:00;223.83999633789065;191.25874
2021-07-23 00:00:00-04:00;224.5800018310547;191.21555
2021-07-26 00:00:00-04:00;224.82000732421875;191.16176
2021-07-27 00:00:00-04:00;226.36000061035156;191.15231
2021-07-28 00:00:00-04:00;226.4199981689453;191.2915
2021-07-29 00:00:00-04:00;224.57000732421875;191.45802
2021-07-30 00:00:00-04:00;224.33999633789065;191.41676
2021-08-02 00:00:00-04:00;222.7899932861328;191.28185
2021-08-03 00:00:00-04:00;221.33999633789065;191.02512
2021-08-04 00:00:00-04:00;219.38999938964844;190.65361
2021-08-05 00:00:00-04:00;219.5099945068359;190.15733
2021-08-06 00:00:00-04:00;218.8000030517578;189.74174
2021-08-09 00:00:00-04:00;217.19000244140625;189.39366
2021-08-10 00:00:00-04:00;218.05999755859375;188.98456
2021-08-11 00:00:00-04:00;213.3999938964844;188.71234
2021-08-12 00:00:00-04:00;211.94000244140625;188.1156
2021-08-13 00:00:00-04:00;213.63999938964844;187.36752
2021-08-16 00:00:00-04:00;214.0500030517578;186.91689
2021-08-17 00:00:00-04:00;213.30999755859375;186.71283
2021-08-18 00:00:00-04:00;214.42999267578125;186.53583
2021-08-19 00:00:00-04:00;213.8800048828125;186.48549
2021-08-20 00:00:00-04:00;213.8300018310547;186.42482
2021-08-23 00:00:00-04:00;216.0099945068359;186.34741
2021-08-24 00:00:00-04:00;216.8300018310547;186.485
2021-08-25 00:00:00-04:00;214.97999572753903;186.74023
2021-08-26 00:00:00-04:00;214.3500061035156;186.77997
2021-08-27 00:00:00-04:00;212.4199981689453;186.66191
2021-08-30 00:00:00-04:00;211.7899932861328;186.3444
2021-08-31 00:00:00-04:00;211.13999938964844;185.97612
2021-09-01 00:00:00-04:00;214.91000366210935;185.62512
2021-09-02 00:00:00-04:00;212.4600067138672;185.72823
2021-09-03 00:00:00-04:00;211.8300018310547;185.72388
2021-09-07 00:00:00-04:00;209.27999877929688;185.58026
2021-09-08 00:00:00-04:00;216.97000122070312;185.1757
2021-09-09 00:00:00-04:00;216.0099945068359;185.52876
2021-09-10 00:00:00-04:00;213.91000366210935;185.98665
2021-09-13 00:00:00-04:00;214.8999938964844;186.11142
2021-09-14 00:00:00-04:00;215.58999633789065;186.18146
2021-09-15 00:00:00-04:00;218.5;186.30632
2021-09-16 00:00:00-04:00;215.4499969482422;186.7065
2021-09-17 00:00:00-04:00;214.8500061035156;186.82066
2021-09-20 00:00:00-04:00;210.1300048828125;186.73036
2021-09-21 00:00:00-04:00;209.0800018310547;186.16083
2021-09-22 00:00:00-04:00;211.3000030517578;185.45999
2021-09-23 00:00:00-04:00;214.02000427246097;185.13103
2021-09-24 00:00:00-04:00;212.6199951171875;185.28085
2021-09-27 00:00:00-04:00;211.6699981689453;185.39447
2021-09-28 00:00:00-04:00;209.9600067138672;185.33577
2021-09-29 00:00:00-04:00;211.7599945068359;185.05904
2021-09-30 00:00:00-04:00;210.69000244140625;184.95277
2021-10-01 00:00:00-04:00;213.47999572753903;184.8375
2021-10-04 00:00:00-04:00;213.02000427246097;185.0045
2021-10-05 00:00:00-04:00;213.05999755859375;185.1849
2021-10-06 00:00:00-04:00;211.6199951171875;185.30801
2021-10-07 00:00:00-04:00;216.5099945068359;185.24042
2021-10-08 00:00:00-04:00;219.66000366210935;185.60338
2021-10-11 00:00:00-04:00;219.6999969482422;186.35228
2021-10-12 00:00:00-04:00;218.83999633789065;187.03552
2021-10-13 00:00:00-04:00;219.1300048828125;187.43507
2021-10-14 00:00:00-04:00;220.3699951171875;187.6817
2021-10-15 00:00:00-04:00;218.9499969482422;187.96506
2021-10-18 00:00:00-04:00;215.6000061035156;188.08578
2021-10-19 00:00:00-04:00;216.2400054931641;187.81133
2021-10-20 00:00:00-04:00;218.1499938964844;187.5384
2021-10-21 00:00:00-04:00;218.41000366210935;187.54944
2021-10-22 00:00:00-04:00;219.3999938964844;187.68672
2021-10-25 00:00:00-04:00;217.69000244140625;187.91158
2021-10-26 00:00:00-04:00;218.2100067138672;187.94876
2021-10-27 00:00:00-04:00;214.9499969482422;187.95027
2021-10-28 00:00:00-04:00;216.77000427246097;187.65005
2021-10-29 00:00:00-04:00;216.80999755859375;187.48087
2021-11-01 00:00:00-04:00;220.2100067138672;187.43153
2021-11-02 00:00:00-04:00;220.6999969482422;187.74281
2021-11-03 00:00:00-04:00;220.69000244140625;188.15187
2021-11-04 00:00:00-04:00;219.36000061035156;188.4699
2021-11-05 00:00:00-04:00;222.69000244140625;188.55437
2021-11-08 00:00:00-05:00;221.77999877929688;188.85188
2021-11-09 00:00:00-05:00;221.63999938964844;189.10173
2021-11-10 00:00:00-05:00;222.33999633789065;189.24692
2021-11-11 00:00:00-05:00;224.75;189.39938
2021-11-12 00:00:00-05:00;226.41000366210935;189.75278
2021-11-15 00:00:00-05:00;228.82000732421875;190.256
2021-11-16 00:00:00-05:00;231.1300048828125;190.90353
2021-11-17 00:00:00-05:00;234.02000427246097;191.65753
2021-11-18 00:00:00-05:00;237.0099945068359;192.5264
2021-11-19 00:00:00-05:00;235.3999938964844;193.49901
2021-11-22 00:00:00-05:00;234.3000030517578;194.15979
2021-11-23 00:00:00-05:00;237.05999755859375;194.45757
2021-11-24 00:00:00-05:00;232.5;194.8264
2021-11-26 00:00:00-05:00;229.32000732421875;194.82048
2021-11-29 00:00:00-05:00;226.97000122070312;194.38617
2021-11-30 00:00:00-05:00;225.3300018310547;193.74002
2021-12-01 00:00:00-05:00;223.19000244140625;193.05579
2021-12-02 00:00:00-05:00;225.2599945068359;192.34648
2021-12-03 00:00:00-05:00;226.19000244140625;191.96542
2021-12-06 00:00:00-05:00;230.8699951171875;191.88205
2021-12-07 00:00:00-05:00;233.8300018310547;192.29417
2021-12-08 00:00:00-05:00;234.67999267578125;193.02936
2021-12-09 00:00:00-05:00;233.5;193.73773
2021-12-10 00:00:00-05:00;235.32000732421875;194.14769
2021-12-13 00:00:00-05:00;237.3699951171875;194.50337
2021-12-14 00:00:00-05:00;236.80999755859375;194.96947
2021-12-15 00:00:00-05:00;241.0399932861328;195.33864
2021-12-16 00:00:00-05:00;241.61000061035156;195.92401
2021-12-17 00:00:00-05:00;242.25;196.54585
2021-12-20 00:00:00-05:00;239.4499969482422;197.06721
2021-12-21 00:00:00-05:00;241.32000732421875;197.22934
2021-12-22 00:00:00-05:00;243.2100067138672;197.36179
2021-12-23 00:00:00-05:00;244.0399932861328;197.66888
2021-12-27 00:00:00-05:00;246.8000030517578;198.04645
2021-12-28 00:00:00-05:00;248.9900054931641;198.57198
2021-12-29 00:00:00-05:00;249.77999877929688;199.21857
2021-12-30 00:00:00-05:00;249.38999938964844;199.8217
2021-12-31 00:00:00-05:00;250.97000122070312;200.24156
2022-01-03 00:00:00-05:00;252.82000732421875;200.61942
2022-01-04 00:00:00-05:00;254.6000061035156;201.07256
2022-01-05 00:00:00-05:00;253.36000061035156;201.59885
2022-01-06 00:00:00-05:00;244.7899932861328;201.96188
2022-01-07 00:00:00-05:00;246.17999267578125;201.55673
2022-01-10 00:00:00-05:00;247.0800018310547;200.98372
2022-01-11 00:00:00-05:00;252.69000244140625;200.68935
2022-01-12 00:00:00-05:00;248.1199951171875;200.9681
2022-01-13 00:00:00-05:00;247.02999877929688;201.11505
2022-01-14 00:00:00-05:00;248.63999938964844;200.9657
2022-01-18 00:00:00-05:00;243.44000244140625;200.89632
2022-01-19 00:00:00-05:00;242.80999755859375;200.52824
2022-01-20 00:00:00-05:00;243.3999938964844;200.01224
2022-01-21 00:00:00-05:00;241.0099945068359;199.65657
2022-01-24 00:00:00-05:00;240.05999755859375;199.2686
2022-01-25 00:00:00-05:00;236.47000122070312;198.84338
2022-01-26 00:00:00-05:00;234.3300018310547;198.22798
2022-01-27 00:00:00-05:00;234.77000427246097;197.47629
2022-01-28 00:00:00-05:00;236.0500030517578;196.8871
2022-01-31 00:00:00-05:00;237.75;196.60225
2022-02-01 00:00:00-05:00;235.66000366210935;196.61104
2022-02-02 00:00:00-05:00;240.44000244140625;196.53189
2022-02-03 00:00:00-05:00;237.86000061035156;196.762
2022-02-04 00:00:00-05:00;237.3300018310547;196.89336
2022-02-07 00:00:00-05:00;237.6199951171875;196.83997
2022-02-08 00:00:00-05:00;238.8999938964844;196.77556
2022-02-09 00:00:00-05:00;240.7100067138672;196.83246
2022-02-10 00:00:00-05:00;237.3000030517578;197.07315
2022-02-11 00:00:00-05:00;235.94000244140625;197.05609
2022-02-14 00:00:00-05:00;233.8500061035156;196.79271
2022-02-15 00:00:00-05:00;219.5500030517578;196.36015
2022-02-16 00:00:00-05:00;220.91000366210935;194.79214
2022-02-17 00:00:00-05:00;218.8699951171875;193.1825
2022-02-18 00:00:00-05:00;215.8500061035156;191.8987
2022-02-22 00:00:00-05:00;216.94000244140625;190.70601
2022-02-23 00:00:00-05:00;212.47999572753903;189.8751
2022-02-24 00:00:00-05:00;215.0099945068359;188.92844
2022-02-25 00:00:00-05:00;217.0399932861328;188.316
2022-02-28 00:00:00-05:00;215.6199951171875;188.14786
2022-03-01 00:00:00-05:00;213.6499938964844;187.98509
2022-03-02 00:00:00-05:00;215.82000732421875;187.61705
2022-03-03 00:00:00-05:00;218.2899932861328;187.44202
2022-03-04 00:00:00-05:00;217.66000366210935;187.60977
2022-03-07 00:00:00-05:00;212.97999572753903;187.77144
2022-03-08 00:00:00-05:00;214.63999938964844;187.41446
2022-03-09 00:00:00-05:00;214.72000122070312;187.0987
2022-03-10 00:00:00-05:00;213.63999938964844;186.91522
2022-03-11 00:00:00-05:00;212.38999938964844;186.70287
2022-03-14 00:00:00-04:00;219.69000244140625;186.39415
2022-03-15 00:00:00-04:00;222.1300048828125;186.81706
2022-03-16 00:00:00-04:00;222.33999633789065;187.63275
2022-03-17 00:00:00-04:00;221.77000427246097;188.35443
2022-03-18 00:00:00-04:00;225.92999267578125;188.79593
2022-03-21 00:00:00-04:00;225.8500061035156;189.4261
2022-03-22 00:00:00-04:00;227.72000122070312;190.00487
2022-03-23 00:00:00-04:00;224.52000427246097;190.58928
2022-03-24 00:00:00-04:00;226.4600067138672;190.77885
2022-03-25 00:00:00-04:00;229.41000366210935;190.95435
2022-03-28 00:00:00-04:00;229.3699951171875;191.40256
2022-03-29 00:00:00-04:00;231.75;191.85484
2022-03-30 00:00:00-04:00;233.0800018310547;192.39836
2022-03-31 00:00:00-04:00;230.32000732421875;192.98392
2022-04-01 00:00:00-04:00;233.7100067138672;193.2157
2022-04-04 00:00:00-04:00;229.7100067138672;193.54884
2022-04-05 00:00:00-04:00;230.33999633789065;193.56606
2022-04-06 00:00:00-04:00;231.80999755859375;193.48674
2022-04-07 00:00:00-04:00;242.5;193.57132
2022-04-08 00:00:00-04:00;244.4600067138672;194.60109
2022-04-11 00:00:00-04:00;247.5099945068359;195.93057
2022-04-12 00:00:00-04:00;248.8300018310547;197.21352
2022-04-13 00:00:00-04:00;248.6300048828125;198.2959
2022-04-14 00:00:00-04:00;251.4199981689453;199.05205
2022-04-18 00:00:00-04:00;252.82000732421875;199.75153
2022-04-19 00:00:00-04:00;253.8699951171875;200.44452
2022-04-20 00:00:00-04:00;258.7799987792969;201.07367
2022-04-21 00:00:00-04:00;254.2100067138672;201.90833
2022-04-22 00:00:00-04:00;250.9600067138672;202.38385
2022-04-25 00:00:00-04:00;248.7400054931641;202.30466
2022-04-26 00:00:00-04:00;247.9199981689453;201.92697
2022-04-27 00:00:00-04:00;249.30999755859375;201.5052
2022-04-28 00:00:00-04:00;250.17999267578125;201.30064
2022-04-29 00:00:00-04:00;246.08999633789065;201.31345
2022-05-02 00:00:00-04:00;244.02999877929688;201.09697
2022-05-03 00:00:00-04:00;245.0500030517578;200.62642
2022-05-04 00:00:00-04:00;253.6000061035156;200.26451
2022-05-05 00:00:00-04:00;251.91000366210935;200.67842
2022-05-06 00:00:00-04:00;247.47000122070312;201.23145
2022-05-09 00:00:00-04:00;246.2400054931641;201.26154
2022-05-10 00:00:00-04:00;246.77999877929688;200.96411
2022-05-11 00:00:00-04:00;245.9600067138672;200.69948
2022-05-12 00:00:00-04:00;245.22000122070312;200.48235
2022-05-13 00:00:00-04:00;248.9199981689453;200.2641
2022-05-16 00:00:00-04:00;249.4199981689453;200.36023
2022-05-17 00:00:00-04:00;250.9499969482422;200.62584
2022-05-18 00:00:00-04:00;237.0500030517578;200.95717
2022-05-19 00:00:00-04:00;234.8300018310547;200.23369
2022-05-20 00:00:00-04:00;234.5;198.92757
2022-05-23 00:00:00-04:00;238.6699981689453;197.83463
2022-05-24 00:00:00-04:00;244.0;197.41376
2022-05-25 00:00:00-04:00;243.02999877929688;197.76878
2022-05-26 00:00:00-04:00;244.3699951171875;198.20697
2022-05-27 00:00:00-04:00;246.30999755859375;198.57861
2022-05-31 00:00:00-04:00;245.47000122070312;198.99284
2022-06-01 00:00:00-04:00;244.17999267578125;199.27095
2022-06-02 00:00:00-04:00;245.7899932861328;199.32036
2022-06-03 00:00:00-04:00;243.3300018310547;199.40257
2022-06-06 00:00:00-04:00;245.8699951171875;199.3373
2022-06-07 00:00:00-04:00;246.2400054931641;199.38838
2022-06-08 00:00:00-04:00;245.4499969482422;199.5567
2022-06-09 00:00:00-04:00;241.6499938964844;199.6467
2022-06-10 00:00:00-04:00;239.08999633789065;199.39403
2022-06-13 00:00:00-04:00;230.02999877929688;198.84975
2022-06-14 00:00:00-04:00;231.5;197.64279
2022-06-15 00:00:00-04:00;230.5800018310547;196.52144
2022-06-16 00:00:00-04:00;225.77000427246097;195.72176
2022-06-17 00:00:00-04:00;227.6999969482422;194.77739
2022-06-21 00:00:00-04:00;234.94000244140625;194.0962
2022-06-22 00:00:00-04:00;237.3999938964844;194.29262
2022-06-23 00:00:00-04:00;239.3500061035156;194.94875
2022-06-24 00:00:00-04:00;245.5;195.68767
2022-06-27 00:00:00-04:00;247.4199981689453;196.73749
2022-06-28 00:00:00-04:00;245.52000427246097;197.8248
2022-06-29 00:00:00-04:00;243.6300048828125;198.49843
2022-06-30 00:00:00-04:00;233.05999755859375;198.70982
2022-07-01 00:00:00-04:00;235.42999267578125;197.92447
2022-07-05 00:00:00-04:00;236.7100067138672;197.09029
2022-07-06 00:00:00-04:00;239.44000244140625;196.69867
2022-07-07 00:00:00-04:00;241.61000061035156;196.76172
2022-07-08 00:00:00-04:00;242.1699981689453;197.13947
2022-07-11 00:00:00-04:00;241.13999938964844;197.5524
2022-07-12 00:00:00-04:00;240.55999755859375;197.77432
2022-07-13 00:00:00-04:00;244.97999572753903;197.81596
2022-07-14 00:00:00-04:00;250.97000122070312;198.1386
2022-07-15 00:00:00-04:00;244.5399932861328;198.99614
2022-07-18 00:00:00-04:00;243.4499969482422;199.38475
2022-07-19 00:00:00-04:00;244.72999572753903;199.30829
2022-07-20 00:00:00-04:00;243.1699981689453;199.2513
2022-07-21 00:00:00-04:00;242.27999877929688;199.14388
2022-07-22 00:00:00-04:00;242.3800048828125;198.96127
2022-07-25 00:00:00-04:00;240.6699981689453;198.81154
2022-07-26 00:00:00-04:00;241.5;198.58864
2022-07-27 00:00:00-04:00;245.32000732421875;198.43378
2022-07-28 00:00:00-04:00;248.3500061035156;198.65244
2022-07-29 00:00:00-04:00;246.30999755859375;199.20358
2022-08-01 00:00:00-04:00;244.1499938964844;199.57819
2022-08-02 00:00:00-04:00;245.0;199.58505
2022-08-03 00:00:00-04:00;246.5800018310547;199.52647
2022-08-04 00:00:00-04:00;243.1199951171875;199.6229
2022-08-05 00:00:00-04:00;244.36000061035156;199.51448
2022-08-08 00:00:00-04:00;234.8800048828125;199.39746
2022-08-09 00:00:00-04:00;242.72999572753903;198.64026
2022-08-10 00:00:00-04:00;242.1300048828125;198.31155
2022-08-11 00:00:00-04:00;239.83999633789065;198.35265
2022-08-12 00:00:00-04:00;243.72999572753903;198.23784
2022-08-15 00:00:00-04:00;246.47999572753903;198.36249
2022-08-16 00:00:00-04:00;248.1699981689453;198.79892
2022-08-17 00:00:00-04:00;250.1499938964844;199.3549
2022-08-18 00:00:00-04:00;250.8699951171875;199.95593
2022-08-19 00:00:00-04:00;251.69000244140625;200.49174
2022-08-22 00:00:00-04:00;254.80999755859375;200.93791
2022-08-23 00:00:00-04:00;254.17999267578125;201.48926
2022-08-24 00:00:00-04:00;257.4599914550781;201.95445
2022-08-25 00:00:00-04:00;257.7300109863281;202.48262
2022-08-26 00:00:00-04:00;251.8999938964844;202.99908
2022-08-29 00:00:00-04:00;250.61000061035156;202.97804
2022-08-30 00:00:00-04:00;248.6000061035156;202.61127
2022-08-31 00:00:00-04:00;246.0500030517578;202.13719
2022-09-01 00:00:00-04:00;247.52000427246097;201.55429
2022-09-02 00:00:00-04:00;244.8500061035156;201.16699
2022-09-06 00:00:00-04:00;244.88999938964844;200.78702
2022-09-07 00:00:00-04:00;248.38999938964844;200.43446
2022-09-08 00:00:00-04:00;248.2400054931641;200.44461
2022-09-09 00:00:00-04:00;246.6999969482422;200.59554
2022-09-12 00:00:00-04:00;248.0399932861328;200.59628
2022-09-13 00:00:00-04:00;239.9199981689453;200.61241
2022-09-14 00:00:00-04:00;240.92999267578125;200.06602
2022-09-15 00:00:00-04:00;240.52000427246097;199.40283
2022-09-16 00:00:00-04:00;239.8999938964844;198.92737
2022-09-19 00:00:00-04:00;242.2599945068359;198.55705
2022-09-20 00:00:00-04:00;241.6199951171875;198.47563
2022-09-21 00:00:00-04:00;238.8699951171875;198.47551
2022-09-22 00:00:00-04:00;236.58999633789065;198.24504
2022-09-23 00:00:00-04:00;231.2599945068359;197.77406
2022-09-26 00:00:00-04:00;232.66000366210935;196.90424
2022-09-27 00:00:00-04:00;232.72999572753903;196.17114
2022-09-28 00:00:00-04:00;237.42999267578125;195.721
2022-09-29 00:00:00-04:00;233.6699981689453;195.82211
2022-09-30 00:00:00-04:00;229.67999267578125;195.80183
2022-10-03 00:00:00-04:00;234.52000427246097;195.31451
2022-10-04 00:00:00-04:00;237.3999938964844;195.15964
2022-10-05 00:00:00-04:00;235.9499969482422;195.46269
2022-10-06 00:00:00-04:00;232.52000427246097;195.7075
2022-10-07 00:00:00-04:00;222.6999969482422;195.54436
2022-10-10 00:00:00-04:00;221.2400054931641;194.43883
2022-10-11 00:00:00-04:00;221.38999938964844;193.08284
2022-10-12 00:00:00-04:00;223.30999755859375;192.05383
2022-10-13 00:00:00-04:00;225.88999938964844;191.54968
2022-10-14 00:00:00-04:00;221.9900054931641;191.54982
2022-10-17 00:00:00-04:00;224.02000427246097;191.33542
2022-10-18 00:00:00-04:00;226.4900054931641;191.19667
2022-10-19 00:00:00-04:00;223.2599945068359;191.35413
2022-10-20 00:00:00-04:00;222.52999877929688;191.27625
2022-10-21 00:00:00-04:00;225.1499938964844;191.02121
2022-10-24 00:00:00-04:00;229.7400054931641;191.01154
2022-10-25 00:00:00-04:00;238.75;191.51108
2022-10-26 00:00:00-04:00;237.8300018310547;192.84004
2022-10-27 00:00:00-04:00;238.4600067138672;194.0595
2022-10-28 00:00:00-04:00;247.08999633789065;194.92781
2022-10-31 00:00:00-04:00;247.0800018310547;196.19312
2022-11-01 00:00:00-04:00;243.44000244140625;197.3886
2022-11-02 00:00:00-04:00;239.2599945068359;197.95834
2022-11-03 00:00:00-04:00;241.41000366210935;197.85123
2022-11-04 00:00:00-04:00;244.8300018310547;197.73428
2022-11-07 00:00:00-05:00;246.4900054931641;198.01208
2022-11-08 00:00:00-05:00;243.3800048828125;198.52446
2022-11-09 00:00:00-05:00;239.7899932861328;198.75438
2022-11-10 00:00:00-05:00;244.02999877929688;198.51117
2022-11-11 00:00:00-05:00;247.0;198.4877
2022-11-14 00:00:00-05:00;244.4600067138672;198.86984
2022-11-15 00:00:00-05:00;243.4499969482422;199.10944
2022-11-16 00:00:00-05:00;243.22000122070312;199.10881
2022-11-17 00:00:00-05:00;244.86000061035156;199.02364
2022-11-18 00:00:00-05:00;247.6499938964844;199.07028
2022-11-21 00:00:00-05:00;252.4199981689453;199.39026
2022-11-22 00:00:00-05:00;255.0;200.09686
2022-11-23 00:00:00-05:00;256.69000244140625;200.98274
2022-11-25 00:00:00-05:00;257.489990234375;201.82626
2022-11-28 00:00:00-05:00;257.5;202.5185
2022-11-29 00:00:00-05:00;253.63999938964844;203.00984
2022-11-30 00:00:00-05:00;257.3500061035156;203.07295
2022-12-01 00:00:00-05:00;258.7200012207031;203.19254
2022-12-02 00:00:00-05:00;261.04998779296875;203.52385
2022-12-05 00:00:00-05:00;254.86000061035156;203.99829
2022-12-06 00:00:00-05:00;247.6199951171875;204.03712
2022-12-07 00:00:00-05:00;246.66000366210935;203.29903
2022-12-08 00:00:00-05:00;246.3800048828125;202.36324
2022-12-09 00:00:00-05:00;242.0399932861328;201.64096
2022-12-12 00:00:00-05:00;245.4900054931641;200.85648
2022-12-13 00:00:00-05:00;240.86000061035156;200.4102
2022-12-14 00:00:00-05:00;239.5500030517578;199.91411
2022-12-15 00:00:00-05:00;235.3999938964844;199.29161
2022-12-16 00:00:00-05:00;231.36000061035156;198.46602
2022-12-19 00:00:00-05:00;230.2899932861328;197.3852
2022-12-20 00:00:00-05:00;230.1699981689453;196.36026
2022-12-21 00:00:00-05:00;233.38999938964844;195.58754
2022-12-22 00:00:00-05:00;231.0099945068359;195.32394
2022-12-23 00:00:00-05:00;232.41000366210935;195.09525
2022-12-27 00:00:00-05:00;232.38999938964844;194.95885
2022-12-28 00:00:00-05:00;231.8800048828125;194.8889
2022-12-29 00:00:00-05:00;234.8000030517578;194.78377
2022-12-30 00:00:00-05:00;231.75;194.91495
2023-01-03 00:00:00-05:00;227.6000061035156;194.86333
2023-01-04 00:00:00-05:00;231.16000366210935;194.35655
2023-01-05 00:00:00-05:00;208.67999267578125;194.09744
2023-01-06 00:00:00-05:00;214.22999572753903;192.1169
2023-01-09 00:00:00-05:00;215.5099945068359;190.26202
2023-01-10 00:00:00-05:00;220.0;189.22931
2023-01-11 00:00:00-05:00;222.63999938964844;189.06409
2023-01-12 00:00:00-05:00;223.19000244140625;189.42976
2023-01-13 00:00:00-05:00;225.0;189.85286
2023-01-17 00:00:00-05:00;223.77999877929688;190.3002
2023-01-18 00:00:00-05:00;219.6000061035156;190.52579
2023-01-19 00:00:00-05:00;216.58999633789065;190.22536
2023-01-20 00:00:00-05:00;220.8800048828125;189.53334
2023-01-23 00:00:00-05:00;224.0;189.289
2023-01-24 00:00:00-05:00;227.2050018310547;189.58589
