Date;XRAY;close_predicted
2016-03-02 00:00:00-05:00;60.20000076293945;59.649105
2016-03-03 00:00:00-05:00;60.619998931884766;59.506264
2016-03-04 00:00:00-05:00;60.15999984741211;59.993572
2016-03-07 00:00:00-05:00;61.0;60.113216
2016-03-08 00:00:00-05:00;61.529998779296875;60.547314
2016-03-09 00:00:00-05:00;62.11000061035156;61.084484
2016-03-10 00:00:00-05:00;62.439998626708984;61.607235
2016-03-11 00:00:00-05:00;63.4900016784668;61.945896
2016-03-14 00:00:00-04:00;61.40999984741211;62.655716
2016-03-15 00:00:00-04:00;60.900001525878906;61.72608
2016-03-16 00:00:00-04:00;61.290000915527344;60.808575
2016-03-17 00:00:00-04:00;60.81999969482422;60.95719
2016-03-18 00:00:00-04:00;60.720001220703125;61.085712
2016-03-21 00:00:00-04:00;60.0;60.986256
2016-03-22 00:00:00-04:00;60.90999984741211;60.39476
2016-03-23 00:00:00-04:00;60.54999923706055;60.61878
2016-03-24 00:00:00-04:00;59.619998931884766;60.6861
2016-03-28 00:00:00-04:00;60.380001068115234;60.045746
2016-03-29 00:00:00-04:00;61.97999954223633;60.096558
2016-03-30 00:00:00-04:00;62.060001373291016;61.275074
2016-03-31 00:00:00-04:00;61.630001068115234;61.884293
2016-04-01 00:00:00-04:00;61.4900016784668;61.505978
2016-04-04 00:00:00-04:00;61.400001525878906;61.066338
2016-04-05 00:00:00-04:00;60.66999816894531;61.00041
2016-04-06 00:00:00-04:00;61.0099983215332;60.737347
2016-04-07 00:00:00-04:00;60.20000076293945;60.83385
2016-04-08 00:00:00-04:00;59.720001220703125;60.471233
2016-04-11 00:00:00-04:00;59.5;59.938637
2016-04-12 00:00:00-04:00;59.709999084472656;59.62183
2016-04-13 00:00:00-04:00;59.79999923706055;59.71955
2016-04-14 00:00:00-04:00;60.029998779296875;59.87169
2016-04-15 00:00:00-04:00;60.09000015258789;59.987175
2016-04-18 00:00:00-04:00;60.880001068115234;59.983246
2016-04-19 00:00:00-04:00;61.029998779296875;60.39358
2016-04-20 00:00:00-04:00;61.27000045776367;60.700962
2016-04-21 00:00:00-04:00;60.540000915527344;60.87831
2016-04-22 00:00:00-04:00;60.720001220703125;60.46131
2016-04-25 00:00:00-04:00;61.11000061035156;60.342037
2016-04-26 00:00:00-04:00;60.58000183105469;60.69919
2016-04-27 00:00:00-04:00;60.95000076293945;60.627365
2016-04-28 00:00:00-04:00;60.33000183105469;60.687252
2016-04-29 00:00:00-04:00;59.599998474121094;60.37848
2016-05-02 00:00:00-04:00;60.25;59.776848
2016-05-03 00:00:00-04:00;59.970001220703125;59.951363
2016-05-04 00:00:00-04:00;59.869998931884766;60.06489
2016-05-05 00:00:00-04:00;60.4900016784668;59.96298
2016-05-06 00:00:00-04:00;61.75;60.198627
2016-05-09 00:00:00-04:00;60.52000045776367;61.09529
2016-05-10 00:00:00-04:00;61.31999969482422;60.73539
2016-05-11 00:00:00-04:00;61.880001068115234;60.74013
2016-05-12 00:00:00-04:00;61.900001525878906;61.25179
2016-05-13 00:00:00-04:00;61.15999984741211;61.5773
2016-05-16 00:00:00-04:00;62.2599983215332;61.154682
2016-05-17 00:00:00-04:00;60.70000076293945;61.531925
2016-05-18 00:00:00-04:00;61.06999969482422;60.982426
2016-05-19 00:00:00-04:00;60.310001373291016;60.82392
2016-05-20 00:00:00-04:00;60.959999084472656;60.485302
2016-05-23 00:00:00-04:00;60.36000061035156;60.741913
2016-05-24 00:00:00-04:00;61.72999954223633;60.59791
2016-05-25 00:00:00-04:00;61.77000045776367;61.215855
2016-05-26 00:00:00-04:00;61.720001220703125;61.5805
2016-05-27 00:00:00-04:00;62.470001220703125;61.5181
2016-05-31 00:00:00-04:00;62.15999984741211;61.837345
2016-06-01 00:00:00-04:00;62.47999954223633;61.883606
2016-06-02 00:00:00-04:00;63.0;62.040783
2016-06-03 00:00:00-04:00;62.650001525878906;62.46484
2016-06-06 00:00:00-04:00;62.75;62.454704
2016-06-07 00:00:00-04:00;62.790000915527344;62.40643
2016-06-08 00:00:00-04:00;64.33999633789062;62.45612
2016-06-09 00:00:00-04:00;64.43000030517578;63.490253
2016-06-10 00:00:00-04:00;63.61000061035156;64.07392
2016-06-13 00:00:00-04:00;64.7300033569336;63.5314
2016-06-14 00:00:00-04:00;64.27999877929688;63.82503
2016-06-15 00:00:00-04:00;63.33000183105469;63.971676
2016-06-16 00:00:00-04:00;63.5;63.4241
2016-06-17 00:00:00-04:00;63.209999084472656;63.24009
2016-06-20 00:00:00-04:00;63.31999969482422;63.178562
2016-06-21 00:00:00-04:00;63.400001525878906;63.26959
2016-06-22 00:00:00-04:00;63.470001220703125;63.34996
2016-06-23 00:00:00-04:00;64.20999908447266;63.36759
2016-06-24 00:00:00-04:00;61.29999923706055;63.782444
2016-06-27 00:00:00-04:00;59.36000061035156;62.203545
2016-06-28 00:00:00-04:00;60.54999923706055;60.133377
2016-06-29 00:00:00-04:00;61.459999084472656;60.26662
2016-06-30 00:00:00-04:00;62.040000915527344;61.51002
2016-07-01 00:00:00-04:00;62.33000183105469;62.286617
2016-07-05 00:00:00-04:00;62.150001525878906;62.259228
2016-07-06 00:00:00-04:00;62.7400016784668;61.82636
2016-07-07 00:00:00-04:00;62.5;62.022778
2016-07-08 00:00:00-04:00;63.38999938964844;62.185818
2016-07-11 00:00:00-04:00;63.7400016784668;62.7748
2016-07-12 00:00:00-04:00;63.130001068115234;63.248405
2016-07-13 00:00:00-04:00;62.97999954223633;62.94235
2016-07-14 00:00:00-04:00;63.2599983215332;62.596912
2016-07-15 00:00:00-04:00;62.959999084472656;62.769962
2016-07-18 00:00:00-04:00;62.77000045776367;62.839104
2016-07-19 00:00:00-04:00;62.810001373291016;62.70775
2016-07-20 00:00:00-04:00;63.22999954223633;62.64072
2016-07-21 00:00:00-04:00;62.470001220703125;62.910355
2016-07-22 00:00:00-04:00;62.72999954223633;62.6033
2016-07-25 00:00:00-04:00;62.45000076293945;62.509357
2016-07-26 00:00:00-04:00;63.06999969482422;62.39444
2016-07-27 00:00:00-04:00;62.59000015258789;62.739243
2016-07-28 00:00:00-04:00;63.099998474121094;62.64087
2016-07-29 00:00:00-04:00;64.04000091552734;62.767956
2016-08-01 00:00:00-04:00;64.2300033569336;63.4396
2016-08-02 00:00:00-04:00;64.62999725341797;63.85851
2016-08-03 00:00:00-04:00;65.13999938964844;64.10211
2016-08-04 00:00:00-04:00;63.689998626708984;64.4461
2016-08-05 00:00:00-04:00;61.9900016784668;63.713688
2016-08-08 00:00:00-04:00;60.900001525878906;62.287304
2016-08-09 00:00:00-04:00;61.130001068115234;61.22016
2016-08-10 00:00:00-04:00;61.2599983215332;61.278122
2016-08-11 00:00:00-04:00;61.439998626708984;61.651264
2016-08-12 00:00:00-04:00;61.02000045776367;61.775734
2016-08-15 00:00:00-04:00;60.970001220703125;61.32408
2016-08-16 00:00:00-04:00;60.09000015258789;60.949677
2016-08-17 00:00:00-04:00;59.720001220703125;60.353504
2016-08-18 00:00:00-04:00;60.0099983215332;59.915333
2016-08-19 00:00:00-04:00;60.77000045776367;60.000366
2016-08-22 00:00:00-04:00;60.470001220703125;60.57124
2016-08-23 00:00:00-04:00;60.209999084472656;60.579163
2016-08-24 00:00:00-04:00;59.970001220703125;60.17971
2016-08-25 00:00:00-04:00;60.779998779296875;59.8196
2016-08-26 00:00:00-04:00;61.36000061035156;60.260082
2016-08-29 00:00:00-04:00;61.869998931884766;60.9588
2016-08-30 00:00:00-04:00;61.5;61.458153
2016-08-31 00:00:00-04:00;61.459999084472656;61.25649
2016-09-01 00:00:00-04:00;61.650001525878906;61.01451
2016-09-02 00:00:00-04:00;61.70000076293945;61.15069
2016-09-06 00:00:00-04:00;61.20000076293945;61.392853
2016-09-07 00:00:00-04:00;61.130001068115234;61.19542
2016-09-08 00:00:00-04:00;60.349998474121094;60.984226
2016-09-09 00:00:00-04:00;59.029998779296875;60.494225
2016-09-12 00:00:00-04:00;60.779998779296875;59.538033
2016-09-13 00:00:00-04:00;59.380001068115234;60.212624
2016-09-14 00:00:00-04:00;59.22999954223633;60.012283
2016-09-15 00:00:00-04:00;60.029998779296875;59.509678
2016-09-16 00:00:00-04:00;59.630001068115234;59.72182
2016-09-19 00:00:00-04:00;59.720001220703125;59.73459
2016-09-20 00:00:00-04:00;59.56999969482422;59.68105
2016-09-21 00:00:00-04:00;59.88999938964844;59.52671
2016-09-22 00:00:00-04:00;60.0099983215332;59.638145
2016-09-23 00:00:00-04:00;59.36000061035156;59.810932
2016-09-26 00:00:00-04:00;58.83000183105469;59.46939
2016-09-27 00:00:00-04:00;59.54999923706055;58.915752
2016-09-28 00:00:00-04:00;59.63999938964844;59.16186
2016-09-29 00:00:00-04:00;59.099998474121094;59.524967
2016-09-30 00:00:00-04:00;59.43000030517578;59.2806
2016-10-03 00:00:00-04:00;59.040000915527344;59.196606
2016-10-04 00:00:00-04:00;58.900001525878906;59.007153
2016-10-05 00:00:00-04:00;58.939998626708984;58.856506
2016-10-06 00:00:00-04:00;59.08000183105469;58.854614
2016-10-07 00:00:00-04:00;59.66999816894531;58.969322
2016-10-10 00:00:00-04:00;59.790000915527344;59.356724
2016-10-11 00:00:00-04:00;57.88999938964844;59.577957
2016-10-12 00:00:00-04:00;57.79999923706055;58.448822
2016-10-13 00:00:00-04:00;57.81999969482422;57.743126
2016-10-14 00:00:00-04:00;58.70000076293945;57.76758
2016-10-17 00:00:00-04:00;58.33000183105469;58.503468
2016-10-18 00:00:00-04:00;59.060001373291016;58.59545
2016-10-19 00:00:00-04:00;59.40999984741211;58.753677
2016-10-20 00:00:00-04:00;59.04999923706055;59.00036
2016-10-21 00:00:00-04:00;58.29999923706055;58.89062
2016-10-24 00:00:00-04:00;57.97999954223633;58.342865
2016-10-25 00:00:00-04:00;56.7599983215332;57.93507
2016-10-26 00:00:00-04:00;55.849998474121094;57.212627
2016-10-27 00:00:00-04:00;55.83000183105469;56.41484
2016-10-28 00:00:00-04:00;57.04999923706055;56.14522
2016-10-31 00:00:00-04:00;57.56999969482422;56.87426
2016-11-01 00:00:00-04:00;58.400001525878906;57.561436
2016-11-02 00:00:00-04:00;59.7400016784668;58.07113
2016-11-03 00:00:00-04:00;59.54999923706055;58.867344
2016-11-04 00:00:00-04:00;60.599998474121094;59.04875
2016-11-07 00:00:00-05:00;61.119998931884766;59.584972
2016-11-08 00:00:00-05:00;61.0;60.233864
2016-11-09 00:00:00-05:00;61.189998626708984;60.43778
2016-11-10 00:00:00-05:00;61.08000183105469;60.552708
2016-11-11 00:00:00-05:00;60.220001220703125;60.597473
2016-11-14 00:00:00-05:00;58.68000030517578;60.175323
2016-11-15 00:00:00-05:00;59.970001220703125;59.109722
2016-11-16 00:00:00-05:00;60.56999969482422;59.484486
2016-11-17 00:00:00-05:00;60.95000076293945;60.399963
2016-11-18 00:00:00-05:00;60.15999984741211;60.922913
2016-11-21 00:00:00-05:00;59.880001068115234;60.358017
2016-11-22 00:00:00-05:00;59.849998474121094;59.741398
2016-11-23 00:00:00-05:00;60.5099983215332;59.64169
2016-11-25 00:00:00-05:00;60.75;60.21206
2016-11-28 00:00:00-05:00;60.439998626708984;60.661816
2016-11-29 00:00:00-05:00;60.470001220703125;60.476765
2016-11-30 00:00:00-05:00;58.18000030517578;60.243073
2016-12-01 00:00:00-05:00;57.459999084472656;58.86777
2016-12-02 00:00:00-05:00;56.90999984741211;57.82349
2016-12-05 00:00:00-05:00;57.27000045776367;57.37605
2016-12-06 00:00:00-05:00;57.91999816894531;57.600773
2016-12-07 00:00:00-05:00;58.08000183105469;58.107407
2016-12-08 00:00:00-05:00;58.79999923706055;58.252445
2016-12-09 00:00:00-05:00;59.02000045776367;58.48425
2016-12-12 00:00:00-05:00;59.25;58.660744
2016-12-13 00:00:00-05:00;59.81999969482422;58.82564
2016-12-14 00:00:00-05:00;59.66999816894531;59.22289
2016-12-15 00:00:00-05:00;60.400001525878906;59.332462
2016-12-16 00:00:00-05:00;60.08000183105469;59.73739
2016-12-19 00:00:00-05:00;59.68000030517578;59.78134
2016-12-20 00:00:00-05:00;59.939998626708984;59.491375
2016-12-21 00:00:00-05:00;59.779998779296875;59.53736
2016-12-22 00:00:00-05:00;59.130001068115234;59.614605
2016-12-23 00:00:00-05:00;59.2400016784668;59.278008
2016-12-27 00:00:00-05:00;59.06999969482422;59.142723
2016-12-28 00:00:00-05:00;58.150001525878906;59.084095
2016-12-29 00:00:00-05:00;58.25;58.545406
2016-12-30 00:00:00-05:00;57.72999954223633;58.30559
2017-01-03 00:00:00-05:00;58.619998931884766;58.020267
2017-01-04 00:00:00-05:00;59.099998474121094;58.41505
2017-01-05 00:00:00-05:00;58.33000183105469;58.94678
2017-01-06 00:00:00-05:00;58.290000915527344;58.590385
2017-01-09 00:00:00-05:00;58.470001220703125;58.17603
2017-01-10 00:00:00-05:00;58.16999816894531;58.19331
2017-01-11 00:00:00-05:00;57.650001525878906;58.179024
2017-01-12 00:00:00-05:00;57.0;57.845554
2017-01-13 00:00:00-05:00;57.81999969482422;57.269382
2017-01-17 00:00:00-05:00;58.16999816894531;57.517784
2017-01-18 00:00:00-05:00;56.54999923706055;58.02138
2017-01-19 00:00:00-05:00;55.66999816894531;57.22249
2017-01-20 00:00:00-05:00;56.0099983215332;56.084373
2017-01-23 00:00:00-05:00;55.59000015258789;55.90359
2017-01-24 00:00:00-05:00;56.209999084472656;55.915375
2017-01-25 00:00:00-05:00;56.90999984741211;56.24942
2017-01-26 00:00:00-05:00;56.599998474121094;56.73555
2017-01-27 00:00:00-05:00;56.56999969482422;56.646526
2017-01-30 00:00:00-05:00;56.34000015258789;56.396053
2017-01-31 00:00:00-05:00;56.70000076293945;56.176014
2017-02-01 00:00:00-05:00;56.900001525878906;56.370167
2017-02-02 00:00:00-05:00;56.52000045776367;56.674603
2017-02-03 00:00:00-05:00;57.13999938964844;56.550785
2017-02-06 00:00:00-05:00;57.2599983215332;56.735744
2017-02-07 00:00:00-05:00;57.43000030517578;56.967598
2017-02-08 00:00:00-05:00;57.31999969482422;57.151573
2017-02-09 00:00:00-05:00;58.61000061035156;57.132492
2017-02-10 00:00:00-05:00;58.38999938964844;57.841816
2017-02-13 00:00:00-05:00;58.84000015258789;58.14481
2017-02-14 00:00:00-05:00;59.7400016784668;58.36927
2017-02-15 00:00:00-05:00;60.380001068115234;58.97555
2017-02-16 00:00:00-05:00;60.7400016784668;59.679783
2017-02-17 00:00:00-05:00;62.68000030517578;60.13746
2017-02-21 00:00:00-05:00;62.5;61.398464
2017-02-22 00:00:00-05:00;62.34000015258789;61.898438
2017-02-23 00:00:00-05:00;62.45000076293945;61.756886
2017-02-24 00:00:00-05:00;62.790000915527344;61.74009
2017-02-27 00:00:00-05:00;62.189998626708984;62.142723
2017-02-28 00:00:00-05:00;63.52000045776367;62.097702
2017-03-01 00:00:00-05:00;64.5;62.810627
2017-03-02 00:00:00-05:00;63.650001525878906;63.839485
2017-03-03 00:00:00-05:00;63.36000061035156;63.62661
2017-03-06 00:00:00-05:00;62.75;63.062515
2017-03-07 00:00:00-05:00;62.54999923706055;62.58098
2017-03-08 00:00:00-05:00;62.689998626708984;62.48328
2017-03-09 00:00:00-05:00;62.81999969482422;62.691082
2017-03-10 00:00:00-05:00;63.400001525878906;62.86761
2017-03-13 00:00:00-04:00;63.939998626708984;63.1885
2017-03-14 00:00:00-04:00;63.65999984741211;63.58994
2017-03-15 00:00:00-04:00;63.52000045776367;63.504986
2017-03-16 00:00:00-04:00;63.099998474121094;63.26364
2017-03-17 00:00:00-04:00;63.2599983215332;62.955635
2017-03-20 00:00:00-04:00;62.75;63.012226
2017-03-21 00:00:00-04:00;62.400001525878906;62.836884
2017-03-22 00:00:00-04:00;62.650001525878906;62.49635
2017-03-23 00:00:00-04:00;62.31999969482422;62.508144
2017-03-24 00:00:00-04:00;62.439998626708984;62.400158
2017-03-27 00:00:00-04:00;62.560001373291016;62.376022
2017-03-28 00:00:00-04:00;62.939998626708984;62.43569
2017-03-29 00:00:00-04:00;62.939998626708984;62.676907
2017-03-30 00:00:00-04:00;62.650001525878906;62.757675
2017-03-31 00:00:00-04:00;62.439998626708984;62.53267
2017-04-03 00:00:00-04:00;62.63999938964844;62.274017
2017-04-04 00:00:00-04:00;61.779998779296875;62.355812
2017-04-05 00:00:00-04:00;61.9900016784668;61.966053
2017-04-06 00:00:00-04:00;63.040000915527344;61.851185
2017-04-07 00:00:00-04:00;62.459999084472656;62.54055
2017-04-10 00:00:00-04:00;62.650001525878906;62.54931
2017-04-11 00:00:00-04:00;62.68000030517578;62.409565
2017-04-12 00:00:00-04:00;61.9900016784668;62.36204
2017-04-13 00:00:00-04:00;61.79999923706055;61.995316
2017-04-17 00:00:00-04:00;62.40999984741211;61.72493
2017-04-18 00:00:00-04:00;62.130001068115234;62.07671
2017-04-19 00:00:00-04:00;62.349998474121094;62.157364
2017-04-20 00:00:00-04:00;62.68000030517578;62.179333
2017-04-21 00:00:00-04:00;62.529998779296875;62.34775
2017-04-24 00:00:00-04:00;63.33000183105469;62.340366
2017-04-25 00:00:00-04:00;62.97999954223633;62.77904
2017-04-26 00:00:00-04:00;63.29999923706055;62.805946
2017-04-27 00:00:00-04:00;63.470001220703125;62.88867
2017-04-28 00:00:00-04:00;63.2400016784668;63.05847
2017-05-01 00:00:00-04:00;63.02000045776367;63.013454
2017-05-02 00:00:00-04:00;63.25;62.831154
2017-05-03 00:00:00-04:00;63.810001373291016;62.923515
2017-05-04 00:00:00-04:00;65.31999969482422;63.39397
2017-05-05 00:00:00-04:00;65.58999633789062;64.538124
2017-05-08 00:00:00-04:00;65.43000030517578;65.11446
2017-05-09 00:00:00-04:00;63.25;64.94278
2017-05-10 00:00:00-04:00;62.52000045776367;63.42344
2017-05-11 00:00:00-04:00;62.70000076293945;62.415394
2017-05-12 00:00:00-04:00;61.650001525878906;62.58813
2017-05-15 00:00:00-04:00;62.04999923706055;62.344395
2017-05-16 00:00:00-04:00;62.15999984741211;62.284397
2017-05-17 00:00:00-04:00;61.349998474121094;62.286198
2017-05-18 00:00:00-04:00;61.65999984741211;61.735348
2017-05-19 00:00:00-04:00;61.619998931884766;61.577435
2017-05-22 00:00:00-04:00;62.59000015258789;61.6103
2017-05-23 00:00:00-04:00;63.150001525878906;62.21615
2017-05-24 00:00:00-04:00;62.72999954223633;62.801517
2017-05-25 00:00:00-04:00;63.06999969482422;62.603012
2017-05-26 00:00:00-04:00;62.720001220703125;62.530033
2017-05-30 00:00:00-04:00;62.619998931884766;62.404186
2017-05-31 00:00:00-04:00;63.52000045776367;62.356026
2017-06-01 00:00:00-04:00;64.05999755859375;62.94804
2017-06-02 00:00:00-04:00;64.44999694824219;63.6036
2017-06-05 00:00:00-04:00;63.900001525878906;63.974934
2017-06-06 00:00:00-04:00;63.54999923706055;63.631725
2017-06-07 00:00:00-04:00;63.599998474121094;63.19915
2017-06-08 00:00:00-04:00;63.45000076293945;63.21223
2017-06-09 00:00:00-04:00;63.34000015258789;63.319668
2017-06-12 00:00:00-04:00;62.75;63.300423
2017-06-13 00:00:00-04:00;63.279998779296875;62.87632
2017-06-14 00:00:00-04:00;63.72999954223633;62.9818
2017-06-15 00:00:00-04:00;63.310001373291016;63.443466
2017-06-16 00:00:00-04:00;63.70000076293945;63.356956
2017-06-19 00:00:00-04:00;63.97999954223633;63.376118
2017-06-20 00:00:00-04:00;63.349998474121094;63.59382
2017-06-21 00:00:00-04:00;63.77000045776367;63.326763
2017-06-22 00:00:00-04:00;63.83000183105469;63.39095
2017-06-23 00:00:00-04:00;63.84000015258789;63.56417
2017-06-26 00:00:00-04:00;64.06999969482422;63.640835
2017-06-27 00:00:00-04:00;64.43000030517578;63.761246
2017-06-28 00:00:00-04:00;65.25;64.02593
2017-06-29 00:00:00-04:00;64.52999877929688;64.64148
2017-06-30 00:00:00-04:00;64.83999633789062;64.42817
2017-07-03 00:00:00-04:00;64.62999725341797;64.34581
2017-07-05 00:00:00-04:00;65.08000183105469;64.30322
2017-07-06 00:00:00-04:00;64.29000091552734;64.636345
2017-07-07 00:00:00-04:00;64.5999984741211;64.34344
2017-07-10 00:00:00-04:00;64.23999786376953;64.28789
2017-07-11 00:00:00-04:00;64.0999984741211;64.148415
2017-07-12 00:00:00-04:00;64.4000015258789;64.016594
2017-07-13 00:00:00-04:00;64.88999938964844;64.171425
2017-07-14 00:00:00-04:00;65.11000061035156;64.57691
2017-07-17 00:00:00-04:00;65.05999755859375;64.83837
2017-07-18 00:00:00-04:00;65.0;64.78927
2017-07-19 00:00:00-04:00;64.61000061035156;64.66055
2017-07-20 00:00:00-04:00;63.029998779296875;64.41138
2017-07-21 00:00:00-04:00;62.91999816894531;63.394413
2017-07-24 00:00:00-04:00;62.689998626708984;62.915215
2017-07-25 00:00:00-04:00;63.04999923706055;62.849827
2017-07-26 00:00:00-04:00;63.16999816894531;63.125557
2017-07-27 00:00:00-04:00;62.90999984741211;63.25624
2017-07-28 00:00:00-04:00;62.650001525878906;62.984093
2017-07-31 00:00:00-04:00;62.029998779296875;62.60237
2017-08-01 00:00:00-04:00;61.52000045776367;62.11239
2017-08-02 00:00:00-04:00;61.15999984741211;61.66756
2017-08-03 00:00:00-04:00;61.349998474121094;61.34853
2017-08-04 00:00:00-04:00;61.59000015258789;61.384773
2017-08-07 00:00:00-04:00;62.34000015258789;61.577965
2017-08-08 00:00:00-04:00;61.40999984741211;62.04249
2017-08-09 00:00:00-04:00;56.22999954223633;61.598232
2017-08-10 00:00:00-04:00;55.5;58.17517
2017-08-11 00:00:00-04:00;55.33000183105469;56.113056
2017-08-14 00:00:00-04:00;54.290000915527344;55.933647
2017-08-15 00:00:00-04:00;53.7599983215332;55.75625
2017-08-16 00:00:00-04:00;53.47999954223633;55.114193
2017-08-17 00:00:00-04:00;53.16999816894531;54.374447
2017-08-18 00:00:00-04:00;52.849998474121094;53.79219
2017-08-21 00:00:00-04:00;52.790000915527344;53.36662
2017-08-22 00:00:00-04:00;53.689998626708984;53.13455
2017-08-23 00:00:00-04:00;53.220001220703125;53.507084
2017-08-24 00:00:00-04:00;54.619998931884766;53.426662
2017-08-25 00:00:00-04:00;54.79999923706055;53.952988
2017-08-28 00:00:00-04:00;55.15999984741211;54.351364
2017-08-29 00:00:00-04:00;55.70000076293945;54.605244
2017-08-30 00:00:00-04:00;55.66999816894531;54.958153
2017-08-31 00:00:00-04:00;56.56999969482422;55.124
2017-09-01 00:00:00-04:00;56.65999984741211;55.69162
2017-09-05 00:00:00-04:00;56.4900016784668;56.08976
2017-09-06 00:00:00-04:00;56.939998626708984;56.1036
2017-09-07 00:00:00-04:00;57.83000183105469;56.32388
2017-09-08 00:00:00-04:00;58.439998626708984;57.0489
2017-09-11 00:00:00-04:00;59.2400016784668;57.807503
2017-09-12 00:00:00-04:00;59.439998626708984;58.511143
2017-09-13 00:00:00-04:00;59.13999938964844;58.83781
2017-09-14 00:00:00-04:00;58.119998931884766;58.71534
2017-09-15 00:00:00-04:00;59.34000015258789;58.07541
2017-09-18 00:00:00-04:00;58.709999084472656;58.597466
2017-09-19 00:00:00-04:00;57.849998474121094;58.79467
2017-09-20 00:00:00-04:00;58.650001525878906;58.234398
2017-09-21 00:00:00-04:00;57.810001373291016;58.335613
2017-09-22 00:00:00-04:00;58.529998779296875;58.101585
2017-09-25 00:00:00-04:00;59.15999984741211;58.348766
2017-09-26 00:00:00-04:00;59.54999923706055;58.90553
2017-09-27 00:00:00-04:00;59.77000045776367;59.326103
2017-09-28 00:00:00-04:00;59.22999954223633;59.482178
2017-09-29 00:00:00-04:00;59.810001373291016;59.132786
2017-10-02 00:00:00-04:00;56.33000183105469;59.29171
2017-10-03 00:00:00-04:00;55.650001525878906;57.521378
2017-10-04 00:00:00-04:00;57.209999084472656;56.152115
2017-10-05 00:00:00-04:00;58.97999954223633;56.845318
2017-10-06 00:00:00-04:00;58.5099983215332;58.65127
2017-10-09 00:00:00-04:00;58.09000015258789;58.955563
2017-10-10 00:00:00-04:00;57.56999969482422;58.152496
2017-10-11 00:00:00-04:00;57.31999969482422;57.3526
2017-10-12 00:00:00-04:00;58.40999984741211;57.12314
2017-10-13 00:00:00-04:00;58.220001220703125;57.92932
2017-10-16 00:00:00-04:00;59.189998626708984;58.301918
2017-10-17 00:00:00-04:00;59.5;58.745705
2017-10-18 00:00:00-04:00;59.5;59.03563
2017-10-19 00:00:00-04:00;60.66999816894531;59.085052
2017-10-20 00:00:00-04:00;61.84000015258789;59.77534
2017-10-23 00:00:00-04:00;61.81999969482422;60.90299
2017-10-24 00:00:00-04:00;61.09000015258789;61.312515
2017-10-25 00:00:00-04:00;61.0;60.79175
2017-10-26 00:00:00-04:00;61.369998931884766;60.464596
2017-10-27 00:00:00-04:00;61.349998474121094;60.820084
2017-10-30 00:00:00-04:00;61.279998779296875;61.175922
2017-10-31 00:00:00-04:00;61.06999969482422;61.21251
2017-11-01 00:00:00-04:00;61.15999984741211;60.9956
2017-11-02 00:00:00-04:00;61.15999984741211;60.952328
2017-11-03 00:00:00-04:00;64.80000305175781;61.02835
2017-11-06 00:00:00-05:00;63.869998931884766;63.312424
2017-11-07 00:00:00-05:00;64.37999725341797;63.86581
2017-11-08 00:00:00-05:00;64.51000213623047;63.69398
2017-11-09 00:00:00-05:00;65.55999755859375;63.625698
2017-11-10 00:00:00-05:00;65.58000183105469;64.47807
2017-11-13 00:00:00-05:00;65.80000305175781;65.063324
2017-11-14 00:00:00-05:00;65.38999938964844;65.27493
2017-11-15 00:00:00-05:00;66.5999984741211;65.00866
2017-11-16 00:00:00-05:00;67.18000030517578;65.67138
2017-11-17 00:00:00-05:00;67.55000305175781;66.540634
2017-11-20 00:00:00-05:00;66.43000030517578;67.02103
2017-11-21 00:00:00-05:00;67.01000213623047;66.30438
2017-11-22 00:00:00-05:00;67.58999633789062;66.27102
2017-11-24 00:00:00-05:00;67.51000213623047;66.966255
2017-11-27 00:00:00-05:00;68.0;67.30511
2017-11-28 00:00:00-05:00;68.58000183105469;67.54578
2017-11-29 00:00:00-05:00;68.36000061035156;67.941795
2017-11-30 00:00:00-05:00;67.01000213623047;67.958855
2017-12-01 00:00:00-05:00;66.08000183105469;67.03811
2017-12-04 00:00:00-05:00;65.75;66.083496
2017-12-05 00:00:00-05:00;65.61000061035156;65.76784
2017-12-06 00:00:00-05:00;65.5;65.82026
2017-12-07 00:00:00-05:00;64.98999786376953;65.78457
2017-12-08 00:00:00-05:00;64.9000015258789;65.31505
2017-12-11 00:00:00-05:00;65.0199966430664;64.95619
2017-12-12 00:00:00-05:00;64.98999786376953;64.9518
2017-12-13 00:00:00-05:00;66.05999755859375;64.9902
2017-12-14 00:00:00-05:00;65.6500015258789;65.60967
2017-12-15 00:00:00-05:00;66.4800033569336;65.58307
2017-12-18 00:00:00-05:00;66.6500015258789;65.85643
2017-12-19 00:00:00-05:00;66.5999984741211;66.11869
2017-12-20 00:00:00-05:00;66.1500015258789;66.15775
2017-12-21 00:00:00-05:00;65.5;65.848015
2017-12-22 00:00:00-05:00;65.81999969482422;65.33147
2017-12-26 00:00:00-05:00;66.26000213623047;65.42598
2017-12-27 00:00:00-05:00;66.02999877929688;65.93039
2017-12-28 00:00:00-05:00;66.43000030517578;65.96919
2017-12-29 00:00:00-05:00;65.83000183105469;66.04063
2018-01-02 00:00:00-05:00;67.13999938964844;65.691475
2018-01-03 00:00:00-05:00;66.91000366210938;66.34965
2018-01-04 00:00:00-05:00;66.9000015258789;66.656456
2018-01-05 00:00:00-05:00;67.83999633789062;66.57949
2018-01-08 00:00:00-05:00;68.30000305175781;67.05908
2018-01-09 00:00:00-05:00;65.44999694824219;67.65476
2018-01-10 00:00:00-05:00;62.7599983215332;66.01708
2018-01-11 00:00:00-05:00;64.25;63.465126
2018-01-12 00:00:00-05:00;65.79000091552734;63.69821
2018-01-16 00:00:00-05:00;65.6500015258789;65.59689
2018-01-17 00:00:00-05:00;62.650001525878906;66.17742
2018-01-18 00:00:00-05:00;62.310001373291016;63.767254
2018-01-19 00:00:00-05:00;61.95000076293945;62.182198
2018-01-22 00:00:00-05:00;60.79999923706055;61.993893
2018-01-23 00:00:00-05:00;61.16999816894531;61.681835
2018-01-24 00:00:00-05:00;61.83000183105469;61.626724
2018-01-25 00:00:00-05:00;62.810001373291016;61.91254
2018-01-26 00:00:00-05:00;62.84000015258789;62.530254
2018-01-29 00:00:00-05:00;61.97999954223633;62.669113
2018-01-30 00:00:00-05:00;61.400001525878906;61.972137
2018-01-31 00:00:00-05:00;60.810001373291016;61.246765
2018-02-01 00:00:00-05:00;60.72999954223633;60.79177
2018-02-02 00:00:00-05:00;60.060001373291016;60.74832
2018-02-05 00:00:00-05:00;58.540000915527344;60.42403
2018-02-06 00:00:00-05:00;58.459999084472656;59.295227
2018-02-07 00:00:00-05:00;58.29999923706055;58.687286
2018-02-08 00:00:00-05:00;56.849998474121094;58.570805
2018-02-09 00:00:00-05:00;57.18000030517578;57.766724
2018-02-12 00:00:00-05:00;57.380001068115234;57.43196
2018-02-13 00:00:00-05:00;56.9900016784668;57.519077
2018-02-14 00:00:00-05:00;57.18000030517578;57.345043
2018-02-15 00:00:00-05:00;57.70000076293945;57.22668
2018-02-16 00:00:00-05:00;58.43000030517578;57.4498
2018-02-20 00:00:00-05:00;58.150001525878906;57.99251
2018-02-21 00:00:00-05:00;58.060001373291016;58.01916
2018-02-22 00:00:00-05:00;57.11000061035156;57.79705
2018-02-23 00:00:00-05:00;57.66999816894531;57.153046
2018-02-26 00:00:00-05:00;57.04999923706055;57.240086
2018-02-27 00:00:00-05:00;57.33000183105469;57.16382
2018-02-28 00:00:00-05:00;56.060001373291016;57.235004
2018-03-01 00:00:00-05:00;55.290000915527344;56.54124
2018-03-02 00:00:00-05:00;56.959999084472656;55.678253
2018-03-05 00:00:00-05:00;55.86000061035156;56.357243
2018-03-06 00:00:00-05:00;56.369998931884766;56.356937
2018-03-07 00:00:00-05:00;56.43000030517578;56.341732
2018-03-08 00:00:00-05:00;56.95000076293945;56.319057
2018-03-09 00:00:00-05:00;57.66999816894531;56.59948
2018-03-12 00:00:00-04:00;58.41999816894531;57.177357
2018-03-13 00:00:00-04:00;57.79999923706055;57.84215
2018-03-14 00:00:00-04:00;57.29999923706055;57.669445
2018-03-15 00:00:00-04:00;56.95000076293945;57.121174
2018-03-16 00:00:00-04:00;56.33000183105469;56.759605
2018-03-19 00:00:00-04:00;55.459999084472656;56.448776
2018-03-20 00:00:00-04:00;54.599998474121094;55.909492
2018-03-21 00:00:00-04:00;54.130001068115234;55.192966
2018-03-22 00:00:00-04:00;52.65999984741211;54.648323
2018-03-23 00:00:00-04:00;50.709999084472656;53.68255
2018-03-26 00:00:00-04:00;51.099998474121094;52.141064
2018-03-27 00:00:00-04:00;50.029998779296875;51.639233
2018-03-28 00:00:00-04:00;49.95000076293945;51.129192
2018-03-29 00:00:00-04:00;50.310001373291016;50.76066
2018-04-02 00:00:00-04:00;49.029998779296875;50.713913
2018-04-03 00:00:00-04:00;49.90999984741211;49.96573
2018-04-04 00:00:00-04:00;50.529998779296875;49.867016
2018-04-05 00:00:00-04:00;50.09000015258789;50.29823
2018-04-06 00:00:00-04:00;49.02000045776367;50.272194
2018-04-09 00:00:00-04:00;49.25;49.472813
2018-04-10 00:00:00-04:00;49.75;49.093586
2018-04-11 00:00:00-04:00;49.290000915527344;49.39084
2018-04-12 00:00:00-04:00;49.189998626708984;49.428646
2018-04-13 00:00:00-04:00;49.0;49.25074
2018-04-16 00:00:00-04:00;50.189998626708984;49.003452
2018-04-17 00:00:00-04:00;50.27000045776367;49.541134
2018-04-18 00:00:00-04:00;50.619998931884766;49.99675
2018-04-19 00:00:00-04:00;49.7400016784668;50.272087
2018-04-20 00:00:00-04:00;49.34000015258789;49.831192
2018-04-23 00:00:00-04:00;49.47999954223633;49.30905
2018-04-24 00:00:00-04:00;48.869998931884766;49.265465
2018-04-25 00:00:00-04:00;49.15999984741211;49.113876
2018-04-26 00:00:00-04:00;49.65999984741211;49.170593
2018-04-27 00:00:00-04:00;50.34000015258789;49.49356
2018-04-30 00:00:00-04:00;50.34000015258789;50.010532
2018-05-01 00:00:00-04:00;50.63999938964844;50.2
2018-05-02 00:00:00-04:00;50.59000015258789;50.31104
2018-05-03 00:00:00-04:00;49.2400016784668;50.327488
2018-05-04 00:00:00-04:00;49.9900016784668;49.628304
2018-05-07 00:00:00-04:00;46.91999816894531;49.638195
2018-05-08 00:00:00-04:00;44.470001220703125;48.287018
2018-05-09 00:00:00-04:00;44.58000183105469;46.186638
2018-05-10 00:00:00-04:00;46.540000915527344;45.29725
2018-05-11 00:00:00-04:00;46.93000030517578;46.317593
2018-05-14 00:00:00-04:00;47.5099983215332;47.310646
2018-05-15 00:00:00-04:00;47.939998626708984;47.680027
2018-05-16 00:00:00-04:00;47.88999938964844;47.68394
2018-05-17 00:00:00-04:00;47.95000076293945;47.535275
2018-05-18 00:00:00-04:00;47.5;47.522552
2018-05-21 00:00:00-04:00;47.20000076293945;47.38108
2018-05-22 00:00:00-04:00;47.25;47.173244
2018-05-23 00:00:00-04:00;46.5;47.134766
2018-05-24 00:00:00-04:00;46.209999084472656;46.79881
2018-05-25 00:00:00-04:00;46.56999969482422;46.441296
2018-05-29 00:00:00-04:00;45.810001373291016;46.496853
2018-05-30 00:00:00-04:00;45.45000076293945;46.236683
2018-05-31 00:00:00-04:00;43.810001373291016;45.827374
2018-06-01 00:00:00-04:00;43.41999816894531;44.78927
2018-06-04 00:00:00-04:00;43.939998626708984;44.01926
2018-06-05 00:00:00-04:00;42.290000915527344;44.06383
2018-06-06 00:00:00-04:00;43.0099983215332;43.444656
2018-06-07 00:00:00-04:00;43.11000061035156;43.25756
2018-06-08 00:00:00-04:00;42.959999084472656;43.2965
2018-06-11 00:00:00-04:00;43.400001525878906;43.22408
2018-06-12 00:00:00-04:00;44.18000030517578;43.305687
2018-06-13 00:00:00-04:00;44.5099983215332;43.72697
2018-06-14 00:00:00-04:00;44.88999938964844;44.11793
2018-06-15 00:00:00-04:00;44.939998626708984;44.416527
2018-06-18 00:00:00-04:00;44.720001220703125;44.52885
2018-06-19 00:00:00-04:00;45.0099983215332;44.440292
2018-06-20 00:00:00-04:00;45.130001068115234;44.55194
2018-06-21 00:00:00-04:00;44.56999969482422;44.772125
2018-06-22 00:00:00-04:00;44.95000076293945;44.633472
2018-06-25 00:00:00-04:00;44.7400016784668;44.690037
2018-06-26 00:00:00-04:00;44.279998779296875;44.698544
2018-06-27 00:00:00-04:00;43.959999084472656;44.47153
2018-06-28 00:00:00-04:00;43.63999938964844;44.16939
2018-06-29 00:00:00-04:00;43.77000045776367;43.891544
2018-07-02 00:00:00-04:00;43.97999954223633;43.864265
2018-07-03 00:00:00-04:00;44.529998779296875;44.017933
2018-07-05 00:00:00-04:00;44.90999984741211;44.367004
2018-07-06 00:00:00-04:00;45.380001068115234;44.703667
2018-07-09 00:00:00-04:00;45.810001373291016;45.02975
2018-07-10 00:00:00-04:00;45.540000915527344;45.359863
2018-07-11 00:00:00-04:00;44.900001525878906;45.36036
2018-07-12 00:00:00-04:00;45.40999984741211;44.973164
2018-07-13 00:00:00-04:00;45.349998474121094;45.034245
2018-07-16 00:00:00-04:00;44.720001220703125;45.217186
2018-07-17 00:00:00-04:00;45.70000076293945;45.00669
2018-07-18 00:00:00-04:00;44.2400016784668;45.305103
2018-07-19 00:00:00-04:00;45.34000015258789;44.836285
2018-07-20 00:00:00-04:00;45.029998779296875;44.98394
2018-07-23 00:00:00-04:00;46.529998779296875;45.086075
2018-07-24 00:00:00-04:00;46.72999954223633;45.858856
2018-07-25 00:00:00-04:00;46.790000915527344;46.418686
2018-07-26 00:00:00-04:00;46.9900016784668;46.548573
2018-07-27 00:00:00-04:00;47.279998779296875;46.58905
2018-07-30 00:00:00-04:00;47.689998626708984;46.794765
2018-07-31 00:00:00-04:00;48.11000061035156;47.19556
2018-08-01 00:00:00-04:00;47.16999816894531;47.65323
2018-08-02 00:00:00-04:00;47.2400016784668;47.360252
2018-08-03 00:00:00-04:00;47.72999954223633;47.11121
2018-08-06 00:00:00-04:00;48.439998626708984;47.365868
2018-08-07 00:00:00-04:00;39.40999984741211;48.0197
2018-08-08 00:00:00-04:00;40.38999938964844;43.816395
2018-08-09 00:00:00-04:00;40.119998931884766;41.391064
2018-08-10 00:00:00-04:00;39.02000045776367;40.947636
2018-08-13 00:00:00-04:00;39.56999969482422;40.780228
2018-08-14 00:00:00-04:00;39.0;40.778267
2018-08-15 00:00:00-04:00;37.970001220703125;40.278698
2018-08-16 00:00:00-04:00;38.08000183105469;39.23989
2018-08-17 00:00:00-04:00;38.66999816894531;38.59251
2018-08-20 00:00:00-04:00;38.86000061035156;38.653435
2018-08-21 00:00:00-04:00;38.970001220703125;38.891617
2018-08-22 00:00:00-04:00;38.900001525878906;38.972366
2018-08-23 00:00:00-04:00;38.119998931884766;38.834805
2018-08-24 00:00:00-04:00;38.5;38.314133
2018-08-27 00:00:00-04:00;38.52000045776367;38.168194
2018-08-28 00:00:00-04:00;39.18000030517578;38.255806
2018-08-29 00:00:00-04:00;39.560001373291016;38.66489
2018-08-30 00:00:00-04:00;39.65999984741211;39.08677
2018-08-31 00:00:00-04:00;39.91999816894531;39.285583
2018-09-04 00:00:00-04:00;38.66999816894531;39.428463
2018-09-05 00:00:00-04:00;39.459999084472656;38.91837
2018-09-06 00:00:00-04:00;38.900001525878906;38.93888
2018-09-07 00:00:00-04:00;38.540000915527344;38.91257
2018-09-10 00:00:00-04:00;38.150001525878906;38.731148
2018-09-11 00:00:00-04:00;38.189998626708984;38.429707
2018-09-12 00:00:00-04:00;38.75;38.29345
2018-09-13 00:00:00-04:00;38.7400016784668;38.550117
2018-09-14 00:00:00-04:00;38.41999816894531;38.749084
2018-09-17 00:00:00-04:00;38.099998474121094;38.621246
2018-09-18 00:00:00-04:00;38.189998626708984;38.30243
2018-09-19 00:00:00-04:00;38.61000061035156;38.167767
2018-09-20 00:00:00-04:00;38.63999938964844;38.380005
2018-09-21 00:00:00-04:00;38.7599983215332;38.5774
2018-09-24 00:00:00-04:00;38.09000015258789;38.679577
2018-09-25 00:00:00-04:00;37.45000076293945;38.36333
2018-09-26 00:00:00-04:00;38.029998779296875;37.816536
2018-09-27 00:00:00-04:00;37.95000076293945;37.816628
2018-09-28 00:00:00-04:00;37.7400016784668;37.9647
2018-10-01 00:00:00-04:00;37.68000030517578;37.94032
2018-10-02 00:00:00-04:00;37.47999954223633;37.812195
2018-10-03 00:00:00-04:00;37.08000183105469;37.62077
2018-10-04 00:00:00-04:00;36.189998626708984;37.3342
2018-10-05 00:00:00-04:00;36.34000015258789;36.77463
2018-10-08 00:00:00-04:00;36.029998779296875;36.517494
2018-10-09 00:00:00-04:00;35.75;36.35205
2018-10-10 00:00:00-04:00;35.900001525878906;36.14271
2018-10-11 00:00:00-04:00;35.68000030517578;36.059982
2018-10-12 00:00:00-04:00;35.869998931884766;35.923183
2018-10-15 00:00:00-04:00;36.22999954223633;35.89388
2018-10-16 00:00:00-04:00;37.13999938964844;36.048927
2018-10-17 00:00:00-04:00;37.06999969482422;36.562157
2018-10-18 00:00:00-04:00;35.66999816894531;36.83051
2018-10-19 00:00:00-04:00;36.279998779296875;36.204517
2018-10-22 00:00:00-04:00;35.97999954223633;35.965275
2018-10-23 00:00:00-04:00;35.959999084472656;35.911415
2018-10-24 00:00:00-04:00;35.040000915527344;35.952286
2018-10-25 00:00:00-04:00;35.189998626708984;35.56919
2018-10-26 00:00:00-04:00;34.33000183105469;35.324074
2018-10-29 00:00:00-04:00;34.31999969482422;34.878815
2018-10-30 00:00:00-04:00;34.9900016784668;34.60389
2018-10-31 00:00:00-04:00;34.630001068115234;34.818336
2018-11-01 00:00:00-04:00;35.2400016784668;34.86497
2018-11-02 00:00:00-04:00;35.029998779296875;35.047115
2018-11-05 00:00:00-05:00;34.93000030517578;35.042973
2018-11-06 00:00:00-05:00;35.5099983215332;34.92028
2018-11-07 00:00:00-05:00;36.5099983215332;35.096256
2018-11-08 00:00:00-05:00;36.79999923706055;35.733208
2018-11-09 00:00:00-05:00;36.060001373291016;36.27721
2018-11-12 00:00:00-05:00;36.540000915527344;36.123684
2018-11-13 00:00:00-05:00;36.709999084472656;36.087383
2018-11-14 00:00:00-05:00;36.11000061035156;36.25861
2018-11-15 00:00:00-05:00;36.97999954223633;36.170383
2018-11-16 00:00:00-05:00;37.20000076293945;36.47404
2018-11-19 00:00:00-05:00;36.91999816894531;36.8538
2018-11-20 00:00:00-05:00;36.91999816894531;36.90907
2018-11-21 00:00:00-05:00;36.88999938964844;36.83971
2018-11-23 00:00:00-05:00;36.5099983215332;36.792263
2018-11-26 00:00:00-05:00;37.0;36.638683
2018-11-27 00:00:00-05:00;37.18000030517578;36.785263
2018-11-28 00:00:00-05:00;37.540000915527344;37.033802
2018-11-29 00:00:00-05:00;36.9900016784668;37.323296
2018-11-30 00:00:00-05:00;37.779998779296875;37.189384
2018-12-03 00:00:00-05:00;37.83000183105469;37.370136
2018-12-04 00:00:00-05:00;36.810001373291016;37.59432
2018-12-06 00:00:00-05:00;36.470001220703125;37.23539
2018-12-07 00:00:00-05:00;36.310001373291016;36.761047
2018-12-10 00:00:00-05:00;36.459999084472656;36.488018
2018-12-11 00:00:00-05:00;37.0;36.5198
2018-12-12 00:00:00-05:00;38.119998931884766;36.855713
2018-12-13 00:00:00-05:00;37.720001220703125;37.566692
2018-12-14 00:00:00-05:00;36.970001220703125;37.74105
2018-12-17 00:00:00-05:00;37.16999816894531;37.268143
2018-12-18 00:00:00-05:00;36.5099983215332;36.998596
2018-12-19 00:00:00-05:00;35.959999084472656;36.70799
2018-12-20 00:00:00-05:00;35.47999954223633;36.35143
2018-12-21 00:00:00-05:00;35.650001525878906;35.961033
2018-12-24 00:00:00-05:00;35.459999084472656;35.845367
2018-12-26 00:00:00-05:00;37.189998626708984;35.7665
2018-12-27 00:00:00-05:00;37.119998931884766;36.485306
2018-12-28 00:00:00-05:00;37.099998474121094;36.95854
2018-12-31 00:00:00-05:00;37.209999084472656;37.00339
2019-01-02 00:00:00-05:00;37.88999938964844;36.93395
2019-01-03 00:00:00-05:00;37.90999984741211;37.227566
2019-01-04 00:00:00-05:00;39.0099983215332;37.517147
2019-01-07 00:00:00-05:00;39.709999084472656;38.17023
2019-01-08 00:00:00-05:00;39.439998626708984;38.904427
2019-01-09 00:00:00-05:00;39.650001525878906;39.112614
2019-01-10 00:00:00-05:00;40.040000915527344;39.175137
2019-01-11 00:00:00-05:00;40.709999084472656;39.426674
2019-01-14 00:00:00-05:00;40.06999969482422;39.98935
2019-01-15 00:00:00-05:00;39.810001373291016;40.05195
2019-01-16 00:00:00-05:00;40.150001525878906;39.83307
2019-01-17 00:00:00-05:00;40.25;39.883743
2019-01-18 00:00:00-05:00;40.83000183105469;40.09232
2019-01-22 00:00:00-05:00;40.7599983215332;40.521027
2019-01-23 00:00:00-05:00;41.02000045776367;40.72126
2019-01-24 00:00:00-05:00;40.59000015258789;40.850582
2019-01-25 00:00:00-05:00;41.40999984741211;40.692284
2019-01-28 00:00:00-05:00;40.439998626708984;40.969017
2019-01-29 00:00:00-05:00;41.08000183105469;40.774498
2019-01-30 00:00:00-05:00;41.56999969482422;40.86766
2019-01-31 00:00:00-05:00;41.95000076293945;41.25093
2019-02-01 00:00:00-05:00;42.09000015258789;41.67216
2019-02-04 00:00:00-05:00;42.790000915527344;41.899017
2019-02-05 00:00:00-05:00;43.20000076293945;42.273907
2019-02-06 00:00:00-05:00;43.27000045776367;42.693928
2019-02-07 00:00:00-05:00;42.86000061035156;42.930576
2019-02-08 00:00:00-05:00;42.619998931884766;42.797356
2019-02-11 00:00:00-05:00;42.970001220703125;42.57202
2019-02-12 00:00:00-05:00;42.97999954223633;42.69591
2019-02-13 00:00:00-05:00;43.869998931884766;42.895756
2019-02-14 00:00:00-05:00;43.68000030517578;43.439083
2019-02-15 00:00:00-05:00;43.58000183105469;43.642075
2019-02-19 00:00:00-05:00;43.84000015258789;43.554356
2019-02-20 00:00:00-05:00;42.689998626708984;43.59244
2019-02-21 00:00:00-05:00;41.7599983215332;43.118126
2019-02-22 00:00:00-05:00;41.630001068115234;42.359623
2019-02-25 00:00:00-05:00;41.540000915527344;41.954967
2019-02-26 00:00:00-05:00;41.220001220703125;41.872627
2019-02-27 00:00:00-05:00;41.2400016784668;41.738144
2019-02-28 00:00:00-05:00;41.7599983215332;41.606236
2019-03-01 00:00:00-05:00;49.130001068115234;41.747494
2019-03-04 00:00:00-05:00;48.689998626708984;45.59937
2019-03-05 00:00:00-05:00;48.959999084472656;47.848125
2019-03-06 00:00:00-05:00;47.75;48.03906
2019-03-07 00:00:00-05:00;48.220001220703125;46.984196
2019-03-08 00:00:00-05:00;48.560001373291016;46.844753
2019-03-11 00:00:00-04:00;49.47999954223633;47.572403
2019-03-12 00:00:00-04:00;49.290000915527344;48.718708
2019-03-13 00:00:00-04:00;49.560001373291016;49.146008
2019-03-14 00:00:00-04:00;49.189998626708984;49.22982
2019-03-15 00:00:00-04:00;49.09000015258789;49.046238
2019-03-18 00:00:00-04:00;49.5099983215332;48.96115
2019-03-19 00:00:00-04:00;49.45000076293945;49.27184
2019-03-20 00:00:00-04:00;49.029998779296875;49.498642
2019-03-21 00:00:00-04:00;50.02000045776367;49.318966
2019-03-22 00:00:00-04:00;49.2400016784668;49.66927
2019-03-25 00:00:00-04:00;49.33000183105469;49.544456
2019-03-26 00:00:00-04:00;49.470001220703125;49.40285
2019-03-27 00:00:00-04:00;49.220001220703125;49.439728
2019-03-28 00:00:00-04:00;49.349998474121094;49.379837
2019-03-29 00:00:00-04:00;49.59000015258789;49.389095
2019-04-01 00:00:00-04:00;49.84000015258789;49.52992
2019-04-02 00:00:00-04:00;50.150001525878906;49.734325
2019-04-03 00:00:00-04:00;50.349998474121094;49.96829
2019-04-04 00:00:00-04:00;50.2599983215332;50.149868
2019-04-05 00:00:00-04:00;50.400001525878906;50.146957
2019-04-08 00:00:00-04:00;50.33000183105469;50.18521
2019-04-09 00:00:00-04:00;50.41999816894531;50.202816
2019-04-10 00:00:00-04:00;50.61000061035156;50.274166
2019-04-11 00:00:00-04:00;50.4900016784668;50.431656
2019-04-12 00:00:00-04:00;51.2400016784668;50.451237
2019-04-15 00:00:00-04:00;51.22999954223633;50.827618
2019-04-16 00:00:00-04:00;50.380001068115234;51.059395
2019-04-17 00:00:00-04:00;48.7599983215332;50.629604
2019-04-18 00:00:00-04:00;49.72999954223633;49.46042
2019-04-22 00:00:00-04:00;49.29999923706055;49.432777
2019-04-23 00:00:00-04:00;49.7599983215332;49.57955
2019-04-24 00:00:00-04:00;50.400001525878906;49.863388
2019-04-25 00:00:00-04:00;50.18000030517578;50.25744
2019-04-26 00:00:00-04:00;50.900001525878906;50.23818
2019-04-29 00:00:00-04:00;50.59000015258789;50.472107
2019-04-30 00:00:00-04:00;51.130001068115234;50.473732
2019-05-01 00:00:00-04:00;50.310001373291016;50.715324
2019-05-02 00:00:00-04:00;51.5;50.448036
2019-05-03 00:00:00-04:00;55.04999923706055;50.876514
2019-05-06 00:00:00-04:00;54.72999954223633;53.2303
2019-05-07 00:00:00-04:00;54.83000183105469;54.315426
2019-05-08 00:00:00-04:00;54.95000076293945;54.230892
2019-05-09 00:00:00-04:00;54.9900016784668;54.046864
2019-05-10 00:00:00-04:00;55.0099983215332;54.20929
2019-05-13 00:00:00-04:00;54.869998931884766;54.545475
2019-05-14 00:00:00-04:00;54.869998931884766;54.703014
2019-05-15 00:00:00-04:00;54.970001220703125;54.7405
2019-05-16 00:00:00-04:00;54.88999938964844;54.816467
2019-05-17 00:00:00-04:00;54.43000030517578;54.84491
2019-05-20 00:00:00-04:00;54.43000030517578;54.605324
2019-05-21 00:00:00-04:00;54.91999816894531;54.475697
2019-05-22 00:00:00-04:00;54.619998931884766;54.763535
2019-05-23 00:00:00-04:00;53.7400016784668;54.791813
2019-05-24 00:00:00-04:00;53.75;54.196495
2019-05-28 00:00:00-04:00;53.65999984741211;53.84117
2019-05-29 00:00:00-04:00;53.720001220703125;53.77764
2019-05-30 00:00:00-04:00;53.5;53.861
2019-05-31 00:00:00-04:00;53.869998931884766;53.75263
2019-06-03 00:00:00-04:00;53.86000061035156;53.81701
2019-06-04 00:00:00-04:00;54.400001525878906;53.851616
2019-06-05 00:00:00-04:00;55.380001068115234;54.12979
2019-06-06 00:00:00-04:00;55.630001068115234;54.81958
2019-06-07 00:00:00-04:00;55.939998626708984;55.261917
2019-06-10 00:00:00-04:00;57.099998474121094;55.47699
2019-06-11 00:00:00-04:00;57.27000045776367;56.17282
2019-06-12 00:00:00-04:00;56.900001525878906;56.671253
2019-06-13 00:00:00-04:00;56.970001220703125;56.584698
2019-06-14 00:00:00-04:00;56.77000045776367;56.50797
2019-06-17 00:00:00-04:00;56.65999984741211;56.48258
2019-06-18 00:00:00-04:00;56.84000015258789;56.506702
2019-06-19 00:00:00-04:00;57.75;56.67201
2019-06-20 00:00:00-04:00;57.43000030517578;57.30001
2019-06-21 00:00:00-04:00;58.880001068115234;57.414158
2019-06-24 00:00:00-04:00;57.66999816894531;58.126396
2019-06-25 00:00:00-04:00;57.88999938964844;57.81013
2019-06-26 00:00:00-04:00;57.61000061035156;57.583942
2019-06-27 00:00:00-04:00;57.630001068115234;57.46864
2019-06-28 00:00:00-04:00;58.36000061035156;57.53783
2019-07-01 00:00:00-04:00;58.31999969482422;58.04636
2019-07-02 00:00:00-04:00;58.189998626708984;58.265827
2019-07-03 00:00:00-04:00;58.31999969482422;58.13034
2019-07-05 00:00:00-04:00;57.79999923706055;58.07798
2019-07-08 00:00:00-04:00;57.63999938964844;57.826756
2019-07-09 00:00:00-04:00;57.56999969482422;57.636944
2019-07-10 00:00:00-04:00;57.290000915527344;57.58029
2019-07-11 00:00:00-04:00;56.77000045776367;57.436455
2019-07-12 00:00:00-04:00;56.93000030517578;57.048874
2019-07-15 00:00:00-04:00;57.09000015258789;56.94508
2019-07-16 00:00:00-04:00;56.470001220703125;57.07723
2019-07-17 00:00:00-04:00;56.93000030517578;56.785534
2019-07-18 00:00:00-04:00;57.0;56.8012
2019-07-19 00:00:00-04:00;56.66999816894531;56.919567
2019-07-22 00:00:00-04:00;56.22999954223633;56.76454
2019-07-23 00:00:00-04:00;56.5099983215332;56.365566
2019-07-24 00:00:00-04:00;56.599998474121094;56.346085
2019-07-25 00:00:00-04:00;55.849998474121094;56.509567
2019-07-26 00:00:00-04:00;56.02000045776367;56.151157
2019-07-29 00:00:00-04:00;56.369998931884766;55.96551
2019-07-30 00:00:00-04:00;56.66999816894531;56.166077
2019-07-31 00:00:00-04:00;54.45000076293945;56.493664
2019-08-01 00:00:00-04:00;53.36000061035156;55.319443
2019-08-02 00:00:00-04:00;52.790000915527344;53.93783
2019-08-05 00:00:00-04:00;51.4900016784668;53.213905
2019-08-06 00:00:00-04:00;51.619998931884766;52.48622
2019-08-07 00:00:00-04:00;51.529998779296875;52.241524
2019-08-08 00:00:00-04:00;52.369998931884766;52.131245
2019-08-09 00:00:00-04:00;52.369998931884766;52.450317
2019-08-12 00:00:00-04:00;52.279998779296875;52.54364
2019-08-13 00:00:00-04:00;53.369998931884766;52.34991
2019-08-14 00:00:00-04:00;52.150001525878906;52.76429
2019-08-15 00:00:00-04:00;52.27000045776367;52.392113
2019-08-16 00:00:00-04:00;52.33000183105469;52.101418
2019-08-19 00:00:00-04:00;53.529998779296875;52.102123
2019-08-20 00:00:00-04:00;53.130001068115234;52.87229
2019-08-21 00:00:00-04:00;53.38999938964844;53.092358
2019-08-22 00:00:00-04:00;52.95000076293945;53.09815
2019-08-23 00:00:00-04:00;51.66999816894531;52.817406
2019-08-26 00:00:00-04:00;52.060001373291016;52.004974
2019-08-27 00:00:00-04:00;51.560001373291016;51.872913
2019-08-28 00:00:00-04:00;51.720001220703125;51.80328
2019-08-29 00:00:00-04:00;52.02000045776367;51.856594
2019-08-30 00:00:00-04:00;52.150001525878906;52.021694
2019-09-03 00:00:00-04:00;51.72999954223633;52.12925
2019-09-04 00:00:00-04:00;51.33000183105469;51.880756
2019-09-05 00:00:00-04:00;51.650001525878906;51.472748
2019-09-06 00:00:00-04:00;50.689998626708984;51.489872
2019-09-09 00:00:00-04:00;50.84000015258789;51.109512
2019-09-10 00:00:00-04:00;51.189998626708984;50.929066
2019-09-11 00:00:00-04:00;51.130001068115234;51.10593
2019-09-12 00:00:00-04:00;51.72999954223633;51.203503
2019-09-13 00:00:00-04:00;51.88999938964844;51.48944
2019-09-16 00:00:00-04:00;51.41999816894531;51.69381
2019-09-17 00:00:00-04:00;51.38999938964844;51.46184
2019-09-18 00:00:00-04:00;49.86000061035156;51.2575
2019-09-19 00:00:00-04:00;49.900001525878906;50.416946
2019-09-20 00:00:00-04:00;51.130001068115234;50.011856
2019-09-23 00:00:00-04:00;52.279998779296875;50.695732
2019-09-24 00:00:00-04:00;53.040000915527344;51.831882
2019-09-25 00:00:00-04:00;53.209999084472656;52.630383
2019-09-26 00:00:00-04:00;53.380001068115234;52.78945
2019-09-27 00:00:00-04:00;52.880001068115234;52.774364
2019-09-30 00:00:00-04:00;53.310001373291016;52.551754
2019-10-01 00:00:00-04:00;53.4900016784668;52.77187
2019-10-02 00:00:00-04:00;51.7400016784668;53.150734
2019-10-03 00:00:00-04:00;52.47999954223633;52.37115
2019-10-04 00:00:00-04:00;53.630001068115234;52.219627
2019-10-07 00:00:00-04:00;53.939998626708984;53.05613
2019-10-08 00:00:00-04:00;53.310001373291016;53.76954
2019-10-09 00:00:00-04:00;53.560001373291016;53.519726
2019-10-10 00:00:00-04:00;53.90999984741211;53.2917
2019-10-11 00:00:00-04:00;54.11000061035156;53.497513
2019-10-14 00:00:00-04:00;53.4900016784668;53.854286
2019-10-15 00:00:00-04:00;53.7400016784668;53.661633
2019-10-16 00:00:00-04:00;53.90999984741211;53.582447
2019-10-17 00:00:00-04:00;54.95000076293945;53.72004
2019-10-18 00:00:00-04:00;54.900001525878906;54.426765
2019-10-21 00:00:00-04:00;55.060001373291016;54.761528
2019-10-22 00:00:00-04:00;54.40999984741211;54.813217
2019-10-23 00:00:00-04:00;54.400001525878906;54.406574
2019-10-24 00:00:00-04:00;53.08000183105469;54.212654
2019-10-25 00:00:00-04:00;53.08000183105469;53.549343
2019-10-28 00:00:00-04:00;53.349998474121094;53.240585
2019-10-29 00:00:00-04:00;54.09000015258789;53.409546
2019-10-30 00:00:00-04:00;55.33000183105469;53.972485
2019-10-31 00:00:00-04:00;54.779998779296875;54.874657
2019-11-01 00:00:00-04:00;55.45000076293945;54.84398
2019-11-04 00:00:00-05:00;56.11000061035156;54.911465
2019-11-05 00:00:00-05:00;54.900001525878906;55.39929
2019-11-06 00:00:00-05:00;55.59000015258789;55.036335
2019-11-07 00:00:00-05:00;57.08000183105469;55.1126
2019-11-08 00:00:00-05:00;57.41999816894531;56.184937
2019-11-11 00:00:00-05:00;55.70000076293945;56.99531
2019-11-12 00:00:00-05:00;56.15999984741211;56.114643
2019-11-13 00:00:00-05:00;56.47999954223633;55.691032
2019-11-14 00:00:00-05:00;56.029998779296875;56.028152
2019-11-15 00:00:00-05:00;56.630001068115234;56.152073
2019-11-18 00:00:00-05:00;56.27000045776367;56.440296
2019-11-19 00:00:00-05:00;56.38999938964844;56.341663
2019-11-20 00:00:00-05:00;56.630001068115234;56.265038
2019-11-21 00:00:00-05:00;57.099998474121094;56.41042
2019-11-22 00:00:00-05:00;57.27000045776367;56.80193
2019-11-25 00:00:00-05:00;57.65999984741211;57.07198
2019-11-26 00:00:00-05:00;57.040000915527344;57.322815
2019-11-27 00:00:00-05:00;57.11000061035156;57.038727
2019-11-29 00:00:00-05:00;56.540000915527344;56.881897
2019-12-02 00:00:00-05:00;56.70000076293945;56.605717
2019-12-03 00:00:00-05:00;57.130001068115234;56.617104
2019-12-04 00:00:00-05:00;57.59000015258789;56.957546
2019-12-05 00:00:00-05:00;58.290000915527344;57.385807
2019-12-06 00:00:00-05:00;58.04999923706055;57.892284
2019-12-09 00:00:00-05:00;57.31999969482422;57.887367
2019-12-10 00:00:00-05:00;57.369998931884766;57.32846
2019-12-11 00:00:00-05:00;56.779998779296875;57.112473
2019-12-12 00:00:00-05:00;56.939998626708984;56.887867
2019-12-13 00:00:00-05:00;56.380001068115234;56.932465
2019-12-16 00:00:00-05:00;57.52000045776367;56.68292
2019-12-17 00:00:00-05:00;57.5099983215332;57.14852
2019-12-18 00:00:00-05:00;57.380001068115234;57.451763
2019-12-19 00:00:00-05:00;57.470001220703125;57.358665
2019-12-20 00:00:00-05:00;56.849998474121094;57.256367
2019-12-23 00:00:00-05:00;57.18000030517578;56.899242
2019-12-24 00:00:00-05:00;57.209999084472656;56.94863
2019-12-26 00:00:00-05:00;56.529998779296875;57.118053
2019-12-27 00:00:00-05:00;56.84000015258789;56.78817
2019-12-30 00:00:00-05:00;56.400001525878906;56.709087
2019-12-31 00:00:00-05:00;56.59000015258789;56.515484
2020-01-02 00:00:00-05:00;56.93000030517578;56.529064
2020-01-03 00:00:00-05:00;56.29999923706055;56.773594
2020-01-06 00:00:00-05:00;56.61000061035156;56.516827
2020-01-07 00:00:00-05:00;56.90999984741211;56.450577
2020-01-08 00:00:00-05:00;57.5099983215332;56.66813
2020-01-09 00:00:00-05:00;57.54999923706055;57.15321
2020-01-10 00:00:00-05:00;57.790000915527344;57.36104
2020-01-13 00:00:00-05:00;58.11000061035156;57.45701
2020-01-14 00:00:00-05:00;58.7599983215332;57.660423
2020-01-15 00:00:00-05:00;59.099998474121094;58.16845
2020-01-16 00:00:00-05:00;60.13999938964844;58.62257
2020-01-17 00:00:00-05:00;59.959999084472656;59.358616
2020-01-21 00:00:00-05:00;60.34000015258789;59.5546
2020-01-22 00:00:00-05:00;60.7400016784668;59.720528
2020-01-23 00:00:00-05:00;59.65999984741211;60.08361
2020-01-24 00:00:00-05:00;59.65999984741211;59.67618
2020-01-27 00:00:00-05:00;59.72999954223633;59.418922
2020-01-28 00:00:00-05:00;59.08000183105469;59.52153
2020-01-29 00:00:00-05:00;58.93000030517578;59.30605
2020-01-30 00:00:00-05:00;57.630001068115234;59.058784
2020-01-31 00:00:00-05:00;56.0;58.221622
2020-02-03 00:00:00-05:00;55.619998931884766;56.89132
2020-02-04 00:00:00-05:00;56.56999969482422;56.17229
2020-02-05 00:00:00-05:00;57.220001220703125;56.665173
2020-02-06 00:00:00-05:00;57.599998474121094;57.4179
2020-02-07 00:00:00-05:00;57.099998474121094;57.722984
2020-02-10 00:00:00-05:00;57.45000076293945;57.24317
2020-02-11 00:00:00-05:00;58.0;57.06797
2020-02-12 00:00:00-05:00;58.0099983215332;57.480648
2020-02-13 00:00:00-05:00;58.11000061035156;57.787384
2020-02-14 00:00:00-05:00;57.849998474121094;57.869244
2020-02-18 00:00:00-05:00;57.91999816894531;57.673054
2020-02-19 00:00:00-05:00;58.59000015258789;57.616535
2020-02-20 00:00:00-05:00;57.439998626708984;58.08015
2020-02-21 00:00:00-05:00;56.849998474121094;57.70275
2020-02-24 00:00:00-05:00;54.720001220703125;57.013123
2020-02-25 00:00:00-05:00;51.5;55.5695
2020-02-26 00:00:00-05:00;50.880001068115234;53.21503
2020-02-27 00:00:00-05:00;50.20000076293945;51.9296
2020-02-28 00:00:00-05:00;49.2400016784668;51.43253
2020-03-02 00:00:00-05:00;49.650001525878906;50.81548
2020-03-03 00:00:00-05:00;47.209999084472656;50.55038
2020-03-04 00:00:00-05:00;47.84000015258789;49.062466
2020-03-05 00:00:00-05:00;45.31999969482422;48.36724
2020-03-06 00:00:00-05:00;44.72999954223633;46.9668
2020-03-09 00:00:00-04:00;42.119998931884766;45.84447
2020-03-10 00:00:00-04:00;44.33000183105469;44.11173
2020-03-11 00:00:00-04:00;42.560001373291016;44.2482
2020-03-12 00:00:00-04:00;39.93000030517578;43.843807
2020-03-13 00:00:00-04:00;40.459999084472656;42.029274
2020-03-16 00:00:00-04:00;35.18000030517578;41.02578
2020-03-17 00:00:00-04:00;34.58000183105469;38.361443
2020-03-18 00:00:00-04:00;32.7400016784668;36.399868
2020-03-19 00:00:00-04:00;35.11000061035156;34.869873
2020-03-20 00:00:00-04:00;32.81999969482422;35.2079
2020-03-23 00:00:00-04:00;31.899999618530273;34.695652
2020-03-24 00:00:00-04:00;33.810001373291016;33.515713
2020-03-25 00:00:00-04:00;35.0;33.446938
2020-03-26 00:00:00-04:00;39.400001525878906;34.205902
2020-03-27 00:00:00-04:00;37.93000030517578;36.705677
2020-03-30 00:00:00-04:00;39.20000076293945;37.465126
2020-03-31 00:00:00-04:00;38.83000183105469;37.7178
2020-04-01 00:00:00-04:00;37.310001373291016;37.61651
2020-04-02 00:00:00-04:00;37.470001220703125;36.95485
2020-04-03 00:00:00-04:00;35.45000076293945;36.762894
2020-04-06 00:00:00-04:00;37.72999954223633;36.052425
2020-04-07 00:00:00-04:00;38.09000015258789;36.69296
2020-04-08 00:00:00-04:00;39.58000183105469;37.595863
2020-04-09 00:00:00-04:00;41.869998931884766;38.698025
2020-04-13 00:00:00-04:00;40.2400016784668;40.270905
2020-04-14 00:00:00-04:00;40.7599983215332;40.241993
2020-04-15 00:00:00-04:00;39.95000076293945;40.049862
2020-04-16 00:00:00-04:00;39.08000183105469;39.71019
2020-04-17 00:00:00-04:00;40.86000061035156;39.26594
2020-04-20 00:00:00-04:00;41.279998779296875;39.997253
2020-04-21 00:00:00-04:00;39.65999984741211;40.899708
2020-04-22 00:00:00-04:00;39.90999984741211;40.473145
2020-04-23 00:00:00-04:00;38.70000076293945;40.00516
2020-04-24 00:00:00-04:00;39.310001373291016;39.304703
2020-04-27 00:00:00-04:00;41.099998474121094;39.285774
2020-04-28 00:00:00-04:00;41.630001068115234;40.357002
2020-04-29 00:00:00-04:00;44.20000076293945;41.319252
2020-04-30 00:00:00-04:00;42.439998626708984;42.830826
2020-05-01 00:00:00-04:00;40.290000915527344;42.650402
2020-05-04 00:00:00-04:00;39.599998474121094;41.064568
2020-05-05 00:00:00-04:00;40.66999816894531;39.865467
2020-05-06 00:00:00-04:00;40.34000015258789;40.173874
2020-05-07 00:00:00-04:00;41.060001373291016;40.643166
2020-05-08 00:00:00-04:00;40.650001525878906;41.11929
2020-05-11 00:00:00-04:00;40.310001373291016;41.008183
2020-05-12 00:00:00-04:00;36.97999954223633;40.577892
2020-05-13 00:00:00-04:00;37.34000015258789;38.76722
2020-05-14 00:00:00-04:00;37.880001068115234;37.816986
2020-05-15 00:00:00-04:00;37.709999084472656;37.97491
2020-05-18 00:00:00-04:00;40.56999969482422;38.23778
2020-05-19 00:00:00-04:00;41.08000183105469;39.582767
2020-05-20 00:00:00-04:00;41.70000076293945;40.577084
2020-05-21 00:00:00-04:00;41.959999084472656;41.040855
2020-05-22 00:00:00-04:00;42.2400016784668;41.184685
2020-05-26 00:00:00-04:00;45.33000183105469;41.371918
2020-05-27 00:00:00-04:00;47.790000915527344;43.11745
2020-05-28 00:00:00-04:00;46.9900016784668;45.622524
2020-05-29 00:00:00-04:00;46.52000045776367;46.31823
2020-06-01 00:00:00-04:00;47.099998474121094;45.833298
2020-06-02 00:00:00-04:00;47.369998931884766;45.86287
2020-06-03 00:00:00-04:00;47.84000015258789;46.448925
2020-06-04 00:00:00-04:00;48.040000915527344;47.229046
2020-06-05 00:00:00-04:00;50.18000030517578;47.725994
2020-06-08 00:00:00-04:00;51.16999816894531;48.993595
2020-06-09 00:00:00-04:00;48.5099983215332;50.247852
2020-06-10 00:00:00-04:00;46.5099983215332;49.257336
2020-06-11 00:00:00-04:00;43.369998931884766;47.346493
2020-06-12 00:00:00-04:00;43.380001068115234;45.04745
2020-06-15 00:00:00-04:00;43.88999938964844;44.23588
2020-06-16 00:00:00-04:00;45.18000030517578;44.637585
2020-06-17 00:00:00-04:00;44.75;45.63338
2020-06-18 00:00:00-04:00;44.16999816894531;45.68524
2020-06-19 00:00:00-04:00;43.619998931884766;44.920204
2020-06-22 00:00:00-04:00;43.849998474121094;44.07117
2020-06-23 00:00:00-04:00;44.77000045776367;43.864998
2020-06-24 00:00:00-04:00;42.86000061035156;44.439148
2020-06-25 00:00:00-04:00;42.81999969482422;43.85467
2020-06-26 00:00:00-04:00;43.119998931884766;43.183243
2020-06-29 00:00:00-04:00;43.90999984741211;43.04861
2020-06-30 00:00:00-04:00;44.060001373291016;43.54841
2020-07-01 00:00:00-04:00;44.95000076293945;43.94734
2020-07-02 00:00:00-04:00;44.18000030517578;44.43686
2020-07-06 00:00:00-04:00;44.63999938964844;44.22361
2020-07-07 00:00:00-04:00;43.369998931884766;44.179436
2020-07-08 00:00:00-04:00;42.0;43.641903
2020-07-09 00:00:00-04:00;41.27000045776367;42.66825
2020-07-10 00:00:00-04:00;41.97999954223633;41.859997
2020-07-13 00:00:00-04:00;41.79999923706055;41.965515
2020-07-14 00:00:00-04:00;42.650001525878906;42.159447
2020-07-15 00:00:00-04:00;45.15999984741211;42.57188
2020-07-16 00:00:00-04:00;44.33000183105469;43.963448
2020-07-17 00:00:00-04:00;44.77000045776367;44.28644
2020-07-20 00:00:00-04:00;43.47999954223633;44.25245
2020-07-21 00:00:00-04:00;43.84000015258789;43.560143
2020-07-22 00:00:00-04:00;44.06999969482422;43.396973
2020-07-23 00:00:00-04:00;43.97999954223633;43.712967
2020-07-24 00:00:00-04:00;43.2400016784668;43.95399
2020-07-27 00:00:00-04:00;43.45000076293945;43.626514
2020-07-28 00:00:00-04:00;43.5;43.433914
2020-07-29 00:00:00-04:00;44.790000915527344;43.45553
2020-07-30 00:00:00-04:00;45.2400016784668;44.182823
2020-07-31 00:00:00-04:00;44.599998474121094;44.872265
2020-08-03 00:00:00-04:00;44.68000030517578;44.737717
2020-08-04 00:00:00-04:00;46.689998626708984;44.486122
2020-08-05 00:00:00-04:00;46.849998474121094;45.456062
2020-08-06 00:00:00-04:00;43.2599983215332;46.316677
2020-08-07 00:00:00-04:00;45.36000061035156;44.738914
2020-08-10 00:00:00-04:00;45.400001525878906;44.546486
2020-08-11 00:00:00-04:00;45.810001373291016;45.05624
2020-08-12 00:00:00-04:00;44.959999084472656;45.674587
2020-08-13 00:00:00-04:00;44.529998779296875;45.428303
2020-08-14 00:00:00-04:00;44.52000045776367;44.833054
2020-08-17 00:00:00-04:00;43.68000030517578;44.54811
2020-08-18 00:00:00-04:00;43.2400016784668;44.156204
2020-08-19 00:00:00-04:00;42.52000045776367;43.75144
2020-08-20 00:00:00-04:00;42.0;43.212883
2020-08-21 00:00:00-04:00;42.599998474121094;42.67499
2020-08-24 00:00:00-04:00;43.45000076293945;42.719185
2020-08-25 00:00:00-04:00;43.689998626708984;43.273808
2020-08-26 00:00:00-04:00;43.529998779296875;43.662716
2020-08-27 00:00:00-04:00;44.72999954223633;43.585976
2020-08-28 00:00:00-04:00;45.31999969482422;43.991776
2020-08-31 00:00:00-04:00;44.869998931884766;44.612648
2020-09-01 00:00:00-04:00;44.849998474121094;44.68363
2020-09-02 00:00:00-04:00;45.72999954223633;44.554405
2020-09-03 00:00:00-04:00;44.560001373291016;44.962147
2020-09-04 00:00:00-04:00;44.7599983215332;44.74448
2020-09-08 00:00:00-04:00;43.66999816894531;44.6081
2020-09-09 00:00:00-04:00;44.22999954223633;44.08592
2020-09-10 00:00:00-04:00;43.720001220703125;44.090473
2020-09-11 00:00:00-04:00;44.15999984741211;44.01553
2020-09-14 00:00:00-04:00;45.900001525878906;44.156513
2020-09-15 00:00:00-04:00;46.36000061035156;45.126476
2020-09-16 00:00:00-04:00;47.38999938964844;45.927013
2020-09-17 00:00:00-04:00;47.720001220703125;46.638023
2020-09-18 00:00:00-04:00;46.33000183105469;47.03942
2020-09-21 00:00:00-04:00;44.709999084472656;46.429794
2020-09-22 00:00:00-04:00;44.58000183105469;45.20595
2020-09-23 00:00:00-04:00;42.72999954223633;44.655598
2020-09-24 00:00:00-04:00;42.650001525878906;43.82327
2020-09-25 00:00:00-04:00;43.369998931884766;43.37036
2020-09-28 00:00:00-04:00;43.310001373291016;43.61296
2020-09-29 00:00:00-04:00;42.75;43.783302
2020-09-30 00:00:00-04:00;43.72999954223633;43.416206
2020-10-01 00:00:00-04:00;43.5099983215332;43.521164
2020-10-02 00:00:00-04:00;43.65999984741211;43.565464
2020-10-05 00:00:00-04:00;44.810001373291016;43.5989
2020-10-06 00:00:00-04:00;44.11000061035156;44.16184
2020-10-07 00:00:00-04:00;45.04999923706055;44.16345
2020-10-08 00:00:00-04:00;46.060001373291016;44.452084
2020-10-09 00:00:00-04:00;45.5;45.19051
2020-10-12 00:00:00-04:00;46.0;45.327625
2020-10-13 00:00:00-04:00;44.97999954223633;45.468945
2020-10-14 00:00:00-04:00;45.599998474121094;45.06852
2020-10-15 00:00:00-04:00;45.400001525878906;45.148193
2020-10-16 00:00:00-04:00;45.68000030517578;45.29028
2020-10-19 00:00:00-04:00;44.599998474121094;45.52069
2020-10-20 00:00:00-04:00;44.709999084472656;45.08038
2020-10-21 00:00:00-04:00;45.66999816894531;44.782345
2020-10-22 00:00:00-04:00;48.34000015258789;45.23714
2020-10-23 00:00:00-04:00;49.150001525878906;47.02053
2020-10-26 00:00:00-04:00;47.61000061035156;48.41759
2020-10-27 00:00:00-04:00;47.540000915527344;47.864895
2020-10-28 00:00:00-04:00;44.84000015258789;47.127804
2020-10-29 00:00:00-04:00;44.79999923706055;45.6357
2020-10-30 00:00:00-04:00;47.189998626708984;45.01111
2020-11-02 00:00:00-05:00;47.70000076293945;46.345966
2020-11-03 00:00:00-05:00;47.77000045776367;47.63105
2020-11-04 00:00:00-05:00;48.11000061035156;47.90571
2020-11-05 00:00:00-05:00;46.61000061035156;47.790356
2020-11-06 00:00:00-05:00;45.7400016784668;46.916893
2020-11-09 00:00:00-05:00;51.400001525878906;46.0483
2020-11-10 00:00:00-05:00;52.959999084472656;48.815166
2020-11-11 00:00:00-05:00;49.849998474121094;51.762074
2020-11-12 00:00:00-05:00;49.04999923706055;50.792767
2020-11-13 00:00:00-05:00;51.36000061035156;48.92848
2020-11-16 00:00:00-05:00;49.68000030517578;49.58035
2020-11-17 00:00:00-05:00;48.900001525878906;49.903217
2020-11-18 00:00:00-05:00;48.90999984741211;49.488785
2020-11-19 00:00:00-05:00;48.869998931884766;49.12045
2020-11-20 00:00:00-05:00;49.400001525878906;49.01695
2020-11-23 00:00:00-05:00;50.459999084472656;49.346157
2020-11-24 00:00:00-05:00;51.54999923706055;50.116295
2020-11-25 00:00:00-05:00;51.31999969482422;51.028194
2020-11-27 00:00:00-05:00;51.65999984741211;51.17762
2020-11-30 00:00:00-05:00;50.88999938964844;51.185287
2020-12-01 00:00:00-05:00;50.61000061035156;50.811035
2020-12-02 00:00:00-05:00;53.36000061035156;50.521496
2020-12-03 00:00:00-05:00;52.150001525878906;52.034927
2020-12-04 00:00:00-05:00;53.75;52.395657
2020-12-07 00:00:00-05:00;53.599998474121094;52.97849
2020-12-08 00:00:00-05:00;54.279998779296875;53.171833
2020-12-09 00:00:00-05:00;54.5;53.56537
2020-12-10 00:00:00-05:00;54.09000015258789;53.955414
2020-12-11 00:00:00-05:00;52.959999084472656;53.9115
2020-12-14 00:00:00-05:00;52.22999954223633;53.2114
2020-12-15 00:00:00-05:00;53.81999969482422;52.494278
2020-12-16 00:00:00-05:00;53.15999984741211;53.227734
2020-12-17 00:00:00-05:00;53.27000045776367;53.52635
2020-12-18 00:00:00-05:00;52.599998474121094;53.455772
2020-12-21 00:00:00-05:00;52.439998626708984;52.913666
2020-12-22 00:00:00-05:00;51.810001373291016;52.539948
2020-12-23 00:00:00-05:00;51.61000061035156;52.16016
2020-12-24 00:00:00-05:00;51.81999969482422;51.924797
2020-12-28 00:00:00-05:00;52.310001373291016;51.97359
2020-12-29 00:00:00-05:00;51.25;52.28542
2020-12-30 00:00:00-05:00;51.459999084472656;51.809578
2020-12-31 00:00:00-05:00;52.36000061035156;51.493313
2021-01-04 00:00:00-05:00;53.75;51.937675
2021-01-05 00:00:00-05:00;55.290000915527344;53.06046
2021-01-06 00:00:00-05:00;57.959999084472656;54.40581
2021-01-07 00:00:00-05:00;57.65999984741211;56.334347
2021-01-08 00:00:00-05:00;58.18000030517578;56.854946
2021-01-11 00:00:00-05:00;58.5;56.960957
2021-01-12 00:00:00-05:00;59.95000076293945;57.281178
2021-01-13 00:00:00-05:00;59.5099983215332;58.52127
2021-01-14 00:00:00-05:00;59.279998779296875;59.010445
2021-01-15 00:00:00-05:00;58.439998626708984;58.86024
2021-01-19 00:00:00-05:00;58.31999969482422;58.278206
2021-01-20 00:00:00-05:00;58.68000030517578;58.09066
2021-01-21 00:00:00-05:00;57.63999938964844;58.483013
2021-01-22 00:00:00-05:00;57.22999954223633;58.170086
2021-01-25 00:00:00-05:00;57.0099983215332;57.61025
2021-01-26 00:00:00-05:00;57.15999984741211;57.26312
2021-01-27 00:00:00-05:00;55.369998931884766;57.31868
2021-01-28 00:00:00-05:00;55.34000015258789;56.38309
2021-01-29 00:00:00-05:00;53.4900016784668;55.755013
2021-02-01 00:00:00-05:00;53.91999816894531;54.603214
2021-02-02 00:00:00-05:00;54.560001373291016;54.301025
2021-02-03 00:00:00-05:00;54.63999938964844;54.747337
2021-02-04 00:00:00-05:00;55.790000915527344;55.002163
2021-02-05 00:00:00-05:00;55.2400016784668;55.508118
2021-02-08 00:00:00-05:00;55.880001068115234;55.317062
2021-02-09 00:00:00-05:00;56.099998474121094;55.3867
2021-02-10 00:00:00-05:00;56.79999923706055;55.64083
2021-02-11 00:00:00-05:00;56.279998779296875;56.19313
2021-02-12 00:00:00-05:00;55.349998474121094;56.144093
2021-02-16 00:00:00-05:00;54.22999954223633;55.441288
2021-02-17 00:00:00-05:00;52.689998626708984;54.491913
2021-02-18 00:00:00-05:00;51.9900016784668;53.37441
2021-02-19 00:00:00-05:00;52.7599983215332;52.644405
2021-02-22 00:00:00-05:00;52.939998626708984;52.931404
2021-02-23 00:00:00-05:00;53.36000061035156;53.3177
2021-02-24 00:00:00-05:00;54.0;53.531773
2021-02-25 00:00:00-05:00;52.43000030517578;53.77912
2021-02-26 00:00:00-05:00;53.06999969482422;52.940727
2021-03-01 00:00:00-05:00;59.709999084472656;52.72689
2021-03-02 00:00:00-05:00;59.27000045776367;56.7069
2021-03-03 00:00:00-05:00;60.150001525878906;58.798416
2021-03-04 00:00:00-05:00;58.709999084472656;59.048203
2021-03-05 00:00:00-05:00;60.0;57.840458
2021-03-08 00:00:00-05:00;61.900001525878906;58.22199
2021-03-09 00:00:00-05:00;59.86000061035156;60.2764
2021-03-10 00:00:00-05:00;62.060001373291016;60.1701
2021-03-11 00:00:00-05:00;62.27000045776367;60.829502
2021-03-12 00:00:00-05:00;62.880001068115234;61.48418
2021-03-15 00:00:00-04:00;63.900001525878906;62.125793
2021-03-16 00:00:00-04:00;63.369998931884766;62.98713
2021-03-17 00:00:00-04:00;63.5;63.010212
2021-03-18 00:00:00-04:00;63.04999923706055;62.94789
2021-03-19 00:00:00-04:00;62.7599983215332;62.771618
2021-03-22 00:00:00-04:00;62.439998626708984;62.63486
2021-03-23 00:00:00-04:00;59.93000030517578;62.486317
2021-03-24 00:00:00-04:00;60.349998474121094;60.96621
2021-03-25 00:00:00-04:00;60.54999923706055;60.465904
2021-03-26 00:00:00-04:00;61.279998779296875;60.780197
2021-03-29 00:00:00-04:00;62.060001373291016;61.445316
2021-03-30 00:00:00-04:00;63.540000915527344;62.011955
2021-03-31 00:00:00-04:00;63.810001373291016;62.8828
2021-04-01 00:00:00-04:00;63.439998626708984;63.27811
2021-04-05 00:00:00-04:00;64.37999725341797;63.00371
2021-04-06 00:00:00-04:00;64.16000366210938;63.40999
2021-04-07 00:00:00-04:00;63.939998626708984;63.680073
2021-04-08 00:00:00-04:00;64.1500015258789;63.619938
2021-04-09 00:00:00-04:00;64.19999694824219;63.6883
2021-04-12 00:00:00-04:00;64.1500015258789;63.832497
2021-04-13 00:00:00-04:00;63.849998474121094;63.893837
2021-04-14 00:00:00-04:00;65.22000122070312;63.719208
2021-04-15 00:00:00-04:00;64.83000183105469;64.48299
2021-04-16 00:00:00-04:00;65.41999816894531;64.695404
2021-04-19 00:00:00-04:00;65.52999877929688;64.920876
2021-04-20 00:00:00-04:00;65.4800033569336;65.06291
2021-04-21 00:00:00-04:00;66.1500015258789;65.08367
2021-04-22 00:00:00-04:00;65.30000305175781;65.52163
2021-04-23 00:00:00-04:00;66.19999694824219;65.24325
2021-04-26 00:00:00-04:00;66.30999755859375;65.56353
2021-04-27 00:00:00-04:00;66.26000213623047;65.91987
2021-04-28 00:00:00-04:00;65.79000091552734;65.97998
2021-04-29 00:00:00-04:00;66.27999877929688;65.61896
2021-04-30 00:00:00-04:00;67.51000213623047;65.772095
2021-05-03 00:00:00-04:00;68.01000213623047;66.77994
2021-05-04 00:00:00-04:00;68.94999694824219;67.53583
2021-05-05 00:00:00-04:00;67.58999633789062;68.155266
2021-05-06 00:00:00-04:00;67.38999938964844;67.37543
2021-05-07 00:00:00-04:00;68.47000122070312;66.79954
2021-05-10 00:00:00-04:00;69.12000274658203;67.59514
2021-05-11 00:00:00-04:00;66.80000305175781;68.64178
2021-05-12 00:00:00-04:00;65.69999694824219;67.35736
2021-05-13 00:00:00-04:00;66.61000061035156;65.74663
2021-05-14 00:00:00-04:00;67.83000183105469;66.02944
2021-05-17 00:00:00-04:00;68.94999694824219;67.49011
2021-05-18 00:00:00-04:00;67.41999816894531;68.69792
2021-05-19 00:00:00-04:00;67.62999725341797;67.659935
2021-05-20 00:00:00-04:00;67.94999694824219;66.93244
2021-05-21 00:00:00-04:00;67.4800033569336;67.2461
2021-05-24 00:00:00-04:00;67.6500015258789;67.4061
2021-05-25 00:00:00-04:00;67.0999984741211;67.46114
2021-05-26 00:00:00-04:00;66.9000015258789;67.051834
2021-05-27 00:00:00-04:00;66.4800033569336;66.710464
2021-05-28 00:00:00-04:00;66.91999816894531;66.42287
2021-06-01 00:00:00-04:00;67.36000061035156;66.66025
2021-06-02 00:00:00-04:00;65.83999633789062;67.10481
2021-06-03 00:00:00-04:00;66.56999969482422;66.223434
2021-06-04 00:00:00-04:00;66.27999877929688;66.088486
2021-06-07 00:00:00-04:00;65.5199966430664;66.136345
2021-06-08 00:00:00-04:00;65.72000122070312;65.708534
2021-06-09 00:00:00-04:00;65.69000244140625;65.56465
2021-06-10 00:00:00-04:00;66.06999969482422;65.579704
2021-06-11 00:00:00-04:00;65.56999969482422;65.830765
2021-06-14 00:00:00-04:00;64.66999816894531;65.58664
2021-06-15 00:00:00-04:00;65.88999938964844;64.796165
2021-06-16 00:00:00-04:00;65.5199966430664;65.2429
2021-06-17 00:00:00-04:00;65.11000061035156;65.482956
2021-06-18 00:00:00-04:00;63.18000030517578;65.14931
2021-06-21 00:00:00-04:00;64.98999786376953;63.688095
2021-06-22 00:00:00-04:00;64.36000061035156;64.190506
2021-06-23 00:00:00-04:00;64.06999969482422;64.52554
2021-06-24 00:00:00-04:00;63.77000045776367;64.264885
2021-06-25 00:00:00-04:00;64.18000030517578;63.76494
2021-06-28 00:00:00-04:00;63.220001220703125;63.83497
2021-06-29 00:00:00-04:00;63.25;63.43457
2021-06-30 00:00:00-04:00;63.2599983215332;63.196293
2021-07-01 00:00:00-04:00;64.02999877929688;63.177532
2021-07-02 00:00:00-04:00;63.88999938964844;63.67943
2021-07-06 00:00:00-04:00;63.09000015258789;63.80189
2021-07-07 00:00:00-04:00;63.630001068115234;63.170467
2021-07-08 00:00:00-04:00;61.90999984741211;63.148582
2021-07-09 00:00:00-04:00;62.41999816894531;62.32334
2021-07-12 00:00:00-04:00;62.709999084472656;62.215862
2021-07-13 00:00:00-04:00;62.0;62.579636
2021-07-14 00:00:00-04:00;62.15999984741211;62.310753
2021-07-15 00:00:00-04:00;61.79999923706055;62.08374
2021-07-16 00:00:00-04:00;61.15999984741211;61.80664
2021-07-19 00:00:00-04:00;60.689998626708984;61.335407
2021-07-20 00:00:00-04:00;62.58000183105469;60.873016
2021-07-21 00:00:00-04:00;63.7599983215332;61.885178
2021-07-22 00:00:00-04:00;63.29999923706055;63.232635
2021-07-23 00:00:00-04:00;63.59000015258789;63.219097
2021-07-26 00:00:00-04:00;63.630001068115234;62.94189
2021-07-27 00:00:00-04:00;64.80000305175781;62.932316
2021-07-28 00:00:00-04:00;65.16000366210938;63.854687
2021-07-29 00:00:00-04:00;65.4000015258789;64.60842
2021-07-30 00:00:00-04:00;66.04000091552734;64.85456
2021-08-02 00:00:00-04:00;66.70999908447266;65.19178
2021-08-03 00:00:00-04:00;65.33999633789062;65.80649
2021-08-04 00:00:00-04:00;64.30000305175781;65.24368
2021-08-05 00:00:00-04:00;59.75;64.22902
2021-08-06 00:00:00-04:00;60.290000915527344;61.27627
2021-08-09 00:00:00-04:00;59.529998779296875;60.4574
2021-08-10 00:00:00-04:00;58.25;60.47387
2021-08-11 00:00:00-04:00;58.900001525878906;59.7938
2021-08-12 00:00:00-04:00;59.0;59.53424
2021-08-13 00:00:00-04:00;58.689998626708984;59.460567
2021-08-16 00:00:00-04:00;60.54999923706055;59.155052
2021-08-17 00:00:00-04:00;61.130001068115234;59.97921
2021-08-18 00:00:00-04:00;60.22999954223633;60.772552
2021-08-19 00:00:00-04:00;59.880001068115234;60.305393
2021-08-20 00:00:00-04:00;59.86000061035156;59.59414
2021-08-23 00:00:00-04:00;60.0099983215332;59.426353
2021-08-24 00:00:00-04:00;60.56999969482422;59.71209
2021-08-25 00:00:00-04:00;60.61000061035156;60.24568
2021-08-26 00:00:00-04:00;60.38999938964844;60.42244
2021-08-27 00:00:00-04:00;62.09000015258789;60.19647
2021-08-30 00:00:00-04:00;61.279998779296875;61.069958
2021-08-31 00:00:00-04:00;61.70000076293945;61.16149
2021-09-01 00:00:00-04:00;61.43000030517578;61.20691
2021-09-02 00:00:00-04:00;62.33000183105469;61.095615
2021-09-03 00:00:00-04:00;62.43000030517578;61.63584
2021-09-07 00:00:00-04:00;62.16999816894531;62.064064
2021-09-08 00:00:00-04:00;62.310001373291016;61.976383
2021-09-09 00:00:00-04:00;62.459999084472656;61.916786
2021-09-10 00:00:00-04:00;60.88999938964844;62.067772
2021-09-13 00:00:00-04:00;61.810001373291016;61.267612
2021-09-14 00:00:00-04:00;61.83000183105469;61.382973
2021-09-15 00:00:00-04:00;62.290000915527344;61.73156
2021-09-16 00:00:00-04:00;62.209999084472656;62.125656
2021-09-17 00:00:00-04:00;61.22999954223633;62.12362
2021-09-20 00:00:00-04:00;59.650001525878906;61.395332
2021-09-21 00:00:00-04:00;59.279998779296875;60.110252
2021-09-22 00:00:00-04:00;59.7400016784668;59.480556
2021-09-23 00:00:00-04:00;59.599998474121094;59.811703
2021-09-24 00:00:00-04:00;60.0099983215332;60.01456
2021-09-27 00:00:00-04:00;60.72999954223633;60.11767
2021-09-28 00:00:00-04:00;59.13999938964844;60.43674
2021-09-29 00:00:00-04:00;58.43000030517578;59.586243
2021-09-30 00:00:00-04:00;58.04999923706055;58.612827
2021-10-01 00:00:00-04:00;59.06999969482422;58.157703
2021-10-04 00:00:00-04:00;57.630001068115234;58.804123
2021-10-05 00:00:00-04:00;57.58000183105469;58.379536
2021-10-06 00:00:00-04:00;57.459999084472656;57.806103
2021-10-07 00:00:00-04:00;58.0;57.508812
2021-10-08 00:00:00-04:00;58.029998779296875;57.81347
2021-10-11 00:00:00-04:00;57.16999816894531;58.040787
2021-10-12 00:00:00-04:00;56.90999984741211;57.50098
2021-10-13 00:00:00-04:00;56.22999954223633;56.94994
2021-10-14 00:00:00-04:00;56.95000076293945;56.43203
2021-10-15 00:00:00-04:00;57.849998474121094;56.72092
2021-10-18 00:00:00-04:00;56.31999969482422;57.5266
2021-10-19 00:00:00-04:00;57.54999923706055;56.91864
2021-10-20 00:00:00-04:00;58.16999816894531;56.98508
2021-10-21 00:00:00-04:00;58.279998779296875;57.600403
2021-10-22 00:00:00-04:00;58.29999923706055;57.995026
2021-10-25 00:00:00-04:00;57.27000045776367;58.018425
2021-10-26 00:00:00-04:00;56.88999938964844;57.338425
2021-10-27 00:00:00-04:00;56.470001220703125;56.802788
2021-10-28 00:00:00-04:00;57.27000045776367;56.539246
2021-10-29 00:00:00-04:00;57.209999084472656;57.03049
2021-11-01 00:00:00-04:00;58.119998931884766;57.31079
2021-11-02 00:00:00-04:00;58.849998474121094;57.77099
2021-11-03 00:00:00-04:00;59.220001220703125;58.332684
2021-11-04 00:00:00-04:00;54.939998626708984;58.717293
2021-11-05 00:00:00-04:00;55.810001373291016;56.31977
2021-11-08 00:00:00-05:00;55.97999954223633;55.45174
2021-11-09 00:00:00-05:00;55.77000045776367;55.90022
2021-11-10 00:00:00-05:00;55.72999954223633;56.273254
2021-11-11 00:00:00-05:00;54.470001220703125;56.164253
2021-11-12 00:00:00-05:00;54.93000030517578;55.160416
2021-11-15 00:00:00-05:00;54.959999084472656;54.84668
2021-11-16 00:00:00-05:00;54.70000076293945;54.992718
2021-11-17 00:00:00-05:00;54.189998626708984;54.9749
2021-11-18 00:00:00-05:00;53.56999969482422;54.55049
2021-11-19 00:00:00-05:00;52.689998626708984;53.913895
2021-11-22 00:00:00-05:00;52.36000061035156;53.167603
2021-11-23 00:00:00-05:00;52.0099983215332;52.719894
2021-11-24 00:00:00-05:00;51.2599983215332;52.443996
2021-11-26 00:00:00-05:00;49.790000915527344;51.92573
2021-11-29 00:00:00-05:00;48.689998626708984;50.81548
2021-11-30 00:00:00-05:00;48.7400016784668;49.64307
2021-12-01 00:00:00-05:00;48.310001373291016;49.221603
2021-12-02 00:00:00-05:00;49.43000030517578;49.00015
2021-12-03 00:00:00-05:00;50.720001220703125;49.44021
2021-12-06 00:00:00-05:00;51.52000045776367;50.33183
2021-12-07 00:00:00-05:00;52.63999938964844;51.048786
2021-12-08 00:00:00-05:00;53.189998626708984;51.744904
2021-12-09 00:00:00-05:00;53.060001373291016;52.257454
2021-12-10 00:00:00-05:00;53.290000915527344;52.35094
2021-12-13 00:00:00-05:00;53.43000030517578;52.49111
2021-12-14 00:00:00-05:00;53.13999938964844;52.754627
2021-12-15 00:00:00-05:00;54.0099983215332;52.81286
2021-12-16 00:00:00-05:00;54.15999984741211;53.3269
2021-12-17 00:00:00-05:00;53.40999984741211;53.761948
2021-12-20 00:00:00-05:00;52.59000015258789;53.479397
2021-12-21 00:00:00-05:00;52.970001220703125;52.780365
2021-12-22 00:00:00-05:00;54.38999938964844;52.740395
2021-12-23 00:00:00-05:00;55.43000030517578;53.778076
2021-12-27 00:00:00-05:00;55.95000076293945;54.97217
2021-12-28 00:00:00-05:00;56.029998779296875;55.56705
2021-12-29 00:00:00-05:00;56.650001525878906;55.574196
2021-12-30 00:00:00-05:00;56.20000076293945;55.840523
2021-12-31 00:00:00-05:00;55.790000915527344;55.862377
2022-01-03 00:00:00-05:00;56.88999938964844;55.657536
2022-01-04 00:00:00-05:00;57.18000030517578;56.240692
2022-01-05 00:00:00-05:00;56.2599983215332;56.85704
2022-01-06 00:00:00-05:00;56.220001220703125;56.49761
2022-01-07 00:00:00-05:00;56.400001525878906;56.10632
2022-01-10 00:00:00-05:00;55.45000076293945;56.167576
2022-01-11 00:00:00-05:00;56.33000183105469;55.825283
2022-01-12 00:00:00-05:00;54.790000915527344;56.105648
2022-01-13 00:00:00-05:00;54.0;55.479397
2022-01-14 00:00:00-05:00;53.939998626708984;54.56142
2022-01-18 00:00:00-05:00;53.15999984741211;54.182934
2022-01-19 00:00:00-05:00;53.02000045776367;53.789196
2022-01-20 00:00:00-05:00;53.310001373291016;53.518925
2022-01-21 00:00:00-05:00;52.93000030517578;53.546787
2022-01-24 00:00:00-05:00;53.880001068115234;53.341564
2022-01-25 00:00:00-05:00;52.720001220703125;53.65306
2022-01-26 00:00:00-05:00;52.5099983215332;53.19593
2022-01-27 00:00:00-05:00;52.7599983215332;52.668343
2022-01-28 00:00:00-05:00;53.439998626708984;52.628006
2022-01-31 00:00:00-05:00;53.41999816894531;53.13451
2022-02-01 00:00:00-05:00;53.11000061035156;53.388683
2022-02-02 00:00:00-05:00;53.61000061035156;53.153576
2022-02-03 00:00:00-05:00;52.599998474121094;53.208267
2022-02-04 00:00:00-05:00;52.29999923706055;52.786625
2022-02-07 00:00:00-05:00;52.119998931884766;52.37631
2022-02-08 00:00:00-05:00;53.0;52.18338
2022-02-09 00:00:00-05:00;54.369998931884766;52.677143
2022-02-10 00:00:00-05:00;54.310001373291016;53.76279
2022-02-11 00:00:00-05:00;53.970001220703125;54.152782
2022-02-14 00:00:00-05:00;53.540000915527344;53.819263
2022-02-15 00:00:00-05:00;56.5099983215332;53.325825
2022-02-16 00:00:00-05:00;56.630001068115234;54.91545
2022-02-17 00:00:00-05:00;55.54999923706055;56.133884
2022-02-18 00:00:00-05:00;55.09000015258789;55.67435
2022-02-22 00:00:00-05:00;55.38999938964844;54.83405
2022-02-23 00:00:00-05:00;55.41999816894531;54.82116
2022-02-24 00:00:00-05:00;56.279998779296875;55.21432
2022-02-25 00:00:00-05:00;58.689998626708984;55.950775
2022-02-28 00:00:00-05:00;54.13999938964844;57.61597
2022-03-01 00:00:00-05:00;54.36000061035156;55.67106
2022-03-02 00:00:00-05:00;52.47999954223633;54.24592
2022-03-03 00:00:00-05:00;53.29999923706055;53.13046
2022-03-04 00:00:00-05:00;52.56999969482422;53.42105
2022-03-07 00:00:00-05:00;51.5;53.456333
2022-03-08 00:00:00-05:00;50.439998626708984;52.62606
2022-03-09 00:00:00-05:00;51.310001373291016;51.42025
2022-03-10 00:00:00-05:00;50.68000030517578;51.35444
2022-03-11 00:00:00-05:00;48.77000045776367;51.281033
2022-03-14 00:00:00-04:00;47.689998626708984;50.103672
2022-03-15 00:00:00-04:00;47.709999084472656;48.728367
2022-03-16 00:00:00-04:00;48.619998931884766;48.18114
2022-03-17 00:00:00-04:00;48.7599983215332;48.66093
2022-03-18 00:00:00-04:00;48.65999984741211;49.06412
2022-03-21 00:00:00-04:00;49.25;48.93973
2022-03-22 00:00:00-04:00;49.68000030517578;48.949497
2022-03-23 00:00:00-04:00;49.4900016784668;49.204365
2022-03-24 00:00:00-04:00;49.189998626708984;49.259174
2022-03-25 00:00:00-04:00;49.689998626708984;49.05805
2022-03-28 00:00:00-04:00;49.84000015258789;49.207443
2022-03-29 00:00:00-04:00;49.72999954223633;49.478752
2022-03-30 00:00:00-04:00;49.54999923706055;49.55589
2022-03-31 00:00:00-04:00;49.220001220703125;49.435497
2022-04-01 00:00:00-04:00;49.25;49.19134
2022-04-04 00:00:00-04:00;48.68000030517578;49.128735
2022-04-05 00:00:00-04:00;48.630001068115234;48.887436
2022-04-06 00:00:00-04:00;48.27000045776367;48.72993
2022-04-07 00:00:00-04:00;48.06999969482422;48.510178
2022-04-08 00:00:00-04:00;48.04999923706055;48.298073
2022-04-11 00:00:00-04:00;48.47999954223633;48.198593
2022-04-12 00:00:00-04:00;48.45000076293945;48.398754
2022-04-13 00:00:00-04:00;48.75;48.50373
2022-04-14 00:00:00-04:00;49.06999969482422;48.62696
2022-04-18 00:00:00-04:00;48.720001220703125;48.823944
2022-04-19 00:00:00-04:00;42.20000076293945;48.722343
2022-04-20 00:00:00-04:00;42.88999938964844;45.28988
2022-04-21 00:00:00-04:00;42.09000015258789;43.50125
2022-04-22 00:00:00-04:00;40.95000076293945;43.018326
2022-04-25 00:00:00-04:00;41.529998779296875;42.586277
2022-04-26 00:00:00-04:00;40.81999969482422;42.48367
2022-04-27 00:00:00-04:00;40.290000915527344;41.975006
2022-04-28 00:00:00-04:00;40.189998626708984;41.21927
2022-04-29 00:00:00-04:00;39.9900016784668;40.689083
2022-05-02 00:00:00-04:00;39.650001525878906;40.374058
2022-05-03 00:00:00-04:00;40.68000030517578;40.06622
2022-05-04 00:00:00-04:00;41.95000076293945;40.35067
2022-05-05 00:00:00-04:00;40.810001373291016;41.188206
2022-05-06 00:00:00-04:00;40.59000015258789;41.043236
2022-05-09 00:00:00-04:00;39.25;40.529587
2022-05-10 00:00:00-04:00;36.380001068115234;39.624653
2022-05-11 00:00:00-04:00;37.68000030517578;37.879868
2022-05-12 00:00:00-04:00;37.849998474121094;37.542336
2022-05-13 00:00:00-04:00;38.22999954223633;37.932095
2022-05-16 00:00:00-04:00;38.2599983215332;38.387337
2022-05-17 00:00:00-04:00;38.970001220703125;38.461697
2022-05-18 00:00:00-04:00;37.619998931884766;38.618576
2022-05-19 00:00:00-04:00;37.31999969482422;38.056416
2022-05-20 00:00:00-04:00;37.75;37.475163
2022-05-23 00:00:00-04:00;38.5;37.467613
2022-05-24 00:00:00-04:00;38.099998474121094;38.008156
2022-05-25 00:00:00-04:00;38.58000183105469;38.174618
2022-05-26 00:00:00-04:00;38.95000076293945;38.299442
2022-05-27 00:00:00-04:00;39.720001220703125;38.51102
2022-05-31 00:00:00-04:00;39.560001373291016;39.00851
2022-06-01 00:00:00-04:00;39.040000915527344;39.24138
2022-06-02 00:00:00-04:00;41.79999923706055;39.024487
2022-06-03 00:00:00-04:00;40.4900016784668;40.16958
2022-06-06 00:00:00-04:00;40.43000030517578;40.471054
2022-06-07 00:00:00-04:00;40.52000045776367;40.294346
2022-06-08 00:00:00-04:00;40.0;40.188007
2022-06-09 00:00:00-04:00;39.099998474121094;40.00846
2022-06-10 00:00:00-04:00;38.220001220703125;39.544044
2022-06-13 00:00:00-04:00;36.7400016784668;38.88923
2022-06-14 00:00:00-04:00;35.59000015258789;37.897728
2022-06-15 00:00:00-04:00;35.36000061035156;36.85554
2022-06-16 00:00:00-04:00;34.7400016784668;36.2658
2022-06-17 00:00:00-04:00;35.33000183105469;35.806477
2022-06-21 00:00:00-04:00;35.18000030517578;35.798874
2022-06-22 00:00:00-04:00;35.529998779296875;35.744305
2022-06-23 00:00:00-04:00;35.939998626708984;35.738354
2022-06-24 00:00:00-04:00;36.7599983215332;35.84762
2022-06-27 00:00:00-04:00;36.72999954223633;36.24513
2022-06-28 00:00:00-04:00;35.83000183105469;36.449066
2022-06-29 00:00:00-04:00;36.38999938964844;36.038094
2022-06-30 00:00:00-04:00;35.72999954223633;35.944717
2022-07-01 00:00:00-04:00;36.20000076293945;35.754204
2022-07-05 00:00:00-04:00;36.099998474121094;35.873924
2022-07-06 00:00:00-04:00;35.619998931884766;35.98457
2022-07-07 00:00:00-04:00;35.459999084472656;35.799107
2022-07-08 00:00:00-04:00;35.209999084472656;35.552773
2022-07-11 00:00:00-04:00;34.7599983215332;35.330982
2022-07-12 00:00:00-04:00;34.81999969482422;35.05017
2022-07-13 00:00:00-04:00;34.65999984741211;34.931908
2022-07-14 00:00:00-04:00;34.20000076293945;34.846306
2022-07-15 00:00:00-04:00;34.90999984741211;34.586044
2022-07-18 00:00:00-04:00;34.779998779296875;34.707092
2022-07-19 00:00:00-04:00;35.880001068115234;34.802845
2022-07-20 00:00:00-04:00;36.130001068115234;35.297543
2022-07-21 00:00:00-04:00;36.470001220703125;35.726986
2022-07-22 00:00:00-04:00;35.959999084472656;36.021862
2022-07-25 00:00:00-04:00;35.75;35.88211
2022-07-26 00:00:00-04:00;35.83000183105469;35.632908
2022-07-27 00:00:00-04:00;36.4900016784668;35.590534
2022-07-28 00:00:00-04:00;36.349998474121094;35.983475
2022-07-29 00:00:00-04:00;36.15999984741211;36.234467
2022-08-01 00:00:00-04:00;35.97999954223633;36.195095
2022-08-02 00:00:00-04:00;35.56999969482422;36.015076
2022-08-03 00:00:00-04:00;35.900001525878906;35.739605
2022-08-04 00:00:00-04:00;35.90999984741211;35.76899
2022-08-05 00:00:00-04:00;36.84000015258789;35.893997
2022-08-08 00:00:00-04:00;36.9900016784668;36.385838
2022-08-09 00:00:00-04:00;36.310001373291016;36.755985
2022-08-10 00:00:00-04:00;37.040000915527344;36.536407
2022-08-11 00:00:00-04:00;37.16999816894531;36.606853
2022-08-12 00:00:00-04:00;37.650001525878906;36.834244
2022-08-15 00:00:00-04:00;37.599998474121094;37.221066
2022-08-16 00:00:00-04:00;36.779998779296875;37.41436
2022-08-17 00:00:00-04:00;35.75;37.063175
2022-08-18 00:00:00-04:00;36.36000061035156;36.31166
2022-08-19 00:00:00-04:00;35.779998779296875;36.198414
2022-08-22 00:00:00-04:00;34.470001220703125;36.12045
2022-08-23 00:00:00-04:00;34.29999923706055;35.476234
2022-08-24 00:00:00-04:00;34.36000061035156;34.909245
2022-08-25 00:00:00-04:00;34.7599983215332;34.696186
2022-08-26 00:00:00-04:00;33.61000061035156;34.853195
2022-08-29 00:00:00-04:00;33.08000183105469;34.454502
2022-08-30 00:00:00-04:00;32.939998626708984;33.800182
2022-08-31 00:00:00-04:00;32.77000045776367;33.341873
2022-09-01 00:00:00-04:00;32.16999816894531;33.103924
2022-09-02 00:00:00-04:00;31.799999237060547;32.759304
2022-09-06 00:00:00-04:00;31.059999465942383;32.34943
2022-09-07 00:00:00-04:00;31.920000076293945;31.776066
2022-09-08 00:00:00-04:00;32.90999984741211;31.787125
2022-09-09 00:00:00-04:00;33.959999084472656;32.368374
2022-09-12 00:00:00-04:00;34.15999984741211;33.20417
2022-09-13 00:00:00-04:00;32.93000030517578;33.667892
2022-09-14 00:00:00-04:00;32.560001373291016;33.17835
2022-09-15 00:00:00-04:00;32.97999954223633;32.547012
2022-09-16 00:00:00-04:00;32.04999923706055;32.4955
2022-09-19 00:00:00-04:00;31.899999618530273;32.314106
2022-09-20 00:00:00-04:00;30.84000015258789;32.122208
2022-09-21 00:00:00-04:00;30.780000686645508;31.569223
2022-09-22 00:00:00-04:00;29.549999237060547;31.164454
2022-09-23 00:00:00-04:00;29.979999542236328;30.500269
2022-09-26 00:00:00-04:00;29.690000534057617;30.257683
2022-09-27 00:00:00-04:00;29.350000381469727;30.122992
2022-09-28 00:00:00-04:00;29.780000686645508;29.88542
2022-09-29 00:00:00-04:00;29.149999618530273;29.855532
2022-09-30 00:00:00-04:00;28.350000381469727;29.597054
2022-10-03 00:00:00-04:00;29.18000030517578;29.025202
2022-10-04 00:00:00-04:00;29.93000030517578;28.972252
2022-10-05 00:00:00-04:00;30.239999771118164;29.416468
2022-10-06 00:00:00-04:00;29.420000076293945;29.87011
2022-10-07 00:00:00-04:00;28.40999984741211;29.682833
2022-10-10 00:00:00-04:00;28.079999923706055;28.95707
2022-10-11 00:00:00-04:00;28.15999984741211;28.345327
2022-10-12 00:00:00-04:00;28.020000457763672;28.16643
2022-10-13 00:00:00-04:00;29.0;28.165901
2022-10-14 00:00:00-04:00;28.479999542236328;28.585396
2022-10-17 00:00:00-04:00;29.219999313354492;28.657507
2022-10-18 00:00:00-04:00;29.399999618530273;28.83598
2022-10-19 00:00:00-04:00;28.81999969482422;29.025969
2022-10-20 00:00:00-04:00;28.63999938964844;28.881815
2022-10-21 00:00:00-04:00;29.059999465942383;28.64566
2022-10-24 00:00:00-04:00;29.510000228881836;28.709736
2022-10-25 00:00:00-04:00;30.309999465942383;29.048742
2022-10-26 00:00:00-04:00;30.8799991607666;29.6305
2022-10-27 00:00:00-04:00;30.510000228881836;30.209747
2022-10-28 00:00:00-04:00;30.86000061035156;30.314487
2022-10-31 00:00:00-04:00;30.81999969482422;30.384424
2022-11-01 00:00:00-04:00;31.0;30.45232
2022-11-02 00:00:00-04:00;28.18000030517578;30.615553
2022-11-03 00:00:00-04:00;26.829999923706055;29.583336
2022-11-04 00:00:00-04:00;27.149999618530273;28.207945
2022-11-07 00:00:00-05:00;28.030000686645508;27.621817
2022-11-08 00:00:00-05:00;28.079999923706055;27.963932
2022-11-09 00:00:00-05:00;28.739999771118164;28.37557
2022-11-10 00:00:00-05:00;30.280000686645508;28.735752
2022-11-11 00:00:00-05:00;32.04999923706055;29.4435
2022-11-14 00:00:00-05:00;30.350000381469727;30.602943
2022-11-15 00:00:00-05:00;31.34000015258789;30.527935
2022-11-16 00:00:00-05:00;30.600000381469727;30.530146
2022-11-17 00:00:00-05:00;30.690000534057617;30.347834
2022-11-18 00:00:00-05:00;31.1299991607666;30.326794
2022-11-21 00:00:00-05:00;30.600000381469727;30.620869
2022-11-22 00:00:00-05:00;30.3700008392334;30.66332
2022-11-23 00:00:00-05:00;30.979999542236328;30.51042
2022-11-25 00:00:00-05:00;31.479999542236328;30.65643
2022-11-28 00:00:00-05:00;30.459999084472656;31.056677
2022-11-29 00:00:00-05:00;30.209999084472656;30.88341
2022-11-30 00:00:00-05:00;30.260000228881836;30.508137
2022-12-01 00:00:00-05:00;31.440000534057617;30.319538
2022-12-02 00:00:00-05:00;31.68000030517578;30.815434
2022-12-05 00:00:00-05:00;30.6200008392334;31.360043
2022-12-06 00:00:00-05:00;30.11000061035156;31.123598
2022-12-07 00:00:00-05:00;29.760000228881836;30.538076
2022-12-08 00:00:00-05:00;30.280000686645508;30.05141
2022-12-09 00:00:00-05:00;30.260000228881836;30.110504
2022-12-12 00:00:00-05:00;30.520000457763672;30.303415
2022-12-13 00:00:00-05:00;31.65999984741211;30.498564
2022-12-14 00:00:00-05:00;32.04999923706055;31.03334
2022-12-15 00:00:00-05:00;31.260000228881836;31.53264
2022-12-16 00:00:00-05:00;30.520000457763672;31.388882
2022-12-19 00:00:00-05:00;30.600000381469727;30.821535
2022-12-20 00:00:00-05:00;30.8799991607666;30.520098
2022-12-21 00:00:00-05:00;31.329999923706055;30.640162
2022-12-22 00:00:00-05:00;31.479999542236328;31.03072
2022-12-23 00:00:00-05:00;31.829999923706055;31.33123
2022-12-27 00:00:00-05:00;32.06999969482422;31.55831
2022-12-28 00:00:00-05:00;30.979999542236328;31.738361
2022-12-29 00:00:00-05:00;32.279998779296875;31.353943
2022-12-30 00:00:00-05:00;31.84000015258789;31.584476
2023-01-03 00:00:00-05:00;32.689998626708984;31.74338
2023-01-04 00:00:00-05:00;33.779998779296875;32.159184
2023-01-05 00:00:00-05:00;33.09000015258789;32.9113
2023-01-06 00:00:00-05:00;33.43000030517578;33.04763
2023-01-09 00:00:00-05:00;32.9900016784668;33.06944
2023-01-10 00:00:00-05:00;33.31999969482422;32.910046
2023-01-11 00:00:00-05:00;35.11000061035156;32.985935
2023-01-12 00:00:00-05:00;36.0;33.938026
2023-01-13 00:00:00-05:00;36.54999923706055;35.056046
2023-01-17 00:00:00-05:00;36.81999969482422;35.812218
2023-01-18 00:00:00-05:00;36.91999816894531;36.153126
2023-01-19 00:00:00-05:00;36.619998931884766;36.29161
2023-01-20 00:00:00-05:00;36.970001220703125;36.26311
2023-01-23 00:00:00-05:00;37.40999984741211;36.466686
2023-01-24 00:00:00-05:00;35.869998931884766;36.912163
