Date;ZBH;close_predicted
2018-12-18 00:00:00-05:00;102.69902801513672;104.10905
2018-12-19 00:00:00-05:00;101.51456451416016;102.67382
2018-12-20 00:00:00-05:00;98.80582427978516;101.50058
2018-12-21 00:00:00-05:00;96.48543548583984;99.29907
2018-12-24 00:00:00-05:00;94.39805603027344;96.97317
2018-12-26 00:00:00-05:00;99.04854583740234;94.85894
2018-12-27 00:00:00-05:00;98.74757385253906;97.42242
2018-12-28 00:00:00-05:00;99.66019439697266;98.264885
2018-12-31 00:00:00-05:00;100.69902801513672;98.81918
2019-01-02 00:00:00-05:00;99.30097198486328;99.6168
2019-01-03 00:00:00-05:00;97.50485229492188;98.8648
2019-01-04 00:00:00-05:00;100.83495330810548;97.28401
2019-01-07 00:00:00-05:00;100.87378692626952;99.10959
2019-01-08 00:00:00-05:00;98.61164855957033;99.95442
2019-01-09 00:00:00-05:00;99.41747283935548;98.4885
2019-01-10 00:00:00-05:00;100.69902801513672;98.46209
2019-01-11 00:00:00-05:00;101.2427215576172;99.522415
2019-01-14 00:00:00-05:00;99.69902801513672;100.27626
2019-01-15 00:00:00-05:00;101.13592529296876;99.36965
2019-01-16 00:00:00-05:00;101.9417495727539;99.98933
2019-01-17 00:00:00-05:00;103.12621307373048;100.887375
2019-01-18 00:00:00-05:00;102.27184295654295;101.96684
2019-01-22 00:00:00-05:00;100.89320373535156;101.67287
2019-01-23 00:00:00-05:00;101.72815704345705;100.53606
2019-01-24 00:00:00-05:00;102.1747589111328;100.78262
2019-01-25 00:00:00-05:00;104.28155517578124;101.31284
2019-01-28 00:00:00-05:00;102.7572784423828;102.93715
2019-01-29 00:00:00-05:00;102.58252716064452;102.38415
2019-01-30 00:00:00-05:00;105.30097198486328;101.923294
2019-01-31 00:00:00-05:00;106.36893463134766;103.75229
2019-02-01 00:00:00-05:00;113.2038803100586;105.18375
2019-02-04 00:00:00-05:00;114.64077758789062;110.344315
2019-02-05 00:00:00-05:00;114.87378692626952;112.93224
2019-02-06 00:00:00-05:00;114.73786163330078;113.48851
2019-02-07 00:00:00-05:00;114.84465789794922;113.47191
2019-02-08 00:00:00-05:00;117.06796264648438;113.63492
2019-02-11 00:00:00-05:00;118.66990661621094;115.39228
2019-02-12 00:00:00-05:00;120.33980560302734;117.15088
2019-02-13 00:00:00-05:00;119.96116638183594;118.799934
2019-02-14 00:00:00-05:00;118.92233276367188;118.94605
2019-02-15 00:00:00-05:00;120.04854583740234;118.19178
2019-02-19 00:00:00-05:00;119.96116638183594;118.8605
2019-02-20 00:00:00-05:00;120.36893463134766;119.119225
2019-02-21 00:00:00-05:00;119.88349151611328;119.46102
2019-02-22 00:00:00-05:00;120.81553649902344;119.22062
2019-02-25 00:00:00-05:00;120.291259765625;119.81942
2019-02-26 00:00:00-05:00;119.7669906616211;119.653824
2019-02-27 00:00:00-05:00;120.86407470703124;119.18128
2019-02-28 00:00:00-05:00;120.50485229492188;119.86205
2019-03-01 00:00:00-05:00;121.7572784423828;119.84146
2019-03-04 00:00:00-05:00;120.80582427978516;120.67633
2019-03-05 00:00:00-05:00;120.49514770507812;120.23575
2019-03-06 00:00:00-05:00;119.65048217773438;119.81493
2019-03-07 00:00:00-05:00;117.8543701171875;119.1335
2019-03-08 00:00:00-05:00;118.06796264648438;117.674225
2019-03-11 00:00:00-04:00;117.87378692626952;117.439865
2019-03-12 00:00:00-04:00;119.10679626464844;117.332855
2019-03-13 00:00:00-04:00;119.54368591308594;118.1663
2019-03-14 00:00:00-04:00;119.35922241210938;118.70478
2019-03-15 00:00:00-04:00;122.25242614746094;118.633125
2019-03-18 00:00:00-04:00;121.66990661621094;120.6611
2019-03-19 00:00:00-04:00;122.0582504272461;120.837746
2019-03-20 00:00:00-04:00;123.71844482421876;121.00686
2019-03-21 00:00:00-04:00;125.78640747070312;122.29523
2019-03-22 00:00:00-04:00;122.99028778076172;124.194565
2019-03-25 00:00:00-04:00;122.90291595458984;122.614075
2019-03-26 00:00:00-04:00;123.22330474853516;122.00622
2019-03-27 00:00:00-04:00;123.19417572021484;122.26659
2019-03-28 00:00:00-04:00;123.26213836669922;122.38606
2019-03-29 00:00:00-04:00;123.98058319091795;122.452934
2019-04-01 00:00:00-04:00;124.03883361816406;122.99618
2019-04-02 00:00:00-04:00;123.78640747070312;123.1948
2019-04-03 00:00:00-04:00;122.7961196899414;123.028275
2019-04-04 00:00:00-04:00;122.87378692626952;122.257965
2019-04-05 00:00:00-04:00;123.50485229492188;122.11894
2019-04-08 00:00:00-04:00;125.00971221923828;122.602684
2019-04-09 00:00:00-04:00;124.9126205444336;123.835144
2019-04-10 00:00:00-04:00;125.0873794555664;124.05901
2019-04-11 00:00:00-04:00;124.7961196899414;124.152985
2019-04-12 00:00:00-04:00;124.19417572021484;123.97373
2019-04-15 00:00:00-04:00;124.1747589111328;123.49653
2019-04-16 00:00:00-04:00;121.86407470703124;123.3779
2019-04-17 00:00:00-04:00;116.2038803100586;121.71213
2019-04-18 00:00:00-04:00;116.50485229492188;117.17667
2019-04-22 00:00:00-04:00;117.66990661621094;116.1629
2019-04-23 00:00:00-04:00;119.18446350097656;117.03567
2019-04-24 00:00:00-04:00;120.8252410888672;118.36172
2019-04-25 00:00:00-04:00;121.0873794555664;119.77091
2019-04-26 00:00:00-04:00;120.25242614746094;120.20774
2019-04-29 00:00:00-04:00;117.31067657470705;119.596405
2019-04-30 00:00:00-04:00;119.57281494140624;117.2767
2019-05-01 00:00:00-04:00;117.68932342529295;118.27934
2019-05-02 00:00:00-04:00;119.6213607788086;117.41683
2019-05-03 00:00:00-04:00;120.68932342529295;118.4269
2019-05-06 00:00:00-04:00;121.89320373535156;119.57095
2019-05-07 00:00:00-04:00;119.7961196899414;120.67643
2019-05-08 00:00:00-04:00;118.99028778076172;119.3941
2019-05-09 00:00:00-04:00;118.35922241210938;118.37635
2019-05-10 00:00:00-04:00;118.41747283935548;117.767166
2019-05-13 00:00:00-04:00;115.2038803100586;117.71484
2019-05-14 00:00:00-04:00;115.291259765625;115.4338
2019-05-15 00:00:00-04:00;115.09708404541016;114.78494
2019-05-16 00:00:00-04:00;114.64077758789062;114.62765
2019-05-17 00:00:00-04:00;113.02912902832033;114.25205
2019-05-20 00:00:00-04:00;112.54368591308594;112.94961
2019-05-21 00:00:00-04:00;112.72815704345705;112.188354
2019-05-22 00:00:00-04:00;111.7961196899414;112.15561
2019-05-23 00:00:00-04:00;110.64077758789062;111.49706
2019-05-24 00:00:00-04:00;111.18446350097656;110.420525
2019-05-28 00:00:00-04:00;108.87378692626952;110.48305
2019-05-29 00:00:00-04:00;108.95145416259766;108.93002
2019-05-30 00:00:00-04:00;109.60194396972656;108.426895
2019-05-31 00:00:00-04:00;110.61164855957033;108.834946
2019-06-03 00:00:00-04:00;110.97087097167967;109.67956
2019-06-04 00:00:00-04:00;113.99028778076172;110.12767
2019-06-05 00:00:00-04:00;115.0873794555664;112.32621
2019-06-06 00:00:00-04:00;116.80582427978516;113.76575
2019-06-07 00:00:00-04:00;117.21359252929688;115.26068
2019-06-10 00:00:00-04:00;118.16504669189452;115.93786
2019-06-11 00:00:00-04:00;116.97087097167967;116.76617
2019-06-12 00:00:00-04:00;117.1747589111328;116.17791
2019-06-13 00:00:00-04:00;116.30097198486328;116.14826
2019-06-14 00:00:00-04:00;114.02912902832033;115.63275
2019-06-17 00:00:00-04:00;114.30097198486328;113.89529
2019-06-18 00:00:00-04:00;114.67961120605467;113.62485
2019-06-19 00:00:00-04:00;115.89320373535156;113.97321
2019-06-20 00:00:00-04:00;116.22330474853516;114.94606
2019-06-21 00:00:00-04:00;114.84465789794922;115.425964
2019-06-24 00:00:00-04:00;114.0;114.487526
2019-06-25 00:00:00-04:00;113.30097198486328;113.55872
2019-06-26 00:00:00-04:00;111.2330093383789;112.8611
2019-06-27 00:00:00-04:00;112.01941680908205;111.24117
2019-06-28 00:00:00-04:00;114.31067657470705;111.317795
2019-07-01 00:00:00-04:00;113.89320373535156;113.09072
2019-07-02 00:00:00-04:00;113.33009338378906;113.287766
2019-07-03 00:00:00-04:00;114.22330474853516;112.75525
2019-07-05 00:00:00-04:00;114.3786392211914;113.21619
2019-07-08 00:00:00-04:00;117.18446350097656;113.52341
2019-07-09 00:00:00-04:00;117.1747589111328;115.58557
2019-07-10 00:00:00-04:00;117.26213836669922;116.188705
2019-07-11 00:00:00-04:00;117.4757308959961;116.26949
2019-07-12 00:00:00-04:00;117.0873794555664;116.44791
2019-07-15 00:00:00-04:00;118.34951782226562;116.262764
2019-07-16 00:00:00-04:00;118.5339813232422;117.13613
2019-07-17 00:00:00-04:00;119.4368896484375;117.57862
2019-07-18 00:00:00-04:00;120.4660186767578;118.30875
2019-07-19 00:00:00-04:00;119.8543701171875;119.26561
2019-07-22 00:00:00-04:00;119.2330093383789;119.07421
2019-07-23 00:00:00-04:00;121.19417572021484;118.52567
2019-07-24 00:00:00-04:00;122.16504669189452;119.84197
2019-07-25 00:00:00-04:00;120.30097198486328;121.002
2019-07-26 00:00:00-04:00;130.58251953125;119.885414
2019-07-29 00:00:00-04:00;130.6116485595703;127.05766
2019-07-30 00:00:00-04:00;132.68931579589844;129.16823
2019-07-31 00:00:00-04:00;131.1941680908203;130.7171
2019-08-01 00:00:00-04:00;133.49514770507812;130.01848
2019-08-02 00:00:00-04:00;134.0485382080078;131.57962
2019-08-05 00:00:00-04:00;130.99029541015625;132.57765
2019-08-06 00:00:00-04:00;131.21359252929688;130.53767
2019-08-07 00:00:00-04:00;132.23301696777344;130.20335
2019-08-08 00:00:00-04:00;134.8834991455078;131.1087
2019-08-09 00:00:00-04:00;134.28155517578125;133.35344
2019-08-12 00:00:00-04:00;134.47572326660156;133.4114
2019-08-13 00:00:00-04:00;134.1456298828125;133.43199
2019-08-14 00:00:00-04:00;130.0291290283203;133.24551
2019-08-15 00:00:00-04:00;131.1941680908203;130.18932
2019-08-16 00:00:00-04:00;133.01942443847656;130.28706
2019-08-19 00:00:00-04:00;134.52427673339844;131.89697
2019-08-20 00:00:00-04:00;133.93203735351562;133.35991
2019-08-21 00:00:00-04:00;133.42718505859375;133.13449
2019-08-22 00:00:00-04:00;133.1165008544922;132.60526
2019-08-23 00:00:00-04:00;129.74757385253906;132.28575
2019-08-26 00:00:00-04:00;130.9029083251953;129.76625
2019-08-27 00:00:00-04:00;130.58251953125;129.97815
2019-08-28 00:00:00-04:00;133.1456298828125;129.97438
2019-08-29 00:00:00-04:00;134.15533447265625;131.79724
2019-08-30 00:00:00-04:00;135.1456298828125;132.98369
2019-09-03 00:00:00-04:00;135.33009338378906;133.86374
2019-09-04 00:00:00-04:00;133.99029541015625;134.15733
2019-09-05 00:00:00-04:00;135.47572326660156;133.20879
2019-09-06 00:00:00-04:00;135.66990661621094;134.09987
2019-09-09 00:00:00-04:00;133.08737182617188;134.57211
2019-09-10 00:00:00-04:00;134.48544311523438;132.71756
2019-09-11 00:00:00-04:00;136.20388793945312;133.2858
2019-09-12 00:00:00-04:00;138.45631408691406;134.87366
2019-09-13 00:00:00-04:00;134.74757385253906;136.89249
2019-09-16 00:00:00-04:00;133.65048217773438;134.50783
2019-09-17 00:00:00-04:00;134.79611206054688;133.00385
2019-09-18 00:00:00-04:00;135.34951782226562;133.70749
2019-09-19 00:00:00-04:00;135.5922393798828;134.39008
2019-09-20 00:00:00-04:00;137.8834991455078;134.65443
2019-09-23 00:00:00-04:00;137.52427673339844;136.3799
2019-09-24 00:00:00-04:00;135.98057556152344;136.5202
2019-09-25 00:00:00-04:00;133.35922241210938;135.29205
2019-09-26 00:00:00-04:00;132.8543701171875;133.07878
2019-09-27 00:00:00-04:00;130.22329711914062;132.26207
2019-09-30 00:00:00-04:00;133.2718505859375;130.26173
2019-10-01 00:00:00-04:00;129.71844482421875;132.00623
2019-10-02 00:00:00-04:00;128.10679626464844;129.92926
2019-10-03 00:00:00-04:00;129.06796264648438;127.9966
2019-10-04 00:00:00-04:00;130.5339813232422;128.32089
2019-10-07 00:00:00-04:00;130.58251953125;129.56944
2019-10-08 00:00:00-04:00;127.39805603027344;129.82349
2019-10-09 00:00:00-04:00;129.5339813232422;127.40768
2019-10-10 00:00:00-04:00;130.16505432128906;128.30052
2019-10-11 00:00:00-04:00;132.4660186767578;129.1809
2019-10-14 00:00:00-04:00;131.30096435546875;130.99397
2019-10-15 00:00:00-04:00;133.873779296875;130.52367
2019-10-16 00:00:00-04:00;132.60194396972656;132.19041
2019-10-17 00:00:00-04:00;134.47572326660156;131.7537
2019-10-18 00:00:00-04:00;133.60194396972656;132.93654
2019-10-21 00:00:00-04:00;133.5922393798828;132.67451
2019-10-22 00:00:00-04:00;130.89320373535156;132.54759
2019-10-23 00:00:00-04:00;131.28155517578125;130.5903
2019-10-24 00:00:00-04:00;130.96116638183594;130.40945
2019-10-25 00:00:00-04:00;130.16505432128906;130.2877
2019-10-28 00:00:00-04:00;131.99029541015625;129.65337
2019-10-29 00:00:00-04:00;134.16505432128906;130.8244
2019-10-30 00:00:00-04:00;134.0485382080078;132.772
2019-10-31 00:00:00-04:00;134.20388793945312;133.06386
2019-11-01 00:00:00-04:00;134.1941680908203;133.11731
2019-11-04 00:00:00-05:00;132.5533905029297;133.14513
2019-11-05 00:00:00-05:00;136.22329711914062;131.96324
2019-11-06 00:00:00-05:00;139.0485382080078;134.4182
2019-11-07 00:00:00-05:00;137.79611206054688;137.25368
2019-11-08 00:00:00-05:00;139.8058319091797;136.81506
2019-11-11 00:00:00-05:00;139.1456298828125;138.07907
2019-11-12 00:00:00-05:00;140.33009338378906;138.01048
2019-11-13 00:00:00-05:00;140.16505432128906;138.8513
2019-11-14 00:00:00-05:00;140.8058319091797;138.99872
2019-11-15 00:00:00-05:00;142.50485229492188;139.50685
2019-11-18 00:00:00-05:00;140.76698303222656;140.95193
2019-11-19 00:00:00-05:00;140.33009338378906;139.98212
2019-11-20 00:00:00-05:00;138.41748046875;139.37593
2019-11-21 00:00:00-05:00;138.1747589111328;137.9243
2019-11-22 00:00:00-05:00;139.63107299804688;137.45192
2019-11-25 00:00:00-05:00;140.8543701171875;138.5254
2019-11-26 00:00:00-05:00;140.64077758789062;139.69644
2019-11-27 00:00:00-05:00;142.291259765625;139.70206
2019-11-29 00:00:00-05:00;141.0485382080078;140.86836
2019-12-02 00:00:00-05:00;140.25242614746094;140.21956
2019-12-03 00:00:00-05:00;139.22329711914062;139.40472
2019-12-04 00:00:00-05:00;144.0485382080078;138.51851
2019-12-05 00:00:00-05:00;143.3203887939453;142.01414
2019-12-06 00:00:00-05:00;144.20388793945312;142.30556
2019-12-09 00:00:00-05:00;142.4466094970703;142.78793
2019-12-10 00:00:00-05:00;141.0;141.61807
2019-12-11 00:00:00-05:00;142.7281494140625;140.27856
2019-12-12 00:00:00-05:00;143.1165008544922;141.38953
2019-12-13 00:00:00-05:00;143.7572784423828;142.02628
2019-12-16 00:00:00-05:00;145.63107299804688;142.55766
2019-12-17 00:00:00-05:00;145.49514770507812;144.0696
2019-12-18 00:00:00-05:00;144.54368591308594;144.28543
2019-12-19 00:00:00-05:00;144.4660186767578;143.54085
2019-12-20 00:00:00-05:00;145.94174194335938;143.3555
2019-12-23 00:00:00-05:00;146.83494567871094;144.51814
2019-12-24 00:00:00-05:00;146.47572326660156;145.47234
2019-12-26 00:00:00-05:00;145.92233276367188;145.33882
2019-12-27 00:00:00-05:00;145.64077758789062;144.86502
2019-12-30 00:00:00-05:00;144.41748046875;144.59961
2019-12-31 00:00:00-05:00;145.3203887939453;143.66814
2020-01-02 00:00:00-05:00;144.8543701171875;144.16849
2020-01-03 00:00:00-05:00;144.47572326660156;143.98274
2020-01-06 00:00:00-05:00;143.64077758789062;143.60089
2020-01-07 00:00:00-05:00;143.51455688476562;142.89351
2020-01-08 00:00:00-05:00;145.23301696777344;142.65392
2020-01-09 00:00:00-05:00;144.2718505859375;143.9286
2020-01-10 00:00:00-05:00;145.62135314941406;143.46794
2020-01-13 00:00:00-05:00;144.6796112060547;144.28297
2020-01-14 00:00:00-05:00;144.01942443847656;143.7894
2020-01-15 00:00:00-05:00;143.83494567871094;143.12361
2020-01-16 00:00:00-05:00;144.4368896484375;142.88289
2020-01-17 00:00:00-05:00;145.0291290283203;143.32484
2020-01-21 00:00:00-05:00;145.126220703125;143.87204
2020-01-22 00:00:00-05:00;146.58251953125;144.0249
2020-01-23 00:00:00-05:00;145.15533447265625;145.13216
2020-01-24 00:00:00-05:00;143.49514770507812;144.29347
2020-01-27 00:00:00-05:00;143.7281494140625;142.79823
2020-01-28 00:00:00-05:00;144.8543701171875;142.72766
2020-01-29 00:00:00-05:00;146.35922241210938;143.66116
2020-01-30 00:00:00-05:00;146.77670288085938;144.98387
2020-01-31 00:00:00-05:00;143.5922393798828;145.51161
2020-02-03 00:00:00-05:00;144.18446350097656;143.14357
2020-02-04 00:00:00-05:00;152.20388793945312;143.06909
2020-02-05 00:00:00-05:00;153.10679626464844;149.37099
2020-02-06 00:00:00-05:00;154.37864685058594;151.33856
2020-02-07 00:00:00-05:00;151.83494567871094;152.31525
2020-02-10 00:00:00-05:00;153.6116485595703;150.59143
2020-02-11 00:00:00-05:00;154.65048217773438;151.69423
2020-02-12 00:00:00-05:00;154.07766723632812;152.92459
2020-02-13 00:00:00-05:00;154.10679626464844;152.70084
2020-02-14 00:00:00-05:00;155.7281494140625;152.67978
2020-02-18 00:00:00-05:00;154.6116485595703;154.01682
2020-02-19 00:00:00-05:00;155.35922241210938;153.45857
2020-02-20 00:00:00-05:00;153.77670288085938;153.88406
2020-02-21 00:00:00-05:00;152.8058319091797;152.83417
2020-02-24 00:00:00-05:00;149.83494567871094;151.88025
2020-02-25 00:00:00-05:00;145.36892700195312;149.50418
2020-02-26 00:00:00-05:00;142.291259765625;145.67447
2020-02-27 00:00:00-05:00;135.873779296875;142.63716
2020-02-28 00:00:00-05:00;132.18446350097656;137.31923
2020-03-02 00:00:00-05:00;135.1941680908203;133.35893
2020-03-03 00:00:00-05:00;129.96116638183594;134.77931
2020-03-04 00:00:00-05:00;134.0485382080078;131.31288
2020-03-05 00:00:00-05:00;125.42718505859376;133.08308
2020-03-06 00:00:00-05:00;120.48543548583984;127.31183
2020-03-09 00:00:00-04:00;108.01941680908205;121.86213
2020-03-10 00:00:00-04:00;114.86407470703124;111.8303
2020-03-11 00:00:00-04:00;107.95145416259766;113.75006
2020-03-12 00:00:00-04:00;99.0582504272461;110.13097
2020-03-13 00:00:00-04:00;94.95145416259766;102.296165
2020-03-16 00:00:00-04:00;89.32038879394531;96.91122
2020-03-17 00:00:00-04:00;83.65048217773438;91.71372
2020-03-18 00:00:00-04:00;78.28155517578125;86.24684
2020-03-19 00:00:00-04:00;86.54368591308594;80.84529
2020-03-20 00:00:00-04:00;83.4757308959961;84.4152
2020-03-23 00:00:00-04:00;78.45631408691406;84.19566
2020-03-24 00:00:00-04:00;90.67961120605467;80.11069
2020-03-25 00:00:00-04:00;94.00971221923828;86.46067
2020-03-26 00:00:00-04:00;97.9126205444336;91.64573
2020-03-27 00:00:00-04:00;92.1747589111328;95.42353
2020-03-30 00:00:00-04:00;95.41747283935548;92.36123
2020-03-31 00:00:00-04:00;98.13592529296876;93.14951
2020-04-01 00:00:00-04:00;87.01941680908203;95.79905
2020-04-02 00:00:00-04:00;90.00971221923828;89.258446
2020-04-03 00:00:00-04:00;89.33009338378906;88.559685
2020-04-06 00:00:00-04:00;95.0873794555664;88.671135
2020-04-07 00:00:00-04:00;98.9417495727539;92.68716
2020-04-08 00:00:00-04:00;108.03883361816406;96.82893
2020-04-09 00:00:00-04:00;107.1456298828125;104.274445
2020-04-13 00:00:00-04:00;104.87378692626952;105.80838
2020-04-14 00:00:00-04:00;110.28155517578124;104.119804
2020-04-15 00:00:00-04:00;106.9126205444336;107.43267
2020-04-16 00:00:00-04:00;106.13592529296876;106.478264
2020-04-17 00:00:00-04:00;115.12621307373048;105.39964
2020-04-20 00:00:00-04:00;113.59223175048828;111.668785
2020-04-21 00:00:00-04:00;108.87378692626952;112.747055
2020-04-22 00:00:00-04:00;106.07766723632812;109.21895
2020-04-23 00:00:00-04:00;109.69902801513672;106.17117
2020-04-24 00:00:00-04:00;113.0582504272461;108.13662
2020-04-27 00:00:00-04:00;114.06796264648438;111.46507
2020-04-28 00:00:00-04:00;111.39805603027344;113.01084
2020-04-29 00:00:00-04:00;117.33980560302734;111.29847
2020-04-30 00:00:00-04:00;116.21359252929688;114.93047
2020-05-01 00:00:00-04:00;112.86407470703124;115.4485
2020-05-04 00:00:00-04:00;110.74757385253906;112.902985
2020-05-05 00:00:00-04:00;114.58252716064452;110.63969
2020-05-06 00:00:00-04:00;112.50485229492188;112.93008
2020-05-07 00:00:00-04:00;115.92233276367188;112.362465
2020-05-08 00:00:00-04:00;118.31067657470705;114.3754
2020-05-11 00:00:00-04:00;114.55339813232422;116.78178
2020-05-12 00:00:00-04:00;110.28155517578124;114.63212
2020-05-13 00:00:00-04:00;107.83495330810548;110.77278
2020-05-14 00:00:00-04:00;108.83495330810548;108.07033
2020-05-15 00:00:00-04:00;109.11650848388672;108.23334
2020-05-18 00:00:00-04:00;119.09708404541016;108.66629
2020-05-19 00:00:00-04:00;120.33980560302734;115.86404
2020-05-20 00:00:00-04:00;122.9126205444336;118.8681
2020-05-21 00:00:00-04:00;118.44660186767578;120.957596
2020-05-22 00:00:00-04:00;119.80582427978516;118.19502
2020-05-26 00:00:00-04:00;123.04854583740234;118.32024
2020-05-27 00:00:00-04:00;124.60194396972656;121.073296
2020-05-28 00:00:00-04:00;124.26213836669922;123.03178
2020-05-29 00:00:00-04:00;122.66019439697266;123.15793
2020-06-01 00:00:00-04:00;124.15534210205078;121.96767
2020-06-02 00:00:00-04:00;124.73786163330078;122.81063
2020-06-03 00:00:00-04:00;126.57281494140624;123.639755
2020-06-04 00:00:00-04:00;125.73786163330078;125.17331
2020-06-05 00:00:00-04:00;133.39805603027344;124.95781
2020-06-08 00:00:00-04:00;132.52427673339844;130.49019
2020-06-09 00:00:00-04:00;130.23301696777344;131.36188
2020-06-10 00:00:00-04:00;130.37864685058594;129.5165
2020-06-11 00:00:00-04:00;117.61164855957033;129.22287
2020-06-12 00:00:00-04:00;121.54368591308594;120.15908
2020-06-15 00:00:00-04:00;123.42718505859376;120.42987
2020-06-16 00:00:00-04:00;127.2427215576172;122.63319
2020-06-17 00:00:00-04:00;124.33980560302734;125.863785
2020-06-18 00:00:00-04:00;123.72815704345705;124.35188
2020-06-19 00:00:00-04:00;122.54368591308594;123.19909
2020-06-22 00:00:00-04:00;120.97087097167967;122.15835
2020-06-23 00:00:00-04:00;122.291259765625;120.788155
2020-06-24 00:00:00-04:00;114.77669525146484;121.3934
2020-06-25 00:00:00-04:00;111.9417495727539;116.24525
2020-06-26 00:00:00-04:00;112.06796264648438;112.57158
2020-06-29 00:00:00-04:00;113.49514770507812;111.91549
2020-06-30 00:00:00-04:00;115.88349151611328;112.92748
2020-07-01 00:00:00-04:00;115.86407470703124;114.86221
2020-07-02 00:00:00-04:00;117.09708404541016;115.2371
2020-07-06 00:00:00-04:00;114.63106536865234;116.00134
2020-07-07 00:00:00-04:00;113.59223175048828;114.42188
2020-07-08 00:00:00-04:00;115.45631408691406;113.123924
2020-07-09 00:00:00-04:00;114.21359252929688;114.20284
2020-07-10 00:00:00-04:00;115.95145416259766;113.7463
2020-07-13 00:00:00-04:00;117.34951782226562;114.7252
2020-07-14 00:00:00-04:00;120.55339813232422;116.078735
2020-07-15 00:00:00-04:00;127.88349151611328;118.71811
2020-07-16 00:00:00-04:00;126.7572784423828;124.77679
2020-07-17 00:00:00-04:00;131.20388793945312;125.45692
2020-07-20 00:00:00-04:00;126.87378692626952;128.53824
2020-07-21 00:00:00-04:00;128.66990661621094;126.308784
2020-07-22 00:00:00-04:00;129.21359252929688;126.93769
2020-07-23 00:00:00-04:00;128.9029083251953;127.84738
2020-07-24 00:00:00-04:00;130.20388793945312;127.88765
2020-07-27 00:00:00-04:00;130.33009338378906;128.86407
2020-07-28 00:00:00-04:00;130.25242614746094;129.28563
2020-07-29 00:00:00-04:00;135.51455688476562;129.31418
2020-07-30 00:00:00-04:00;134.2718505859375;133.25594
2020-07-31 00:00:00-04:00;130.93203735351562;133.365
2020-08-03 00:00:00-04:00;131.76698303222656;130.66568
2020-08-04 00:00:00-04:00;126.83495330810548;130.68071
2020-08-05 00:00:00-04:00;129.7378692626953;127.32045
2020-08-06 00:00:00-04:00;129.1165008544922;128.53194
2020-08-07 00:00:00-04:00;135.3203887939453;128.64429
2020-08-10 00:00:00-04:00;134.34951782226562;133.11272
2020-08-11 00:00:00-04:00;134.18446350097656;133.48882
2020-08-12 00:00:00-04:00;134.54368591308594;133.11543
2020-08-13 00:00:00-04:00;133.89320373535156;133.34026
2020-08-14 00:00:00-04:00;133.3203887939453;132.99077
2020-08-17 00:00:00-04:00;134.54368591308594;132.4894
2020-08-18 00:00:00-04:00;134.7572784423828;133.32602
2020-08-19 00:00:00-04:00;133.25242614746094;133.74706
2020-08-20 00:00:00-04:00;132.81553649902344;132.67758
2020-08-21 00:00:00-04:00;132.1941680908203;132.07425
2020-08-24 00:00:00-04:00;132.8252410888672;131.55693
2020-08-25 00:00:00-04:00;133.5922393798828;131.92319
2020-08-26 00:00:00-04:00;132.84466552734375;132.60349
2020-08-27 00:00:00-04:00;136.4368896484375;132.17006
2020-08-28 00:00:00-04:00;137.54368591308594;134.67796
2020-08-31 00:00:00-04:00;136.77670288085938;136.16531
2020-09-01 00:00:00-04:00;136.3883514404297;135.7695
2020-09-02 00:00:00-04:00;138.8058319091797;135.33391
2020-09-03 00:00:00-04:00;136.42718505859375;137.13148
2020-09-04 00:00:00-04:00;135.7281494140625;135.85191
2020-09-08 00:00:00-04:00;134.25242614746094;134.91695
2020-09-09 00:00:00-04:00;136.1165008544922;133.73509
2020-09-10 00:00:00-04:00;134.63107299804688;134.90175
2020-09-11 00:00:00-04:00;135.15533447265625;134.1555
2020-09-14 00:00:00-04:00;136.49514770507812;134.24422
2020-09-15 00:00:00-04:00;140.0970916748047;135.32115
2020-09-16 00:00:00-04:00;141.6796112060547;138.26357
2020-09-17 00:00:00-04:00;138.63107299804688;140.06813
2020-09-18 00:00:00-04:00;134.8252410888672;138.0157
2020-09-21 00:00:00-04:00;130.0970916748047;134.65552
2020-09-22 00:00:00-04:00;131.60194396972656;130.56268
2020-09-23 00:00:00-04:00;129.84466552734375;130.8576
2020-09-24 00:00:00-04:00;128.2718505859375;129.87788
2020-09-25 00:00:00-04:00;131.10679626464844;128.32047
2020-09-28 00:00:00-04:00;132.33981323242188;129.9926
2020-09-29 00:00:00-04:00;129.51455688476562;131.38094
2020-09-30 00:00:00-04:00;132.1747589111328;129.43472
2020-10-01 00:00:00-04:00;133.33009338378906;130.75621
2020-10-02 00:00:00-04:00;133.6796112060547;132.10184
2020-10-05 00:00:00-04:00;137.4660186767578;132.56348
2020-10-06 00:00:00-04:00;136.9708709716797;135.41747
2020-10-07 00:00:00-04:00;140.6116485595703;135.75066
2020-10-08 00:00:00-04:00;142.3883514404297;138.40527
2020-10-09 00:00:00-04:00;143.6796112060547;140.44551
2020-10-12 00:00:00-04:00;144.8058319091797;141.7867
2020-10-13 00:00:00-04:00;140.5922393798828;142.92874
2020-10-14 00:00:00-04:00;141.47572326660156;140.05376
2020-10-15 00:00:00-04:00;143.2427215576172;140.1095
2020-10-16 00:00:00-04:00;142.65048217773438;141.75624
2020-10-19 00:00:00-04:00;137.86407470703125;141.6918
2020-10-20 00:00:00-04:00;137.76698303222656;138.00417
2020-10-21 00:00:00-04:00;137.68931579589844;137.1134
2020-10-22 00:00:00-04:00;138.8834991455078;137.10948
2020-10-23 00:00:00-04:00;138.5533905029297;137.99033
2020-10-26 00:00:00-04:00;135.4466094970703;137.88652
2020-10-27 00:00:00-04:00;134.5631103515625;135.43661
2020-10-28 00:00:00-04:00;129.48544311523438;134.1655
2020-10-29 00:00:00-04:00;129.94174194335938;130.24715
2020-10-30 00:00:00-04:00;128.25242614746094;129.57562
2020-11-02 00:00:00-05:00;128.66018676757812;128.36578
2020-11-03 00:00:00-05:00;132.4368896484375;128.25269
2020-11-04 00:00:00-05:00;132.81553649902344;130.99867
2020-11-05 00:00:00-05:00;135.291259765625;131.89746
2020-11-06 00:00:00-05:00;134.48544311523438;133.69028
2020-11-09 00:00:00-05:00;151.4077606201172;133.47942
2020-11-10 00:00:00-05:00;145.78640747070312;146.22185
2020-11-11 00:00:00-05:00;145.0485382080078;144.77927
2020-11-12 00:00:00-05:00;144.10679626464844;143.15457
2020-11-13 00:00:00-05:00;146.9514617919922;142.52074
2020-11-16 00:00:00-05:00;145.84466552734375;144.82237
2020-11-17 00:00:00-05:00;145.77670288085938;144.62245
2020-11-18 00:00:00-05:00;143.873779296875;144.45848
2020-11-19 00:00:00-05:00;142.2621307373047;143.11029
2020-11-20 00:00:00-05:00;141.68931579589844;141.67412
2020-11-23 00:00:00-05:00;141.98057556152344;141.04245
2020-11-24 00:00:00-05:00;146.6796112060547;141.20241
2020-11-25 00:00:00-05:00;145.3203887939453;144.80547
2020-11-27 00:00:00-05:00;145.65048217773438;144.5099
2020-11-30 00:00:00-05:00;144.77670288085938;144.43813
2020-12-01 00:00:00-05:00;141.84466552734375;143.83675
2020-12-02 00:00:00-05:00;143.54368591308594;141.51743
2020-12-03 00:00:00-05:00;142.0485382080078;142.32367
2020-12-04 00:00:00-05:00;144.708740234375;141.52213
2020-12-07 00:00:00-05:00;141.33009338378906;143.24472
2020-12-08 00:00:00-05:00;142.30096435546875;141.11949
2020-12-09 00:00:00-05:00;142.92233276367188;141.22437
2020-12-10 00:00:00-05:00;141.7378692626953;141.87051
2020-12-11 00:00:00-05:00;137.5533905029297;141.07294
2020-12-14 00:00:00-05:00;138.4368896484375;137.69315
2020-12-15 00:00:00-05:00;143.50485229492188;137.59995
2020-12-16 00:00:00-05:00;144.51455688476562;141.6056
2020-12-17 00:00:00-05:00;146.9514617919922;143.20175
2020-12-18 00:00:00-05:00;147.42718505859375;145.08864
2020-12-21 00:00:00-05:00;144.2718505859375;145.81287
2020-12-22 00:00:00-05:00;146.4368896484375;143.5249
2020-12-23 00:00:00-05:00;144.64077758789062;144.70918
2020-12-24 00:00:00-05:00;144.9029083251953;143.82704
2020-12-28 00:00:00-05:00;144.5533905029297;143.76227
2020-12-29 00:00:00-05:00;148.00970458984375;143.58107
2020-12-30 00:00:00-05:00;147.78640747070312;146.18234
2020-12-31 00:00:00-05:00;149.60194396972656;146.58728
2021-01-04 00:00:00-05:00;148.69903564453125;147.89812
2021-01-05 00:00:00-05:00;151.2718505859375;147.51997
2021-01-06 00:00:00-05:00;155.58251953125;149.37613
2021-01-07 00:00:00-05:00;154.66018676757812;153.16263
2021-01-08 00:00:00-05:00;154.3203887939453;153.11119
2021-01-11 00:00:00-05:00;154.36892700195312;152.70227
2021-01-12 00:00:00-05:00;155.1747589111328;152.80934
2021-01-13 00:00:00-05:00;158.20388793945312;153.56363
2021-01-14 00:00:00-05:00;157.8834991455078;156.1013
2021-01-15 00:00:00-05:00;155.45631408691406;156.32889
2021-01-19 00:00:00-05:00;155.2718505859375;154.41652
2021-01-20 00:00:00-05:00;158.69903564453125;154.00282
2021-01-21 00:00:00-05:00;158.21359252929688;156.74586
2021-01-22 00:00:00-05:00;156.3203887939453;156.89278
2021-01-25 00:00:00-05:00;154.66990661621094;155.30365
2021-01-26 00:00:00-05:00;153.6116485595703;153.7964
2021-01-27 00:00:00-05:00;148.15533447265625;152.81851
2021-01-28 00:00:00-05:00;152.45631408691406;148.53462
2021-01-29 00:00:00-05:00;149.1941680908203;150.95065
2021-02-01 00:00:00-05:00;149.41748046875;149.14354
2021-02-02 00:00:00-05:00;153.8834991455078;148.655
2021-02-03 00:00:00-05:00;153.94174194335938;152.05168
2021-02-04 00:00:00-05:00;156.0485382080078;152.71603
2021-02-05 00:00:00-05:00;155.23301696777344;154.20357
2021-02-08 00:00:00-05:00;155.15533447265625;153.8577
2021-02-09 00:00:00-05:00;154.51455688476562;153.68268
2021-02-10 00:00:00-05:00;155.66990661621094;153.23631
2021-02-11 00:00:00-05:00;157.48544311523438;154.08554
2021-02-12 00:00:00-05:00;156.6796112060547;155.70222
2021-02-16 00:00:00-05:00;155.69903564453125;155.34685
2021-02-17 00:00:00-05:00;153.96116638183594;154.47241
2021-02-18 00:00:00-05:00;152.2427215576172;153.05475
2021-02-19 00:00:00-05:00;152.10679626464844;151.54196
2021-02-22 00:00:00-05:00;155.66990661621094;151.21791
2021-02-23 00:00:00-05:00;157.15533447265625;153.95045
2021-02-24 00:00:00-05:00;158.92233276367188;155.58513
2021-02-25 00:00:00-05:00;159.708740234375;157.05977
2021-02-26 00:00:00-05:00;158.31068420410156;157.8853
2021-03-01 00:00:00-05:00;158.64077758789062;156.9283
2021-03-02 00:00:00-05:00;156.49514770507812;157.0398
2021-03-03 00:00:00-05:00;155.0970916748047;155.52417
2021-03-04 00:00:00-05:00;151.69903564453125;154.18678
2021-03-05 00:00:00-05:00;153.8834991455078;151.43878
2021-03-08 00:00:00-05:00;151.94174194335938;152.6275
2021-03-09 00:00:00-05:00;152.0970916748047;151.48486
2021-03-10 00:00:00-05:00;155.71844482421875;151.2111
2021-03-11 00:00:00-05:00;155.63107299804688;153.97461
2021-03-12 00:00:00-05:00;158.4077606201172;154.39192
2021-03-15 00:00:00-04:00;156.76698303222656;156.4123
2021-03-16 00:00:00-04:00;155.58251953125;155.52698
2021-03-17 00:00:00-04:00;155.84466552734375;154.36674
2021-03-18 00:00:00-04:00;154.2621307373047;154.46774
2021-03-19 00:00:00-04:00;155.49514770507812;153.35667
2021-03-22 00:00:00-04:00;155.57281494140625;154.08127
2021-03-23 00:00:00-04:00;151.5922393798828;154.34691
2021-03-24 00:00:00-04:00;152.86407470703125;151.28297
2021-03-25 00:00:00-04:00;153.28155517578125;151.6421
2021-03-26 00:00:00-04:00;156.62135314941406;152.21255
2021-03-29 00:00:00-04:00;155.54368591308594;154.80347
2021-03-30 00:00:00-04:00;156.52427673339844;154.39514
2021-03-31 00:00:00-04:00;155.41748046875;154.91905
2021-04-01 00:00:00-04:00;155.33981323242188;154.24
2021-04-05 00:00:00-04:00;157.96116638183594;154.04094
2021-04-06 00:00:00-04:00;158.74757385253906;156.09602
2021-04-07 00:00:00-04:00;158.00970458984375;157.10211
2021-04-08 00:00:00-04:00;159.74757385253906;156.60631
2021-04-09 00:00:00-04:00;164.54368591308594;157.86885
2021-04-12 00:00:00-04:00;163.42718505859375;161.92752
2021-04-13 00:00:00-04:00;163.5631103515625;161.70297
2021-04-14 00:00:00-04:00;163.4077606201172;161.62628
2021-04-15 00:00:00-04:00;166.7572784423828;161.65236
2021-04-16 00:00:00-04:00;166.873779296875;164.36887
2021-04-19 00:00:00-04:00;167.50485229492188;164.95853
2021-04-20 00:00:00-04:00;168.74757385253906;165.46463
2021-04-21 00:00:00-04:00;171.50485229492188;166.60391
2021-04-22 00:00:00-04:00;172.21359252929688;169.0137
2021-04-23 00:00:00-04:00;172.4466094970703;169.94695
2021-04-26 00:00:00-04:00;170.60194396972656;170.23837
2021-04-27 00:00:00-04:00;171.21359252929688;168.90804
2021-04-28 00:00:00-04:00;173.30096435546875;169.28558
2021-04-29 00:00:00-04:00;173.4077606201172;171.12675
2021-04-30 00:00:00-04:00;172.0;171.47275
2021-05-03 00:00:00-04:00;172.7572784423828;170.35869
2021-05-04 00:00:00-04:00;167.89320373535156;170.85294
2021-05-05 00:00:00-04:00;168.49514770507812;167.20232
2021-05-06 00:00:00-04:00;168.18446350097656;167.09943
2021-05-07 00:00:00-04:00;167.4660186767578;167.02185
2021-05-10 00:00:00-04:00;166.94174194335938;166.35721
2021-05-11 00:00:00-04:00;162.66990661621094;165.78818
2021-05-12 00:00:00-04:00;159.0;162.35565
2021-05-13 00:00:00-04:00;160.8058319091797;158.91458
2021-05-14 00:00:00-04:00;162.39805603027344;159.81796
2021-05-17 00:00:00-04:00;160.98057556152344;161.25894
2021-05-18 00:00:00-04:00;161.68931579589844;160.18097
2021-05-19 00:00:00-04:00;160.93203735351562;160.37985
2021-05-20 00:00:00-04:00;162.06796264648438;159.84541
2021-05-21 00:00:00-04:00;162.4466094970703;160.56247
2021-05-24 00:00:00-04:00;162.9708709716797;160.97234
2021-05-25 00:00:00-04:00;162.873779296875;161.37732
2021-05-26 00:00:00-04:00;159.39805603027344;161.3477
2021-05-27 00:00:00-04:00;162.74757385253906;158.6373
2021-05-28 00:00:00-04:00;163.42718505859375;160.78787
2021-06-01 00:00:00-04:00;161.37864685058594;161.84212
2021-06-02 00:00:00-04:00;156.36892700195312;160.25836
2021-06-03 00:00:00-04:00;155.28155517578125;156.0955
2021-06-04 00:00:00-04:00;154.49514770507812;154.61728
2021-06-07 00:00:00-04:00;153.30096435546875;153.93517
2021-06-08 00:00:00-04:00;152.9514617919922;152.8541
2021-06-09 00:00:00-04:00;153.6116485595703;152.3077
2021-06-10 00:00:00-04:00;154.62135314941406;152.67728
2021-06-11 00:00:00-04:00;153.66990661621094;153.46149
2021-06-14 00:00:00-04:00;152.96116638183594;152.7776
2021-06-15 00:00:00-04:00;153.7281494140625;152.00644
2021-06-16 00:00:00-04:00;153.42718505859375;152.46423
2021-06-17 00:00:00-04:00;155.71844482421875;152.33388
2021-06-18 00:00:00-04:00;153.89320373535156;154.00992
2021-06-21 00:00:00-04:00;158.71844482421875;152.92467
2021-06-22 00:00:00-04:00;161.5339813232422;156.34601
2021-06-23 00:00:00-04:00;159.6796112060547;159.26915
2021-06-24 00:00:00-04:00;159.60194396972656;158.15634
2021-06-25 00:00:00-04:00;161.01942443847656;157.8445
2021-06-28 00:00:00-04:00;158.93203735351562;159.08485
2021-06-29 00:00:00-04:00;156.48544311523438;157.761
2021-06-30 00:00:00-04:00;156.13592529296875;155.61516
2021-07-01 00:00:00-04:00;158.3883514404297;155.08667
2021-07-02 00:00:00-04:00;158.7572784423828;156.85527
2021-07-06 00:00:00-04:00;158.03883361816406;157.44983
2021-07-07 00:00:00-04:00;156.4077606201172;156.86713
2021-07-08 00:00:00-04:00;154.62135314941406;155.48718
2021-07-09 00:00:00-04:00;154.66990661621094;153.90271
2021-07-12 00:00:00-04:00;155.10679626464844;153.70256
2021-07-13 00:00:00-04:00;152.4660186767578;154.0466
2021-07-14 00:00:00-04:00;151.0485382080078;152.03246
2021-07-15 00:00:00-04:00;148.64077758789062;150.48662
2021-07-16 00:00:00-04:00;148.93203735351562;148.42682
2021-07-19 00:00:00-04:00;145.79611206054688;148.23676
2021-07-20 00:00:00-04:00;151.0970916748047;145.85204
2021-07-21 00:00:00-04:00;154.92233276367188;149.28937
2021-07-22 00:00:00-04:00;154.03883361816406;153.01112
2021-07-23 00:00:00-04:00;155.31068420410156;152.73636
2021-07-26 00:00:00-04:00;155.0;153.4627
2021-07-27 00:00:00-04:00;158.0970916748047;153.469
2021-07-28 00:00:00-04:00;157.8252410888672;155.87204
2021-07-29 00:00:00-04:00;158.0;156.16637
2021-07-30 00:00:00-04:00;158.66018676757812;156.27466
2021-08-02 00:00:00-04:00;158.2621307373047;156.89381
2021-08-03 00:00:00-04:00;149.23301696777344;156.76945
2021-08-04 00:00:00-04:00;143.91262817382812;149.87198
2021-08-05 00:00:00-04:00;145.79611206054688;144.53691
2021-08-06 00:00:00-04:00;144.66018676757812;145.22836
2021-08-09 00:00:00-04:00;143.1456298828125;144.70583
2021-08-10 00:00:00-04:00;141.52427673339844;143.18944
2021-08-11 00:00:00-04:00;141.45631408691406;141.5341
2021-08-12 00:00:00-04:00;142.1456298828125;141.0836
2021-08-13 00:00:00-04:00;141.83494567871094;141.47655
2021-08-16 00:00:00-04:00;142.30096435546875;141.22841
2021-08-17 00:00:00-04:00;143.5533905029297;141.39423
2021-08-18 00:00:00-04:00;140.1747589111328;142.33098
2021-08-19 00:00:00-04:00;139.92233276367188;139.939
2021-08-20 00:00:00-04:00;141.22329711914062;139.10814
2021-08-23 00:00:00-04:00;141.10679626464844;140.0531
2021-08-24 00:00:00-04:00;144.4077606201172;140.18927
2021-08-25 00:00:00-04:00;146.00970458984375;142.60983
2021-08-26 00:00:00-04:00;145.23301696777344;144.35785
2021-08-27 00:00:00-04:00;145.69903564453125;143.99739
2021-08-30 00:00:00-04:00;145.41748046875;144.22348
2021-08-31 00:00:00-04:00;146.06796264648438;144.16267
2021-09-01 00:00:00-04:00;146.47572326660156;144.67632
2021-09-02 00:00:00-04:00;144.74757385253906;145.14674
2021-09-03 00:00:00-04:00;142.4660186767578;143.94159
2021-09-07 00:00:00-04:00;142.34951782226562;141.96555
2021-09-08 00:00:00-04:00;143.18446350097656;141.54494
2021-09-09 00:00:00-04:00;140.13592529296875;142.20119
2021-09-10 00:00:00-04:00;136.34951782226562;140.037
2021-09-13 00:00:00-04:00;136.89320373535156;136.62794
2021-09-14 00:00:00-04:00;143.37864685058594;136.33575
2021-09-15 00:00:00-04:00;141.7572784423828;141.31888
2021-09-16 00:00:00-04:00;141.9708709716797;141.14119
2021-09-17 00:00:00-04:00;142.4466094970703;140.84557
2021-09-20 00:00:00-04:00;139.8543701171875;141.20062
2021-09-21 00:00:00-04:00;138.60194396972656;139.36841
2021-09-22 00:00:00-04:00;141.45631408691406;137.98586
2021-09-23 00:00:00-04:00;146.01942443847656;139.94278
2021-09-24 00:00:00-04:00;146.8252410888672;143.92542
2021-09-27 00:00:00-04:00;147.126220703125;145.24767
2021-09-28 00:00:00-04:00;146.45631408691406;145.53249
2021-09-29 00:00:00-04:00;145.00970458984375;145.1098
2021-09-30 00:00:00-04:00;142.0970916748047;144.00032
2021-10-01 00:00:00-04:00;145.1165008544922;141.65938
2021-10-04 00:00:00-04:00;142.45631408691406;143.5304
2021-10-05 00:00:00-04:00;141.7572784423828;142.09825
2021-10-06 00:00:00-04:00;142.07766723632812;141.08687
2021-10-07 00:00:00-04:00;143.4368896484375;141.2063
2021-10-08 00:00:00-04:00;142.37864685058594;142.29561
2021-10-11 00:00:00-04:00;139.60194396972656;141.68945
2021-10-12 00:00:00-04:00;138.65048217773438;139.36766
2021-10-13 00:00:00-04:00;138.6116485595703;138.15433
2021-10-14 00:00:00-04:00;141.3883514404297;137.97105
2021-10-15 00:00:00-04:00;142.0970916748047;140.03041
2021-10-18 00:00:00-04:00;140.74757385253906;140.98732
2021-10-19 00:00:00-04:00;144.58251953125;140.00407
2021-10-20 00:00:00-04:00;145.7572784423828;142.62563
2021-10-21 00:00:00-04:00;146.41748046875;144.19423
2021-10-22 00:00:00-04:00;146.03883361816406;144.864
2021-10-25 00:00:00-04:00;146.63107299804688;144.68774
2021-10-26 00:00:00-04:00;145.4660186767578;145.1381
2021-10-27 00:00:00-04:00;142.0485382080078;144.43361
2021-10-28 00:00:00-04:00;141.28155517578125;141.72264
2021-10-29 00:00:00-04:00;138.9514617919922;140.62646
2021-11-01 00:00:00-04:00;141.54368591308594;138.8176
2021-11-02 00:00:00-04:00;141.42718505859375;140.36249
2021-11-03 00:00:00-04:00;144.4077606201172;140.698
2021-11-04 00:00:00-04:00;133.7378692626953;142.8444
2021-11-05 00:00:00-04:00;137.5339813232422;135.33037
2021-11-08 00:00:00-05:00;133.57281494140625;136.17712
2021-11-09 00:00:00-05:00;130.4660186767578;133.98044
2021-11-10 00:00:00-05:00;129.9708709716797;130.92557
2021-11-11 00:00:00-05:00;128.8252410888672;129.85097
2021-11-12 00:00:00-05:00;128.52427673339844;128.84515
2021-11-15 00:00:00-05:00;127.31067657470705;128.29596
2021-11-16 00:00:00-05:00;127.92233276367188;127.214096
2021-11-17 00:00:00-05:00;127.26213836669922;127.30338
2021-11-18 00:00:00-05:00;125.13592529296876;126.83582
2021-11-19 00:00:00-05:00;125.0582504272461;125.06162
2021-11-22 00:00:00-05:00;126.42718505859376;124.493706
2021-11-23 00:00:00-05:00;126.67961120605467;125.42646
2021-11-24 00:00:00-05:00;126.4757308959961;125.84471
2021-11-26 00:00:00-05:00;121.96116638183594;125.68382
2021-11-29 00:00:00-05:00;119.90291595458984;122.31195
2021-11-30 00:00:00-05:00;116.11650848388672;119.88086
2021-12-01 00:00:00-05:00;116.30097198486328;116.720604
2021-12-02 00:00:00-05:00;119.34951782226562;116.030975
2021-12-03 00:00:00-05:00;117.68932342529295;118.1976
2021-12-06 00:00:00-05:00;121.83495330810548;117.58752
2021-12-07 00:00:00-05:00;124.68932342529295;120.125656
2021-12-08 00:00:00-05:00;125.2038803100586;122.97425
2021-12-09 00:00:00-05:00;121.78640747070312;123.909676
2021-12-10 00:00:00-05:00;120.86407470703124;121.48883
2021-12-13 00:00:00-05:00;121.80582427978516;120.13651
2021-12-14 00:00:00-05:00;119.68932342529295;120.69545
2021-12-15 00:00:00-05:00;117.16504669189452;119.44502
2021-12-16 00:00:00-05:00;116.96116638183594;117.207535
2021-12-17 00:00:00-05:00;117.33009338378906;116.502884
2021-12-20 00:00:00-05:00;115.42718505859376;116.72331
2021-12-21 00:00:00-05:00;118.89320373535156;115.428
2021-12-22 00:00:00-05:00;121.09708404541016;117.45242
2021-12-23 00:00:00-05:00;123.291259765625;119.73266
2021-12-27 00:00:00-05:00;124.0873794555664;121.7704
2021-12-28 00:00:00-05:00;124.4757308959961;122.74905
2021-12-29 00:00:00-05:00;124.49514770507812;123.19086
2021-12-30 00:00:00-05:00;124.5339813232422;123.32378
2021-12-31 00:00:00-05:00;123.33980560302734;123.426254
2022-01-03 00:00:00-05:00;125.36893463134766;122.63838
2022-01-04 00:00:00-05:00;126.64077758789062;123.94085
2022-01-05 00:00:00-05:00;126.22330474853516;125.3423
2022-01-06 00:00:00-05:00;125.1747589111328;125.335205
2022-01-07 00:00:00-05:00;124.41747283935548;124.49837
2022-01-10 00:00:00-05:00;123.2038803100586;123.76834
2022-01-11 00:00:00-05:00;124.64077758789062;122.77903
2022-01-12 00:00:00-05:00;121.92233276367188;123.60848
2022-01-13 00:00:00-05:00;124.33980560302734;121.93429
2022-01-14 00:00:00-05:00;123.66990661621094;123.12129
2022-01-18 00:00:00-05:00;122.66990661621094;123.09919
2022-01-19 00:00:00-05:00;119.67961120605467;122.22885
2022-01-20 00:00:00-05:00;119.45631408691406;119.81606
2022-01-21 00:00:00-05:00;118.97087097167967;119.0122
2022-01-24 00:00:00-05:00;120.04854583740234;118.59712
2022-01-25 00:00:00-05:00;117.42718505859376;119.25274
2022-01-26 00:00:00-05:00;116.98058319091795;117.53415
2022-01-27 00:00:00-05:00;117.708740234375;116.594284
2022-01-28 00:00:00-05:00;117.36893463134766;116.953606
2022-01-31 00:00:00-05:00;119.4368896484375;116.842804
2022-02-01 00:00:00-05:00;120.3786392211914;118.214836
2022-02-02 00:00:00-05:00;118.16504669189452;119.28397
2022-02-03 00:00:00-05:00;117.73786163330078;117.86372
2022-02-04 00:00:00-05:00;119.25242614746094;117.05814
2022-02-07 00:00:00-05:00;108.41747283935548;118.0569
2022-02-08 00:00:00-05:00;116.38835144042967;110.73851
2022-02-09 00:00:00-05:00;116.55339813232422;113.98635
2022-02-10 00:00:00-05:00;115.31067657470705;115.78475
2022-02-11 00:00:00-05:00;112.8252410888672;115.01995
2022-02-14 00:00:00-05:00;113.58252716064452;112.83933
2022-02-15 00:00:00-05:00;118.58252716064452;112.77553
2022-02-16 00:00:00-05:00;118.93203735351562;116.53188
2022-02-17 00:00:00-05:00;116.4757308959961;117.879616
2022-02-18 00:00:00-05:00;117.49514770507812;116.16417
2022-02-22 00:00:00-05:00;119.38835144042967;116.32122
2022-02-23 00:00:00-05:00;119.00971221923828;117.94106
2022-02-24 00:00:00-05:00;119.88349151611328;118.14504
2022-02-25 00:00:00-05:00;123.00971221923828;118.717094
2022-02-28 00:00:00-05:00;123.48543548583984;121.188644
2022-03-01 00:00:00-05:00;124.13999938964844;122.236916
2022-03-02 00:00:00-05:00;122.69000244140624;122.850426
2022-03-03 00:00:00-05:00;122.12999725341795;121.964516
2022-03-04 00:00:00-05:00;120.44000244140624;121.331406
2022-03-07 00:00:00-05:00;116.68000030517578;120.061295
2022-03-08 00:00:00-05:00;115.75;117.06828
2022-03-09 00:00:00-05:00;117.63999938964844;115.61639
2022-03-10 00:00:00-05:00;119.33999633789062;116.76283
2022-03-11 00:00:00-05:00;118.81999969482422;118.38662
2022-03-14 00:00:00-04:00;117.69000244140624;118.315
2022-03-15 00:00:00-04:00;119.1999969482422;117.30673
2022-03-16 00:00:00-04:00;121.98999786376952;118.09751
2022-03-17 00:00:00-04:00;122.27999877929688;120.43226
2022-03-18 00:00:00-04:00;120.7699966430664;121.22855
2022-03-21 00:00:00-04:00;121.04000091552734;120.17317
2022-03-22 00:00:00-04:00;120.4800033569336;120.0477
2022-03-23 00:00:00-04:00;120.73999786376952;119.74046
2022-03-24 00:00:00-04:00;124.1500015258789;119.862785
2022-03-25 00:00:00-04:00;125.27999877929688;122.41885
2022-03-28 00:00:00-04:00;125.68000030517578;123.96832
2022-03-29 00:00:00-04:00;129.5800018310547;124.49645
2022-03-30 00:00:00-04:00;128.69000244140625;127.450806
2022-03-31 00:00:00-04:00;127.9000015258789;127.61905
2022-04-01 00:00:00-04:00;127.7300033569336;126.91811
2022-04-04 00:00:00-04:00;125.86000061035156;126.69826
2022-04-05 00:00:00-04:00;129.1300048828125;125.397804
2022-04-06 00:00:00-04:00;127.8499984741211;127.50017
2022-04-07 00:00:00-04:00;129.91000366210938;127.253105
2022-04-08 00:00:00-04:00;129.6199951171875;128.53496
2022-04-11 00:00:00-04:00;126.9000015258789;128.72055
2022-04-12 00:00:00-04:00;126.63999938964844;126.69313
2022-04-13 00:00:00-04:00;127.9499969482422;125.975655
2022-04-14 00:00:00-04:00;126.0;126.9194
2022-04-18 00:00:00-04:00;125.2300033569336;125.77493
2022-04-19 00:00:00-04:00;130.60000610351562;124.7949
2022-04-20 00:00:00-04:00;133.85000610351562;128.5643
2022-04-21 00:00:00-04:00;131.66000366210938;132.03204
2022-04-22 00:00:00-04:00;125.6999969482422;130.97058
2022-04-25 00:00:00-04:00;127.80999755859376;126.13583
2022-04-26 00:00:00-04:00;124.1500015258789;126.553055
2022-04-27 00:00:00-04:00;122.87999725341795;124.403465
2022-04-28 00:00:00-04:00;124.61000061035156;122.78246
2022-04-29 00:00:00-04:00;120.75;123.72495
2022-05-02 00:00:00-04:00;120.6500015258789;121.25573
2022-05-03 00:00:00-04:00;120.68000030517578;120.31705
2022-05-04 00:00:00-04:00;126.31999969482422;120.22565
2022-05-05 00:00:00-04:00;122.54000091552734;124.310585
2022-05-06 00:00:00-04:00;120.33000183105467;122.631226
2022-05-09 00:00:00-04:00;115.0;120.1781
2022-05-10 00:00:00-04:00;114.16999816894533;115.82545
2022-05-11 00:00:00-04:00;113.41999816894533;114.10074
2022-05-12 00:00:00-04:00;113.0999984741211;113.350624
2022-05-13 00:00:00-04:00;115.06999969482422;112.9237
2022-05-16 00:00:00-04:00;115.12000274658205;114.15495
2022-05-17 00:00:00-04:00;119.37999725341795;114.52012
2022-05-18 00:00:00-04:00;116.4499969482422;117.51829
2022-05-19 00:00:00-04:00;116.91000366210938;116.2472
2022-05-20 00:00:00-04:00;117.61000061035156;115.922775
2022-05-23 00:00:00-04:00;120.83000183105467;116.48572
2022-05-24 00:00:00-04:00;119.38999938964844;119.022026
2022-05-25 00:00:00-04:00;119.1500015258789;118.688866
2022-05-26 00:00:00-04:00;120.6500015258789;118.23102
2022-05-27 00:00:00-04:00;119.83000183105467;119.27993
2022-05-31 00:00:00-04:00;120.20999908447266;119.07513
2022-06-01 00:00:00-04:00;119.27999877929688;119.226524
2022-06-02 00:00:00-04:00;122.06999969482422;118.6582
2022-06-03 00:00:00-04:00;120.62999725341795;120.52507
2022-06-06 00:00:00-04:00;118.41000366210938;120.092
2022-06-07 00:00:00-04:00;119.12999725341795;118.21584
2022-06-08 00:00:00-04:00;118.52999877929688;118.25444
2022-06-09 00:00:00-04:00;115.02999877929688;118.00458
2022-06-10 00:00:00-04:00;113.37999725341795;115.39252
2022-06-13 00:00:00-04:00;110.0999984741211;113.423965
2022-06-14 00:00:00-04:00;105.2699966430664;110.6933
2022-06-15 00:00:00-04:00;106.97000122070312;106.54145
2022-06-16 00:00:00-04:00;103.23999786376952;106.51086
2022-06-17 00:00:00-04:00;102.6500015258789;104.17901
2022-06-21 00:00:00-04:00;102.2300033569336;102.81918
2022-06-22 00:00:00-04:00;105.30999755859376;102.17243
2022-06-23 00:00:00-04:00;106.4000015258789;104.10559
2022-06-24 00:00:00-04:00;108.87000274658205;105.47888
2022-06-27 00:00:00-04:00;108.51000213623048;107.39973
2022-06-28 00:00:00-04:00;106.4800033569336;107.61898
2022-06-29 00:00:00-04:00;106.5500030517578;106.09005
2022-06-30 00:00:00-04:00;105.05999755859376;105.65243
2022-07-01 00:00:00-04:00;107.2699966430664;104.64557
2022-07-05 00:00:00-04:00;106.88999938964844;105.904076
2022-07-06 00:00:00-04:00;105.7300033569336;106.16086
2022-07-07 00:00:00-04:00;106.05999755859376;105.30457
2022-07-08 00:00:00-04:00;105.33999633789062;105.244
2022-07-11 00:00:00-04:00;103.3000030517578;104.818924
2022-07-12 00:00:00-04:00;103.02999877929688;103.25538
2022-07-13 00:00:00-04:00;102.44000244140624;102.57052
2022-07-14 00:00:00-04:00;101.6500015258789;102.0672
2022-07-15 00:00:00-04:00;103.51000213623048;101.37677
2022-07-18 00:00:00-04:00;103.4800033569336;102.443726
2022-07-19 00:00:00-04:00;107.23999786376952;102.825554
2022-07-20 00:00:00-04:00;108.0;105.45096
2022-07-21 00:00:00-04:00;108.4499969482422;106.8246
2022-07-22 00:00:00-04:00;107.0;107.34562
2022-07-25 00:00:00-04:00;107.9000015258789;106.417786
2022-07-26 00:00:00-04:00;108.0199966430664;106.75314
2022-07-27 00:00:00-04:00;111.11000061035156;107.08886
2022-07-28 00:00:00-04:00;110.77999877929688;109.37985
2022-07-29 00:00:00-04:00;110.38999938964844;109.88508
2022-08-01 00:00:00-04:00;109.76000213623048;109.58905
2022-08-02 00:00:00-04:00;114.05999755859376;109.06531
2022-08-03 00:00:00-04:00;115.61000061035156;112.03542
2022-08-04 00:00:00-04:00;113.3499984741211;114.16345
2022-08-05 00:00:00-04:00;113.26000213623048;112.95484
2022-08-08 00:00:00-04:00;113.16000366210938;112.396225
2022-08-09 00:00:00-04:00;112.48999786376952;112.33938
2022-08-10 00:00:00-04:00;114.97000122070312;111.92532
2022-08-11 00:00:00-04:00;115.0;113.58424
2022-08-12 00:00:00-04:00;117.22000122070312;114.169624
2022-08-15 00:00:00-04:00;116.7300033569336;115.795815
2022-08-16 00:00:00-04:00;116.12000274658205;115.917114
2022-08-17 00:00:00-04:00;114.63999938964844;115.40387
2022-08-18 00:00:00-04:00;114.5199966430664;114.22741
2022-08-19 00:00:00-04:00;113.2300033569336;113.85607
2022-08-22 00:00:00-04:00;111.36000061035156;112.93703
2022-08-23 00:00:00-04:00;109.3000030517578;111.34182
2022-08-24 00:00:00-04:00;109.6999969482422;109.44529
2022-08-25 00:00:00-04:00;111.94000244140624;109.22595
2022-08-26 00:00:00-04:00;107.51000213623048;110.86399
2022-08-29 00:00:00-04:00;107.62000274658205;108.210236
2022-08-30 00:00:00-04:00;107.37000274658205;107.21176
2022-08-31 00:00:00-04:00;106.31999969482422;106.9376
2022-09-01 00:00:00-04:00;106.8000030517578;106.13877
2022-09-02 00:00:00-04:00;105.56999969482422;106.17257
2022-09-06 00:00:00-04:00;104.93000030517578;105.35081
2022-09-07 00:00:00-04:00;108.58000183105467;104.57544
2022-09-08 00:00:00-04:00;110.79000091552734;106.92659
2022-09-09 00:00:00-04:00;114.5;109.31096
2022-09-12 00:00:00-04:00;119.2699966430664;112.47173
2022-09-13 00:00:00-04:00;116.4000015258789;116.707405
2022-09-14 00:00:00-04:00;116.41000366210938;115.69875
2022-09-15 00:00:00-04:00;115.7699966430664;115.14711
2022-09-16 00:00:00-04:00;112.69000244140624;114.76545
2022-09-19 00:00:00-04:00;113.4000015258789;112.592285
2022-09-20 00:00:00-04:00;111.7699966430664;112.51213
2022-09-21 00:00:00-04:00;110.1999969482422;111.56285
2022-09-22 00:00:00-04:00;108.01000213623048;110.14654
2022-09-23 00:00:00-04:00;106.20999908447266;108.22466
2022-09-26 00:00:00-04:00;105.1500015258789;106.43211
2022-09-27 00:00:00-04:00;104.81999969482422;105.218994
2022-09-28 00:00:00-04:00;107.52999877929688;104.67196
2022-09-29 00:00:00-04:00;107.12000274658205;106.415184
2022-09-30 00:00:00-04:00;104.5500030517578;106.67372
2022-10-03 00:00:00-04:00;107.31999969482422;104.72088
2022-10-04 00:00:00-04:00;111.69000244140624;105.955444
2022-10-05 00:00:00-04:00;112.48999786376952;109.639244
2022-10-06 00:00:00-04:00;110.5999984741211;111.237335
2022-10-07 00:00:00-04:00;108.26000213623048;110.063225
2022-10-10 00:00:00-04:00;106.94000244140624;107.96422
2022-10-11 00:00:00-04:00;108.31999969482422;106.533936
2022-10-12 00:00:00-04:00;107.05999755859376;107.258286
2022-10-13 00:00:00-04:00;109.43000030517578;106.738396
2022-10-14 00:00:00-04:00;106.91000366210938;108.143166
2022-10-17 00:00:00-04:00;110.51000213623048;106.87797
2022-10-18 00:00:00-04:00;109.02999877929688;108.85614
2022-10-19 00:00:00-04:00;108.12000274658205;108.58807
2022-10-20 00:00:00-04:00;106.33000183105467;107.659454
2022-10-21 00:00:00-04:00;107.38999938964844;106.14925
2022-10-24 00:00:00-04:00;109.02999877929688;106.48727
2022-10-25 00:00:00-04:00;110.7300033569336;107.89062
2022-10-26 00:00:00-04:00;112.2699966430664;109.492004
2022-10-27 00:00:00-04:00;111.55999755859376;110.960205
2022-10-28 00:00:00-04:00;113.47000122070312;110.79302
2022-10-31 00:00:00-04:00;113.3499984741211;112.00638
2022-11-01 00:00:00-04:00;111.83999633789062;112.372604
2022-11-02 00:00:00-04:00;107.69000244140624;111.340576
2022-11-03 00:00:00-04:00;105.41999816894533;108.10715
2022-11-04 00:00:00-04:00;104.8499984741211;105.596664
2022-11-07 00:00:00-05:00;107.52999877929688;104.66561
2022-11-08 00:00:00-05:00;106.2300033569336;106.41918
2022-11-09 00:00:00-05:00;105.7699966430664;106.1032
2022-11-10 00:00:00-05:00;112.9000015258789;105.4342
2022-11-11 00:00:00-05:00;115.55999755859376;110.27176
2022-11-14 00:00:00-05:00;113.30999755859376;113.77223
2022-11-15 00:00:00-05:00;115.12000274658205;112.774086
2022-11-16 00:00:00-05:00;114.45999908447266;113.52003
2022-11-17 00:00:00-05:00;112.12000274658205;113.479805
2022-11-18 00:00:00-05:00;114.08999633789062;111.79473
2022-11-21 00:00:00-05:00;114.52999877929688;112.73427
2022-11-22 00:00:00-05:00;115.33000183105467;113.54275
2022-11-23 00:00:00-05:00;118.01000213623048;114.28839
2022-11-25 00:00:00-05:00;119.20999908447266;116.40057
2022-11-28 00:00:00-05:00;117.66999816894533;117.87283
2022-11-29 00:00:00-05:00;119.0;117.05571
2022-11-30 00:00:00-05:00;120.0999984741211;117.709625
2022-12-01 00:00:00-05:00;123.3499984741211;118.839096
2022-12-02 00:00:00-05:00;122.97000122070312;121.51171
2022-12-05 00:00:00-05:00;122.27999877929688;121.94733
2022-12-06 00:00:00-05:00;121.38999938964844;121.40434
2022-12-07 00:00:00-05:00;124.19000244140624;120.656944
2022-12-08 00:00:00-05:00;125.83999633789062;122.589134
2022-12-09 00:00:00-05:00;124.4000015258789;124.44062
2022-12-12 00:00:00-05:00;126.12999725341795;123.76088
2022-12-13 00:00:00-05:00;128.42999267578125;124.740364
2022-12-14 00:00:00-05:00;128.24000549316406;126.82403
2022-12-15 00:00:00-05:00;127.0199966430664;127.20126
2022-12-16 00:00:00-05:00;125.58000183105467;126.29074
2022-12-19 00:00:00-05:00;124.95999908447266;125.033844
2022-12-20 00:00:00-05:00;125.43000030517578;124.357445
2022-12-21 00:00:00-05:00;127.08000183105467;124.62668
2022-12-22 00:00:00-05:00;126.79000091552734;125.950485
2022-12-23 00:00:00-05:00;126.69000244140624;126.05759
2022-12-27 00:00:00-05:00;127.27999877929688;125.89955
2022-12-28 00:00:00-05:00;125.98999786376952;126.29621
2022-12-29 00:00:00-05:00;127.83000183105467;125.479294
2022-12-30 00:00:00-05:00;127.5;126.57397
2023-01-03 00:00:00-05:00;127.27999877929688;126.70113
2023-01-04 00:00:00-05:00;128.4600067138672;126.478165
2023-01-05 00:00:00-05:00;126.08000183105467;127.291466
2023-01-06 00:00:00-05:00;125.6999969482422;125.79621
2023-01-09 00:00:00-05:00;126.0500030517578;125.05069
2023-01-10 00:00:00-05:00;125.5;125.23563
2023-01-11 00:00:00-05:00;124.31999969482422;124.92325
2023-01-12 00:00:00-05:00;123.1999969482422;123.934975
2023-01-13 00:00:00-05:00;123.37999725341795;122.85388
2023-01-17 00:00:00-05:00;123.01000213623048;122.737686
2023-01-18 00:00:00-05:00;122.08000183105467;122.4864
2023-01-19 00:00:00-05:00;121.9499969482422;121.70207
2023-01-20 00:00:00-05:00;124.08999633789062;121.368225
2023-01-23 00:00:00-05:00;125.94000244140624;122.862526
2023-01-24 00:00:00-05:00;126.06999969482422;124.62763
